solid OpenSCAD_Model
  facet normal 0.453990499739545 0 0.8910065241883687
    outer loop
      vertex -34.50987804071866 -2 -11.569243251887004
      vertex -34.50987804071866 0 -11.569243251887004
      vertex -34.96984566628258 -2 -11.334878040718664
    endloop
  endfacet
  facet normal 0.15643446504023134 0 0.9876883405951377
    outer loop
      vertex -34.50987804071866 -2 -11.569243251887004
      vertex -34 -2 -11.65
      vertex -34 0 -11.65
    endloop
  endfacet
  facet normal -0.15643446504023134 0 0.9876883405951377
    outer loop
      vertex -34 -2 -11.65
      vertex -33.49012195928134 -2 -11.569243251887004
      vertex -33.49012195928134 0 -11.569243251887004
    endloop
  endfacet
  facet normal -0.453990499739545 0 0.8910065241883687
    outer loop
      vertex -33.49012195928134 -2 -11.569243251887004
      vertex -33.03015433371742 -2 -11.334878040718664
      vertex -33.03015433371742 0 -11.334878040718664
    endloop
  endfacet
  facet normal 0.8910065241883695 0 0.4539904997395437
    outer loop
      vertex -35.334878040718664 -2 -10.96984566628258
      vertex -35.334878040718664 0 -10.96984566628258
      vertex -35.569243251887 -2 -10.509878040718663
    endloop
  endfacet
  facet normal 0.9876883405951377 0 0.1564344650402308
    outer loop
      vertex -35.569243251887 -2 -10.509878040718663
      vertex -35.569243251887 0 -10.509878040718663
      vertex -35.65 -2 -10
    endloop
  endfacet
  facet normal 0.7071067811865475 0 0.7071067811865475
    outer loop
      vertex -35.334878040718664 -2 -10.96984566628258
      vertex -34.96984566628258 -2 -11.334878040718664
      vertex -34.96984566628258 0 -11.334878040718664
    endloop
  endfacet
  facet normal 0.9876883405951377 0 -0.1564344650402308
    outer loop
      vertex -35.65 -2 -10
      vertex -35.65 0 -10
      vertex -35.569243251887 -2 -9.490121959281337
    endloop
  endfacet
  facet normal 0.8910065241883695 0 -0.4539904997395437
    outer loop
      vertex -35.569243251887 -2 -9.490121959281337
      vertex -35.569243251887 0 -9.490121959281337
      vertex -35.334878040718664 -2 -9.03015433371742
    endloop
  endfacet
  facet normal 0.7071067811865475 0 -0.7071067811865475
    outer loop
      vertex -35.334878040718664 -2 -9.03015433371742
      vertex -35.334878040718664 0 -9.03015433371742
      vertex -34.96984566628258 -2 -8.665121959281336
    endloop
  endfacet
  facet normal 0.453990499739545 0 -0.8910065241883687
    outer loop
      vertex -34.96984566628258 -2 -8.665121959281336
      vertex -34.96984566628258 0 -8.665121959281336
      vertex -34.50987804071866 -2 -8.430756748112996
    endloop
  endfacet
  facet normal 0.15643446504023134 0 -0.9876883405951377
    outer loop
      vertex -34.50987804071866 -2 -8.430756748112996
      vertex -34.50987804071866 0 -8.430756748112996
      vertex -34 -2 -8.35
    endloop
  endfacet
  facet normal -0.7071067811865475 0 0.7071067811865475
    outer loop
      vertex -33.03015433371742 -2 -11.334878040718664
      vertex -32.665121959281336 -2 -10.96984566628258
      vertex -32.665121959281336 0 -10.96984566628258
    endloop
  endfacet
  facet normal -0.8910065241883695 0 0.4539904997395437
    outer loop
      vertex -32.665121959281336 -2 -10.96984566628258
      vertex -32.430756748113 -2 -10.509878040718663
      vertex -32.430756748113 0 -10.509878040718663
    endloop
  endfacet
  facet normal -0.9876883405951377 0 0.1564344650402308
    outer loop
      vertex -32.430756748113 -2 -10.509878040718663
      vertex -32.35 -2 -10
      vertex -32.35 0 -10
    endloop
  endfacet
  facet normal -0.9876883405951377 0 -0.1564344650402308
    outer loop
      vertex -32.35 -2 -10
      vertex -32.430756748113 -2 -9.490121959281337
      vertex -32.430756748113 0 -9.490121959281337
    endloop
  endfacet
  facet normal -0.7071067811865475 0 -0.7071067811865475
    outer loop
      vertex -32.665121959281336 -2 -9.03015433371742
      vertex -33.03015433371742 -2 -8.665121959281336
      vertex -33.03015433371742 0 -8.665121959281336
    endloop
  endfacet
  facet normal -0.453990499739545 0 -0.8910065241883687
    outer loop
      vertex -33.03015433371742 -2 -8.665121959281336
      vertex -33.49012195928134 -2 -8.430756748112996
      vertex -33.49012195928134 0 -8.430756748112996
    endloop
  endfacet
  facet normal -0.8910065241883695 0 -0.4539904997395437
    outer loop
      vertex -32.430756748113 -2 -9.490121959281337
      vertex -32.665121959281336 -2 -9.03015433371742
      vertex -32.665121959281336 0 -9.03015433371742
    endloop
  endfacet
  facet normal -0.15643446504023134 0 -0.9876883405951377
    outer loop
      vertex -34 -2 -8.35
      vertex -34 0 -8.35
      vertex -33.49012195928134 -2 -8.430756748112996
    endloop
  endfacet
  facet normal 0.453990499739545 0 0.8910065241883687
    outer loop
      vertex -34.96984566628258 -2 -11.334878040718664
      vertex -34.50987804071866 0 -11.569243251887004
      vertex -34.96984566628258 0 -11.334878040718664
    endloop
  endfacet
  facet normal 0.15643446504023134 0 0.9876883405951377
    outer loop
      vertex -34.50987804071866 -2 -11.569243251887004
      vertex -34 0 -11.65
      vertex -34.50987804071866 0 -11.569243251887004
    endloop
  endfacet
  facet normal -0.15643446504023134 0 0.9876883405951377
    outer loop
      vertex -34 -2 -11.65
      vertex -33.49012195928134 0 -11.569243251887004
      vertex -34 0 -11.65
    endloop
  endfacet
  facet normal -0.453990499739545 0 0.8910065241883687
    outer loop
      vertex -33.49012195928134 -2 -11.569243251887004
      vertex -33.03015433371742 0 -11.334878040718664
      vertex -33.49012195928134 0 -11.569243251887004
    endloop
  endfacet
  facet normal 0.8910065241883695 0 0.4539904997395437
    outer loop
      vertex -35.569243251887 -2 -10.509878040718663
      vertex -35.334878040718664 0 -10.96984566628258
      vertex -35.569243251887 0 -10.509878040718663
    endloop
  endfacet
  facet normal 0.7071067811865475 0 0.7071067811865475
    outer loop
      vertex -35.334878040718664 -2 -10.96984566628258
      vertex -34.96984566628258 0 -11.334878040718664
      vertex -35.334878040718664 0 -10.96984566628258
    endloop
  endfacet
  facet normal 0.9876883405951377 0 0.1564344650402308
    outer loop
      vertex -35.65 -2 -10
      vertex -35.569243251887 0 -10.509878040718663
      vertex -35.65 0 -10
    endloop
  endfacet
  facet normal 0.9876883405951377 0 -0.1564344650402308
    outer loop
      vertex -35.569243251887 -2 -9.490121959281337
      vertex -35.65 0 -10
      vertex -35.569243251887 0 -9.490121959281337
    endloop
  endfacet
  facet normal 0.8910065241883695 0 -0.4539904997395437
    outer loop
      vertex -35.334878040718664 -2 -9.03015433371742
      vertex -35.569243251887 0 -9.490121959281337
      vertex -35.334878040718664 0 -9.03015433371742
    endloop
  endfacet
  facet normal 0.7071067811865475 0 -0.7071067811865475
    outer loop
      vertex -34.96984566628258 -2 -8.665121959281336
      vertex -35.334878040718664 0 -9.03015433371742
      vertex -34.96984566628258 0 -8.665121959281336
    endloop
  endfacet
  facet normal 0.453990499739545 0 -0.8910065241883687
    outer loop
      vertex -34.50987804071866 -2 -8.430756748112996
      vertex -34.96984566628258 0 -8.665121959281336
      vertex -34.50987804071866 0 -8.430756748112996
    endloop
  endfacet
  facet normal 0.15643446504023134 0 -0.9876883405951377
    outer loop
      vertex -34 -2 -8.35
      vertex -34.50987804071866 0 -8.430756748112996
      vertex -34 0 -8.35
    endloop
  endfacet
  facet normal -0.7071067811865475 0 0.7071067811865475
    outer loop
      vertex -33.03015433371742 -2 -11.334878040718664
      vertex -32.665121959281336 0 -10.96984566628258
      vertex -33.03015433371742 0 -11.334878040718664
    endloop
  endfacet
  facet normal -0.8910065241883695 0 0.4539904997395437
    outer loop
      vertex -32.665121959281336 -2 -10.96984566628258
      vertex -32.430756748113 0 -10.509878040718663
      vertex -32.665121959281336 0 -10.96984566628258
    endloop
  endfacet
  facet normal -0.9876883405951377 0 0.1564344650402308
    outer loop
      vertex -32.430756748113 -2 -10.509878040718663
      vertex -32.35 0 -10
      vertex -32.430756748113 0 -10.509878040718663
    endloop
  endfacet
  facet normal -0.9876883405951377 0 -0.1564344650402308
    outer loop
      vertex -32.35 -2 -10
      vertex -32.430756748113 0 -9.490121959281337
      vertex -32.35 0 -10
    endloop
  endfacet
  facet normal -0.453990499739545 0 -0.8910065241883687
    outer loop
      vertex -33.03015433371742 -2 -8.665121959281336
      vertex -33.49012195928134 0 -8.430756748112996
      vertex -33.03015433371742 0 -8.665121959281336
    endloop
  endfacet
  facet normal -0.8910065241883695 0 -0.4539904997395437
    outer loop
      vertex -32.430756748113 -2 -9.490121959281337
      vertex -32.665121959281336 0 -9.03015433371742
      vertex -32.430756748113 0 -9.490121959281337
    endloop
  endfacet
  facet normal -0.7071067811865475 0 -0.7071067811865475
    outer loop
      vertex -32.665121959281336 -2 -9.03015433371742
      vertex -33.03015433371742 0 -8.665121959281336
      vertex -32.665121959281336 0 -9.03015433371742
    endloop
  endfacet
  facet normal -0.15643446504023134 0 -0.9876883405951377
    outer loop
      vertex -33.49012195928134 -2 -8.430756748112996
      vertex -34 0 -8.35
      vertex -33.49012195928134 0 -8.430756748112996
    endloop
  endfacet
  facet normal 0.8910065241883686 0 0.4539904997395455
    outer loop
      vertex -36.42705098312484 -2 -11.76335575687742
      vertex -36.85316954888546 -5 -10.927050983124841
      vertex -36.42705098312484 -5 -11.76335575687742
    endloop
  endfacet
  facet normal 0.7071067811865457 0 0.7071067811865495
    outer loop
      vertex -35.76335575687742 -2 -12.427050983124843
      vertex -36.42705098312484 -5 -11.76335575687742
      vertex -35.76335575687742 -5 -12.427050983124843
    endloop
  endfacet
  facet normal 0.4539904997395478 0 0.8910065241883673
    outer loop
      vertex -34.92705098312484 -2 -12.853169548885461
      vertex -35.76335575687742 -5 -12.427050983124843
      vertex -34.92705098312484 -5 -12.853169548885461
    endloop
  endfacet
  facet normal 0.15643446504023048 0 0.9876883405951378
    outer loop
      vertex -34 -2 -13
      vertex -34.92705098312484 -5 -12.853169548885461
      vertex -34 -5 -13
    endloop
  endfacet
  facet normal -0.15643446504023048 0 0.9876883405951378
    outer loop
      vertex -33.07294901687516 -2 -12.853169548885461
      vertex -34 -5 -13
      vertex -33.07294901687516 -5 -12.853169548885461
    endloop
  endfacet
  facet normal -0.4539904997395478 0 0.8910065241883673
    outer loop
      vertex -32.23664424312258 -2 -12.427050983124843
      vertex -33.07294901687516 -5 -12.853169548885461
      vertex -32.23664424312258 -5 -12.427050983124843
    endloop
  endfacet
  facet normal -0.7071067811865457 0 0.7071067811865495
    outer loop
      vertex -31.572949016875157 -2 -11.76335575687742
      vertex -32.23664424312258 -5 -12.427050983124843
      vertex -31.572949016875157 -5 -11.76335575687742
    endloop
  endfacet
  facet normal 0.9876883405951378 0 0.15643446504023079
    outer loop
      vertex -36.85316954888546 -2 -10.927050983124841
      vertex -37 -5 -10
      vertex -36.85316954888546 -5 -10.927050983124841
    endloop
  endfacet
  facet normal 0.9876883405951378 0 -0.15643446504023079
    outer loop
      vertex -37 -2 -10
      vertex -36.85316954888546 -5 -9.072949016875159
      vertex -37 -5 -10
    endloop
  endfacet
  facet normal 0.8910065241883686 0 -0.4539904997395455
    outer loop
      vertex -36.85316954888546 -2 -9.072949016875159
      vertex -36.42705098312484 -5 -8.23664424312258
      vertex -36.85316954888546 -5 -9.072949016875159
    endloop
  endfacet
  facet normal 0.7071067811865451 0 -0.7071067811865499
    outer loop
      vertex -36.42705098312484 -2 -8.23664424312258
      vertex -35.76335575687742 -5 -7.572949016875158
      vertex -36.42705098312484 -5 -8.23664424312258
    endloop
  endfacet
  facet normal -0.8910065241883686 0 0.4539904997395455
    outer loop
      vertex -31.14683045111454 -2 -10.927050983124841
      vertex -31.572949016875157 -5 -11.76335575687742
      vertex -31.14683045111454 -5 -10.927050983124841
    endloop
  endfacet
  facet normal -0.9876883405951378 0 0.15643446504023079
    outer loop
      vertex -31 -2 -10
      vertex -31.14683045111454 -5 -10.927050983124841
      vertex -31 -5 -10
    endloop
  endfacet
  facet normal -0.9876883405951378 0 -0.15643446504023079
    outer loop
      vertex -31.14683045111454 -2 -9.072949016875159
      vertex -31 -5 -10
      vertex -31.14683045111454 -5 -9.072949016875159
    endloop
  endfacet
  facet normal -0.7071067811865451 0 -0.7071067811865499
    outer loop
      vertex -32.23664424312258 -2 -7.572949016875158
      vertex -31.572949016875157 -5 -8.23664424312258
      vertex -32.23664424312258 -5 -7.572949016875158
    endloop
  endfacet
  facet normal -0.8910065241883686 0 -0.4539904997395455
    outer loop
      vertex -31.572949016875157 -2 -8.23664424312258
      vertex -31.14683045111454 -5 -9.072949016875159
      vertex -31.572949016875157 -5 -8.23664424312258
    endloop
  endfacet
  facet normal 0.4539904997395485 0 -0.891006524188367
    outer loop
      vertex -35.76335575687742 -2 -7.572949016875158
      vertex -34.92705098312484 -5 -7.146830451114539
      vertex -35.76335575687742 -5 -7.572949016875158
    endloop
  endfacet
  facet normal 0.15643446504023048 0 -0.9876883405951378
    outer loop
      vertex -34.92705098312484 -2 -7.146830451114539
      vertex -34 -5 -7
      vertex -34.92705098312484 -5 -7.146830451114539
    endloop
  endfacet
  facet normal -0.15643446504023048 0 -0.9876883405951378
    outer loop
      vertex -34 -2 -7
      vertex -33.07294901687516 -5 -7.146830451114539
      vertex -34 -5 -7
    endloop
  endfacet
  facet normal -0.4539904997395485 0 -0.891006524188367
    outer loop
      vertex -33.07294901687516 -2 -7.146830451114539
      vertex -32.23664424312258 -5 -7.572949016875158
      vertex -33.07294901687516 -5 -7.146830451114539
    endloop
  endfacet
  facet normal 0.4539904997395478 0 0.8910065241883673
    outer loop
      vertex -34.92705098312484 -2 -12.853169548885461
      vertex -35.76335575687742 -2 -12.427050983124843
      vertex -35.76335575687742 -5 -12.427050983124843
    endloop
  endfacet
  facet normal 0.15643446504023048 0 0.9876883405951378
    outer loop
      vertex -34.92705098312484 -2 -12.853169548885461
      vertex -34.92705098312484 -5 -12.853169548885461
      vertex -34 -2 -13
    endloop
  endfacet
  facet normal 0.7071067811865457 0 0.7071067811865495
    outer loop
      vertex -35.76335575687742 -2 -12.427050983124843
      vertex -36.42705098312484 -2 -11.76335575687742
      vertex -36.42705098312484 -5 -11.76335575687742
    endloop
  endfacet
  facet normal -0.15643446504023048 0 0.9876883405951378
    outer loop
      vertex -34 -2 -13
      vertex -34 -5 -13
      vertex -33.07294901687516 -2 -12.853169548885461
    endloop
  endfacet
  facet normal -0.4539904997395478 0 0.8910065241883673
    outer loop
      vertex -33.07294901687516 -2 -12.853169548885461
      vertex -33.07294901687516 -5 -12.853169548885461
      vertex -32.23664424312258 -2 -12.427050983124843
    endloop
  endfacet
  facet normal -0.7071067811865457 0 0.7071067811865495
    outer loop
      vertex -32.23664424312258 -2 -12.427050983124843
      vertex -32.23664424312258 -5 -12.427050983124843
      vertex -31.572949016875157 -2 -11.76335575687742
    endloop
  endfacet
  facet normal -0.8910065241883686 0 0.4539904997395455
    outer loop
      vertex -31.572949016875157 -2 -11.76335575687742
      vertex -31.572949016875157 -5 -11.76335575687742
      vertex -31.14683045111454 -2 -10.927050983124841
    endloop
  endfacet
  facet normal 0.8910065241883686 0 0.4539904997395455
    outer loop
      vertex -36.42705098312484 -2 -11.76335575687742
      vertex -36.85316954888546 -2 -10.927050983124841
      vertex -36.85316954888546 -5 -10.927050983124841
    endloop
  endfacet
  facet normal 0.9876883405951378 0 0.15643446504023079
    outer loop
      vertex -36.85316954888546 -2 -10.927050983124841
      vertex -37 -2 -10
      vertex -37 -5 -10
    endloop
  endfacet
  facet normal 0.9876883405951378 0 -0.15643446504023079
    outer loop
      vertex -37 -2 -10
      vertex -36.85316954888546 -2 -9.072949016875159
      vertex -36.85316954888546 -5 -9.072949016875159
    endloop
  endfacet
  facet normal 0.8910065241883686 0 -0.4539904997395455
    outer loop
      vertex -36.85316954888546 -2 -9.072949016875159
      vertex -36.42705098312484 -2 -8.23664424312258
      vertex -36.42705098312484 -5 -8.23664424312258
    endloop
  endfacet
  facet normal 0.7071067811865451 0 -0.7071067811865499
    outer loop
      vertex -36.42705098312484 -2 -8.23664424312258
      vertex -35.76335575687742 -2 -7.572949016875158
      vertex -35.76335575687742 -5 -7.572949016875158
    endloop
  endfacet
  facet normal -0.9876883405951378 0 0.15643446504023079
    outer loop
      vertex -31.14683045111454 -2 -10.927050983124841
      vertex -31.14683045111454 -5 -10.927050983124841
      vertex -31 -2 -10
    endloop
  endfacet
  facet normal -0.9876883405951378 0 -0.15643446504023079
    outer loop
      vertex -31 -2 -10
      vertex -31 -5 -10
      vertex -31.14683045111454 -2 -9.072949016875159
    endloop
  endfacet
  facet normal -0.7071067811865451 0 -0.7071067811865499
    outer loop
      vertex -31.572949016875157 -2 -8.23664424312258
      vertex -31.572949016875157 -5 -8.23664424312258
      vertex -32.23664424312258 -2 -7.572949016875158
    endloop
  endfacet
  facet normal -0.8910065241883686 0 -0.4539904997395455
    outer loop
      vertex -31.14683045111454 -2 -9.072949016875159
      vertex -31.14683045111454 -5 -9.072949016875159
      vertex -31.572949016875157 -2 -8.23664424312258
    endloop
  endfacet
  facet normal 0.4539904997395485 0 -0.891006524188367
    outer loop
      vertex -35.76335575687742 -2 -7.572949016875158
      vertex -34.92705098312484 -2 -7.146830451114539
      vertex -34.92705098312484 -5 -7.146830451114539
    endloop
  endfacet
  facet normal 0.15643446504023048 0 -0.9876883405951378
    outer loop
      vertex -34.92705098312484 -2 -7.146830451114539
      vertex -34 -2 -7
      vertex -34 -5 -7
    endloop
  endfacet
  facet normal -0.15643446504023048 0 -0.9876883405951378
    outer loop
      vertex -34 -2 -7
      vertex -33.07294901687516 -2 -7.146830451114539
      vertex -33.07294901687516 -5 -7.146830451114539
    endloop
  endfacet
  facet normal -0.4539904997395485 0 -0.891006524188367
    outer loop
      vertex -33.07294901687516 -2 -7.146830451114539
      vertex -32.23664424312258 -2 -7.572949016875158
      vertex -32.23664424312258 -5 -7.572949016875158
    endloop
  endfacet
  facet normal 0 -1 0
    outer loop
      vertex -34.92705098312484 -2 -12.853169548885461
      vertex -33.07294901687516 -2 -12.853169548885461
      vertex -35.76335575687742 -2 -12.427050983124843
    endloop
  endfacet
  facet normal 0 -1 0
    outer loop
      vertex -35.76335575687742 -2 -12.427050983124843
      vertex -32.23664424312258 -2 -12.427050983124843
      vertex -36.42705098312484 -2 -11.76335575687742
    endloop
  endfacet
  facet normal 0 -1 0
    outer loop
      vertex -36.42705098312484 -2 -11.76335575687742
      vertex -34.96984566628258 -2 -11.334878040718664
      vertex -35.334878040718664 -2 -10.96984566628258
    endloop
  endfacet
  facet normal 0 -1 0
    outer loop
      vertex -36.42705098312484 -2 -11.76335575687742
      vertex -34.50987804071866 -2 -11.569243251887004
      vertex -34.96984566628258 -2 -11.334878040718664
    endloop
  endfacet
  facet normal 0 -1 0
    outer loop
      vertex -36.42705098312484 -2 -11.76335575687742
      vertex -34 -2 -11.65
      vertex -34.50987804071866 -2 -11.569243251887004
    endloop
  endfacet
  facet normal 0 -1 0
    outer loop
      vertex -34.92705098312484 -2 -12.853169548885461
      vertex -34 -2 -13
      vertex -33.07294901687516 -2 -12.853169548885461
    endloop
  endfacet
  facet normal 0 -1 0
    outer loop
      vertex -35.76335575687742 -2 -12.427050983124843
      vertex -33.07294901687516 -2 -12.853169548885461
      vertex -32.23664424312258 -2 -12.427050983124843
    endloop
  endfacet
  facet normal 0 -1 0
    outer loop
      vertex -36.42705098312484 -2 -11.76335575687742
      vertex -31.572949016875157 -2 -11.76335575687742
      vertex -34 -2 -11.65
    endloop
  endfacet
  facet normal 0 -1 0
    outer loop
      vertex -36.42705098312484 -2 -11.76335575687742
      vertex -32.23664424312258 -2 -12.427050983124843
      vertex -31.572949016875157 -2 -11.76335575687742
    endloop
  endfacet
  facet normal 0 -1 0
    outer loop
      vertex -34 -2 -11.65
      vertex -31.572949016875157 -2 -11.76335575687742
      vertex -33.49012195928134 -2 -11.569243251887004
    endloop
  endfacet
  facet normal 0 -1 0
    outer loop
      vertex -33.49012195928134 -2 -11.569243251887004
      vertex -31.572949016875157 -2 -11.76335575687742
      vertex -33.03015433371742 -2 -11.334878040718664
    endloop
  endfacet
  facet normal 0 -1 0
    outer loop
      vertex -33.03015433371742 -2 -11.334878040718664
      vertex -31.572949016875157 -2 -11.76335575687742
      vertex -32.665121959281336 -2 -10.96984566628258
    endloop
  endfacet
  facet normal 0 -1 0
    outer loop
      vertex -36.42705098312484 -2 -11.76335575687742
      vertex -35.334878040718664 -2 -10.96984566628258
      vertex -36.85316954888546 -2 -10.927050983124841
    endloop
  endfacet
  facet normal 0 -1 0
    outer loop
      vertex -36.85316954888546 -2 -10.927050983124841
      vertex -35.334878040718664 -2 -10.96984566628258
      vertex -35.569243251887 -2 -10.509878040718663
    endloop
  endfacet
  facet normal 0 -1 0
    outer loop
      vertex -36.85316954888546 -2 -10.927050983124841
      vertex -35.569243251887 -2 -10.509878040718663
      vertex -35.65 -2 -10
    endloop
  endfacet
  facet normal 0 -1 0
    outer loop
      vertex -36.85316954888546 -2 -10.927050983124841
      vertex -35.65 -2 -10
      vertex -37 -2 -10
    endloop
  endfacet
  facet normal 0 -1 0
    outer loop
      vertex -37 -2 -10
      vertex -35.65 -2 -10
      vertex -35.569243251887 -2 -9.490121959281337
    endloop
  endfacet
  facet normal 0 -1 0
    outer loop
      vertex -37 -2 -10
      vertex -35.569243251887 -2 -9.490121959281337
      vertex -36.85316954888546 -2 -9.072949016875159
    endloop
  endfacet
  facet normal 0 -1 0
    outer loop
      vertex -36.85316954888546 -2 -9.072949016875159
      vertex -35.569243251887 -2 -9.490121959281337
      vertex -35.334878040718664 -2 -9.03015433371742
    endloop
  endfacet
  facet normal 0 -1 0
    outer loop
      vertex -36.85316954888546 -2 -9.072949016875159
      vertex -35.334878040718664 -2 -9.03015433371742
      vertex -36.42705098312484 -2 -8.23664424312258
    endloop
  endfacet
  facet normal 0 -1 0
    outer loop
      vertex -35.334878040718664 -2 -9.03015433371742
      vertex -34.96984566628258 -2 -8.665121959281336
      vertex -36.42705098312484 -2 -8.23664424312258
    endloop
  endfacet
  facet normal 0 -1 0
    outer loop
      vertex -36.42705098312484 -2 -8.23664424312258
      vertex -34.96984566628258 -2 -8.665121959281336
      vertex -34.50987804071866 -2 -8.430756748112996
    endloop
  endfacet
  facet normal 0 -1 0
    outer loop
      vertex -36.42705098312484 -2 -8.23664424312258
      vertex -34.50987804071866 -2 -8.430756748112996
      vertex -34 -2 -8.35
    endloop
  endfacet
  facet normal 0 -1 0
    outer loop
      vertex -36.42705098312484 -2 -8.23664424312258
      vertex -31.572949016875157 -2 -8.23664424312258
      vertex -35.76335575687742 -2 -7.572949016875158
    endloop
  endfacet
  facet normal 0 -1 0
    outer loop
      vertex -32.665121959281336 -2 -10.96984566628258
      vertex -31.572949016875157 -2 -11.76335575687742
      vertex -31.14683045111454 -2 -10.927050983124841
    endloop
  endfacet
  facet normal 0 -1 0
    outer loop
      vertex -32.665121959281336 -2 -10.96984566628258
      vertex -31.14683045111454 -2 -10.927050983124841
      vertex -32.430756748113 -2 -10.509878040718663
    endloop
  endfacet
  facet normal 0 -1 0
    outer loop
      vertex -32.430756748113 -2 -10.509878040718663
      vertex -31 -2 -10
      vertex -32.35 -2 -10
    endloop
  endfacet
  facet normal 0 -1 0
    outer loop
      vertex -32.35 -2 -10
      vertex -31.14683045111454 -2 -9.072949016875159
      vertex -32.430756748113 -2 -9.490121959281337
    endloop
  endfacet
  facet normal 0 -1 0
    outer loop
      vertex -32.430756748113 -2 -10.509878040718663
      vertex -31.14683045111454 -2 -10.927050983124841
      vertex -31 -2 -10
    endloop
  endfacet
  facet normal 0 -1 0
    outer loop
      vertex -32.35 -2 -10
      vertex -31 -2 -10
      vertex -31.14683045111454 -2 -9.072949016875159
    endloop
  endfacet
  facet normal 0 -1 0
    outer loop
      vertex -32.430756748113 -2 -9.490121959281337
      vertex -31.14683045111454 -2 -9.072949016875159
      vertex -32.665121959281336 -2 -9.03015433371742
    endloop
  endfacet
  facet normal 0 -1 0
    outer loop
      vertex -33.03015433371742 -2 -8.665121959281336
      vertex -31.572949016875157 -2 -8.23664424312258
      vertex -33.49012195928134 -2 -8.430756748112996
    endloop
  endfacet
  facet normal 0 -1 0
    outer loop
      vertex -32.665121959281336 -2 -9.03015433371742
      vertex -31.572949016875157 -2 -8.23664424312258
      vertex -33.03015433371742 -2 -8.665121959281336
    endloop
  endfacet
  facet normal 0 -1 0
    outer loop
      vertex -32.665121959281336 -2 -9.03015433371742
      vertex -31.14683045111454 -2 -9.072949016875159
      vertex -31.572949016875157 -2 -8.23664424312258
    endloop
  endfacet
  facet normal 0 -1 0
    outer loop
      vertex -36.42705098312484 -2 -8.23664424312258
      vertex -34 -2 -8.35
      vertex -31.572949016875157 -2 -8.23664424312258
    endloop
  endfacet
  facet normal 0 -1 0
    outer loop
      vertex -34 -2 -8.35
      vertex -33.49012195928134 -2 -8.430756748112996
      vertex -31.572949016875157 -2 -8.23664424312258
    endloop
  endfacet
  facet normal 0 -1 0
    outer loop
      vertex -35.76335575687742 -2 -7.572949016875158
      vertex -31.572949016875157 -2 -8.23664424312258
      vertex -32.23664424312258 -2 -7.572949016875158
    endloop
  endfacet
  facet normal 0 -1 0
    outer loop
      vertex -35.76335575687742 -2 -7.572949016875158
      vertex -32.23664424312258 -2 -7.572949016875158
      vertex -34.92705098312484 -2 -7.146830451114539
    endloop
  endfacet
  facet normal 0 -1 0
    outer loop
      vertex -34.92705098312484 -2 -7.146830451114539
      vertex -33.07294901687516 -2 -7.146830451114539
      vertex -34 -2 -7
    endloop
  endfacet
  facet normal 0 -1 0
    outer loop
      vertex -34.92705098312484 -2 -7.146830451114539
      vertex -32.23664424312258 -2 -7.572949016875158
      vertex -33.07294901687516 -2 -7.146830451114539
    endloop
  endfacet
  facet normal 0.15643446504023134 0 0.9876883405951377
    outer loop
      vertex -34.50987804071866 -2 8.430756748112996
      vertex -34 -2 8.35
      vertex -34 0 8.35
    endloop
  endfacet
  facet normal 0.8910065241883695 0 0.4539904997395437
    outer loop
      vertex -35.334878040718664 -2 9.03015433371742
      vertex -35.334878040718664 0 9.03015433371742
      vertex -35.569243251887 -2 9.490121959281337
    endloop
  endfacet
  facet normal 0.7071067811865475 0 0.7071067811865475
    outer loop
      vertex -34.96984566628258 -2 8.665121959281336
      vertex -34.96984566628258 0 8.665121959281336
      vertex -35.334878040718664 -2 9.03015433371742
    endloop
  endfacet
  facet normal 0.453990499739545 0 0.8910065241883687
    outer loop
      vertex -34.96984566628258 -2 8.665121959281336
      vertex -34.50987804071866 -2 8.430756748112996
      vertex -34.50987804071866 0 8.430756748112996
    endloop
  endfacet
  facet normal 0.9876883405951377 0 0.1564344650402308
    outer loop
      vertex -35.569243251887 -2 9.490121959281337
      vertex -35.569243251887 0 9.490121959281337
      vertex -35.65 -2 10
    endloop
  endfacet
  facet normal 0.9876883405951377 0 -0.1564344650402308
    outer loop
      vertex -35.65 -2 10
      vertex -35.65 0 10
      vertex -35.569243251887 -2 10.509878040718663
    endloop
  endfacet
  facet normal 0.8910065241883695 0 -0.4539904997395437
    outer loop
      vertex -35.569243251887 -2 10.509878040718663
      vertex -35.569243251887 0 10.509878040718663
      vertex -35.334878040718664 -2 10.96984566628258
    endloop
  endfacet
  facet normal 0.7071067811865475 0 -0.7071067811865475
    outer loop
      vertex -35.334878040718664 -2 10.96984566628258
      vertex -35.334878040718664 0 10.96984566628258
      vertex -34.96984566628258 -2 11.334878040718664
    endloop
  endfacet
  facet normal -0.15643446504023134 0 0.9876883405951377
    outer loop
      vertex -34 -2 8.35
      vertex -33.49012195928134 -2 8.430756748112996
      vertex -33.49012195928134 0 8.430756748112996
    endloop
  endfacet
  facet normal -0.453990499739545 0 0.8910065241883687
    outer loop
      vertex -33.49012195928134 -2 8.430756748112996
      vertex -33.03015433371742 -2 8.665121959281336
      vertex -33.03015433371742 0 8.665121959281336
    endloop
  endfacet
  facet normal -0.7071067811865475 0 0.7071067811865475
    outer loop
      vertex -33.03015433371742 -2 8.665121959281336
      vertex -32.665121959281336 -2 9.03015433371742
      vertex -32.665121959281336 0 9.03015433371742
    endloop
  endfacet
  facet normal -0.8910065241883695 0 0.4539904997395437
    outer loop
      vertex -32.665121959281336 -2 9.03015433371742
      vertex -32.430756748113 -2 9.490121959281337
      vertex -32.430756748113 0 9.490121959281337
    endloop
  endfacet
  facet normal -0.9876883405951377 0 0.1564344650402308
    outer loop
      vertex -32.430756748113 -2 9.490121959281337
      vertex -32.35 -2 10
      vertex -32.35 0 10
    endloop
  endfacet
  facet normal -0.7071067811865475 0 -0.7071067811865475
    outer loop
      vertex -33.03015433371742 -2 11.334878040718664
      vertex -33.03015433371742 0 11.334878040718664
      vertex -32.665121959281336 -2 10.96984566628258
    endloop
  endfacet
  facet normal -0.9876883405951377 0 -0.1564344650402308
    outer loop
      vertex -32.430756748113 -2 10.509878040718663
      vertex -32.430756748113 0 10.509878040718663
      vertex -32.35 -2 10
    endloop
  endfacet
  facet normal -0.8910065241883695 0 -0.4539904997395437
    outer loop
      vertex -32.430756748113 -2 10.509878040718663
      vertex -32.665121959281336 -2 10.96984566628258
      vertex -32.665121959281336 0 10.96984566628258
    endloop
  endfacet
  facet normal 0.453990499739545 0 -0.8910065241883687
    outer loop
      vertex -34.96984566628258 -2 11.334878040718664
      vertex -34.96984566628258 0 11.334878040718664
      vertex -34.50987804071866 -2 11.569243251887004
    endloop
  endfacet
  facet normal 0.15643446504023134 0 -0.9876883405951377
    outer loop
      vertex -34.50987804071866 -2 11.569243251887004
      vertex -34.50987804071866 0 11.569243251887004
      vertex -34 -2 11.65
    endloop
  endfacet
  facet normal -0.15643446504023134 0 -0.9876883405951377
    outer loop
      vertex -34 -2 11.65
      vertex -34 0 11.65
      vertex -33.49012195928134 -2 11.569243251887004
    endloop
  endfacet
  facet normal -0.453990499739545 0 -0.8910065241883687
    outer loop
      vertex -33.03015433371742 -2 11.334878040718664
      vertex -33.49012195928134 -2 11.569243251887004
      vertex -33.49012195928134 0 11.569243251887004
    endloop
  endfacet
  facet normal 0.15643446504023134 0 0.9876883405951377
    outer loop
      vertex -34.50987804071866 -2 8.430756748112996
      vertex -34 0 8.35
      vertex -34.50987804071866 0 8.430756748112996
    endloop
  endfacet
  facet normal 0.8910065241883695 0 0.4539904997395437
    outer loop
      vertex -35.569243251887 -2 9.490121959281337
      vertex -35.334878040718664 0 9.03015433371742
      vertex -35.569243251887 0 9.490121959281337
    endloop
  endfacet
  facet normal 0.453990499739545 0 0.8910065241883687
    outer loop
      vertex -34.96984566628258 -2 8.665121959281336
      vertex -34.50987804071866 0 8.430756748112996
      vertex -34.96984566628258 0 8.665121959281336
    endloop
  endfacet
  facet normal 0.7071067811865475 0 0.7071067811865475
    outer loop
      vertex -35.334878040718664 -2 9.03015433371742
      vertex -34.96984566628258 0 8.665121959281336
      vertex -35.334878040718664 0 9.03015433371742
    endloop
  endfacet
  facet normal 0.9876883405951377 0 0.1564344650402308
    outer loop
      vertex -35.65 -2 10
      vertex -35.569243251887 0 9.490121959281337
      vertex -35.65 0 10
    endloop
  endfacet
  facet normal 0.9876883405951377 0 -0.1564344650402308
    outer loop
      vertex -35.569243251887 -2 10.509878040718663
      vertex -35.65 0 10
      vertex -35.569243251887 0 10.509878040718663
    endloop
  endfacet
  facet normal 0.8910065241883695 0 -0.4539904997395437
    outer loop
      vertex -35.334878040718664 -2 10.96984566628258
      vertex -35.569243251887 0 10.509878040718663
      vertex -35.334878040718664 0 10.96984566628258
    endloop
  endfacet
  facet normal 0.7071067811865475 0 -0.7071067811865475
    outer loop
      vertex -34.96984566628258 -2 11.334878040718664
      vertex -35.334878040718664 0 10.96984566628258
      vertex -34.96984566628258 0 11.334878040718664
    endloop
  endfacet
  facet normal -0.15643446504023134 0 0.9876883405951377
    outer loop
      vertex -34 -2 8.35
      vertex -33.49012195928134 0 8.430756748112996
      vertex -34 0 8.35
    endloop
  endfacet
  facet normal -0.453990499739545 0 0.8910065241883687
    outer loop
      vertex -33.49012195928134 -2 8.430756748112996
      vertex -33.03015433371742 0 8.665121959281336
      vertex -33.49012195928134 0 8.430756748112996
    endloop
  endfacet
  facet normal -0.7071067811865475 0 0.7071067811865475
    outer loop
      vertex -33.03015433371742 -2 8.665121959281336
      vertex -32.665121959281336 0 9.03015433371742
      vertex -33.03015433371742 0 8.665121959281336
    endloop
  endfacet
  facet normal -0.8910065241883695 0 0.4539904997395437
    outer loop
      vertex -32.665121959281336 -2 9.03015433371742
      vertex -32.430756748113 0 9.490121959281337
      vertex -32.665121959281336 0 9.03015433371742
    endloop
  endfacet
  facet normal -0.9876883405951377 0 0.1564344650402308
    outer loop
      vertex -32.430756748113 -2 9.490121959281337
      vertex -32.35 0 10
      vertex -32.430756748113 0 9.490121959281337
    endloop
  endfacet
  facet normal -0.9876883405951377 0 -0.1564344650402308
    outer loop
      vertex -32.35 -2 10
      vertex -32.430756748113 0 10.509878040718663
      vertex -32.35 0 10
    endloop
  endfacet
  facet normal -0.8910065241883695 0 -0.4539904997395437
    outer loop
      vertex -32.430756748113 -2 10.509878040718663
      vertex -32.665121959281336 0 10.96984566628258
      vertex -32.430756748113 0 10.509878040718663
    endloop
  endfacet
  facet normal -0.7071067811865475 0 -0.7071067811865475
    outer loop
      vertex -32.665121959281336 -2 10.96984566628258
      vertex -33.03015433371742 0 11.334878040718664
      vertex -32.665121959281336 0 10.96984566628258
    endloop
  endfacet
  facet normal 0.453990499739545 0 -0.8910065241883687
    outer loop
      vertex -34.50987804071866 -2 11.569243251887004
      vertex -34.96984566628258 0 11.334878040718664
      vertex -34.50987804071866 0 11.569243251887004
    endloop
  endfacet
  facet normal 0.15643446504023134 0 -0.9876883405951377
    outer loop
      vertex -34 -2 11.65
      vertex -34.50987804071866 0 11.569243251887004
      vertex -34 0 11.65
    endloop
  endfacet
  facet normal -0.15643446504023134 0 -0.9876883405951377
    outer loop
      vertex -33.49012195928134 -2 11.569243251887004
      vertex -34 0 11.65
      vertex -33.49012195928134 0 11.569243251887004
    endloop
  endfacet
  facet normal -0.453990499739545 0 -0.8910065241883687
    outer loop
      vertex -33.03015433371742 -2 11.334878040718664
      vertex -33.49012195928134 0 11.569243251887004
      vertex -33.03015433371742 0 11.334878040718664
    endloop
  endfacet
  facet normal 0.4539904997395485 0 0.891006524188367
    outer loop
      vertex -34.92705098312484 -2 7.146830451114539
      vertex -35.76335575687742 -5 7.572949016875158
      vertex -34.92705098312484 -5 7.146830451114539
    endloop
  endfacet
  facet normal 0.15643446504023048 0 0.9876883405951378
    outer loop
      vertex -34 -2 7
      vertex -34.92705098312484 -5 7.146830451114539
      vertex -34 -5 7
    endloop
  endfacet
  facet normal -0.15643446504023048 0 0.9876883405951378
    outer loop
      vertex -33.07294901687516 -2 7.146830451114539
      vertex -34 -5 7
      vertex -33.07294901687516 -5 7.146830451114539
    endloop
  endfacet
  facet normal -0.4539904997395485 0 0.891006524188367
    outer loop
      vertex -32.23664424312258 -2 7.572949016875158
      vertex -33.07294901687516 -5 7.146830451114539
      vertex -32.23664424312258 -5 7.572949016875158
    endloop
  endfacet
  facet normal 0.8910065241883686 0 0.4539904997395455
    outer loop
      vertex -36.42705098312484 -2 8.23664424312258
      vertex -36.85316954888546 -5 9.072949016875159
      vertex -36.42705098312484 -5 8.23664424312258
    endloop
  endfacet
  facet normal 0.7071067811865451 0 0.7071067811865499
    outer loop
      vertex -35.76335575687742 -2 7.572949016875158
      vertex -36.42705098312484 -5 8.23664424312258
      vertex -35.76335575687742 -5 7.572949016875158
    endloop
  endfacet
  facet normal 0.9876883405951378 0 0.15643446504023079
    outer loop
      vertex -36.85316954888546 -2 9.072949016875159
      vertex -37 -5 10
      vertex -36.85316954888546 -5 9.072949016875159
    endloop
  endfacet
  facet normal 0.9876883405951378 0 -0.15643446504023079
    outer loop
      vertex -37 -2 10
      vertex -36.85316954888546 -5 10.927050983124841
      vertex -37 -5 10
    endloop
  endfacet
  facet normal 0.8910065241883686 0 -0.4539904997395455
    outer loop
      vertex -36.85316954888546 -2 10.927050983124841
      vertex -36.42705098312484 -5 11.76335575687742
      vertex -36.85316954888546 -5 10.927050983124841
    endloop
  endfacet
  facet normal -0.7071067811865451 0 0.7071067811865499
    outer loop
      vertex -31.572949016875157 -2 8.23664424312258
      vertex -32.23664424312258 -5 7.572949016875158
      vertex -31.572949016875157 -5 8.23664424312258
    endloop
  endfacet
  facet normal -0.8910065241883686 0 0.4539904997395455
    outer loop
      vertex -31.14683045111454 -2 9.072949016875159
      vertex -31.572949016875157 -5 8.23664424312258
      vertex -31.14683045111454 -5 9.072949016875159
    endloop
  endfacet
  facet normal -0.9876883405951378 0 0.15643446504023079
    outer loop
      vertex -31 -2 10
      vertex -31.14683045111454 -5 9.072949016875159
      vertex -31 -5 10
    endloop
  endfacet
  facet normal -0.9876883405951378 0 -0.15643446504023079
    outer loop
      vertex -31.14683045111454 -2 10.927050983124841
      vertex -31 -5 10
      vertex -31.14683045111454 -5 10.927050983124841
    endloop
  endfacet
  facet normal 0.7071067811865457 0 -0.7071067811865495
    outer loop
      vertex -36.42705098312484 -2 11.76335575687742
      vertex -35.76335575687742 -5 12.427050983124843
      vertex -36.42705098312484 -5 11.76335575687742
    endloop
  endfacet
  facet normal 0.4539904997395478 0 -0.8910065241883673
    outer loop
      vertex -35.76335575687742 -2 12.427050983124843
      vertex -34.92705098312484 -5 12.853169548885461
      vertex -35.76335575687742 -5 12.427050983124843
    endloop
  endfacet
  facet normal 0.15643446504023048 0 -0.9876883405951378
    outer loop
      vertex -34.92705098312484 -2 12.853169548885461
      vertex -34 -5 13
      vertex -34.92705098312484 -5 12.853169548885461
    endloop
  endfacet
  facet normal -0.15643446504023048 0 -0.9876883405951378
    outer loop
      vertex -34 -2 13
      vertex -33.07294901687516 -5 12.853169548885461
      vertex -34 -5 13
    endloop
  endfacet
  facet normal -0.7071067811865457 0 -0.7071067811865495
    outer loop
      vertex -32.23664424312258 -2 12.427050983124843
      vertex -31.572949016875157 -5 11.76335575687742
      vertex -32.23664424312258 -5 12.427050983124843
    endloop
  endfacet
  facet normal -0.4539904997395478 0 -0.8910065241883673
    outer loop
      vertex -33.07294901687516 -2 12.853169548885461
      vertex -32.23664424312258 -5 12.427050983124843
      vertex -33.07294901687516 -5 12.853169548885461
    endloop
  endfacet
  facet normal -0.8910065241883686 0 -0.4539904997395455
    outer loop
      vertex -31.572949016875157 -2 11.76335575687742
      vertex -31.14683045111454 -5 10.927050983124841
      vertex -31.572949016875157 -5 11.76335575687742
    endloop
  endfacet
  facet normal 0.4539904997395485 0 0.891006524188367
    outer loop
      vertex -34.92705098312484 -2 7.146830451114539
      vertex -35.76335575687742 -2 7.572949016875158
      vertex -35.76335575687742 -5 7.572949016875158
    endloop
  endfacet
  facet normal 0.15643446504023048 0 0.9876883405951378
    outer loop
      vertex -34.92705098312484 -2 7.146830451114539
      vertex -34.92705098312484 -5 7.146830451114539
      vertex -34 -2 7
    endloop
  endfacet
  facet normal -0.15643446504023048 0 0.9876883405951378
    outer loop
      vertex -34 -2 7
      vertex -34 -5 7
      vertex -33.07294901687516 -2 7.146830451114539
    endloop
  endfacet
  facet normal -0.4539904997395485 0 0.891006524188367
    outer loop
      vertex -33.07294901687516 -2 7.146830451114539
      vertex -33.07294901687516 -5 7.146830451114539
      vertex -32.23664424312258 -2 7.572949016875158
    endloop
  endfacet
  facet normal 0.8910065241883686 0 0.4539904997395455
    outer loop
      vertex -36.42705098312484 -2 8.23664424312258
      vertex -36.85316954888546 -2 9.072949016875159
      vertex -36.85316954888546 -5 9.072949016875159
    endloop
  endfacet
  facet normal 0.7071067811865451 0 0.7071067811865499
    outer loop
      vertex -35.76335575687742 -2 7.572949016875158
      vertex -36.42705098312484 -2 8.23664424312258
      vertex -36.42705098312484 -5 8.23664424312258
    endloop
  endfacet
  facet normal 0.9876883405951378 0 0.15643446504023079
    outer loop
      vertex -36.85316954888546 -2 9.072949016875159
      vertex -37 -2 10
      vertex -37 -5 10
    endloop
  endfacet
  facet normal 0.9876883405951378 0 -0.15643446504023079
    outer loop
      vertex -37 -2 10
      vertex -36.85316954888546 -2 10.927050983124841
      vertex -36.85316954888546 -5 10.927050983124841
    endloop
  endfacet
  facet normal -0.7071067811865451 0 0.7071067811865499
    outer loop
      vertex -32.23664424312258 -2 7.572949016875158
      vertex -32.23664424312258 -5 7.572949016875158
      vertex -31.572949016875157 -2 8.23664424312258
    endloop
  endfacet
  facet normal -0.8910065241883686 0 0.4539904997395455
    outer loop
      vertex -31.572949016875157 -2 8.23664424312258
      vertex -31.572949016875157 -5 8.23664424312258
      vertex -31.14683045111454 -2 9.072949016875159
    endloop
  endfacet
  facet normal -0.9876883405951378 0 0.15643446504023079
    outer loop
      vertex -31.14683045111454 -2 9.072949016875159
      vertex -31.14683045111454 -5 9.072949016875159
      vertex -31 -2 10
    endloop
  endfacet
  facet normal -0.9876883405951378 0 -0.15643446504023079
    outer loop
      vertex -31 -2 10
      vertex -31 -5 10
      vertex -31.14683045111454 -2 10.927050983124841
    endloop
  endfacet
  facet normal -0.8910065241883686 0 -0.4539904997395455
    outer loop
      vertex -31.14683045111454 -2 10.927050983124841
      vertex -31.14683045111454 -5 10.927050983124841
      vertex -31.572949016875157 -2 11.76335575687742
    endloop
  endfacet
  facet normal 0.8910065241883686 0 -0.4539904997395455
    outer loop
      vertex -36.85316954888546 -2 10.927050983124841
      vertex -36.42705098312484 -2 11.76335575687742
      vertex -36.42705098312484 -5 11.76335575687742
    endloop
  endfacet
  facet normal 0.7071067811865457 0 -0.7071067811865495
    outer loop
      vertex -36.42705098312484 -2 11.76335575687742
      vertex -35.76335575687742 -2 12.427050983124843
      vertex -35.76335575687742 -5 12.427050983124843
    endloop
  endfacet
  facet normal 0.4539904997395478 0 -0.8910065241883673
    outer loop
      vertex -35.76335575687742 -2 12.427050983124843
      vertex -34.92705098312484 -2 12.853169548885461
      vertex -34.92705098312484 -5 12.853169548885461
    endloop
  endfacet
  facet normal 0.15643446504023048 0 -0.9876883405951378
    outer loop
      vertex -34.92705098312484 -2 12.853169548885461
      vertex -34 -2 13
      vertex -34 -5 13
    endloop
  endfacet
  facet normal -0.7071067811865457 0 -0.7071067811865495
    outer loop
      vertex -31.572949016875157 -2 11.76335575687742
      vertex -31.572949016875157 -5 11.76335575687742
      vertex -32.23664424312258 -2 12.427050983124843
    endloop
  endfacet
  facet normal -0.15643446504023048 0 -0.9876883405951378
    outer loop
      vertex -34 -2 13
      vertex -33.07294901687516 -2 12.853169548885461
      vertex -33.07294901687516 -5 12.853169548885461
    endloop
  endfacet
  facet normal -0.4539904997395478 0 -0.8910065241883673
    outer loop
      vertex -33.07294901687516 -2 12.853169548885461
      vertex -32.23664424312258 -2 12.427050983124843
      vertex -32.23664424312258 -5 12.427050983124843
    endloop
  endfacet
  facet normal 0 -1 0
    outer loop
      vertex -34.92705098312484 -2 7.146830451114539
      vertex -33.07294901687516 -2 7.146830451114539
      vertex -35.76335575687742 -2 7.572949016875158
    endloop
  endfacet
  facet normal 0 -1 0
    outer loop
      vertex -34.92705098312484 -2 7.146830451114539
      vertex -34 -2 7
      vertex -33.07294901687516 -2 7.146830451114539
    endloop
  endfacet
  facet normal 0 -1 0
    outer loop
      vertex -35.76335575687742 -2 7.572949016875158
      vertex -33.07294901687516 -2 7.146830451114539
      vertex -32.23664424312258 -2 7.572949016875158
    endloop
  endfacet
  facet normal 0 -1 0
    outer loop
      vertex -35.76335575687742 -2 7.572949016875158
      vertex -32.23664424312258 -2 7.572949016875158
      vertex -36.42705098312484 -2 8.23664424312258
    endloop
  endfacet
  facet normal 0 -1 0
    outer loop
      vertex -36.42705098312484 -2 8.23664424312258
      vertex -34 -2 8.35
      vertex -34.50987804071866 -2 8.430756748112996
    endloop
  endfacet
  facet normal 0 -1 0
    outer loop
      vertex -36.42705098312484 -2 8.23664424312258
      vertex -34.96984566628258 -2 8.665121959281336
      vertex -36.85316954888546 -2 9.072949016875159
    endloop
  endfacet
  facet normal 0 -1 0
    outer loop
      vertex -34.96984566628258 -2 8.665121959281336
      vertex -35.334878040718664 -2 9.03015433371742
      vertex -36.85316954888546 -2 9.072949016875159
    endloop
  endfacet
  facet normal 0 -1 0
    outer loop
      vertex -36.85316954888546 -2 9.072949016875159
      vertex -35.334878040718664 -2 9.03015433371742
      vertex -35.569243251887 -2 9.490121959281337
    endloop
  endfacet
  facet normal 0 -1 0
    outer loop
      vertex -36.42705098312484 -2 8.23664424312258
      vertex -34.50987804071866 -2 8.430756748112996
      vertex -34.96984566628258 -2 8.665121959281336
    endloop
  endfacet
  facet normal 0 -1 0
    outer loop
      vertex -36.85316954888546 -2 9.072949016875159
      vertex -35.569243251887 -2 9.490121959281337
      vertex -37 -2 10
    endloop
  endfacet
  facet normal 0 -1 0
    outer loop
      vertex -35.569243251887 -2 9.490121959281337
      vertex -35.65 -2 10
      vertex -37 -2 10
    endloop
  endfacet
  facet normal 0 -1 0
    outer loop
      vertex -37 -2 10
      vertex -35.65 -2 10
      vertex -36.85316954888546 -2 10.927050983124841
    endloop
  endfacet
  facet normal 0 -1 0
    outer loop
      vertex -35.65 -2 10
      vertex -35.569243251887 -2 10.509878040718663
      vertex -36.85316954888546 -2 10.927050983124841
    endloop
  endfacet
  facet normal 0 -1 0
    outer loop
      vertex -35.569243251887 -2 10.509878040718663
      vertex -36.42705098312484 -2 11.76335575687742
      vertex -36.85316954888546 -2 10.927050983124841
    endloop
  endfacet
  facet normal 0 -1 0
    outer loop
      vertex -35.569243251887 -2 10.509878040718663
      vertex -35.334878040718664 -2 10.96984566628258
      vertex -36.42705098312484 -2 11.76335575687742
    endloop
  endfacet
  facet normal 0 -1 0
    outer loop
      vertex -36.42705098312484 -2 8.23664424312258
      vertex -31.572949016875157 -2 8.23664424312258
      vertex -34 -2 8.35
    endloop
  endfacet
  facet normal 0 -1 0
    outer loop
      vertex -36.42705098312484 -2 8.23664424312258
      vertex -32.23664424312258 -2 7.572949016875158
      vertex -31.572949016875157 -2 8.23664424312258
    endloop
  endfacet
  facet normal 0 -1 0
    outer loop
      vertex -34 -2 8.35
      vertex -31.572949016875157 -2 8.23664424312258
      vertex -33.49012195928134 -2 8.430756748112996
    endloop
  endfacet
  facet normal 0 -1 0
    outer loop
      vertex -33.49012195928134 -2 8.430756748112996
      vertex -31.572949016875157 -2 8.23664424312258
      vertex -33.03015433371742 -2 8.665121959281336
    endloop
  endfacet
  facet normal 0 -1 0
    outer loop
      vertex -33.03015433371742 -2 8.665121959281336
      vertex -31.572949016875157 -2 8.23664424312258
      vertex -32.665121959281336 -2 9.03015433371742
    endloop
  endfacet
  facet normal 0 -1 0
    outer loop
      vertex -32.665121959281336 -2 9.03015433371742
      vertex -31.572949016875157 -2 8.23664424312258
      vertex -32.430756748113 -2 9.490121959281337
    endloop
  endfacet
  facet normal 0 -1 0
    outer loop
      vertex -32.430756748113 -2 9.490121959281337
      vertex -31.572949016875157 -2 8.23664424312258
      vertex -31.14683045111454 -2 9.072949016875159
    endloop
  endfacet
  facet normal 0 -1 0
    outer loop
      vertex -32.430756748113 -2 9.490121959281337
      vertex -31.14683045111454 -2 9.072949016875159
      vertex -32.35 -2 10
    endloop
  endfacet
  facet normal 0 -1 0
    outer loop
      vertex -32.430756748113 -2 10.509878040718663
      vertex -32.35 -2 10
      vertex -31 -2 10
    endloop
  endfacet
  facet normal 0 -1 0
    outer loop
      vertex -32.430756748113 -2 10.509878040718663
      vertex -31.14683045111454 -2 10.927050983124841
      vertex -32.665121959281336 -2 10.96984566628258
    endloop
  endfacet
  facet normal 0 -1 0
    outer loop
      vertex -33.03015433371742 -2 11.334878040718664
      vertex -32.665121959281336 -2 10.96984566628258
      vertex -31.14683045111454 -2 10.927050983124841
    endloop
  endfacet
  facet normal 0 -1 0
    outer loop
      vertex -31.14683045111454 -2 9.072949016875159
      vertex -31 -2 10
      vertex -32.35 -2 10
    endloop
  endfacet
  facet normal 0 -1 0
    outer loop
      vertex -32.430756748113 -2 10.509878040718663
      vertex -31 -2 10
      vertex -31.14683045111454 -2 10.927050983124841
    endloop
  endfacet
  facet normal 0 -1 0
    outer loop
      vertex -35.334878040718664 -2 10.96984566628258
      vertex -34.96984566628258 -2 11.334878040718664
      vertex -36.42705098312484 -2 11.76335575687742
    endloop
  endfacet
  facet normal 0 -1 0
    outer loop
      vertex -34.96984566628258 -2 11.334878040718664
      vertex -34.50987804071866 -2 11.569243251887004
      vertex -36.42705098312484 -2 11.76335575687742
    endloop
  endfacet
  facet normal 0 -1 0
    outer loop
      vertex -36.42705098312484 -2 11.76335575687742
      vertex -34.50987804071866 -2 11.569243251887004
      vertex -34 -2 11.65
    endloop
  endfacet
  facet normal 0 -1 0
    outer loop
      vertex -36.42705098312484 -2 11.76335575687742
      vertex -31.572949016875157 -2 11.76335575687742
      vertex -35.76335575687742 -2 12.427050983124843
    endloop
  endfacet
  facet normal 0 -1 0
    outer loop
      vertex -35.76335575687742 -2 12.427050983124843
      vertex -32.23664424312258 -2 12.427050983124843
      vertex -34.92705098312484 -2 12.853169548885461
    endloop
  endfacet
  facet normal 0 -1 0
    outer loop
      vertex -34 -2 11.65
      vertex -33.49012195928134 -2 11.569243251887004
      vertex -31.572949016875157 -2 11.76335575687742
    endloop
  endfacet
  facet normal 0 -1 0
    outer loop
      vertex -36.42705098312484 -2 11.76335575687742
      vertex -34 -2 11.65
      vertex -31.572949016875157 -2 11.76335575687742
    endloop
  endfacet
  facet normal 0 -1 0
    outer loop
      vertex -33.03015433371742 -2 11.334878040718664
      vertex -31.572949016875157 -2 11.76335575687742
      vertex -33.49012195928134 -2 11.569243251887004
    endloop
  endfacet
  facet normal 0 -1 0
    outer loop
      vertex -33.03015433371742 -2 11.334878040718664
      vertex -31.14683045111454 -2 10.927050983124841
      vertex -31.572949016875157 -2 11.76335575687742
    endloop
  endfacet
  facet normal 0 -1 0
    outer loop
      vertex -35.76335575687742 -2 12.427050983124843
      vertex -31.572949016875157 -2 11.76335575687742
      vertex -32.23664424312258 -2 12.427050983124843
    endloop
  endfacet
  facet normal 0 -1 0
    outer loop
      vertex -34.92705098312484 -2 12.853169548885461
      vertex -33.07294901687516 -2 12.853169548885461
      vertex -34 -2 13
    endloop
  endfacet
  facet normal 0 -1 0
    outer loop
      vertex -34.92705098312484 -2 12.853169548885461
      vertex -32.23664424312258 -2 12.427050983124843
      vertex -33.07294901687516 -2 12.853169548885461
    endloop
  endfacet
  facet normal 0.453990499739545 0 0.8910065241883687
    outer loop
      vertex 33.49012195928134 -2 -11.569243251887004
      vertex 33.49012195928134 0 -11.569243251887004
      vertex 33.03015433371742 -2 -11.334878040718664
    endloop
  endfacet
  facet normal 0.15643446504023134 0 0.9876883405951377
    outer loop
      vertex 33.49012195928134 -2 -11.569243251887004
      vertex 34 -2 -11.65
      vertex 34 0 -11.65
    endloop
  endfacet
  facet normal -0.15643446504023134 0 0.9876883405951377
    outer loop
      vertex 34 -2 -11.65
      vertex 34.50987804071866 -2 -11.569243251887004
      vertex 34.50987804071866 0 -11.569243251887004
    endloop
  endfacet
  facet normal -0.453990499739545 0 0.8910065241883687
    outer loop
      vertex 34.50987804071866 -2 -11.569243251887004
      vertex 34.96984566628258 -2 -11.334878040718664
      vertex 34.96984566628258 0 -11.334878040718664
    endloop
  endfacet
  facet normal 0.8910065241883695 0 0.4539904997395437
    outer loop
      vertex 32.665121959281336 -2 -10.96984566628258
      vertex 32.665121959281336 0 -10.96984566628258
      vertex 32.430756748113 -2 -10.509878040718663
    endloop
  endfacet
  facet normal 0.9876883405951377 0 0.1564344650402308
    outer loop
      vertex 32.35 -2 -10
      vertex 32.430756748113 -2 -10.509878040718663
      vertex 32.430756748113 0 -10.509878040718663
    endloop
  endfacet
  facet normal 0.7071067811865475 0 0.7071067811865475
    outer loop
      vertex 32.665121959281336 -2 -10.96984566628258
      vertex 33.03015433371742 -2 -11.334878040718664
      vertex 33.03015433371742 0 -11.334878040718664
    endloop
  endfacet
  facet normal 0.9876883405951377 0 -0.1564344650402308
    outer loop
      vertex 32.35 -2 -10
      vertex 32.35 0 -10
      vertex 32.430756748113 -2 -9.490121959281337
    endloop
  endfacet
  facet normal 0.8910065241883695 0 -0.4539904997395437
    outer loop
      vertex 32.430756748113 -2 -9.490121959281337
      vertex 32.430756748113 0 -9.490121959281337
      vertex 32.665121959281336 -2 -9.03015433371742
    endloop
  endfacet
  facet normal 0.7071067811865475 0 -0.7071067811865475
    outer loop
      vertex 32.665121959281336 -2 -9.03015433371742
      vertex 32.665121959281336 0 -9.03015433371742
      vertex 33.03015433371742 -2 -8.665121959281336
    endloop
  endfacet
  facet normal 0.453990499739545 0 -0.8910065241883687
    outer loop
      vertex 33.03015433371742 -2 -8.665121959281336
      vertex 33.03015433371742 0 -8.665121959281336
      vertex 33.49012195928134 -2 -8.430756748112996
    endloop
  endfacet
  facet normal 0.15643446504023134 0 -0.9876883405951377
    outer loop
      vertex 33.49012195928134 -2 -8.430756748112996
      vertex 33.49012195928134 0 -8.430756748112996
      vertex 34 -2 -8.35
    endloop
  endfacet
  facet normal -0.7071067811865475 0 0.7071067811865475
    outer loop
      vertex 34.96984566628258 -2 -11.334878040718664
      vertex 35.334878040718664 -2 -10.96984566628258
      vertex 35.334878040718664 0 -10.96984566628258
    endloop
  endfacet
  facet normal -0.8910065241883695 0 0.4539904997395437
    outer loop
      vertex 35.334878040718664 -2 -10.96984566628258
      vertex 35.569243251887 -2 -10.509878040718663
      vertex 35.569243251887 0 -10.509878040718663
    endloop
  endfacet
  facet normal -0.9876883405951377 0 0.1564344650402308
    outer loop
      vertex 35.569243251887 -2 -10.509878040718663
      vertex 35.65 -2 -10
      vertex 35.65 0 -10
    endloop
  endfacet
  facet normal -0.9876883405951377 0 -0.1564344650402308
    outer loop
      vertex 35.65 -2 -10
      vertex 35.569243251887 -2 -9.490121959281337
      vertex 35.569243251887 0 -9.490121959281337
    endloop
  endfacet
  facet normal -0.453990499739545 0 -0.8910065241883687
    outer loop
      vertex 34.50987804071866 -2 -8.430756748112996
      vertex 34.50987804071866 0 -8.430756748112996
      vertex 34.96984566628258 -2 -8.665121959281336
    endloop
  endfacet
  facet normal -0.7071067811865475 0 -0.7071067811865475
    outer loop
      vertex 35.334878040718664 -2 -9.03015433371742
      vertex 34.96984566628258 -2 -8.665121959281336
      vertex 34.96984566628258 0 -8.665121959281336
    endloop
  endfacet
  facet normal -0.8910065241883695 0 -0.4539904997395437
    outer loop
      vertex 35.569243251887 -2 -9.490121959281337
      vertex 35.334878040718664 -2 -9.03015433371742
      vertex 35.334878040718664 0 -9.03015433371742
    endloop
  endfacet
  facet normal -0.15643446504023134 0 -0.9876883405951377
    outer loop
      vertex 34 -2 -8.35
      vertex 34 0 -8.35
      vertex 34.50987804071866 -2 -8.430756748112996
    endloop
  endfacet
  facet normal 0.453990499739545 0 0.8910065241883687
    outer loop
      vertex 33.03015433371742 -2 -11.334878040718664
      vertex 33.49012195928134 0 -11.569243251887004
      vertex 33.03015433371742 0 -11.334878040718664
    endloop
  endfacet
  facet normal 0.15643446504023134 0 0.9876883405951377
    outer loop
      vertex 33.49012195928134 -2 -11.569243251887004
      vertex 34 0 -11.65
      vertex 33.49012195928134 0 -11.569243251887004
    endloop
  endfacet
  facet normal -0.15643446504023134 0 0.9876883405951377
    outer loop
      vertex 34 -2 -11.65
      vertex 34.50987804071866 0 -11.569243251887004
      vertex 34 0 -11.65
    endloop
  endfacet
  facet normal -0.453990499739545 0 0.8910065241883687
    outer loop
      vertex 34.50987804071866 -2 -11.569243251887004
      vertex 34.96984566628258 0 -11.334878040718664
      vertex 34.50987804071866 0 -11.569243251887004
    endloop
  endfacet
  facet normal 0.7071067811865475 0 0.7071067811865475
    outer loop
      vertex 32.665121959281336 -2 -10.96984566628258
      vertex 33.03015433371742 0 -11.334878040718664
      vertex 32.665121959281336 0 -10.96984566628258
    endloop
  endfacet
  facet normal 0.8910065241883695 0 0.4539904997395437
    outer loop
      vertex 32.430756748113 -2 -10.509878040718663
      vertex 32.665121959281336 0 -10.96984566628258
      vertex 32.430756748113 0 -10.509878040718663
    endloop
  endfacet
  facet normal 0.9876883405951377 0 0.1564344650402308
    outer loop
      vertex 32.35 -2 -10
      vertex 32.430756748113 0 -10.509878040718663
      vertex 32.35 0 -10
    endloop
  endfacet
  facet normal 0.9876883405951377 0 -0.1564344650402308
    outer loop
      vertex 32.430756748113 -2 -9.490121959281337
      vertex 32.35 0 -10
      vertex 32.430756748113 0 -9.490121959281337
    endloop
  endfacet
  facet normal 0.8910065241883695 0 -0.4539904997395437
    outer loop
      vertex 32.665121959281336 -2 -9.03015433371742
      vertex 32.430756748113 0 -9.490121959281337
      vertex 32.665121959281336 0 -9.03015433371742
    endloop
  endfacet
  facet normal 0.7071067811865475 0 -0.7071067811865475
    outer loop
      vertex 33.03015433371742 -2 -8.665121959281336
      vertex 32.665121959281336 0 -9.03015433371742
      vertex 33.03015433371742 0 -8.665121959281336
    endloop
  endfacet
  facet normal 0.453990499739545 0 -0.8910065241883687
    outer loop
      vertex 33.49012195928134 -2 -8.430756748112996
      vertex 33.03015433371742 0 -8.665121959281336
      vertex 33.49012195928134 0 -8.430756748112996
    endloop
  endfacet
  facet normal 0.15643446504023134 0 -0.9876883405951377
    outer loop
      vertex 34 -2 -8.35
      vertex 33.49012195928134 0 -8.430756748112996
      vertex 34 0 -8.35
    endloop
  endfacet
  facet normal -0.7071067811865475 0 0.7071067811865475
    outer loop
      vertex 34.96984566628258 -2 -11.334878040718664
      vertex 35.334878040718664 0 -10.96984566628258
      vertex 34.96984566628258 0 -11.334878040718664
    endloop
  endfacet
  facet normal -0.8910065241883695 0 0.4539904997395437
    outer loop
      vertex 35.334878040718664 -2 -10.96984566628258
      vertex 35.569243251887 0 -10.509878040718663
      vertex 35.334878040718664 0 -10.96984566628258
    endloop
  endfacet
  facet normal -0.9876883405951377 0 0.1564344650402308
    outer loop
      vertex 35.569243251887 -2 -10.509878040718663
      vertex 35.65 0 -10
      vertex 35.569243251887 0 -10.509878040718663
    endloop
  endfacet
  facet normal -0.9876883405951377 0 -0.1564344650402308
    outer loop
      vertex 35.65 -2 -10
      vertex 35.569243251887 0 -9.490121959281337
      vertex 35.65 0 -10
    endloop
  endfacet
  facet normal -0.7071067811865475 0 -0.7071067811865475
    outer loop
      vertex 35.334878040718664 -2 -9.03015433371742
      vertex 34.96984566628258 0 -8.665121959281336
      vertex 35.334878040718664 0 -9.03015433371742
    endloop
  endfacet
  facet normal -0.453990499739545 0 -0.8910065241883687
    outer loop
      vertex 34.96984566628258 -2 -8.665121959281336
      vertex 34.50987804071866 0 -8.430756748112996
      vertex 34.96984566628258 0 -8.665121959281336
    endloop
  endfacet
  facet normal -0.8910065241883695 0 -0.4539904997395437
    outer loop
      vertex 35.569243251887 -2 -9.490121959281337
      vertex 35.334878040718664 0 -9.03015433371742
      vertex 35.569243251887 0 -9.490121959281337
    endloop
  endfacet
  facet normal -0.15643446504023134 0 -0.9876883405951377
    outer loop
      vertex 34.50987804071866 -2 -8.430756748112996
      vertex 34 0 -8.35
      vertex 34.50987804071866 0 -8.430756748112996
    endloop
  endfacet
  facet normal 0.8910065241883686 0 0.4539904997395455
    outer loop
      vertex 31.572949016875157 -2 -11.76335575687742
      vertex 31.14683045111454 -5 -10.927050983124841
      vertex 31.572949016875157 -5 -11.76335575687742
    endloop
  endfacet
  facet normal 0.4539904997395478 0 0.8910065241883673
    outer loop
      vertex 33.07294901687516 -2 -12.853169548885461
      vertex 32.23664424312258 -5 -12.427050983124843
      vertex 33.07294901687516 -5 -12.853169548885461
    endloop
  endfacet
  facet normal 0.7071067811865457 0 0.7071067811865495
    outer loop
      vertex 32.23664424312258 -2 -12.427050983124843
      vertex 31.572949016875157 -5 -11.76335575687742
      vertex 32.23664424312258 -5 -12.427050983124843
    endloop
  endfacet
  facet normal 0.15643446504023048 0 0.9876883405951378
    outer loop
      vertex 34 -2 -13
      vertex 33.07294901687516 -5 -12.853169548885461
      vertex 34 -5 -13
    endloop
  endfacet
  facet normal -0.15643446504023048 0 0.9876883405951378
    outer loop
      vertex 34.92705098312484 -2 -12.853169548885461
      vertex 34 -5 -13
      vertex 34.92705098312484 -5 -12.853169548885461
    endloop
  endfacet
  facet normal -0.4539904997395478 0 0.8910065241883673
    outer loop
      vertex 35.76335575687742 -2 -12.427050983124843
      vertex 34.92705098312484 -5 -12.853169548885461
      vertex 35.76335575687742 -5 -12.427050983124843
    endloop
  endfacet
  facet normal -0.7071067811865457 0 0.7071067811865495
    outer loop
      vertex 36.42705098312484 -2 -11.76335575687742
      vertex 35.76335575687742 -5 -12.427050983124843
      vertex 36.42705098312484 -5 -11.76335575687742
    endloop
  endfacet
  facet normal 0.9876883405951378 0 0.15643446504023079
    outer loop
      vertex 31.14683045111454 -2 -10.927050983124841
      vertex 31 -5 -10
      vertex 31.14683045111454 -5 -10.927050983124841
    endloop
  endfacet
  facet normal 0.9876883405951378 0 -0.15643446504023079
    outer loop
      vertex 31 -2 -10
      vertex 31.14683045111454 -5 -9.072949016875159
      vertex 31 -5 -10
    endloop
  endfacet
  facet normal 0.8910065241883686 0 -0.4539904997395455
    outer loop
      vertex 31.14683045111454 -2 -9.072949016875159
      vertex 31.572949016875157 -5 -8.23664424312258
      vertex 31.14683045111454 -5 -9.072949016875159
    endloop
  endfacet
  facet normal 0.7071067811865451 0 -0.7071067811865499
    outer loop
      vertex 31.572949016875157 -2 -8.23664424312258
      vertex 32.23664424312258 -5 -7.572949016875158
      vertex 31.572949016875157 -5 -8.23664424312258
    endloop
  endfacet
  facet normal -0.8910065241883686 0 0.4539904997395455
    outer loop
      vertex 36.85316954888546 -2 -10.927050983124841
      vertex 36.42705098312484 -5 -11.76335575687742
      vertex 36.85316954888546 -5 -10.927050983124841
    endloop
  endfacet
  facet normal -0.9876883405951378 0 0.15643446504023079
    outer loop
      vertex 37 -2 -10
      vertex 36.85316954888546 -5 -10.927050983124841
      vertex 37 -5 -10
    endloop
  endfacet
  facet normal -0.9876883405951378 0 -0.15643446504023079
    outer loop
      vertex 36.85316954888546 -2 -9.072949016875159
      vertex 37 -5 -10
      vertex 36.85316954888546 -5 -9.072949016875159
    endloop
  endfacet
  facet normal -0.7071067811865451 0 -0.7071067811865499
    outer loop
      vertex 35.76335575687742 -2 -7.572949016875158
      vertex 36.42705098312484 -5 -8.23664424312258
      vertex 35.76335575687742 -5 -7.572949016875158
    endloop
  endfacet
  facet normal -0.8910065241883686 0 -0.4539904997395455
    outer loop
      vertex 36.42705098312484 -2 -8.23664424312258
      vertex 36.85316954888546 -5 -9.072949016875159
      vertex 36.42705098312484 -5 -8.23664424312258
    endloop
  endfacet
  facet normal 0.4539904997395485 0 -0.891006524188367
    outer loop
      vertex 32.23664424312258 -2 -7.572949016875158
      vertex 33.07294901687516 -5 -7.146830451114539
      vertex 32.23664424312258 -5 -7.572949016875158
    endloop
  endfacet
  facet normal 0.15643446504023048 0 -0.9876883405951378
    outer loop
      vertex 33.07294901687516 -2 -7.146830451114539
      vertex 34 -5 -7
      vertex 33.07294901687516 -5 -7.146830451114539
    endloop
  endfacet
  facet normal -0.15643446504023048 0 -0.9876883405951378
    outer loop
      vertex 34 -2 -7
      vertex 34.92705098312484 -5 -7.146830451114539
      vertex 34 -5 -7
    endloop
  endfacet
  facet normal -0.4539904997395485 0 -0.891006524188367
    outer loop
      vertex 34.92705098312484 -2 -7.146830451114539
      vertex 35.76335575687742 -5 -7.572949016875158
      vertex 34.92705098312484 -5 -7.146830451114539
    endloop
  endfacet
  facet normal 0.4539904997395478 0 0.8910065241883673
    outer loop
      vertex 32.23664424312258 -2 -12.427050983124843
      vertex 32.23664424312258 -5 -12.427050983124843
      vertex 33.07294901687516 -2 -12.853169548885461
    endloop
  endfacet
  facet normal 0.15643446504023048 0 0.9876883405951378
    outer loop
      vertex 33.07294901687516 -2 -12.853169548885461
      vertex 33.07294901687516 -5 -12.853169548885461
      vertex 34 -2 -13
    endloop
  endfacet
  facet normal 0.7071067811865457 0 0.7071067811865495
    outer loop
      vertex 32.23664424312258 -2 -12.427050983124843
      vertex 31.572949016875157 -2 -11.76335575687742
      vertex 31.572949016875157 -5 -11.76335575687742
    endloop
  endfacet
  facet normal -0.15643446504023048 0 0.9876883405951378
    outer loop
      vertex 34 -2 -13
      vertex 34 -5 -13
      vertex 34.92705098312484 -2 -12.853169548885461
    endloop
  endfacet
  facet normal -0.4539904997395478 0 0.8910065241883673
    outer loop
      vertex 34.92705098312484 -2 -12.853169548885461
      vertex 34.92705098312484 -5 -12.853169548885461
      vertex 35.76335575687742 -2 -12.427050983124843
    endloop
  endfacet
  facet normal -0.7071067811865457 0 0.7071067811865495
    outer loop
      vertex 35.76335575687742 -2 -12.427050983124843
      vertex 35.76335575687742 -5 -12.427050983124843
      vertex 36.42705098312484 -2 -11.76335575687742
    endloop
  endfacet
  facet normal -0.8910065241883686 0 0.4539904997395455
    outer loop
      vertex 36.42705098312484 -2 -11.76335575687742
      vertex 36.42705098312484 -5 -11.76335575687742
      vertex 36.85316954888546 -2 -10.927050983124841
    endloop
  endfacet
  facet normal 0.8910065241883686 0 0.4539904997395455
    outer loop
      vertex 31.572949016875157 -2 -11.76335575687742
      vertex 31.14683045111454 -2 -10.927050983124841
      vertex 31.14683045111454 -5 -10.927050983124841
    endloop
  endfacet
  facet normal 0.9876883405951378 0 0.15643446504023079
    outer loop
      vertex 31.14683045111454 -2 -10.927050983124841
      vertex 31 -2 -10
      vertex 31 -5 -10
    endloop
  endfacet
  facet normal 0.9876883405951378 0 -0.15643446504023079
    outer loop
      vertex 31 -2 -10
      vertex 31.14683045111454 -2 -9.072949016875159
      vertex 31.14683045111454 -5 -9.072949016875159
    endloop
  endfacet
  facet normal 0.8910065241883686 0 -0.4539904997395455
    outer loop
      vertex 31.14683045111454 -2 -9.072949016875159
      vertex 31.572949016875157 -2 -8.23664424312258
      vertex 31.572949016875157 -5 -8.23664424312258
    endloop
  endfacet
  facet normal 0.7071067811865451 0 -0.7071067811865499
    outer loop
      vertex 31.572949016875157 -2 -8.23664424312258
      vertex 32.23664424312258 -2 -7.572949016875158
      vertex 32.23664424312258 -5 -7.572949016875158
    endloop
  endfacet
  facet normal -0.9876883405951378 0 0.15643446504023079
    outer loop
      vertex 36.85316954888546 -2 -10.927050983124841
      vertex 36.85316954888546 -5 -10.927050983124841
      vertex 37 -2 -10
    endloop
  endfacet
  facet normal -0.9876883405951378 0 -0.15643446504023079
    outer loop
      vertex 37 -2 -10
      vertex 37 -5 -10
      vertex 36.85316954888546 -2 -9.072949016875159
    endloop
  endfacet
  facet normal -0.7071067811865451 0 -0.7071067811865499
    outer loop
      vertex 36.42705098312484 -2 -8.23664424312258
      vertex 36.42705098312484 -5 -8.23664424312258
      vertex 35.76335575687742 -2 -7.572949016875158
    endloop
  endfacet
  facet normal -0.8910065241883686 0 -0.4539904997395455
    outer loop
      vertex 36.85316954888546 -2 -9.072949016875159
      vertex 36.85316954888546 -5 -9.072949016875159
      vertex 36.42705098312484 -2 -8.23664424312258
    endloop
  endfacet
  facet normal 0.4539904997395485 0 -0.891006524188367
    outer loop
      vertex 32.23664424312258 -2 -7.572949016875158
      vertex 33.07294901687516 -2 -7.146830451114539
      vertex 33.07294901687516 -5 -7.146830451114539
    endloop
  endfacet
  facet normal 0.15643446504023048 0 -0.9876883405951378
    outer loop
      vertex 33.07294901687516 -2 -7.146830451114539
      vertex 34 -2 -7
      vertex 34 -5 -7
    endloop
  endfacet
  facet normal -0.15643446504023048 0 -0.9876883405951378
    outer loop
      vertex 34 -2 -7
      vertex 34.92705098312484 -2 -7.146830451114539
      vertex 34.92705098312484 -5 -7.146830451114539
    endloop
  endfacet
  facet normal -0.4539904997395485 0 -0.891006524188367
    outer loop
      vertex 35.76335575687742 -2 -7.572949016875158
      vertex 35.76335575687742 -5 -7.572949016875158
      vertex 34.92705098312484 -2 -7.146830451114539
    endloop
  endfacet
  facet normal 0 -1 0
    outer loop
      vertex 32.23664424312258 -2 -12.427050983124843
      vertex 33.07294901687516 -2 -12.853169548885461
      vertex 34.92705098312484 -2 -12.853169548885461
    endloop
  endfacet
  facet normal 0 -1 0
    outer loop
      vertex 33.07294901687516 -2 -12.853169548885461
      vertex 34 -2 -13
      vertex 34.92705098312484 -2 -12.853169548885461
    endloop
  endfacet
  facet normal 0 -1 0
    outer loop
      vertex 32.23664424312258 -2 -12.427050983124843
      vertex 35.76335575687742 -2 -12.427050983124843
      vertex 31.572949016875157 -2 -11.76335575687742
    endloop
  endfacet
  facet normal 0 -1 0
    outer loop
      vertex 31.572949016875157 -2 -11.76335575687742
      vertex 33.49012195928134 -2 -11.569243251887004
      vertex 33.03015433371742 -2 -11.334878040718664
    endloop
  endfacet
  facet normal 0 -1 0
    outer loop
      vertex 31.572949016875157 -2 -11.76335575687742
      vertex 33.03015433371742 -2 -11.334878040718664
      vertex 32.665121959281336 -2 -10.96984566628258
    endloop
  endfacet
  facet normal 0 -1 0
    outer loop
      vertex 31.572949016875157 -2 -11.76335575687742
      vertex 36.42705098312484 -2 -11.76335575687742
      vertex 34 -2 -11.65
    endloop
  endfacet
  facet normal 0 -1 0
    outer loop
      vertex 31.572949016875157 -2 -11.76335575687742
      vertex 34 -2 -11.65
      vertex 33.49012195928134 -2 -11.569243251887004
    endloop
  endfacet
  facet normal 0 -1 0
    outer loop
      vertex 32.23664424312258 -2 -12.427050983124843
      vertex 34.92705098312484 -2 -12.853169548885461
      vertex 35.76335575687742 -2 -12.427050983124843
    endloop
  endfacet
  facet normal 0 -1 0
    outer loop
      vertex 31.572949016875157 -2 -11.76335575687742
      vertex 35.76335575687742 -2 -12.427050983124843
      vertex 36.42705098312484 -2 -11.76335575687742
    endloop
  endfacet
  facet normal 0 -1 0
    outer loop
      vertex 34 -2 -11.65
      vertex 36.42705098312484 -2 -11.76335575687742
      vertex 34.50987804071866 -2 -11.569243251887004
    endloop
  endfacet
  facet normal 0 -1 0
    outer loop
      vertex 34.50987804071866 -2 -11.569243251887004
      vertex 36.42705098312484 -2 -11.76335575687742
      vertex 34.96984566628258 -2 -11.334878040718664
    endloop
  endfacet
  facet normal 0 -1 0
    outer loop
      vertex 36.42705098312484 -2 -11.76335575687742
      vertex 35.334878040718664 -2 -10.96984566628258
      vertex 34.96984566628258 -2 -11.334878040718664
    endloop
  endfacet
  facet normal 0 -1 0
    outer loop
      vertex 31.14683045111454 -2 -10.927050983124841
      vertex 32.35 -2 -10
      vertex 31 -2 -10
    endloop
  endfacet
  facet normal 0 -1 0
    outer loop
      vertex 31 -2 -10
      vertex 32.430756748113 -2 -9.490121959281337
      vertex 31.14683045111454 -2 -9.072949016875159
    endloop
  endfacet
  facet normal 0 -1 0
    outer loop
      vertex 31.572949016875157 -2 -11.76335575687742
      vertex 32.665121959281336 -2 -10.96984566628258
      vertex 31.14683045111454 -2 -10.927050983124841
    endloop
  endfacet
  facet normal 0 -1 0
    outer loop
      vertex 31.14683045111454 -2 -10.927050983124841
      vertex 32.665121959281336 -2 -10.96984566628258
      vertex 32.430756748113 -2 -10.509878040718663
    endloop
  endfacet
  facet normal 0 -1 0
    outer loop
      vertex 31.14683045111454 -2 -10.927050983124841
      vertex 32.430756748113 -2 -10.509878040718663
      vertex 32.35 -2 -10
    endloop
  endfacet
  facet normal 0 -1 0
    outer loop
      vertex 31 -2 -10
      vertex 32.35 -2 -10
      vertex 32.430756748113 -2 -9.490121959281337
    endloop
  endfacet
  facet normal 0 -1 0
    outer loop
      vertex 31.14683045111454 -2 -9.072949016875159
      vertex 32.430756748113 -2 -9.490121959281337
      vertex 32.665121959281336 -2 -9.03015433371742
    endloop
  endfacet
  facet normal 0 -1 0
    outer loop
      vertex 31.14683045111454 -2 -9.072949016875159
      vertex 32.665121959281336 -2 -9.03015433371742
      vertex 31.572949016875157 -2 -8.23664424312258
    endloop
  endfacet
  facet normal 0 -1 0
    outer loop
      vertex 31.572949016875157 -2 -8.23664424312258
      vertex 32.665121959281336 -2 -9.03015433371742
      vertex 33.03015433371742 -2 -8.665121959281336
    endloop
  endfacet
  facet normal 0 -1 0
    outer loop
      vertex 31.572949016875157 -2 -8.23664424312258
      vertex 33.03015433371742 -2 -8.665121959281336
      vertex 33.49012195928134 -2 -8.430756748112996
    endloop
  endfacet
  facet normal 0 -1 0
    outer loop
      vertex 31.572949016875157 -2 -8.23664424312258
      vertex 33.49012195928134 -2 -8.430756748112996
      vertex 34 -2 -8.35
    endloop
  endfacet
  facet normal 0 -1 0
    outer loop
      vertex 31.572949016875157 -2 -8.23664424312258
      vertex 36.42705098312484 -2 -8.23664424312258
      vertex 32.23664424312258 -2 -7.572949016875158
    endloop
  endfacet
  facet normal 0 -1 0
    outer loop
      vertex 31.572949016875157 -2 -8.23664424312258
      vertex 34 -2 -8.35
      vertex 36.42705098312484 -2 -8.23664424312258
    endloop
  endfacet
  facet normal 0 -1 0
    outer loop
      vertex 35.334878040718664 -2 -10.96984566628258
      vertex 36.85316954888546 -2 -10.927050983124841
      vertex 35.569243251887 -2 -10.509878040718663
    endloop
  endfacet
  facet normal 0 -1 0
    outer loop
      vertex 36.42705098312484 -2 -11.76335575687742
      vertex 36.85316954888546 -2 -10.927050983124841
      vertex 35.334878040718664 -2 -10.96984566628258
    endloop
  endfacet
  facet normal 0 -1 0
    outer loop
      vertex 36.85316954888546 -2 -10.927050983124841
      vertex 37 -2 -10
      vertex 35.569243251887 -2 -10.509878040718663
    endloop
  endfacet
  facet normal 0 -1 0
    outer loop
      vertex 35.569243251887 -2 -10.509878040718663
      vertex 37 -2 -10
      vertex 35.65 -2 -10
    endloop
  endfacet
  facet normal 0 -1 0
    outer loop
      vertex 35.65 -2 -10
      vertex 37 -2 -10
      vertex 36.85316954888546 -2 -9.072949016875159
    endloop
  endfacet
  facet normal 0 -1 0
    outer loop
      vertex 35.65 -2 -10
      vertex 36.85316954888546 -2 -9.072949016875159
      vertex 35.569243251887 -2 -9.490121959281337
    endloop
  endfacet
  facet normal 0 -1 0
    outer loop
      vertex 34.50987804071866 -2 -8.430756748112996
      vertex 34.96984566628258 -2 -8.665121959281336
      vertex 36.42705098312484 -2 -8.23664424312258
    endloop
  endfacet
  facet normal 0 -1 0
    outer loop
      vertex 35.569243251887 -2 -9.490121959281337
      vertex 36.85316954888546 -2 -9.072949016875159
      vertex 35.334878040718664 -2 -9.03015433371742
    endloop
  endfacet
  facet normal 0 -1 0
    outer loop
      vertex 35.334878040718664 -2 -9.03015433371742
      vertex 36.42705098312484 -2 -8.23664424312258
      vertex 34.96984566628258 -2 -8.665121959281336
    endloop
  endfacet
  facet normal 0 -1 0
    outer loop
      vertex 35.334878040718664 -2 -9.03015433371742
      vertex 36.85316954888546 -2 -9.072949016875159
      vertex 36.42705098312484 -2 -8.23664424312258
    endloop
  endfacet
  facet normal 0 -1 0
    outer loop
      vertex 34 -2 -8.35
      vertex 34.50987804071866 -2 -8.430756748112996
      vertex 36.42705098312484 -2 -8.23664424312258
    endloop
  endfacet
  facet normal 0 -1 0
    outer loop
      vertex 32.23664424312258 -2 -7.572949016875158
      vertex 36.42705098312484 -2 -8.23664424312258
      vertex 35.76335575687742 -2 -7.572949016875158
    endloop
  endfacet
  facet normal 0 -1 0
    outer loop
      vertex 32.23664424312258 -2 -7.572949016875158
      vertex 35.76335575687742 -2 -7.572949016875158
      vertex 33.07294901687516 -2 -7.146830451114539
    endloop
  endfacet
  facet normal 0 -1 0
    outer loop
      vertex 33.07294901687516 -2 -7.146830451114539
      vertex 34.92705098312484 -2 -7.146830451114539
      vertex 34 -2 -7
    endloop
  endfacet
  facet normal 0 -1 0
    outer loop
      vertex 33.07294901687516 -2 -7.146830451114539
      vertex 35.76335575687742 -2 -7.572949016875158
      vertex 34.92705098312484 -2 -7.146830451114539
    endloop
  endfacet
  facet normal 0.15643446504023134 0 0.9876883405951377
    outer loop
      vertex 33.49012195928134 -2 8.430756748112996
      vertex 34 -2 8.35
      vertex 34 0 8.35
    endloop
  endfacet
  facet normal 0.8910065241883695 0 0.4539904997395437
    outer loop
      vertex 32.665121959281336 -2 9.03015433371742
      vertex 32.665121959281336 0 9.03015433371742
      vertex 32.430756748113 -2 9.490121959281337
    endloop
  endfacet
  facet normal 0.453990499739545 0 0.8910065241883687
    outer loop
      vertex 33.49012195928134 -2 8.430756748112996
      vertex 33.49012195928134 0 8.430756748112996
      vertex 33.03015433371742 -2 8.665121959281336
    endloop
  endfacet
  facet normal 0.7071067811865475 0 0.7071067811865475
    outer loop
      vertex 33.03015433371742 -2 8.665121959281336
      vertex 33.03015433371742 0 8.665121959281336
      vertex 32.665121959281336 -2 9.03015433371742
    endloop
  endfacet
  facet normal 0.9876883405951377 0 0.1564344650402308
    outer loop
      vertex 32.430756748113 -2 9.490121959281337
      vertex 32.430756748113 0 9.490121959281337
      vertex 32.35 -2 10
    endloop
  endfacet
  facet normal 0.9876883405951377 0 -0.1564344650402308
    outer loop
      vertex 32.35 -2 10
      vertex 32.35 0 10
      vertex 32.430756748113 -2 10.509878040718663
    endloop
  endfacet
  facet normal 0.8910065241883695 0 -0.4539904997395437
    outer loop
      vertex 32.430756748113 -2 10.509878040718663
      vertex 32.430756748113 0 10.509878040718663
      vertex 32.665121959281336 -2 10.96984566628258
    endloop
  endfacet
  facet normal 0.7071067811865475 0 -0.7071067811865475
    outer loop
      vertex 32.665121959281336 -2 10.96984566628258
      vertex 32.665121959281336 0 10.96984566628258
      vertex 33.03015433371742 -2 11.334878040718664
    endloop
  endfacet
  facet normal -0.15643446504023134 0 0.9876883405951377
    outer loop
      vertex 34 -2 8.35
      vertex 34.50987804071866 -2 8.430756748112996
      vertex 34.50987804071866 0 8.430756748112996
    endloop
  endfacet
  facet normal -0.453990499739545 0 0.8910065241883687
    outer loop
      vertex 34.50987804071866 -2 8.430756748112996
      vertex 34.96984566628258 -2 8.665121959281336
      vertex 34.96984566628258 0 8.665121959281336
    endloop
  endfacet
  facet normal -0.7071067811865475 0 0.7071067811865475
    outer loop
      vertex 34.96984566628258 -2 8.665121959281336
      vertex 35.334878040718664 -2 9.03015433371742
      vertex 35.334878040718664 0 9.03015433371742
    endloop
  endfacet
  facet normal -0.8910065241883695 0 0.4539904997395437
    outer loop
      vertex 35.334878040718664 -2 9.03015433371742
      vertex 35.569243251887 -2 9.490121959281337
      vertex 35.569243251887 0 9.490121959281337
    endloop
  endfacet
  facet normal -0.9876883405951377 0 0.1564344650402308
    outer loop
      vertex 35.569243251887 -2 9.490121959281337
      vertex 35.65 -2 10
      vertex 35.65 0 10
    endloop
  endfacet
  facet normal -0.7071067811865475 0 -0.7071067811865475
    outer loop
      vertex 34.96984566628258 -2 11.334878040718664
      vertex 34.96984566628258 0 11.334878040718664
      vertex 35.334878040718664 -2 10.96984566628258
    endloop
  endfacet
  facet normal -0.9876883405951377 0 -0.1564344650402308
    outer loop
      vertex 35.65 -2 10
      vertex 35.569243251887 -2 10.509878040718663
      vertex 35.569243251887 0 10.509878040718663
    endloop
  endfacet
  facet normal -0.8910065241883695 0 -0.4539904997395437
    outer loop
      vertex 35.569243251887 -2 10.509878040718663
      vertex 35.334878040718664 -2 10.96984566628258
      vertex 35.334878040718664 0 10.96984566628258
    endloop
  endfacet
  facet normal 0.453990499739545 0 -0.8910065241883687
    outer loop
      vertex 33.03015433371742 -2 11.334878040718664
      vertex 33.03015433371742 0 11.334878040718664
      vertex 33.49012195928134 -2 11.569243251887004
    endloop
  endfacet
  facet normal 0.15643446504023134 0 -0.9876883405951377
    outer loop
      vertex 33.49012195928134 -2 11.569243251887004
      vertex 33.49012195928134 0 11.569243251887004
      vertex 34 -2 11.65
    endloop
  endfacet
  facet normal -0.15643446504023134 0 -0.9876883405951377
    outer loop
      vertex 34 -2 11.65
      vertex 34 0 11.65
      vertex 34.50987804071866 -2 11.569243251887004
    endloop
  endfacet
  facet normal -0.453990499739545 0 -0.8910065241883687
    outer loop
      vertex 34.96984566628258 -2 11.334878040718664
      vertex 34.50987804071866 -2 11.569243251887004
      vertex 34.50987804071866 0 11.569243251887004
    endloop
  endfacet
  facet normal 0.15643446504023134 0 0.9876883405951377
    outer loop
      vertex 33.49012195928134 -2 8.430756748112996
      vertex 34 0 8.35
      vertex 33.49012195928134 0 8.430756748112996
    endloop
  endfacet
  facet normal 0.7071067811865475 0 0.7071067811865475
    outer loop
      vertex 32.665121959281336 -2 9.03015433371742
      vertex 33.03015433371742 0 8.665121959281336
      vertex 32.665121959281336 0 9.03015433371742
    endloop
  endfacet
  facet normal 0.8910065241883695 0 0.4539904997395437
    outer loop
      vertex 32.430756748113 -2 9.490121959281337
      vertex 32.665121959281336 0 9.03015433371742
      vertex 32.430756748113 0 9.490121959281337
    endloop
  endfacet
  facet normal 0.453990499739545 0 0.8910065241883687
    outer loop
      vertex 33.03015433371742 -2 8.665121959281336
      vertex 33.49012195928134 0 8.430756748112996
      vertex 33.03015433371742 0 8.665121959281336
    endloop
  endfacet
  facet normal 0.9876883405951377 0 0.1564344650402308
    outer loop
      vertex 32.35 -2 10
      vertex 32.430756748113 0 9.490121959281337
      vertex 32.35 0 10
    endloop
  endfacet
  facet normal 0.9876883405951377 0 -0.1564344650402308
    outer loop
      vertex 32.430756748113 -2 10.509878040718663
      vertex 32.35 0 10
      vertex 32.430756748113 0 10.509878040718663
    endloop
  endfacet
  facet normal 0.8910065241883695 0 -0.4539904997395437
    outer loop
      vertex 32.665121959281336 -2 10.96984566628258
      vertex 32.430756748113 0 10.509878040718663
      vertex 32.665121959281336 0 10.96984566628258
    endloop
  endfacet
  facet normal 0.7071067811865475 0 -0.7071067811865475
    outer loop
      vertex 33.03015433371742 -2 11.334878040718664
      vertex 32.665121959281336 0 10.96984566628258
      vertex 33.03015433371742 0 11.334878040718664
    endloop
  endfacet
  facet normal -0.15643446504023134 0 0.9876883405951377
    outer loop
      vertex 34 -2 8.35
      vertex 34.50987804071866 0 8.430756748112996
      vertex 34 0 8.35
    endloop
  endfacet
  facet normal -0.453990499739545 0 0.8910065241883687
    outer loop
      vertex 34.50987804071866 -2 8.430756748112996
      vertex 34.96984566628258 0 8.665121959281336
      vertex 34.50987804071866 0 8.430756748112996
    endloop
  endfacet
  facet normal -0.7071067811865475 0 0.7071067811865475
    outer loop
      vertex 34.96984566628258 -2 8.665121959281336
      vertex 35.334878040718664 0 9.03015433371742
      vertex 34.96984566628258 0 8.665121959281336
    endloop
  endfacet
  facet normal -0.8910065241883695 0 0.4539904997395437
    outer loop
      vertex 35.334878040718664 -2 9.03015433371742
      vertex 35.569243251887 0 9.490121959281337
      vertex 35.334878040718664 0 9.03015433371742
    endloop
  endfacet
  facet normal -0.9876883405951377 0 0.1564344650402308
    outer loop
      vertex 35.569243251887 -2 9.490121959281337
      vertex 35.65 0 10
      vertex 35.569243251887 0 9.490121959281337
    endloop
  endfacet
  facet normal -0.9876883405951377 0 -0.1564344650402308
    outer loop
      vertex 35.65 -2 10
      vertex 35.569243251887 0 10.509878040718663
      vertex 35.65 0 10
    endloop
  endfacet
  facet normal -0.7071067811865475 0 -0.7071067811865475
    outer loop
      vertex 35.334878040718664 -2 10.96984566628258
      vertex 34.96984566628258 0 11.334878040718664
      vertex 35.334878040718664 0 10.96984566628258
    endloop
  endfacet
  facet normal -0.8910065241883695 0 -0.4539904997395437
    outer loop
      vertex 35.569243251887 -2 10.509878040718663
      vertex 35.334878040718664 0 10.96984566628258
      vertex 35.569243251887 0 10.509878040718663
    endloop
  endfacet
  facet normal 0.453990499739545 0 -0.8910065241883687
    outer loop
      vertex 33.49012195928134 -2 11.569243251887004
      vertex 33.03015433371742 0 11.334878040718664
      vertex 33.49012195928134 0 11.569243251887004
    endloop
  endfacet
  facet normal 0.15643446504023134 0 -0.9876883405951377
    outer loop
      vertex 34 -2 11.65
      vertex 33.49012195928134 0 11.569243251887004
      vertex 34 0 11.65
    endloop
  endfacet
  facet normal -0.15643446504023134 0 -0.9876883405951377
    outer loop
      vertex 34.50987804071866 -2 11.569243251887004
      vertex 34 0 11.65
      vertex 34.50987804071866 0 11.569243251887004
    endloop
  endfacet
  facet normal -0.453990499739545 0 -0.8910065241883687
    outer loop
      vertex 34.96984566628258 -2 11.334878040718664
      vertex 34.50987804071866 0 11.569243251887004
      vertex 34.96984566628258 0 11.334878040718664
    endloop
  endfacet
  facet normal 0.4539904997395485 0 0.891006524188367
    outer loop
      vertex 33.07294901687516 -2 7.146830451114539
      vertex 32.23664424312258 -5 7.572949016875158
      vertex 33.07294901687516 -5 7.146830451114539
    endloop
  endfacet
  facet normal 0.15643446504023048 0 0.9876883405951378
    outer loop
      vertex 34 -2 7
      vertex 33.07294901687516 -5 7.146830451114539
      vertex 34 -5 7
    endloop
  endfacet
  facet normal -0.15643446504023048 0 0.9876883405951378
    outer loop
      vertex 34.92705098312484 -2 7.146830451114539
      vertex 34 -5 7
      vertex 34.92705098312484 -5 7.146830451114539
    endloop
  endfacet
  facet normal -0.4539904997395485 0 0.891006524188367
    outer loop
      vertex 35.76335575687742 -2 7.572949016875158
      vertex 34.92705098312484 -5 7.146830451114539
      vertex 35.76335575687742 -5 7.572949016875158
    endloop
  endfacet
  facet normal 0.8910065241883686 0 0.4539904997395455
    outer loop
      vertex 31.572949016875157 -2 8.23664424312258
      vertex 31.14683045111454 -5 9.072949016875159
      vertex 31.572949016875157 -5 8.23664424312258
    endloop
  endfacet
  facet normal 0.7071067811865451 0 0.7071067811865499
    outer loop
      vertex 32.23664424312258 -2 7.572949016875158
      vertex 31.572949016875157 -5 8.23664424312258
      vertex 32.23664424312258 -5 7.572949016875158
    endloop
  endfacet
  facet normal 0.9876883405951378 0 0.15643446504023079
    outer loop
      vertex 31.14683045111454 -2 9.072949016875159
      vertex 31 -5 10
      vertex 31.14683045111454 -5 9.072949016875159
    endloop
  endfacet
  facet normal 0.9876883405951378 0 -0.15643446504023079
    outer loop
      vertex 31 -2 10
      vertex 31.14683045111454 -5 10.927050983124841
      vertex 31 -5 10
    endloop
  endfacet
  facet normal 0.8910065241883686 0 -0.4539904997395455
    outer loop
      vertex 31.14683045111454 -2 10.927050983124841
      vertex 31.572949016875157 -5 11.76335575687742
      vertex 31.14683045111454 -5 10.927050983124841
    endloop
  endfacet
  facet normal -0.7071067811865451 0 0.7071067811865499
    outer loop
      vertex 36.42705098312484 -2 8.23664424312258
      vertex 35.76335575687742 -5 7.572949016875158
      vertex 36.42705098312484 -5 8.23664424312258
    endloop
  endfacet
  facet normal -0.8910065241883686 0 0.4539904997395455
    outer loop
      vertex 36.85316954888546 -2 9.072949016875159
      vertex 36.42705098312484 -5 8.23664424312258
      vertex 36.85316954888546 -5 9.072949016875159
    endloop
  endfacet
  facet normal -0.9876883405951378 0 0.15643446504023079
    outer loop
      vertex 37 -2 10
      vertex 36.85316954888546 -5 9.072949016875159
      vertex 37 -5 10
    endloop
  endfacet
  facet normal -0.9876883405951378 0 -0.15643446504023079
    outer loop
      vertex 36.85316954888546 -2 10.927050983124841
      vertex 37 -5 10
      vertex 36.85316954888546 -5 10.927050983124841
    endloop
  endfacet
  facet normal 0.7071067811865457 0 -0.7071067811865495
    outer loop
      vertex 31.572949016875157 -2 11.76335575687742
      vertex 32.23664424312258 -5 12.427050983124843
      vertex 31.572949016875157 -5 11.76335575687742
    endloop
  endfacet
  facet normal 0.4539904997395478 0 -0.8910065241883673
    outer loop
      vertex 32.23664424312258 -2 12.427050983124843
      vertex 33.07294901687516 -5 12.853169548885461
      vertex 32.23664424312258 -5 12.427050983124843
    endloop
  endfacet
  facet normal 0.15643446504023048 0 -0.9876883405951378
    outer loop
      vertex 33.07294901687516 -2 12.853169548885461
      vertex 34 -5 13
      vertex 33.07294901687516 -5 12.853169548885461
    endloop
  endfacet
  facet normal -0.15643446504023048 0 -0.9876883405951378
    outer loop
      vertex 34 -2 13
      vertex 34.92705098312484 -5 12.853169548885461
      vertex 34 -5 13
    endloop
  endfacet
  facet normal -0.4539904997395478 0 -0.8910065241883673
    outer loop
      vertex 34.92705098312484 -2 12.853169548885461
      vertex 35.76335575687742 -5 12.427050983124843
      vertex 34.92705098312484 -5 12.853169548885461
    endloop
  endfacet
  facet normal -0.7071067811865457 0 -0.7071067811865495
    outer loop
      vertex 35.76335575687742 -2 12.427050983124843
      vertex 36.42705098312484 -5 11.76335575687742
      vertex 35.76335575687742 -5 12.427050983124843
    endloop
  endfacet
  facet normal -0.8910065241883686 0 -0.4539904997395455
    outer loop
      vertex 36.42705098312484 -2 11.76335575687742
      vertex 36.85316954888546 -5 10.927050983124841
      vertex 36.42705098312484 -5 11.76335575687742
    endloop
  endfacet
  facet normal 0.4539904997395485 0 0.891006524188367
    outer loop
      vertex 32.23664424312258 -2 7.572949016875158
      vertex 32.23664424312258 -5 7.572949016875158
      vertex 33.07294901687516 -2 7.146830451114539
    endloop
  endfacet
  facet normal 0.15643446504023048 0 0.9876883405951378
    outer loop
      vertex 33.07294901687516 -2 7.146830451114539
      vertex 33.07294901687516 -5 7.146830451114539
      vertex 34 -2 7
    endloop
  endfacet
  facet normal -0.15643446504023048 0 0.9876883405951378
    outer loop
      vertex 34 -2 7
      vertex 34 -5 7
      vertex 34.92705098312484 -2 7.146830451114539
    endloop
  endfacet
  facet normal -0.4539904997395485 0 0.891006524188367
    outer loop
      vertex 34.92705098312484 -2 7.146830451114539
      vertex 34.92705098312484 -5 7.146830451114539
      vertex 35.76335575687742 -2 7.572949016875158
    endloop
  endfacet
  facet normal 0.8910065241883686 0 0.4539904997395455
    outer loop
      vertex 31.572949016875157 -2 8.23664424312258
      vertex 31.14683045111454 -2 9.072949016875159
      vertex 31.14683045111454 -5 9.072949016875159
    endloop
  endfacet
  facet normal 0.7071067811865451 0 0.7071067811865499
    outer loop
      vertex 32.23664424312258 -2 7.572949016875158
      vertex 31.572949016875157 -2 8.23664424312258
      vertex 31.572949016875157 -5 8.23664424312258
    endloop
  endfacet
  facet normal 0.9876883405951378 0 0.15643446504023079
    outer loop
      vertex 31.14683045111454 -2 9.072949016875159
      vertex 31 -2 10
      vertex 31 -5 10
    endloop
  endfacet
  facet normal 0.9876883405951378 0 -0.15643446504023079
    outer loop
      vertex 31 -2 10
      vertex 31.14683045111454 -2 10.927050983124841
      vertex 31.14683045111454 -5 10.927050983124841
    endloop
  endfacet
  facet normal -0.7071067811865451 0 0.7071067811865499
    outer loop
      vertex 35.76335575687742 -2 7.572949016875158
      vertex 35.76335575687742 -5 7.572949016875158
      vertex 36.42705098312484 -2 8.23664424312258
    endloop
  endfacet
  facet normal -0.8910065241883686 0 0.4539904997395455
    outer loop
      vertex 36.42705098312484 -2 8.23664424312258
      vertex 36.42705098312484 -5 8.23664424312258
      vertex 36.85316954888546 -2 9.072949016875159
    endloop
  endfacet
  facet normal -0.9876883405951378 0 0.15643446504023079
    outer loop
      vertex 36.85316954888546 -2 9.072949016875159
      vertex 36.85316954888546 -5 9.072949016875159
      vertex 37 -2 10
    endloop
  endfacet
  facet normal -0.9876883405951378 0 -0.15643446504023079
    outer loop
      vertex 37 -2 10
      vertex 37 -5 10
      vertex 36.85316954888546 -2 10.927050983124841
    endloop
  endfacet
  facet normal -0.8910065241883686 0 -0.4539904997395455
    outer loop
      vertex 36.85316954888546 -2 10.927050983124841
      vertex 36.85316954888546 -5 10.927050983124841
      vertex 36.42705098312484 -2 11.76335575687742
    endloop
  endfacet
  facet normal 0.8910065241883686 0 -0.4539904997395455
    outer loop
      vertex 31.14683045111454 -2 10.927050983124841
      vertex 31.572949016875157 -2 11.76335575687742
      vertex 31.572949016875157 -5 11.76335575687742
    endloop
  endfacet
  facet normal 0.7071067811865457 0 -0.7071067811865495
    outer loop
      vertex 31.572949016875157 -2 11.76335575687742
      vertex 32.23664424312258 -2 12.427050983124843
      vertex 32.23664424312258 -5 12.427050983124843
    endloop
  endfacet
  facet normal 0.4539904997395478 0 -0.8910065241883673
    outer loop
      vertex 32.23664424312258 -2 12.427050983124843
      vertex 33.07294901687516 -2 12.853169548885461
      vertex 33.07294901687516 -5 12.853169548885461
    endloop
  endfacet
  facet normal 0.15643446504023048 0 -0.9876883405951378
    outer loop
      vertex 33.07294901687516 -2 12.853169548885461
      vertex 34 -2 13
      vertex 34 -5 13
    endloop
  endfacet
  facet normal -0.7071067811865457 0 -0.7071067811865495
    outer loop
      vertex 36.42705098312484 -2 11.76335575687742
      vertex 36.42705098312484 -5 11.76335575687742
      vertex 35.76335575687742 -2 12.427050983124843
    endloop
  endfacet
  facet normal -0.15643446504023048 0 -0.9876883405951378
    outer loop
      vertex 34 -2 13
      vertex 34.92705098312484 -2 12.853169548885461
      vertex 34.92705098312484 -5 12.853169548885461
    endloop
  endfacet
  facet normal -0.4539904997395478 0 -0.8910065241883673
    outer loop
      vertex 35.76335575687742 -2 12.427050983124843
      vertex 35.76335575687742 -5 12.427050983124843
      vertex 34.92705098312484 -2 12.853169548885461
    endloop
  endfacet
  facet normal 0 -1 0
    outer loop
      vertex 32.23664424312258 -2 7.572949016875158
      vertex 33.07294901687516 -2 7.146830451114539
      vertex 34.92705098312484 -2 7.146830451114539
    endloop
  endfacet
  facet normal 0 -1 0
    outer loop
      vertex 33.07294901687516 -2 7.146830451114539
      vertex 34 -2 7
      vertex 34.92705098312484 -2 7.146830451114539
    endloop
  endfacet
  facet normal 0 -1 0
    outer loop
      vertex 32.23664424312258 -2 7.572949016875158
      vertex 34.92705098312484 -2 7.146830451114539
      vertex 35.76335575687742 -2 7.572949016875158
    endloop
  endfacet
  facet normal 0 -1 0
    outer loop
      vertex 32.23664424312258 -2 7.572949016875158
      vertex 35.76335575687742 -2 7.572949016875158
      vertex 31.572949016875157 -2 8.23664424312258
    endloop
  endfacet
  facet normal 0 -1 0
    outer loop
      vertex 31.572949016875157 -2 8.23664424312258
      vertex 34 -2 8.35
      vertex 33.49012195928134 -2 8.430756748112996
    endloop
  endfacet
  facet normal 0 -1 0
    outer loop
      vertex 31.572949016875157 -2 8.23664424312258
      vertex 36.42705098312484 -2 8.23664424312258
      vertex 34 -2 8.35
    endloop
  endfacet
  facet normal 0 -1 0
    outer loop
      vertex 31.572949016875157 -2 8.23664424312258
      vertex 33.03015433371742 -2 8.665121959281336
      vertex 31.14683045111454 -2 9.072949016875159
    endloop
  endfacet
  facet normal 0 -1 0
    outer loop
      vertex 31.572949016875157 -2 8.23664424312258
      vertex 33.49012195928134 -2 8.430756748112996
      vertex 33.03015433371742 -2 8.665121959281336
    endloop
  endfacet
  facet normal 0 -1 0
    outer loop
      vertex 31.14683045111454 -2 9.072949016875159
      vertex 33.03015433371742 -2 8.665121959281336
      vertex 32.665121959281336 -2 9.03015433371742
    endloop
  endfacet
  facet normal 0 -1 0
    outer loop
      vertex 31.14683045111454 -2 9.072949016875159
      vertex 32.665121959281336 -2 9.03015433371742
      vertex 32.430756748113 -2 9.490121959281337
    endloop
  endfacet
  facet normal 0 -1 0
    outer loop
      vertex 31.14683045111454 -2 9.072949016875159
      vertex 32.430756748113 -2 9.490121959281337
      vertex 31 -2 10
    endloop
  endfacet
  facet normal 0 -1 0
    outer loop
      vertex 31 -2 10
      vertex 32.35 -2 10
      vertex 31.14683045111454 -2 10.927050983124841
    endloop
  endfacet
  facet normal 0 -1 0
    outer loop
      vertex 32.430756748113 -2 9.490121959281337
      vertex 32.35 -2 10
      vertex 31 -2 10
    endloop
  endfacet
  facet normal 0 -1 0
    outer loop
      vertex 32.35 -2 10
      vertex 32.430756748113 -2 10.509878040718663
      vertex 31.14683045111454 -2 10.927050983124841
    endloop
  endfacet
  facet normal 0 -1 0
    outer loop
      vertex 31.14683045111454 -2 10.927050983124841
      vertex 32.430756748113 -2 10.509878040718663
      vertex 31.572949016875157 -2 11.76335575687742
    endloop
  endfacet
  facet normal 0 -1 0
    outer loop
      vertex 31.572949016875157 -2 11.76335575687742
      vertex 32.430756748113 -2 10.509878040718663
      vertex 32.665121959281336 -2 10.96984566628258
    endloop
  endfacet
  facet normal 0 -1 0
    outer loop
      vertex 31.572949016875157 -2 8.23664424312258
      vertex 35.76335575687742 -2 7.572949016875158
      vertex 36.42705098312484 -2 8.23664424312258
    endloop
  endfacet
  facet normal 0 -1 0
    outer loop
      vertex 34 -2 8.35
      vertex 36.42705098312484 -2 8.23664424312258
      vertex 34.50987804071866 -2 8.430756748112996
    endloop
  endfacet
  facet normal 0 -1 0
    outer loop
      vertex 34.50987804071866 -2 8.430756748112996
      vertex 36.42705098312484 -2 8.23664424312258
      vertex 34.96984566628258 -2 8.665121959281336
    endloop
  endfacet
  facet normal 0 -1 0
    outer loop
      vertex 34.96984566628258 -2 8.665121959281336
      vertex 36.42705098312484 -2 8.23664424312258
      vertex 35.334878040718664 -2 9.03015433371742
    endloop
  endfacet
  facet normal 0 -1 0
    outer loop
      vertex 36.42705098312484 -2 8.23664424312258
      vertex 35.569243251887 -2 9.490121959281337
      vertex 35.334878040718664 -2 9.03015433371742
    endloop
  endfacet
  facet normal 0 -1 0
    outer loop
      vertex 36.42705098312484 -2 8.23664424312258
      vertex 36.85316954888546 -2 9.072949016875159
      vertex 35.569243251887 -2 9.490121959281337
    endloop
  endfacet
  facet normal 0 -1 0
    outer loop
      vertex 35.569243251887 -2 9.490121959281337
      vertex 36.85316954888546 -2 9.072949016875159
      vertex 35.65 -2 10
    endloop
  endfacet
  facet normal 0 -1 0
    outer loop
      vertex 36.85316954888546 -2 9.072949016875159
      vertex 37 -2 10
      vertex 35.65 -2 10
    endloop
  endfacet
  facet normal 0 -1 0
    outer loop
      vertex 35.65 -2 10
      vertex 37 -2 10
      vertex 35.569243251887 -2 10.509878040718663
    endloop
  endfacet
  facet normal 0 -1 0
    outer loop
      vertex 35.569243251887 -2 10.509878040718663
      vertex 37 -2 10
      vertex 36.85316954888546 -2 10.927050983124841
    endloop
  endfacet
  facet normal 0 -1 0
    outer loop
      vertex 35.569243251887 -2 10.509878040718663
      vertex 36.85316954888546 -2 10.927050983124841
      vertex 35.334878040718664 -2 10.96984566628258
    endloop
  endfacet
  facet normal 0 -1 0
    outer loop
      vertex 34.96984566628258 -2 11.334878040718664
      vertex 35.334878040718664 -2 10.96984566628258
      vertex 36.85316954888546 -2 10.927050983124841
    endloop
  endfacet
  facet normal 0 -1 0
    outer loop
      vertex 31.572949016875157 -2 11.76335575687742
      vertex 32.665121959281336 -2 10.96984566628258
      vertex 33.03015433371742 -2 11.334878040718664
    endloop
  endfacet
  facet normal 0 -1 0
    outer loop
      vertex 31.572949016875157 -2 11.76335575687742
      vertex 33.03015433371742 -2 11.334878040718664
      vertex 33.49012195928134 -2 11.569243251887004
    endloop
  endfacet
  facet normal 0 -1 0
    outer loop
      vertex 31.572949016875157 -2 11.76335575687742
      vertex 33.49012195928134 -2 11.569243251887004
      vertex 34 -2 11.65
    endloop
  endfacet
  facet normal 0 -1 0
    outer loop
      vertex 31.572949016875157 -2 11.76335575687742
      vertex 36.42705098312484 -2 11.76335575687742
      vertex 32.23664424312258 -2 12.427050983124843
    endloop
  endfacet
  facet normal 0 -1 0
    outer loop
      vertex 31.572949016875157 -2 11.76335575687742
      vertex 34 -2 11.65
      vertex 36.42705098312484 -2 11.76335575687742
    endloop
  endfacet
  facet normal 0 -1 0
    outer loop
      vertex 32.23664424312258 -2 12.427050983124843
      vertex 35.76335575687742 -2 12.427050983124843
      vertex 33.07294901687516 -2 12.853169548885461
    endloop
  endfacet
  facet normal 0 -1 0
    outer loop
      vertex 33.07294901687516 -2 12.853169548885461
      vertex 34.92705098312484 -2 12.853169548885461
      vertex 34 -2 13
    endloop
  endfacet
  facet normal 0 -1 0
    outer loop
      vertex 34 -2 11.65
      vertex 34.50987804071866 -2 11.569243251887004
      vertex 36.42705098312484 -2 11.76335575687742
    endloop
  endfacet
  facet normal 0 -1 0
    outer loop
      vertex 34.96984566628258 -2 11.334878040718664
      vertex 36.42705098312484 -2 11.76335575687742
      vertex 34.50987804071866 -2 11.569243251887004
    endloop
  endfacet
  facet normal 0 -1 0
    outer loop
      vertex 34.96984566628258 -2 11.334878040718664
      vertex 36.85316954888546 -2 10.927050983124841
      vertex 36.42705098312484 -2 11.76335575687742
    endloop
  endfacet
  facet normal 0 -1 0
    outer loop
      vertex 32.23664424312258 -2 12.427050983124843
      vertex 36.42705098312484 -2 11.76335575687742
      vertex 35.76335575687742 -2 12.427050983124843
    endloop
  endfacet
  facet normal 0 -1 0
    outer loop
      vertex 33.07294901687516 -2 12.853169548885461
      vertex 35.76335575687742 -2 12.427050983124843
      vertex 34.92705098312484 -2 12.853169548885461
    endloop
  endfacet
  facet normal 0 -1 0
    outer loop
      vertex -39 -5 -15
      vertex -34.92705098312484 -5 -12.853169548885461
      vertex -35.76335575687742 -5 -12.427050983124843
    endloop
  endfacet
  facet normal 0 -1 0
    outer loop
      vertex -39 -5 -15
      vertex -34 -5 -13
      vertex -34.92705098312484 -5 -12.853169548885461
    endloop
  endfacet
  facet normal 0 -1 0
    outer loop
      vertex -39 -5 -15
      vertex -35.76335575687742 -5 -12.427050983124843
      vertex -36.42705098312484 -5 -11.76335575687742
    endloop
  endfacet
  facet normal 0 -1 0
    outer loop
      vertex -39 -5 -15
      vertex -36.42705098312484 -5 -11.76335575687742
      vertex -36.85316954888546 -5 -10.927050983124841
    endloop
  endfacet
  facet normal 0 -1 0
    outer loop
      vertex -39 -5 -15
      vertex -36.85316954888546 -5 -10.927050983124841
      vertex -37 -5 -10
    endloop
  endfacet
  facet normal 0 -1 0
    outer loop
      vertex -39 -5 -15
      vertex -37 -5 -10
      vertex -39 -5 15
    endloop
  endfacet
  facet normal 0 -1 0
    outer loop
      vertex -36.42705098312484 -5 -8.23664424312258
      vertex -35.76335575687742 -5 -7.572949016875158
      vertex -36.42705098312484 -5 8.23664424312258
    endloop
  endfacet
  facet normal 0 -1 0
    outer loop
      vertex -34.92705098312484 -5 -7.146830451114539
      vertex -35.76335575687742 -5 7.572949016875158
      vertex -35.76335575687742 -5 -7.572949016875158
    endloop
  endfacet
  facet normal 0 -1 0
    outer loop
      vertex -34 -5 -7
      vertex -34.92705098312484 -5 7.146830451114539
      vertex -34.92705098312484 -5 -7.146830451114539
    endloop
  endfacet
  facet normal 0 -1 0
    outer loop
      vertex -39 -5 15
      vertex -37 -5 -10
      vertex -36.85316954888546 -5 -9.072949016875159
    endloop
  endfacet
  facet normal 0 -1 0
    outer loop
      vertex -39 -5 15
      vertex -36.85316954888546 -5 -9.072949016875159
      vertex -36.42705098312484 -5 -8.23664424312258
    endloop
  endfacet
  facet normal 0 -1 0
    outer loop
      vertex -33.07294901687516 -5 -7.146830451114539
      vertex -34 -5 7
      vertex -34 -5 -7
    endloop
  endfacet
  facet normal 0 -1 0
    outer loop
      vertex -32.23664424312258 -5 -7.572949016875158
      vertex -33.07294901687516 -5 7.146830451114539
      vertex -33.07294901687516 -5 -7.146830451114539
    endloop
  endfacet
  facet normal 0 -1 0
    outer loop
      vertex -39 -5 -15
      vertex 34 -5 -13
      vertex -34 -5 -13
    endloop
  endfacet
  facet normal 0 -1 0
    outer loop
      vertex -34 -5 -13
      vertex 32.23664424312258 -5 -12.427050983124843
      vertex -33.07294901687516 -5 -12.853169548885461
    endloop
  endfacet
  facet normal 0 -1 0
    outer loop
      vertex -33.07294901687516 -5 -12.853169548885461
      vertex 31.572949016875157 -5 -11.76335575687742
      vertex -32.23664424312258 -5 -12.427050983124843
    endloop
  endfacet
  facet normal 0 -1 0
    outer loop
      vertex 32.23664424312258 -5 12.427050983124843
      vertex -31.572949016875157 -5 -11.76335575687742
      vertex -32.23664424312258 -5 -12.427050983124843
    endloop
  endfacet
  facet normal 0 -1 0
    outer loop
      vertex 32.23664424312258 -5 12.427050983124843
      vertex -31.14683045111454 -5 -10.927050983124841
      vertex -31.572949016875157 -5 -11.76335575687742
    endloop
  endfacet
  facet normal 0 -1 0
    outer loop
      vertex 32.23664424312258 -5 12.427050983124843
      vertex -31 -5 -10
      vertex -31.14683045111454 -5 -10.927050983124841
    endloop
  endfacet
  facet normal 0 -1 0
    outer loop
      vertex 32.23664424312258 -5 12.427050983124843
      vertex -31.14683045111454 -5 -9.072949016875159
      vertex -31 -5 -10
    endloop
  endfacet
  facet normal 0 -1 0
    outer loop
      vertex 32.23664424312258 -5 12.427050983124843
      vertex -31.572949016875157 -5 -8.23664424312258
      vertex -31.14683045111454 -5 -9.072949016875159
    endloop
  endfacet
  facet normal 0 -1 0
    outer loop
      vertex 32.23664424312258 -5 12.427050983124843
      vertex -32.23664424312258 -5 -7.572949016875158
      vertex -31.572949016875157 -5 -8.23664424312258
    endloop
  endfacet
  facet normal 0 -1 0
    outer loop
      vertex -36.42705098312484 -5 -8.23664424312258
      vertex -36.42705098312484 -5 8.23664424312258
      vertex -36.85316954888546 -5 9.072949016875159
    endloop
  endfacet
  facet normal 0 -1 0
    outer loop
      vertex -36.42705098312484 -5 -8.23664424312258
      vertex -36.85316954888546 -5 9.072949016875159
      vertex -37 -5 10
    endloop
  endfacet
  facet normal 0 -1 0
    outer loop
      vertex -35.76335575687742 -5 -7.572949016875158
      vertex -35.76335575687742 -5 7.572949016875158
      vertex -36.42705098312484 -5 8.23664424312258
    endloop
  endfacet
  facet normal 0 -1 0
    outer loop
      vertex -34.92705098312484 -5 -7.146830451114539
      vertex -34.92705098312484 -5 7.146830451114539
      vertex -35.76335575687742 -5 7.572949016875158
    endloop
  endfacet
  facet normal 0 -1 0
    outer loop
      vertex -34 -5 -7
      vertex -34 -5 7
      vertex -34.92705098312484 -5 7.146830451114539
    endloop
  endfacet
  facet normal 0 -1 0
    outer loop
      vertex -33.07294901687516 -5 -7.146830451114539
      vertex -33.07294901687516 -5 7.146830451114539
      vertex -34 -5 7
    endloop
  endfacet
  facet normal 0 -1 0
    outer loop
      vertex -32.23664424312258 -5 -7.572949016875158
      vertex -32.23664424312258 -5 7.572949016875158
      vertex -33.07294901687516 -5 7.146830451114539
    endloop
  endfacet
  facet normal 0 -1 0
    outer loop
      vertex -39 -5 15
      vertex -36.42705098312484 -5 -8.23664424312258
      vertex -37 -5 10
    endloop
  endfacet
  facet normal 0 -1 0
    outer loop
      vertex -39 -5 15
      vertex -37 -5 10
      vertex -36.85316954888546 -5 10.927050983124841
    endloop
  endfacet
  facet normal 0 -1 0
    outer loop
      vertex -39 -5 15
      vertex -36.85316954888546 -5 10.927050983124841
      vertex -36.42705098312484 -5 11.76335575687742
    endloop
  endfacet
  facet normal 0 -1 0
    outer loop
      vertex -39 -5 15
      vertex -36.42705098312484 -5 11.76335575687742
      vertex -35.76335575687742 -5 12.427050983124843
    endloop
  endfacet
  facet normal 0 -1 0
    outer loop
      vertex -39 -5 15
      vertex -35.76335575687742 -5 12.427050983124843
      vertex -34.92705098312484 -5 12.853169548885461
    endloop
  endfacet
  facet normal 0 -1 0
    outer loop
      vertex -39 -5 15
      vertex -34.92705098312484 -5 12.853169548885461
      vertex -34 -5 13
    endloop
  endfacet
  facet normal 0 -1 0
    outer loop
      vertex -39 -5 15
      vertex -34 -5 13
      vertex -33.07294901687516 -5 12.853169548885461
    endloop
  endfacet
  facet normal -1 0 0
    outer loop
      vertex -39 -5 -15
      vertex -39 -5 15
      vertex -39 0 15
    endloop
  endfacet
  facet normal 0 -1 0
    outer loop
      vertex 32.23664424312258 -5 12.427050983124843
      vertex -32.23664424312258 -5 7.572949016875158
      vertex -32.23664424312258 -5 -7.572949016875158
    endloop
  endfacet
  facet normal 0 -1 0
    outer loop
      vertex 32.23664424312258 -5 12.427050983124843
      vertex -31.572949016875157 -5 8.23664424312258
      vertex -32.23664424312258 -5 7.572949016875158
    endloop
  endfacet
  facet normal 0 -1 0
    outer loop
      vertex 32.23664424312258 -5 12.427050983124843
      vertex -31.14683045111454 -5 9.072949016875159
      vertex -31.572949016875157 -5 8.23664424312258
    endloop
  endfacet
  facet normal 0 -1 0
    outer loop
      vertex 32.23664424312258 -5 12.427050983124843
      vertex -31 -5 10
      vertex -31.14683045111454 -5 9.072949016875159
    endloop
  endfacet
  facet normal 0 -1 0
    outer loop
      vertex 32.23664424312258 -5 12.427050983124843
      vertex -31.14683045111454 -5 10.927050983124841
      vertex -31 -5 10
    endloop
  endfacet
  facet normal 0 -1 0
    outer loop
      vertex 32.23664424312258 -5 12.427050983124843
      vertex -31.572949016875157 -5 11.76335575687742
      vertex -31.14683045111454 -5 10.927050983124841
    endloop
  endfacet
  facet normal 0 -1 0
    outer loop
      vertex 32.23664424312258 -5 12.427050983124843
      vertex -33.07294901687516 -5 12.853169548885461
      vertex -32.23664424312258 -5 12.427050983124843
    endloop
  endfacet
  facet normal 0 -1 0
    outer loop
      vertex 32.23664424312258 -5 12.427050983124843
      vertex -32.23664424312258 -5 12.427050983124843
      vertex -31.572949016875157 -5 11.76335575687742
    endloop
  endfacet
  facet normal 0 -1 0
    outer loop
      vertex -39 -5 15
      vertex -33.07294901687516 -5 12.853169548885461
      vertex 32.23664424312258 -5 12.427050983124843
    endloop
  endfacet
  facet normal 0 0 1
    outer loop
      vertex -39 -5 15
      vertex 39 -5 15
      vertex -39 0 15
    endloop
  endfacet
  facet normal -1 0 0
    outer loop
      vertex -39 -5 -15
      vertex -39 0 15
      vertex -39 0 -15
    endloop
  endfacet
  facet normal 0 1 0
    outer loop
      vertex -39 0 -15
      vertex -35.569243251887 0 -10.509878040718663
      vertex -35.334878040718664 0 -10.96984566628258
    endloop
  endfacet
  facet normal 0 1 0
    outer loop
      vertex -39 0 -15
      vertex -35.65 0 -10
      vertex -35.569243251887 0 -10.509878040718663
    endloop
  endfacet
  facet normal 0 1 0
    outer loop
      vertex -39 0 -15
      vertex -35.569243251887 0 -9.490121959281337
      vertex -35.65 0 -10
    endloop
  endfacet
  facet normal 0 1 0
    outer loop
      vertex -39 0 -15
      vertex -34.50987804071866 0 -11.569243251887004
      vertex -34 0 -11.65
    endloop
  endfacet
  facet normal 0 1 0
    outer loop
      vertex -39 0 -15
      vertex -35.334878040718664 0 -10.96984566628258
      vertex -34.96984566628258 0 -11.334878040718664
    endloop
  endfacet
  facet normal 0 1 0
    outer loop
      vertex -39 0 -15
      vertex -34.96984566628258 0 -11.334878040718664
      vertex -34.50987804071866 0 -11.569243251887004
    endloop
  endfacet
  facet normal 0 1 0
    outer loop
      vertex -39 0 -15
      vertex -35.334878040718664 0 -9.03015433371742
      vertex -35.569243251887 0 -9.490121959281337
    endloop
  endfacet
  facet normal 0 1 0
    outer loop
      vertex -39 0 -15
      vertex -35.334878040718664 0 9.03015433371742
      vertex -35.334878040718664 0 -9.03015433371742
    endloop
  endfacet
  facet normal 0 1 0
    outer loop
      vertex -35.334878040718664 0 -9.03015433371742
      vertex -34.96984566628258 0 8.665121959281336
      vertex -34.96984566628258 0 -8.665121959281336
    endloop
  endfacet
  facet normal 0 1 0
    outer loop
      vertex -34.96984566628258 0 -8.665121959281336
      vertex -34.50987804071866 0 8.430756748112996
      vertex -34.50987804071866 0 -8.430756748112996
    endloop
  endfacet
  facet normal 0 1 0
    outer loop
      vertex -34.50987804071866 0 -8.430756748112996
      vertex -34 0 8.35
      vertex -34 0 -8.35
    endloop
  endfacet
  facet normal 0 1 0
    outer loop
      vertex -33.03015433371742 0 -8.665121959281336
      vertex -32.665121959281336 0 9.03015433371742
      vertex -32.665121959281336 0 -9.03015433371742
    endloop
  endfacet
  facet normal 0 1 0
    outer loop
      vertex -34 0 -8.35
      vertex -33.49012195928134 0 8.430756748112996
      vertex -33.49012195928134 0 -8.430756748112996
    endloop
  endfacet
  facet normal 0 1 0
    outer loop
      vertex -33.49012195928134 0 -8.430756748112996
      vertex -33.03015433371742 0 8.665121959281336
      vertex -33.03015433371742 0 -8.665121959281336
    endloop
  endfacet
  facet normal 0 0 -1
    outer loop
      vertex -39 -5 -15
      vertex -39 0 -15
      vertex 39 0 -15
    endloop
  endfacet
  facet normal 0 1 0
    outer loop
      vertex -39 0 -15
      vertex -34 0 -11.65
      vertex 39 0 -15
    endloop
  endfacet
  facet normal 0 1 0
    outer loop
      vertex 39 0 -15
      vertex -34 0 -11.65
      vertex -33.49012195928134 0 -11.569243251887004
    endloop
  endfacet
  facet normal 0 1 0
    outer loop
      vertex 39 0 -15
      vertex -33.49012195928134 0 -11.569243251887004
      vertex -33.03015433371742 0 -11.334878040718664
    endloop
  endfacet
  facet normal 0 1 0
    outer loop
      vertex 39 0 -15
      vertex -33.03015433371742 0 -11.334878040718664
      vertex -32.665121959281336 0 -10.96984566628258
    endloop
  endfacet
  facet normal 0 1 0
    outer loop
      vertex 39 0 -15
      vertex -32.665121959281336 0 -10.96984566628258
      vertex -32.430756748113 0 -10.509878040718663
    endloop
  endfacet
  facet normal 0 1 0
    outer loop
      vertex 39 0 -15
      vertex -32.430756748113 0 -10.509878040718663
      vertex -32.35 0 -10
    endloop
  endfacet
  facet normal 0 1 0
    outer loop
      vertex 39 0 -15
      vertex -32.35 0 -10
      vertex -32.430756748113 0 -9.490121959281337
    endloop
  endfacet
  facet normal 0 1 0
    outer loop
      vertex 39 0 -15
      vertex -32.430756748113 0 -9.490121959281337
      vertex -32.665121959281336 0 -9.03015433371742
    endloop
  endfacet
  facet normal 0 1 0
    outer loop
      vertex 39 0 -15
      vertex -32.665121959281336 0 -9.03015433371742
      vertex -32.665121959281336 0 9.03015433371742
    endloop
  endfacet
  facet normal 0 1 0
    outer loop
      vertex -39 0 -15
      vertex -35.569243251887 0 9.490121959281337
      vertex -35.334878040718664 0 9.03015433371742
    endloop
  endfacet
  facet normal 0 1 0
    outer loop
      vertex -39 0 -15
      vertex -35.65 0 10
      vertex -35.569243251887 0 9.490121959281337
    endloop
  endfacet
  facet normal 0 1 0
    outer loop
      vertex -39 0 -15
      vertex -39 0 15
      vertex -35.65 0 10
    endloop
  endfacet
  facet normal 0 1 0
    outer loop
      vertex -34.96984566628258 0 -8.665121959281336
      vertex -34.96984566628258 0 8.665121959281336
      vertex -34.50987804071866 0 8.430756748112996
    endloop
  endfacet
  facet normal 0 1 0
    outer loop
      vertex -34.50987804071866 0 -8.430756748112996
      vertex -34.50987804071866 0 8.430756748112996
      vertex -34 0 8.35
    endloop
  endfacet
  facet normal 0 1 0
    outer loop
      vertex -35.334878040718664 0 -9.03015433371742
      vertex -35.334878040718664 0 9.03015433371742
      vertex -34.96984566628258 0 8.665121959281336
    endloop
  endfacet
  facet normal 0 1 0
    outer loop
      vertex -34 0 -8.35
      vertex -34 0 8.35
      vertex -33.49012195928134 0 8.430756748112996
    endloop
  endfacet
  facet normal 0 1 0
    outer loop
      vertex -33.49012195928134 0 -8.430756748112996
      vertex -33.49012195928134 0 8.430756748112996
      vertex -33.03015433371742 0 8.665121959281336
    endloop
  endfacet
  facet normal 0 1 0
    outer loop
      vertex -33.03015433371742 0 -8.665121959281336
      vertex -33.03015433371742 0 8.665121959281336
      vertex -32.665121959281336 0 9.03015433371742
    endloop
  endfacet
  facet normal 0 1 0
    outer loop
      vertex -39 0 15
      vertex -35.569243251887 0 10.509878040718663
      vertex -35.65 0 10
    endloop
  endfacet
  facet normal 0 1 0
    outer loop
      vertex -39 0 15
      vertex -35.334878040718664 0 10.96984566628258
      vertex -35.569243251887 0 10.509878040718663
    endloop
  endfacet
  facet normal 0 1 0
    outer loop
      vertex -39 0 15
      vertex -34.96984566628258 0 11.334878040718664
      vertex -35.334878040718664 0 10.96984566628258
    endloop
  endfacet
  facet normal 0 1 0
    outer loop
      vertex -39 0 15
      vertex -34.50987804071866 0 11.569243251887004
      vertex -34.96984566628258 0 11.334878040718664
    endloop
  endfacet
  facet normal 0 1 0
    outer loop
      vertex -39 0 15
      vertex -34 0 11.65
      vertex -34.50987804071866 0 11.569243251887004
    endloop
  endfacet
  facet normal 0 1 0
    outer loop
      vertex -39 0 15
      vertex -33.49012195928134 0 11.569243251887004
      vertex -34 0 11.65
    endloop
  endfacet
  facet normal 0 1 0
    outer loop
      vertex -39 0 15
      vertex -33.03015433371742 0 11.334878040718664
      vertex -33.49012195928134 0 11.569243251887004
    endloop
  endfacet
  facet normal 0 1 0
    outer loop
      vertex -39 0 15
      vertex 39 0 -15
      vertex -33.03015433371742 0 11.334878040718664
    endloop
  endfacet
  facet normal 0 1 0
    outer loop
      vertex 39 0 -15
      vertex -32.665121959281336 0 9.03015433371742
      vertex -32.430756748113 0 9.490121959281337
    endloop
  endfacet
  facet normal 0 1 0
    outer loop
      vertex 39 0 -15
      vertex -32.430756748113 0 9.490121959281337
      vertex -32.35 0 10
    endloop
  endfacet
  facet normal 0 1 0
    outer loop
      vertex 39 0 -15
      vertex -32.35 0 10
      vertex -32.430756748113 0 10.509878040718663
    endloop
  endfacet
  facet normal 0 1 0
    outer loop
      vertex 39 0 -15
      vertex -32.430756748113 0 10.509878040718663
      vertex -32.665121959281336 0 10.96984566628258
    endloop
  endfacet
  facet normal 0 1 0
    outer loop
      vertex 39 0 -15
      vertex -32.665121959281336 0 10.96984566628258
      vertex -33.03015433371742 0 11.334878040718664
    endloop
  endfacet
  facet normal 0 -1 0
    outer loop
      vertex -39 -5 -15
      vertex 39 -5 -15
      vertex 34 -5 -13
    endloop
  endfacet
  facet normal 0 -1 0
    outer loop
      vertex -34 -5 -13
      vertex 33.07294901687516 -5 -12.853169548885461
      vertex 32.23664424312258 -5 -12.427050983124843
    endloop
  endfacet
  facet normal 0 -1 0
    outer loop
      vertex -33.07294901687516 -5 -12.853169548885461
      vertex 32.23664424312258 -5 -12.427050983124843
      vertex 31.572949016875157 -5 -11.76335575687742
    endloop
  endfacet
  facet normal 0 -1 0
    outer loop
      vertex -34 -5 -13
      vertex 34 -5 -13
      vertex 33.07294901687516 -5 -12.853169548885461
    endloop
  endfacet
  facet normal 0 -1 0
    outer loop
      vertex -32.23664424312258 -5 -12.427050983124843
      vertex 31.572949016875157 -5 -11.76335575687742
      vertex 31.14683045111454 -5 -10.927050983124841
    endloop
  endfacet
  facet normal 0 -1 0
    outer loop
      vertex -32.23664424312258 -5 -12.427050983124843
      vertex 31.14683045111454 -5 -10.927050983124841
      vertex 31 -5 -10
    endloop
  endfacet
  facet normal 0 -1 0
    outer loop
      vertex -32.23664424312258 -5 -12.427050983124843
      vertex 31 -5 -10
      vertex 31.14683045111454 -5 -9.072949016875159
    endloop
  endfacet
  facet normal 0 -1 0
    outer loop
      vertex -32.23664424312258 -5 -12.427050983124843
      vertex 31.14683045111454 -5 -9.072949016875159
      vertex 31.572949016875157 -5 8.23664424312258
    endloop
  endfacet
  facet normal 0 0 -1
    outer loop
      vertex -39 -5 -15
      vertex 39 0 -15
      vertex 39 -5 -15
    endloop
  endfacet
  facet normal 0 -1 0
    outer loop
      vertex 39 -5 -15
      vertex 34.92705098312484 -5 -12.853169548885461
      vertex 34 -5 -13
    endloop
  endfacet
  facet normal 0 -1 0
    outer loop
      vertex 39 -5 -15
      vertex 35.76335575687742 -5 -12.427050983124843
      vertex 34.92705098312484 -5 -12.853169548885461
    endloop
  endfacet
  facet normal 0 -1 0
    outer loop
      vertex 39 -5 -15
      vertex 36.42705098312484 -5 -11.76335575687742
      vertex 35.76335575687742 -5 -12.427050983124843
    endloop
  endfacet
  facet normal 0 -1 0
    outer loop
      vertex 39 -5 -15
      vertex 36.85316954888546 -5 -10.927050983124841
      vertex 36.42705098312484 -5 -11.76335575687742
    endloop
  endfacet
  facet normal 0 -1 0
    outer loop
      vertex 39 -5 -15
      vertex 37 -5 -10
      vertex 36.85316954888546 -5 -10.927050983124841
    endloop
  endfacet
  facet normal 0 -1 0
    outer loop
      vertex 39 -5 -15
      vertex 36.42705098312484 -5 8.23664424312258
      vertex 37 -5 -10
    endloop
  endfacet
  facet normal 0 -1 0
    outer loop
      vertex 31.14683045111454 -5 -9.072949016875159
      vertex 31.572949016875157 -5 -8.23664424312258
      vertex 31.572949016875157 -5 8.23664424312258
    endloop
  endfacet
  facet normal 0 -1 0
    outer loop
      vertex 31.572949016875157 -5 -8.23664424312258
      vertex 32.23664424312258 -5 -7.572949016875158
      vertex 31.572949016875157 -5 8.23664424312258
    endloop
  endfacet
  facet normal 0 -1 0
    outer loop
      vertex 33.07294901687516 -5 -7.146830451114539
      vertex 32.23664424312258 -5 7.572949016875158
      vertex 32.23664424312258 -5 -7.572949016875158
    endloop
  endfacet
  facet normal 0 -1 0
    outer loop
      vertex 34 -5 -7
      vertex 33.07294901687516 -5 7.146830451114539
      vertex 33.07294901687516 -5 -7.146830451114539
    endloop
  endfacet
  facet normal 0 -1 0
    outer loop
      vertex 34.92705098312484 -5 -7.146830451114539
      vertex 34 -5 7
      vertex 34 -5 -7
    endloop
  endfacet
  facet normal 0 -1 0
    outer loop
      vertex 35.76335575687742 -5 -7.572949016875158
      vertex 34.92705098312484 -5 7.146830451114539
      vertex 34.92705098312484 -5 -7.146830451114539
    endloop
  endfacet
  facet normal 0 -1 0
    outer loop
      vertex 36.42705098312484 -5 -8.23664424312258
      vertex 35.76335575687742 -5 7.572949016875158
      vertex 35.76335575687742 -5 -7.572949016875158
    endloop
  endfacet
  facet normal 0 -1 0
    outer loop
      vertex 36.85316954888546 -5 -9.072949016875159
      vertex 37 -5 -10
      vertex 36.42705098312484 -5 8.23664424312258
    endloop
  endfacet
  facet normal 0 -1 0
    outer loop
      vertex 36.85316954888546 -5 -9.072949016875159
      vertex 36.42705098312484 -5 8.23664424312258
      vertex 36.42705098312484 -5 -8.23664424312258
    endloop
  endfacet
  facet normal 1 0 0
    outer loop
      vertex 39 -5 -15
      vertex 39 0 -15
      vertex 39 -5 15
    endloop
  endfacet
  facet normal 0 -1 0
    outer loop
      vertex -32.23664424312258 -5 -12.427050983124843
      vertex 31.572949016875157 -5 8.23664424312258
      vertex 31.14683045111454 -5 9.072949016875159
    endloop
  endfacet
  facet normal 0 -1 0
    outer loop
      vertex -32.23664424312258 -5 -12.427050983124843
      vertex 31.14683045111454 -5 9.072949016875159
      vertex 31 -5 10
    endloop
  endfacet
  facet normal 0 -1 0
    outer loop
      vertex -32.23664424312258 -5 -12.427050983124843
      vertex 31 -5 10
      vertex 31.14683045111454 -5 10.927050983124841
    endloop
  endfacet
  facet normal 0 -1 0
    outer loop
      vertex -32.23664424312258 -5 -12.427050983124843
      vertex 31.14683045111454 -5 10.927050983124841
      vertex 31.572949016875157 -5 11.76335575687742
    endloop
  endfacet
  facet normal 0 -1 0
    outer loop
      vertex -32.23664424312258 -5 -12.427050983124843
      vertex 31.572949016875157 -5 11.76335575687742
      vertex 32.23664424312258 -5 12.427050983124843
    endloop
  endfacet
  facet normal 0 -1 0
    outer loop
      vertex -39 -5 15
      vertex 32.23664424312258 -5 12.427050983124843
      vertex 33.07294901687516 -5 12.853169548885461
    endloop
  endfacet
  facet normal 0 -1 0
    outer loop
      vertex -39 -5 15
      vertex 33.07294901687516 -5 12.853169548885461
      vertex 34 -5 13
    endloop
  endfacet
  facet normal 0 -1 0
    outer loop
      vertex -39 -5 15
      vertex 34 -5 13
      vertex 39 -5 15
    endloop
  endfacet
  facet normal 0 -1 0
    outer loop
      vertex 32.23664424312258 -5 -7.572949016875158
      vertex 32.23664424312258 -5 7.572949016875158
      vertex 31.572949016875157 -5 8.23664424312258
    endloop
  endfacet
  facet normal 0 -1 0
    outer loop
      vertex 33.07294901687516 -5 -7.146830451114539
      vertex 33.07294901687516 -5 7.146830451114539
      vertex 32.23664424312258 -5 7.572949016875158
    endloop
  endfacet
  facet normal 0 -1 0
    outer loop
      vertex 34 -5 -7
      vertex 34 -5 7
      vertex 33.07294901687516 -5 7.146830451114539
    endloop
  endfacet
  facet normal 0 -1 0
    outer loop
      vertex 39 -5 -15
      vertex 36.85316954888546 -5 9.072949016875159
      vertex 36.42705098312484 -5 8.23664424312258
    endloop
  endfacet
  facet normal 0 -1 0
    outer loop
      vertex 39 -5 -15
      vertex 37 -5 10
      vertex 36.85316954888546 -5 9.072949016875159
    endloop
  endfacet
  facet normal 0 -1 0
    outer loop
      vertex 34.92705098312484 -5 -7.146830451114539
      vertex 34.92705098312484 -5 7.146830451114539
      vertex 34 -5 7
    endloop
  endfacet
  facet normal 0 -1 0
    outer loop
      vertex 35.76335575687742 -5 -7.572949016875158
      vertex 35.76335575687742 -5 7.572949016875158
      vertex 34.92705098312484 -5 7.146830451114539
    endloop
  endfacet
  facet normal 0 -1 0
    outer loop
      vertex 36.42705098312484 -5 -8.23664424312258
      vertex 36.42705098312484 -5 8.23664424312258
      vertex 35.76335575687742 -5 7.572949016875158
    endloop
  endfacet
  facet normal 0 -1 0
    outer loop
      vertex 39 -5 -15
      vertex 39 -5 15
      vertex 37 -5 10
    endloop
  endfacet
  facet normal 0 -1 0
    outer loop
      vertex 39 -5 15
      vertex 36.85316954888546 -5 10.927050983124841
      vertex 37 -5 10
    endloop
  endfacet
  facet normal 0 -1 0
    outer loop
      vertex 39 -5 15
      vertex 36.42705098312484 -5 11.76335575687742
      vertex 36.85316954888546 -5 10.927050983124841
    endloop
  endfacet
  facet normal 0 -1 0
    outer loop
      vertex 39 -5 15
      vertex 35.76335575687742 -5 12.427050983124843
      vertex 36.42705098312484 -5 11.76335575687742
    endloop
  endfacet
  facet normal 0 -1 0
    outer loop
      vertex 39 -5 15
      vertex 34 -5 13
      vertex 34.92705098312484 -5 12.853169548885461
    endloop
  endfacet
  facet normal 0 -1 0
    outer loop
      vertex 39 -5 15
      vertex 34.92705098312484 -5 12.853169548885461
      vertex 35.76335575687742 -5 12.427050983124843
    endloop
  endfacet
  facet normal 0 1 0
    outer loop
      vertex -39 0 15
      vertex 32.665121959281336 0 -10.96984566628258
      vertex 33.03015433371742 0 -11.334878040718664
    endloop
  endfacet
  facet normal 0 1 0
    outer loop
      vertex -39 0 15
      vertex 32.430756748113 0 -10.509878040718663
      vertex 32.665121959281336 0 -10.96984566628258
    endloop
  endfacet
  facet normal 0 1 0
    outer loop
      vertex -39 0 15
      vertex 32.35 0 -10
      vertex 32.430756748113 0 -10.509878040718663
    endloop
  endfacet
  facet normal 0 1 0
    outer loop
      vertex -39 0 15
      vertex 32.430756748113 0 -9.490121959281337
      vertex 32.35 0 -10
    endloop
  endfacet
  facet normal 0 1 0
    outer loop
      vertex -39 0 15
      vertex 32.665121959281336 0 -9.03015433371742
      vertex 32.430756748113 0 -9.490121959281337
    endloop
  endfacet
  facet normal 0 1 0
    outer loop
      vertex -39 0 15
      vertex 33.03015433371742 0 -11.334878040718664
      vertex 39 0 -15
    endloop
  endfacet
  facet normal 0 1 0
    outer loop
      vertex 39 0 -15
      vertex 33.03015433371742 0 -11.334878040718664
      vertex 33.49012195928134 0 -11.569243251887004
    endloop
  endfacet
  facet normal 0 1 0
    outer loop
      vertex 39 0 -15
      vertex 33.49012195928134 0 -11.569243251887004
      vertex 34 0 -11.65
    endloop
  endfacet
  facet normal 0 1 0
    outer loop
      vertex 39 0 -15
      vertex 34 0 -11.65
      vertex 34.50987804071866 0 -11.569243251887004
    endloop
  endfacet
  facet normal 0 1 0
    outer loop
      vertex 39 0 -15
      vertex 34.50987804071866 0 -11.569243251887004
      vertex 34.96984566628258 0 -11.334878040718664
    endloop
  endfacet
  facet normal 0 1 0
    outer loop
      vertex 39 0 -15
      vertex 34.96984566628258 0 -11.334878040718664
      vertex 35.334878040718664 0 -10.96984566628258
    endloop
  endfacet
  facet normal 0 1 0
    outer loop
      vertex 39 0 -15
      vertex 35.334878040718664 0 -10.96984566628258
      vertex 35.569243251887 0 -10.509878040718663
    endloop
  endfacet
  facet normal 0 1 0
    outer loop
      vertex 39 0 -15
      vertex 35.569243251887 0 -10.509878040718663
      vertex 35.65 0 -10
    endloop
  endfacet
  facet normal 0 1 0
    outer loop
      vertex 39 0 -15
      vertex 35.65 0 -10
      vertex 35.569243251887 0 -9.490121959281337
    endloop
  endfacet
  facet normal 0 1 0
    outer loop
      vertex 39 0 -15
      vertex 35.569243251887 0 -9.490121959281337
      vertex 35.334878040718664 0 -9.03015433371742
    endloop
  endfacet
  facet normal 0 1 0
    outer loop
      vertex 39 0 -15
      vertex 35.334878040718664 0 -9.03015433371742
      vertex 35.334878040718664 0 9.03015433371742
    endloop
  endfacet
  facet normal 0 1 0
    outer loop
      vertex 32.665121959281336 0 -9.03015433371742
      vertex 33.03015433371742 0 8.665121959281336
      vertex 33.03015433371742 0 -8.665121959281336
    endloop
  endfacet
  facet normal 0 1 0
    outer loop
      vertex 33.03015433371742 0 -8.665121959281336
      vertex 33.49012195928134 0 8.430756748112996
      vertex 33.49012195928134 0 -8.430756748112996
    endloop
  endfacet
  facet normal 0 1 0
    outer loop
      vertex 33.49012195928134 0 -8.430756748112996
      vertex 34 0 8.35
      vertex 34 0 -8.35
    endloop
  endfacet
  facet normal 0 1 0
    outer loop
      vertex 34.96984566628258 0 -8.665121959281336
      vertex 35.334878040718664 0 9.03015433371742
      vertex 35.334878040718664 0 -9.03015433371742
    endloop
  endfacet
  facet normal 0 1 0
    outer loop
      vertex 34 0 -8.35
      vertex 34.50987804071866 0 8.430756748112996
      vertex 34.50987804071866 0 -8.430756748112996
    endloop
  endfacet
  facet normal 0 1 0
    outer loop
      vertex 34.50987804071866 0 -8.430756748112996
      vertex 34.96984566628258 0 8.665121959281336
      vertex 34.96984566628258 0 -8.665121959281336
    endloop
  endfacet
  facet normal 0 0 1
    outer loop
      vertex -39 0 15
      vertex 39 -5 15
      vertex 39 0 15
    endloop
  endfacet
  facet normal 0 1 0
    outer loop
      vertex -39 0 15
      vertex 32.665121959281336 0 9.03015433371742
      vertex 32.665121959281336 0 -9.03015433371742
    endloop
  endfacet
  facet normal 0 1 0
    outer loop
      vertex -39 0 15
      vertex 32.430756748113 0 9.490121959281337
      vertex 32.665121959281336 0 9.03015433371742
    endloop
  endfacet
  facet normal 0 1 0
    outer loop
      vertex -39 0 15
      vertex 32.35 0 10
      vertex 32.430756748113 0 9.490121959281337
    endloop
  endfacet
  facet normal 0 1 0
    outer loop
      vertex -39 0 15
      vertex 32.430756748113 0 10.509878040718663
      vertex 32.35 0 10
    endloop
  endfacet
  facet normal 0 1 0
    outer loop
      vertex -39 0 15
      vertex 32.665121959281336 0 10.96984566628258
      vertex 32.430756748113 0 10.509878040718663
    endloop
  endfacet
  facet normal 0 1 0
    outer loop
      vertex -39 0 15
      vertex 33.03015433371742 0 11.334878040718664
      vertex 32.665121959281336 0 10.96984566628258
    endloop
  endfacet
  facet normal 0 1 0
    outer loop
      vertex -39 0 15
      vertex 33.49012195928134 0 11.569243251887004
      vertex 33.03015433371742 0 11.334878040718664
    endloop
  endfacet
  facet normal 0 1 0
    outer loop
      vertex -39 0 15
      vertex 34 0 11.65
      vertex 33.49012195928134 0 11.569243251887004
    endloop
  endfacet
  facet normal 0 1 0
    outer loop
      vertex -39 0 15
      vertex 39 0 15
      vertex 34 0 11.65
    endloop
  endfacet
  facet normal 1 0 0
    outer loop
      vertex 39 -5 15
      vertex 39 0 -15
      vertex 39 0 15
    endloop
  endfacet
  facet normal 0 1 0
    outer loop
      vertex 33.03015433371742 0 -8.665121959281336
      vertex 33.03015433371742 0 8.665121959281336
      vertex 33.49012195928134 0 8.430756748112996
    endloop
  endfacet
  facet normal 0 1 0
    outer loop
      vertex 33.49012195928134 0 -8.430756748112996
      vertex 33.49012195928134 0 8.430756748112996
      vertex 34 0 8.35
    endloop
  endfacet
  facet normal 0 1 0
    outer loop
      vertex 32.665121959281336 0 -9.03015433371742
      vertex 32.665121959281336 0 9.03015433371742
      vertex 33.03015433371742 0 8.665121959281336
    endloop
  endfacet
  facet normal 0 1 0
    outer loop
      vertex 39 0 -15
      vertex 35.334878040718664 0 9.03015433371742
      vertex 35.569243251887 0 9.490121959281337
    endloop
  endfacet
  facet normal 0 1 0
    outer loop
      vertex 39 0 -15
      vertex 35.569243251887 0 9.490121959281337
      vertex 35.65 0 10
    endloop
  endfacet
  facet normal 0 1 0
    outer loop
      vertex 34 0 -8.35
      vertex 34 0 8.35
      vertex 34.50987804071866 0 8.430756748112996
    endloop
  endfacet
  facet normal 0 1 0
    outer loop
      vertex 34.50987804071866 0 -8.430756748112996
      vertex 34.50987804071866 0 8.430756748112996
      vertex 34.96984566628258 0 8.665121959281336
    endloop
  endfacet
  facet normal 0 1 0
    outer loop
      vertex 34.96984566628258 0 -8.665121959281336
      vertex 34.96984566628258 0 8.665121959281336
      vertex 35.334878040718664 0 9.03015433371742
    endloop
  endfacet
  facet normal 0 1 0
    outer loop
      vertex 39 0 -15
      vertex 35.65 0 10
      vertex 39 0 15
    endloop
  endfacet
  facet normal 0 1 0
    outer loop
      vertex 39 0 15
      vertex 34.96984566628258 0 11.334878040718664
      vertex 34.50987804071866 0 11.569243251887004
    endloop
  endfacet
  facet normal 0 1 0
    outer loop
      vertex 39 0 15
      vertex 35.334878040718664 0 10.96984566628258
      vertex 34.96984566628258 0 11.334878040718664
    endloop
  endfacet
  facet normal 0 1 0
    outer loop
      vertex 39 0 15
      vertex 34.50987804071866 0 11.569243251887004
      vertex 34 0 11.65
    endloop
  endfacet
  facet normal 0 1 0
    outer loop
      vertex 39 0 15
      vertex 35.65 0 10
      vertex 35.569243251887 0 10.509878040718663
    endloop
  endfacet
  facet normal 0 1 0
    outer loop
      vertex 39 0 15
      vertex 35.569243251887 0 10.509878040718663
      vertex 35.334878040718664 0 10.96984566628258
    endloop
  endfacet
endsolid OpenSCAD_Model
