solid OpenSCAD_Model
  facet normal -0.1564344650402319 -0.9876883405951377 0
    outer loop
      vertex -38 0.02462331880972446 -13.312868930080462
      vertex -38.610424964779774 0.12130513521649444 -12.687131069919538
      vertex -38.610424964779774 0.12130513521649444 -13.312868930080462
    endloop
  endfacet
  facet normal -0.14895215807826837 -0.9404469136807773 -0.30556972551633277
    outer loop
      vertex -38 0.02462331880972446 -13.312868930080462
      vertex -38.610424964779774 0.12130513521649444 -13.312868930080462
      vertex -38 0.2179869516232642 -13.907980999479093
    endloop
  endfacet
  facet normal -0.1270965678982285 -0.8024561480774416 -0.5830185184376272
    outer loop
      vertex -38 0.2179869516232642 -13.907980999479093
      vertex -38.55067231614632 0.30520487821831477 -13.907980999479093
      vertex -38.43701602444882 0.6550029760720852 -14.414213562373096
    endloop
  endfacet
  facet normal -0.4539904997395454 -0.8910065241883686 0
    outer loop
      vertex -38.610424964779774 0.12130513521649444 -13.312868930080462
      vertex -38.610424964779774 0.12130513521649444 -12.687131069919538
      vertex -39.16109728092609 0.40188669462508453 -13.312868930080462
    endloop
  endfacet
  facet normal -0.4322759991913907 -0.8483894172907627 -0.3055697255163295
    outer loop
      vertex -38.610424964779774 0.12130513521649444 -13.312868930080462
      vertex -39.16109728092609 0.40188669462508453 -13.312868930080462
      vertex -38.55067231614632 0.30520487821831477 -13.907980999479093
    endloop
  endfacet
  facet normal -0.14895215807826717 -0.940446913680778 -0.30556972551633166
    outer loop
      vertex -38.610424964779774 0.12130513521649444 -13.312868930080462
      vertex -38.55067231614632 0.30520487821831477 -13.907980999479093
      vertex -38 0.2179869516232642 -13.907980999479093
    endloop
  endfacet
  facet normal 0 -1 0
    outer loop
      vertex -38 0.02462331880972446 -13.312868930080462
      vertex -34 0.02462331880972446 -11.75
      vertex -34.54077974015616 0.02462331880972446 -11.664348903516519
    endloop
  endfacet
  facet normal 0 -1 0
    outer loop
      vertex -38 0.02462331880972446 -13.312868930080462
      vertex -33.45922025984384 0.02462331880972446 -11.664348903516519
      vertex -34 0.02462331880972446 -11.75
    endloop
  endfacet
  facet normal 0 -1 0
    outer loop
      vertex -38 0.02462331880972446 -13.312868930080462
      vertex -35.41577974015616 0.02462331880972446 -11.028624191511827
      vertex -35.66434890351652 0.02462331880972446 -10.540779740156157
    endloop
  endfacet
  facet normal 0 -1 0
    outer loop
      vertex -38 0.02462331880972446 -13.312868930080462
      vertex -35.66434890351652 0.02462331880972446 -10.540779740156157
      vertex -35.75 0.02462331880972446 -10
    endloop
  endfacet
  facet normal 0 -1 0
    outer loop
      vertex -38 0.02462331880972446 -13.312868930080462
      vertex -34.54077974015616 0.02462331880972446 -11.664348903516519
      vertex -35.02862419151183 0.02462331880972446 -11.415779740156157
    endloop
  endfacet
  facet normal 0 -1 0
    outer loop
      vertex -38 0.02462331880972446 -13.312868930080462
      vertex -35.02862419151183 0.02462331880972446 -11.415779740156157
      vertex -35.41577974015616 0.02462331880972446 -11.028624191511827
    endloop
  endfacet
  facet normal -0.3688486060949505 -0.7239061492628767 -0.583018518437627
    outer loop
      vertex -38.55067231614632 0.30520487821831477 -13.907980999479093
      vertex -39.0474409892286 0.5583211596653155 -13.907980999479093
      vertex -38.83125387555491 0.8558771943646313 -14.414213562373096
    endloop
  endfacet
  facet normal -0.1270965678982281 -0.8024561480774415 -0.5830185184376275
    outer loop
      vertex -38 0.2179869516232642 -13.907980999479093
      vertex -38.43701602444882 0.6550029760720852 -14.414213562373096
      vertex -38 0.5857864376269049 -14.414213562373096
    endloop
  endfacet
  facet normal -0.4322759991913936 -0.84838941729076 -0.3055697255163328
    outer loop
      vertex -38.55067231614632 0.30520487821831477 -13.907980999479093
      vertex -39.16109728092609 0.40188669462508453 -13.312868930080462
      vertex -39.0474409892286 0.5583211596653155 -13.907980999479093
    endloop
  endfacet
  facet normal -0.3688486060949502 -0.7239061492628769 -0.5830185184376273
    outer loop
      vertex -38.55067231614632 0.30520487821831477 -13.907980999479093
      vertex -38.83125387555491 0.8558771943646313 -14.414213562373096
      vertex -38.43701602444882 0.6550029760720852 -14.414213562373096
    endloop
  endfacet
  facet normal -0.6732856536596773 -0.6732856536596739 -0.3055697255163325
    outer loop
      vertex -39.16109728092609 0.40188669462508453 -13.312868930080462
      vertex -39.44167884033468 0.9525590107714013 -13.907980999479093
      vertex -39.0474409892286 0.5583211596653155 -13.907980999479093
    endloop
  endfacet
  facet normal -0.7071067811865456 -0.7071067811865493 0
    outer loop
      vertex -39.16109728092609 0.40188669462508453 -13.312868930080462
      vertex -39.598113305374916 0.8389027190739056 -12.687131069919538
      vertex -39.598113305374916 0.8389027190739056 -13.312868930080462
    endloop
  endfacet
  facet normal -0.6732856536596729 -0.6732856536596763 -0.3055697255163369
    outer loop
      vertex -39.16109728092609 0.40188669462508453 -13.312868930080462
      vertex -39.598113305374916 0.8389027190739056 -13.312868930080462
      vertex -39.44167884033468 0.9525590107714013 -13.907980999479093
    endloop
  endfacet
  facet normal -0.5744951728077436 -0.5744951728077408 -0.5830185184376264
    outer loop
      vertex -39.0474409892286 0.5583211596653155 -13.907980999479093
      vertex -39.44167884033468 0.9525590107714013 -13.907980999479093
      vertex -38.83125387555491 0.8558771943646313 -14.414213562373096
    endloop
  endfacet
  facet normal -0.0926952160090245 -0.5852545604801117 -0.80553379591813
    outer loop
      vertex -38.43701602444882 0.6550029760720852 -14.414213562373096
      vertex -38.28058155940859 1.1364587537732218 -14.782013048376736
      vertex -38 0.5857864376269049 -14.414213562373096
    endloop
  endfacet
  facet normal -0.2690119944385657 -0.5279657663920196 -0.8055337959181303
    outer loop
      vertex -38.43701602444882 0.6550029760720852 -14.414213562373096
      vertex -38.83125387555491 0.8558771943646313 -14.414213562373096
      vertex -38.53369784085559 1.265427940851863 -14.782013048376736
    endloop
  endfacet
  facet normal -0.09269521600902586 -0.5852545604801122 -0.8055337959181297
    outer loop
      vertex -38 0.5857864376269049 -14.414213562373096
      vertex -38.28058155940859 1.1364587537732218 -14.782013048376736
      vertex -38 1.0920190005209065 -14.782013048376736
    endloop
  endfacet
  facet normal -0.5744951728077425 -0.5744951728077438 -0.5830185184376244
    outer loop
      vertex -38.83125387555491 0.8558771943646313 -14.414213562373096
      vertex -39.44167884033468 0.9525590107714013 -13.907980999479093
      vertex -39.14412280563537 1.168746124445093 -14.414213562373096
    endloop
  endfacet
  facet normal -0.26901199443856527 -0.5279657663920198 -0.8055337959181307
    outer loop
      vertex -38.43701602444882 0.6550029760720852 -14.414213562373096
      vertex -38.53369784085559 1.265427940851863 -14.782013048376736
      vertex -38.28058155940859 1.1364587537732218 -14.782013048376736
    endloop
  endfacet
  facet normal -0.8910065241883691 -0.4539904997395445 0
    outer loop
      vertex -39.598113305374916 0.8389027190739056 -13.312868930080462
      vertex -39.598113305374916 0.8389027190739056 -12.687131069919538
      vertex -39.878694864783505 1.3895750352202225 -13.312868930080462
    endloop
  endfacet
  facet normal -0.8483894172907556 -0.4322759991913986 -0.3055697255163383
    outer loop
      vertex -39.598113305374916 0.8389027190739056 -13.312868930080462
      vertex -39.69479512178169 1.4493276838536833 -13.907980999479093
      vertex -39.44167884033468 0.9525590107714013 -13.907980999479093
    endloop
  endfacet
  facet normal -0.4189960045356798 -0.41899600453568064 -0.8055337959181305
    outer loop
      vertex -38.83125387555491 0.8558771943646313 -14.414213562373096
      vertex -39.14412280563537 1.168746124445093 -14.414213562373096
      vertex -38.734572059148135 1.466302159144409 -14.782013048376736
    endloop
  endfacet
  facet normal -0.7239061492628788 -0.3688486060949515 -0.583018518437624
    outer loop
      vertex -39.44167884033468 0.9525590107714013 -13.907980999479093
      vertex -39.34499702392792 1.562983975551179 -14.414213562373096
      vertex -39.14412280563537 1.168746124445093 -14.414213562373096
    endloop
  endfacet
  facet normal -0.7239061492628739 -0.36884860609495534 -0.5830185184376275
    outer loop
      vertex -39.44167884033468 0.9525590107714013 -13.907980999479093
      vertex -39.69479512178169 1.4493276838536833 -13.907980999479093
      vertex -39.34499702392792 1.562983975551179 -14.414213562373096
    endloop
  endfacet
  facet normal -0.41899600453567837 -0.4189960045356812 -0.8055337959181311
    outer loop
      vertex -38.83125387555491 0.8558771943646313 -14.414213562373096
      vertex -38.734572059148135 1.466302159144409 -14.782013048376736
      vertex -38.53369784085559 1.265427940851863 -14.782013048376736
    endloop
  endfacet
  facet normal -0.0488849676225499 -0.30864753837171227 -0.949919447636285
    outer loop
      vertex -38.28058155940859 1.1364587537732218 -14.782013048376736
      vertex -38 1.6871310699195383 -14.975376681190276
      vertex -38 1.0920190005209065 -14.782013048376736
    endloop
  endfacet
  facet normal -0.8483894172907636 -0.43227599919139004 -0.30556972551632827
    outer loop
      vertex -39.598113305374916 0.8389027190739056 -13.312868930080462
      vertex -39.878694864783505 1.3895750352202225 -13.312868930080462
      vertex -39.69479512178169 1.4493276838536833 -13.907980999479093
    endloop
  endfacet
  facet normal -0.5279657663920191 -0.26901199443856577 -0.805533795918131
    outer loop
      vertex -39.14412280563537 1.168746124445093 -14.414213562373096
      vertex -39.34499702392792 1.562983975551179 -14.414213562373096
      vertex -38.734572059148135 1.466302159144409 -14.782013048376736
    endloop
  endfacet
  facet normal -0.14186970163515705 -0.2784349668420395 -0.9499194476362846
    outer loop
      vertex -38.28058155940859 1.1364587537732218 -14.782013048376736
      vertex -38.53369784085559 1.265427940851863 -14.782013048376736
      vertex -38.183899743001824 1.7468837185529993 -14.975376681190276
    endloop
  endfacet
  facet normal -0.22096724078738 -0.22096724078738145 -0.9499194476362843
    outer loop
      vertex -38.53369784085559 1.265427940851863 -14.782013048376736
      vertex -38.734572059148135 1.466302159144409 -14.782013048376736
      vertex -38.183899743001824 1.7468837185529993 -14.975376681190276
    endloop
  endfacet
  facet normal -0.04888496762254825 -0.3086475383717131 -0.9499194476362848
    outer loop
      vertex -38.28058155940859 1.1364587537732218 -14.782013048376736
      vertex -38.09668181640677 1.702443965300684 -14.975376681190276
      vertex -38 1.6871310699195383 -14.975376681190276
    endloop
  endfacet
  facet normal -0.15643446504023187 -0.9876883405951374 0
    outer loop
      vertex -38 0.02462331880972446 -13.312868930080462
      vertex -38 0.02462331880972446 13.312868930080462
      vertex -38.610424964779774 0.12130513521649444 -12.687131069919538
    endloop
  endfacet
  facet normal -0.45399049973954547 -0.8910065241883686 0
    outer loop
      vertex -38.610424964779774 0.12130513521649444 -12.687131069919538
      vertex -38.610424964779774 0.12130513521649444 13.312868930080462
      vertex -39.16109728092609 0.40188669462508453 -13.312868930080462
    endloop
  endfacet
  facet normal -0.7071067811865458 -0.7071067811865492 0
    outer loop
      vertex -39.16109728092609 0.40188669462508453 -13.312868930080462
      vertex -39.598113305374916 0.8389027190739056 13.312868930080462
      vertex -39.598113305374916 0.8389027190739056 -12.687131069919538
    endloop
  endfacet
  facet normal 0 -1 0
    outer loop
      vertex -38 0.02462331880972446 -13.312868930080462
      vertex -35.75 0.02462331880972446 -10
      vertex -38 0.02462331880972446 13.312868930080462
    endloop
  endfacet
  facet normal 0 -1 0
    outer loop
      vertex -35.02862419151183 0.02462331880972446 -8.584220259843843
      vertex -35.41577974015616 0.02462331880972446 8.971375808488173
      vertex -35.41577974015616 0.02462331880972446 -8.971375808488173
    endloop
  endfacet
  facet normal 0 -1 0
    outer loop
      vertex -38 0.02462331880972446 13.312868930080462
      vertex -35.75 0.02462331880972446 -10
      vertex -35.66434890351652 0.02462331880972446 -9.459220259843843
    endloop
  endfacet
  facet normal 0 -1 0
    outer loop
      vertex -38 0.02462331880972446 13.312868930080462
      vertex -35.66434890351652 0.02462331880972446 -9.459220259843843
      vertex -35.41577974015616 0.02462331880972446 -8.971375808488173
    endloop
  endfacet
  facet normal 0 -1 0
    outer loop
      vertex -32.97137580848817 0.02462331880972446 -8.584220259843843
      vertex -33.45922025984384 0.02462331880972446 8.335651096483481
      vertex -33.45922025984384 0.02462331880972446 -8.335651096483481
    endloop
  endfacet
  facet normal 0 -1 0
    outer loop
      vertex -32.58422025984384 0.02462331880972446 -8.971375808488173
      vertex -32.97137580848817 0.02462331880972446 8.584220259843843
      vertex -32.97137580848817 0.02462331880972446 -8.584220259843843
    endloop
  endfacet
  facet normal 0 -1 0
    outer loop
      vertex -34.54077974015616 0.02462331880972446 -8.335651096483481
      vertex -35.02862419151183 0.02462331880972446 8.584220259843843
      vertex -35.02862419151183 0.02462331880972446 -8.584220259843843
    endloop
  endfacet
  facet normal 0 -1 0
    outer loop
      vertex -34 0.02462331880972446 -8.25
      vertex -34.54077974015616 0.02462331880972446 8.335651096483481
      vertex -34.54077974015616 0.02462331880972446 -8.335651096483481
    endloop
  endfacet
  facet normal 0 -1 0
    outer loop
      vertex -33.45922025984384 0.02462331880972446 -8.335651096483481
      vertex -34 0.02462331880972446 8.25
      vertex -34 0.02462331880972446 -8.25
    endloop
  endfacet
  facet normal -0.891006524188369 -0.4539904997395445 0
    outer loop
      vertex -39.598113305374916 0.8389027190739056 -12.687131069919538
      vertex -39.598113305374916 0.8389027190739056 13.312868930080462
      vertex -39.878694864783505 1.3895750352202225 -13.312868930080462
    endloop
  endfacet
  facet normal -0.8910065241883691 -0.4539904997395445 0
    outer loop
      vertex -39.878694864783505 1.3895750352202225 -13.312868930080462
      vertex -39.598113305374916 0.8389027190739056 13.312868930080462
      vertex -39.878694864783505 1.3895750352202225 -12.687131069919538
    endloop
  endfacet
  facet normal -0.5279657663920189 -0.2690119944385725 -0.8055337959181289
    outer loop
      vertex -38.734572059148135 1.466302159144409 -14.782013048376736
      vertex -39.34499702392792 1.562983975551179 -14.414213562373096
      vertex -38.86354124622678 1.71941844059141 -14.782013048376736
    endloop
  endfacet
  facet normal -0.8024561480774426 -0.12709656789822102 -0.5830185184376275
    outer loop
      vertex -39.69479512178169 1.4493276838536833 -13.907980999479093
      vertex -39.78201304837673 2 -13.907980999479093
      vertex -39.34499702392792 1.562983975551179 -14.414213562373096
    endloop
  endfacet
  facet normal -0.1418697016351545 -0.27843496684204 -0.9499194476362849
    outer loop
      vertex -38.28058155940859 1.1364587537732218 -14.782013048376736
      vertex -38.183899743001824 1.7468837185529993 -14.975376681190276
      vertex -38.09668181640677 1.702443965300684 -14.975376681190276
    endloop
  endfacet
  facet normal -0.2784349668420363 -0.1418697016351594 -0.9499194476362851
    outer loop
      vertex -38.734572059148135 1.466302159144409 -14.782013048376736
      vertex -38.86354124622678 1.71941844059141 -14.782013048376736
      vertex -38.253116281447 1.8161002569981797 -14.975376681190276
    endloop
  endfacet
  facet normal -0.220967240787386 -0.2209672407873704 -0.9499194476362854
    outer loop
      vertex -38.734572059148135 1.466302159144409 -14.782013048376736
      vertex -38.253116281447 1.8161002569981797 -14.975376681190276
      vertex -38.183899743001824 1.7468837185529993 -14.975376681190276
    endloop
  endfacet
  facet normal -0.9876883405951372 -0.15643446504023392 0
    outer loop
      vertex -39.878694864783505 1.3895750352202225 -13.312868930080462
      vertex -39.878694864783505 1.3895750352202225 -12.687131069919538
      vertex -39.975376681190276 2 -13.312868930080462
    endloop
  endfacet
  facet normal -0.9404469136807786 -0.14895215807827059 -0.30556972551632783
    outer loop
      vertex -39.878694864783505 1.3895750352202225 -13.312868930080462
      vertex -39.975376681190276 2 -13.312868930080462
      vertex -39.69479512178169 1.4493276838536833 -13.907980999479093
    endloop
  endfacet
  facet normal -0.5852545604801139 -0.09269521600902013 -0.8055337959181289
    outer loop
      vertex -39.34499702392792 1.562983975551179 -14.414213562373096
      vertex -38.90798099947909 2 -14.782013048376736
      vertex -38.86354124622678 1.71941844059141 -14.782013048376736
    endloop
  endfacet
  facet normal -0.5852545604801147 -0.0926952160090189 -0.8055337959181286
    outer loop
      vertex -39.34499702392792 1.562983975551179 -14.414213562373096
      vertex -39.41421356237309 2 -14.414213562373096
      vertex -38.90798099947909 2 -14.782013048376736
    endloop
  endfacet
  facet normal -0.8024561480774424 -0.12709656789821994 -0.5830185184376282
    outer loop
      vertex -39.34499702392792 1.562983975551179 -14.414213562373096
      vertex -39.78201304837673 2 -13.907980999479093
      vertex -39.41421356237309 2 -14.414213562373096
    endloop
  endfacet
  facet normal 0 0 -1
    outer loop
      vertex -38 1.6871310699195383 -14.975376681190276
      vertex -38.09668181640677 1.702443965300684 -14.975376681190276
      vertex -38.183899743001824 1.7468837185529993 -14.975376681190276
    endloop
  endfacet
  facet normal -0.27843496684203467 -0.1418697016351685 -0.9499194476362842
    outer loop
      vertex -38.86354124622678 1.71941844059141 -14.782013048376736
      vertex -38.29755603469932 1.9033181835932302 -14.975376681190276
      vertex -38.253116281447 1.8161002569981797 -14.975376681190276
    endloop
  endfacet
  facet normal -0.308647538371715 -0.048884967622541776 -0.9499194476362844
    outer loop
      vertex -38.86354124622678 1.71941844059141 -14.782013048376736
      vertex -38.31286893008046 2 -14.975376681190276
      vertex -38.29755603469932 1.9033181835932302 -14.975376681190276
    endloop
  endfacet
  facet normal 0 0 -1
    outer loop
      vertex -38.183899743001824 1.7468837185529993 -14.975376681190276
      vertex -38.253116281447 1.8161002569981797 -14.975376681190276
      vertex -38.31286893008046 2 -14.975376681190276
    endloop
  endfacet
  facet normal -0.940446913680777 -0.148952158078258 -0.30556972551633865
    outer loop
      vertex -39.69479512178169 1.4493276838536833 -13.907980999479093
      vertex -39.975376681190276 2 -13.312868930080462
      vertex -39.78201304837673 2 -13.907980999479093
    endloop
  endfacet
  facet normal -0.3086475383717126 -0.048884967622546766 -0.949919447636285
    outer loop
      vertex -38.86354124622678 1.71941844059141 -14.782013048376736
      vertex -38.90798099947909 2 -14.782013048376736
      vertex -38.31286893008046 2 -14.975376681190276
    endloop
  endfacet
  facet normal 0 0 -1
    outer loop
      vertex -38.253116281447 1.8161002569981797 -14.975376681190276
      vertex -38.29755603469932 1.9033181835932302 -14.975376681190276
      vertex -38.31286893008046 2 -14.975376681190276
    endloop
  endfacet
  facet normal 0 0 -1
    outer loop
      vertex -38 1.6871310699195383 -14.975376681190276
      vertex -38.183899743001824 1.7468837185529993 -14.975376681190276
      vertex -38.09668181640677 2.297556034699316 -14.975376681190276
    endloop
  endfacet
  facet normal 0 0 -1
    outer loop
      vertex -38.183899743001824 1.7468837185529993 -14.975376681190276
      vertex -38.31286893008046 2 -14.975376681190276
      vertex -38.31286893008046 4 -14.975376681190276
    endloop
  endfacet
  facet normal -0.5877852522924751 0 -0.809016994374946
    outer loop
      vertex -38.90798099947909 2 -14.782013048376736
      vertex -39.41421356237309 2 -14.414213562373096
      vertex -39.41421356237309 4 -14.414213562373096
    endloop
  endfacet
  facet normal -0.8090169943749479 0 -0.5877852522924725
    outer loop
      vertex -39.41421356237309 2 -14.414213562373096
      vertex -39.78201304837673 2 -13.907980999479093
      vertex -39.41421356237309 4 -14.414213562373096
    endloop
  endfacet
  facet normal -0.30901699437494806 0 -0.9510565162951533
    outer loop
      vertex -38.90798099947909 2 -14.782013048376736
      vertex -38.31286893008046 4 -14.975376681190276
      vertex -38.31286893008046 2 -14.975376681190276
    endloop
  endfacet
  facet normal 0 0 -1
    outer loop
      vertex -38.183899743001824 1.7468837185529993 -14.975376681190276
      vertex -38.31286893008046 4 -14.975376681190276
      vertex -38.09668181640677 2.297556034699316 -14.975376681190276
    endloop
  endfacet
  facet normal -0.9510565162951516 0 -0.3090169943749532
    outer loop
      vertex -39.78201304837673 2 -13.907980999479093
      vertex -39.975376681190276 2 -13.312868930080462
      vertex -39.975376681190276 4 -13.312868930080462
    endloop
  endfacet
  facet normal -0.9876883405951373 -0.1564344650402339 0
    outer loop
      vertex -39.878694864783505 1.3895750352202225 -12.687131069919538
      vertex -39.975376681190276 2 13.312868930080462
      vertex -39.975376681190276 2 -13.312868930080462
    endloop
  endfacet
  facet normal 0 -0.9510565162951536 -0.3090169943749478
    outer loop
      vertex -38 0.02462331880972446 -13.312868930080462
      vertex -38 0.2179869516232642 -13.907980999479093
      vertex 38 0.2179869516232642 -13.907980999479093
    endloop
  endfacet
  facet normal 0 -0.8090169943749479 -0.5877852522924725
    outer loop
      vertex -38 0.2179869516232642 -13.907980999479093
      vertex -38 0.5857864376269049 -14.414213562373096
      vertex 38 0.2179869516232642 -13.907980999479093
    endloop
  endfacet
  facet normal 0 -0.5877852522924729 -0.8090169943749475
    outer loop
      vertex -38 0.5857864376269049 -14.414213562373096
      vertex -38 1.0920190005209065 -14.782013048376736
      vertex 38 1.0920190005209065 -14.782013048376736
    endloop
  endfacet
  facet normal 0 -0.30901699437494773 -0.9510565162951533
    outer loop
      vertex -38 1.0920190005209065 -14.782013048376736
      vertex -38 1.6871310699195383 -14.975376681190276
      vertex 38 1.6871310699195383 -14.975376681190276
    endloop
  endfacet
  facet normal 0 -1 0
    outer loop
      vertex -38 0.02462331880972446 -13.312868930080462
      vertex 38 0.02462331880972446 13.312868930080462
      vertex -33.45922025984384 0.02462331880972446 -11.664348903516519
    endloop
  endfacet
  facet normal 0 -1 0
    outer loop
      vertex 38 0.02462331880972446 13.312868930080462
      vertex -32.97137580848817 0.02462331880972446 -11.415779740156157
      vertex -33.45922025984384 0.02462331880972446 -11.664348903516519
    endloop
  endfacet
  facet normal 0 -1 0
    outer loop
      vertex 38 0.02462331880972446 13.312868930080462
      vertex -32.58422025984384 0.02462331880972446 -11.028624191511827
      vertex -32.97137580848817 0.02462331880972446 -11.415779740156157
    endloop
  endfacet
  facet normal 0 -1 0
    outer loop
      vertex 38 0.02462331880972446 13.312868930080462
      vertex -32.33565109648348 0.02462331880972446 -10.540779740156157
      vertex -32.58422025984384 0.02462331880972446 -11.028624191511827
    endloop
  endfacet
  facet normal 0 -1 0
    outer loop
      vertex 38 0.02462331880972446 13.312868930080462
      vertex -32.25 0.02462331880972446 -10
      vertex -32.33565109648348 0.02462331880972446 -10.540779740156157
    endloop
  endfacet
  facet normal 0 -1 0
    outer loop
      vertex 38 0.02462331880972446 13.312868930080462
      vertex -32.33565109648348 0.02462331880972446 -9.459220259843843
      vertex -32.25 0.02462331880972446 -10
    endloop
  endfacet
  facet normal 0 -1 0
    outer loop
      vertex 38 0.02462331880972446 13.312868930080462
      vertex -32.58422025984384 0.02462331880972446 -8.971375808488173
      vertex -32.33565109648348 0.02462331880972446 -9.459220259843843
    endloop
  endfacet
  facet normal 0 0 -1
    outer loop
      vertex -38 1.6871310699195383 -14.975376681190276
      vertex -38.09668181640677 2.297556034699316 -14.975376681190276
      vertex 38 1.6871310699195383 -14.975376681190276
    endloop
  endfacet
  facet normal 0 -1 0
    outer loop
      vertex -35.02862419151183 0.02462331880972446 -8.584220259843843
      vertex -35.02862419151183 0.02462331880972446 8.584220259843843
      vertex -35.41577974015616 0.02462331880972446 8.971375808488173
    endloop
  endfacet
  facet normal 0 -1 0
    outer loop
      vertex -34 0.02462331880972446 -8.25
      vertex -34 0.02462331880972446 8.25
      vertex -34.54077974015616 0.02462331880972446 8.335651096483481
    endloop
  endfacet
  facet normal 0 -1 0
    outer loop
      vertex -33.45922025984384 0.02462331880972446 -8.335651096483481
      vertex -33.45922025984384 0.02462331880972446 8.335651096483481
      vertex -34 0.02462331880972446 8.25
    endloop
  endfacet
  facet normal 0 -1 0
    outer loop
      vertex -32.97137580848817 0.02462331880972446 -8.584220259843843
      vertex -32.97137580848817 0.02462331880972446 8.584220259843843
      vertex -33.45922025984384 0.02462331880972446 8.335651096483481
    endloop
  endfacet
  facet normal 0 -1 0
    outer loop
      vertex -34.54077974015616 0.02462331880972446 -8.335651096483481
      vertex -34.54077974015616 0.02462331880972446 8.335651096483481
      vertex -35.02862419151183 0.02462331880972446 8.584220259843843
    endloop
  endfacet
  facet normal 0 -1 0
    outer loop
      vertex -32.58422025984384 0.02462331880972446 -8.971375808488173
      vertex -32.58422025984384 0.02462331880972446 8.971375808488173
      vertex -32.97137580848817 0.02462331880972446 8.584220259843843
    endloop
  endfacet
  facet normal -0.15643446504023187 -0.9876883405951375 0
    outer loop
      vertex -38.610424964779774 0.12130513521649444 -12.687131069919538
      vertex -38 0.02462331880972446 13.312868930080462
      vertex -38.610424964779774 0.12130513521649444 13.312868930080462
    endloop
  endfacet
  facet normal -0.45399049973954536 -0.8910065241883685 0
    outer loop
      vertex -39.16109728092609 0.40188669462508453 -13.312868930080462
      vertex -38.610424964779774 0.12130513521649444 13.312868930080462
      vertex -39.16109728092609 0.40188669462508453 13.312868930080462
    endloop
  endfacet
  facet normal 0 -1 0
    outer loop
      vertex -38 0.02462331880972446 13.312868930080462
      vertex -35.41577974015616 0.02462331880972446 -8.971375808488173
      vertex -35.41577974015616 0.02462331880972446 8.971375808488173
    endloop
  endfacet
  facet normal -0.7071067811865458 -0.7071067811865493 0
    outer loop
      vertex -39.16109728092609 0.40188669462508453 -13.312868930080462
      vertex -39.16109728092609 0.40188669462508453 13.312868930080462
      vertex -39.598113305374916 0.8389027190739056 13.312868930080462
    endloop
  endfacet
  facet normal -0.891006524188369 -0.4539904997395445 0
    outer loop
      vertex -39.878694864783505 1.3895750352202225 -12.687131069919538
      vertex -39.598113305374916 0.8389027190739056 13.312868930080462
      vertex -39.878694864783505 1.3895750352202225 13.312868930080462
    endloop
  endfacet
  facet normal 0 -1 0
    outer loop
      vertex -38 0.02462331880972446 13.312868930080462
      vertex -35.41577974015616 0.02462331880972446 8.971375808488173
      vertex -35.66434890351652 0.02462331880972446 9.459220259843843
    endloop
  endfacet
  facet normal 0 -1 0
    outer loop
      vertex -38 0.02462331880972446 13.312868930080462
      vertex -35.66434890351652 0.02462331880972446 9.459220259843843
      vertex -35.75 0.02462331880972446 10
    endloop
  endfacet
  facet normal 0 -1 0
    outer loop
      vertex -38 0.02462331880972446 13.312868930080462
      vertex -35.75 0.02462331880972446 10
      vertex -35.66434890351652 0.02462331880972446 10.540779740156157
    endloop
  endfacet
  facet normal 0 -1 0
    outer loop
      vertex -38 0.02462331880972446 13.312868930080462
      vertex -35.66434890351652 0.02462331880972446 10.540779740156157
      vertex -35.41577974015616 0.02462331880972446 11.028624191511827
    endloop
  endfacet
  facet normal 0 -1 0
    outer loop
      vertex -38 0.02462331880972446 13.312868930080462
      vertex -35.41577974015616 0.02462331880972446 11.028624191511827
      vertex -35.02862419151183 0.02462331880972446 11.415779740156157
    endloop
  endfacet
  facet normal 0 -1 0
    outer loop
      vertex -38 0.02462331880972446 13.312868930080462
      vertex -35.02862419151183 0.02462331880972446 11.415779740156157
      vertex -34.54077974015616 0.02462331880972446 11.664348903516519
    endloop
  endfacet
  facet normal 0 -1 0
    outer loop
      vertex -38 0.02462331880972446 13.312868930080462
      vertex -34.54077974015616 0.02462331880972446 11.664348903516519
      vertex -34 0.02462331880972446 11.75
    endloop
  endfacet
  facet normal -0.14895215807826837 -0.9404469136807773 0.30556972551633277
    outer loop
      vertex -38 0.02462331880972446 13.312868930080462
      vertex -38 0.2179869516232642 13.907980999479093
      vertex -38.610424964779774 0.12130513521649444 13.312868930080462
    endloop
  endfacet
  facet normal -0.4322759991913907 -0.8483894172907627 0.3055697255163295
    outer loop
      vertex -38.610424964779774 0.12130513521649444 13.312868930080462
      vertex -38.55067231614632 0.30520487821831477 13.907980999479093
      vertex -39.16109728092609 0.40188669462508453 13.312868930080462
    endloop
  endfacet
  facet normal -0.14895215807826717 -0.940446913680778 0.30556972551633166
    outer loop
      vertex -38.610424964779774 0.12130513521649444 13.312868930080462
      vertex -38 0.2179869516232642 13.907980999479093
      vertex -38.55067231614632 0.30520487821831477 13.907980999479093
    endloop
  endfacet
  facet normal -0.1270965678982285 -0.8024561480774416 0.5830185184376272
    outer loop
      vertex -38 0.2179869516232642 13.907980999479093
      vertex -38.43701602444882 0.6550029760720852 14.414213562373096
      vertex -38.55067231614632 0.30520487821831477 13.907980999479093
    endloop
  endfacet
  facet normal -0.4322759991913936 -0.84838941729076 0.3055697255163328
    outer loop
      vertex -38.55067231614632 0.30520487821831477 13.907980999479093
      vertex -39.0474409892286 0.5583211596653155 13.907980999479093
      vertex -39.16109728092609 0.40188669462508453 13.312868930080462
    endloop
  endfacet
  facet normal -0.3688486060949505 -0.7239061492628767 0.583018518437627
    outer loop
      vertex -38.55067231614632 0.30520487821831477 13.907980999479093
      vertex -38.83125387555491 0.8558771943646313 14.414213562373096
      vertex -39.0474409892286 0.5583211596653155 13.907980999479093
    endloop
  endfacet
  facet normal -0.1270965678982281 -0.8024561480774415 0.5830185184376275
    outer loop
      vertex -38 0.2179869516232642 13.907980999479093
      vertex -38 0.5857864376269049 14.414213562373096
      vertex -38.43701602444882 0.6550029760720852 14.414213562373096
    endloop
  endfacet
  facet normal -0.6732856536596773 -0.6732856536596739 0.3055697255163325
    outer loop
      vertex -39.16109728092609 0.40188669462508453 13.312868930080462
      vertex -39.0474409892286 0.5583211596653155 13.907980999479093
      vertex -39.44167884033468 0.9525590107714013 13.907980999479093
    endloop
  endfacet
  facet normal -0.6732856536596729 -0.6732856536596763 0.3055697255163369
    outer loop
      vertex -39.16109728092609 0.40188669462508453 13.312868930080462
      vertex -39.44167884033468 0.9525590107714013 13.907980999479093
      vertex -39.598113305374916 0.8389027190739056 13.312868930080462
    endloop
  endfacet
  facet normal -0.3688486060949502 -0.7239061492628769 0.5830185184376273
    outer loop
      vertex -38.55067231614632 0.30520487821831477 13.907980999479093
      vertex -38.43701602444882 0.6550029760720852 14.414213562373096
      vertex -38.83125387555491 0.8558771943646313 14.414213562373096
    endloop
  endfacet
  facet normal -0.5744951728077436 -0.5744951728077408 0.5830185184376264
    outer loop
      vertex -39.0474409892286 0.5583211596653155 13.907980999479093
      vertex -38.83125387555491 0.8558771943646313 14.414213562373096
      vertex -39.44167884033468 0.9525590107714013 13.907980999479093
    endloop
  endfacet
  facet normal -0.09269521600902456 -0.585254560480112 0.8055337959181296
    outer loop
      vertex -38.43701602444882 0.6550029760720852 14.414213562373096
      vertex -38 0.5857864376269049 14.414213562373096
      vertex -38 1.0920190005209065 14.782013048376736
    endloop
  endfacet
  facet normal -0.2690119944385657 -0.5279657663920196 0.8055337959181303
    outer loop
      vertex -38.43701602444882 0.6550029760720852 14.414213562373096
      vertex -38.53369784085559 1.265427940851863 14.782013048376736
      vertex -38.83125387555491 0.8558771943646313 14.414213562373096
    endloop
  endfacet
  facet normal -0.8483894172907556 -0.4322759991913986 0.3055697255163383
    outer loop
      vertex -39.598113305374916 0.8389027190739056 13.312868930080462
      vertex -39.44167884033468 0.9525590107714013 13.907980999479093
      vertex -39.69479512178169 1.4493276838536833 13.907980999479093
    endloop
  endfacet
  facet normal -0.5744951728077425 -0.5744951728077439 0.5830185184376243
    outer loop
      vertex -39.44167884033468 0.9525590107714013 13.907980999479093
      vertex -38.83125387555491 0.8558771943646313 14.414213562373096
      vertex -39.14412280563537 1.168746124445093 14.414213562373096
    endloop
  endfacet
  facet normal -0.4189960045356795 -0.4189960045356803 0.8055337959181308
    outer loop
      vertex -38.83125387555491 0.8558771943646313 14.414213562373096
      vertex -38.53369784085559 1.265427940851863 14.782013048376736
      vertex -39.14412280563537 1.168746124445093 14.414213562373096
    endloop
  endfacet
  facet normal -0.09269521600902575 -0.5852545604801114 0.80553379591813
    outer loop
      vertex -38.43701602444882 0.6550029760720852 14.414213562373096
      vertex -38 1.0920190005209065 14.782013048376736
      vertex -38.28058155940859 1.1364587537732218 14.782013048376736
    endloop
  endfacet
  facet normal -0.26901199443856527 -0.5279657663920198 0.8055337959181307
    outer loop
      vertex -38.43701602444882 0.6550029760720852 14.414213562373096
      vertex -38.28058155940859 1.1364587537732218 14.782013048376736
      vertex -38.53369784085559 1.265427940851863 14.782013048376736
    endloop
  endfacet
  facet normal -0.8483894172907636 -0.43227599919139004 0.30556972551632827
    outer loop
      vertex -39.598113305374916 0.8389027190739056 13.312868930080462
      vertex -39.69479512178169 1.4493276838536833 13.907980999479093
      vertex -39.878694864783505 1.3895750352202225 13.312868930080462
    endloop
  endfacet
  facet normal -0.723906149262876 -0.3688486060949564 0.5830185184376244
    outer loop
      vertex -39.44167884033468 0.9525590107714013 13.907980999479093
      vertex -39.14412280563537 1.168746124445093 14.414213562373096
      vertex -39.69479512178169 1.4493276838536833 13.907980999479093
    endloop
  endfacet
  facet normal -0.4189960045356789 -0.41899600453568175 0.8055337959181303
    outer loop
      vertex -39.14412280563537 1.168746124445093 14.414213562373096
      vertex -38.53369784085559 1.265427940851863 14.782013048376736
      vertex -38.734572059148135 1.466302159144409 14.782013048376736
    endloop
  endfacet
  facet normal -0.0488849676225499 -0.30864753837171227 0.949919447636285
    outer loop
      vertex -38.28058155940859 1.1364587537732218 14.782013048376736
      vertex -38 1.0920190005209065 14.782013048376736
      vertex -38 1.6871310699195383 14.975376681190276
    endloop
  endfacet
  facet normal -0.7239061492628761 -0.36884860609495024 0.583018518437628
    outer loop
      vertex -39.14412280563537 1.168746124445093 14.414213562373096
      vertex -39.34499702392792 1.562983975551179 14.414213562373096
      vertex -39.69479512178169 1.4493276838536833 13.907980999479093
    endloop
  endfacet
  facet normal -0.5279657663920158 -0.2690119944385708 0.8055337959181315
    outer loop
      vertex -39.14412280563537 1.168746124445093 14.414213562373096
      vertex -38.734572059148135 1.466302159144409 14.782013048376736
      vertex -38.86354124622678 1.71941844059141 14.782013048376736
    endloop
  endfacet
  facet normal -0.527965766392021 -0.2690119944385667 0.8055337959181292
    outer loop
      vertex -39.14412280563537 1.168746124445093 14.414213562373096
      vertex -38.86354124622678 1.71941844059141 14.782013048376736
      vertex -39.34499702392792 1.562983975551179 14.414213562373096
    endloop
  endfacet
  facet normal -0.14186970163515705 -0.2784349668420395 0.9499194476362846
    outer loop
      vertex -38.28058155940859 1.1364587537732218 14.782013048376736
      vertex -38.183899743001824 1.7468837185529993 14.975376681190276
      vertex -38.53369784085559 1.265427940851863 14.782013048376736
    endloop
  endfacet
  facet normal -0.22096724078738 -0.22096724078738145 0.9499194476362843
    outer loop
      vertex -38.53369784085559 1.265427940851863 14.782013048376736
      vertex -38.183899743001824 1.7468837185529993 14.975376681190276
      vertex -38.734572059148135 1.466302159144409 14.782013048376736
    endloop
  endfacet
  facet normal -0.04888496762254825 -0.3086475383717131 0.9499194476362848
    outer loop
      vertex -38.28058155940859 1.1364587537732218 14.782013048376736
      vertex -38 1.6871310699195383 14.975376681190276
      vertex -38.09668181640677 1.702443965300684 14.975376681190276
    endloop
  endfacet
  facet normal -0.9876883405951372 -0.1564344650402339 0
    outer loop
      vertex -39.878694864783505 1.3895750352202225 -12.687131069919538
      vertex -39.878694864783505 1.3895750352202225 13.312868930080462
      vertex -39.975376681190276 2 13.312868930080462
    endloop
  endfacet
  facet normal -1 0 0
    outer loop
      vertex -39.975376681190276 2 -13.312868930080462
      vertex -39.975376681190276 2 13.312868930080462
      vertex -39.975376681190276 4 13.312868930080462
    endloop
  endfacet
  facet normal -0.9404469136807786 -0.14895215807827059 0.30556972551632783
    outer loop
      vertex -39.878694864783505 1.3895750352202225 13.312868930080462
      vertex -39.69479512178169 1.4493276838536833 13.907980999479093
      vertex -39.975376681190276 2 13.312868930080462
    endloop
  endfacet
  facet normal -0.8024561480774428 -0.12709656789822 0.5830185184376274
    outer loop
      vertex -39.69479512178169 1.4493276838536833 13.907980999479093
      vertex -39.34499702392792 1.562983975551179 14.414213562373096
      vertex -39.41421356237309 2 14.414213562373096
    endloop
  endfacet
  facet normal -0.1418697016351545 -0.27843496684204 0.9499194476362849
    outer loop
      vertex -38.28058155940859 1.1364587537732218 14.782013048376736
      vertex -38.09668181640677 1.702443965300684 14.975376681190276
      vertex -38.183899743001824 1.7468837185529993 14.975376681190276
    endloop
  endfacet
  facet normal -0.2784349668420375 -0.14186970163516002 0.9499194476362847
    outer loop
      vertex -38.734572059148135 1.466302159144409 14.782013048376736
      vertex -38.29755603469932 1.9033181835932302 14.975376681190276
      vertex -38.86354124622678 1.71941844059141 14.782013048376736
    endloop
  endfacet
  facet normal -0.220967240787386 -0.2209672407873704 0.9499194476362854
    outer loop
      vertex -38.734572059148135 1.466302159144409 14.782013048376736
      vertex -38.183899743001824 1.7468837185529993 14.975376681190276
      vertex -38.253116281447 1.8161002569981797 14.975376681190276
    endloop
  endfacet
  facet normal -0.940446913680777 -0.148952158078258 0.30556972551633865
    outer loop
      vertex -39.69479512178169 1.4493276838536833 13.907980999479093
      vertex -39.78201304837673 2 13.907980999479093
      vertex -39.975376681190276 2 13.312868930080462
    endloop
  endfacet
  facet normal -0.5852545604801143 -0.09269521600901881 0.8055337959181288
    outer loop
      vertex -39.34499702392792 1.562983975551179 14.414213562373096
      vertex -38.86354124622678 1.71941844059141 14.782013048376736
      vertex -39.41421356237309 2 14.414213562373096
    endloop
  endfacet
  facet normal -0.8024561480774423 -0.12709656789822094 0.5830185184376282
    outer loop
      vertex -39.69479512178169 1.4493276838536833 13.907980999479093
      vertex -39.41421356237309 2 14.414213562373096
      vertex -39.78201304837673 2 13.907980999479093
    endloop
  endfacet
  facet normal -0.2784349668420312 -0.14186970163516677 0.9499194476362856
    outer loop
      vertex -38.734572059148135 1.466302159144409 14.782013048376736
      vertex -38.253116281447 1.8161002569981797 14.975376681190276
      vertex -38.29755603469932 1.9033181835932302 14.975376681190276
    endloop
  endfacet
  facet normal 0 0 1
    outer loop
      vertex -38 1.6871310699195383 14.975376681190276
      vertex -38.183899743001824 1.7468837185529993 14.975376681190276
      vertex -38.09668181640677 1.702443965300684 14.975376681190276
    endloop
  endfacet
  facet normal 0 0 1
    outer loop
      vertex -38 1.6871310699195383 14.975376681190276
      vertex -38.31286893008046 2 14.975376681190276
      vertex -38.183899743001824 1.7468837185529993 14.975376681190276
    endloop
  endfacet
  facet normal 0 0 1
    outer loop
      vertex -38.183899743001824 1.7468837185529993 14.975376681190276
      vertex -38.29755603469932 1.9033181835932302 14.975376681190276
      vertex -38.253116281447 1.8161002569981797 14.975376681190276
    endloop
  endfacet
  facet normal -0.308647538371715 -0.048884967622541776 0.9499194476362844
    outer loop
      vertex -38.86354124622678 1.71941844059141 14.782013048376736
      vertex -38.29755603469932 1.9033181835932302 14.975376681190276
      vertex -38.31286893008046 2 14.975376681190276
    endloop
  endfacet
  facet normal 0 0 1
    outer loop
      vertex -38.183899743001824 1.7468837185529993 14.975376681190276
      vertex -38.31286893008046 2 14.975376681190276
      vertex -38.29755603469932 1.9033181835932302 14.975376681190276
    endloop
  endfacet
  facet normal -0.5852545604801146 -0.09269521600902016 0.8055337959181285
    outer loop
      vertex -38.86354124622678 1.71941844059141 14.782013048376736
      vertex -38.90798099947909 2 14.782013048376736
      vertex -39.41421356237309 2 14.414213562373096
    endloop
  endfacet
  facet normal -0.3086475383717126 -0.048884967622546766 0.949919447636285
    outer loop
      vertex -38.86354124622678 1.71941844059141 14.782013048376736
      vertex -38.31286893008046 2 14.975376681190276
      vertex -38.90798099947909 2 14.782013048376736
    endloop
  endfacet
  facet normal -0.9510565162951516 0 0.3090169943749532
    outer loop
      vertex -39.975376681190276 2 13.312868930080462
      vertex -39.78201304837673 2 13.907980999479093
      vertex -39.78201304837673 4 13.907980999479093
    endloop
  endfacet
  facet normal -0.8090169943749479 0 0.5877852522924725
    outer loop
      vertex -39.78201304837673 2 13.907980999479093
      vertex -39.41421356237309 2 14.414213562373096
      vertex -39.78201304837673 4 13.907980999479093
    endloop
  endfacet
  facet normal -0.5877852522924751 0 0.809016994374946
    outer loop
      vertex -39.41421356237309 2 14.414213562373096
      vertex -38.90798099947909 2 14.782013048376736
      vertex -38.90798099947909 4 14.782013048376736
    endloop
  endfacet
  facet normal -0.30901699437494806 0 0.9510565162951533
    outer loop
      vertex -38.90798099947909 2 14.782013048376736
      vertex -38.31286893008046 2 14.975376681190276
      vertex -38.90798099947909 4 14.782013048376736
    endloop
  endfacet
  facet normal 0 0 1
    outer loop
      vertex -38 1.6871310699195383 14.975376681190276
      vertex -38 4.3128689300804615 14.975376681190276
      vertex -38.31286893008046 2 14.975376681190276
    endloop
  endfacet
  facet normal 0 -1 0
    outer loop
      vertex 38 0.02462331880972446 13.312868930080462
      vertex -32.58422025984384 0.02462331880972446 8.971375808488173
      vertex -32.58422025984384 0.02462331880972446 -8.971375808488173
    endloop
  endfacet
  facet normal 0 -1 0
    outer loop
      vertex -38 0.02462331880972446 13.312868930080462
      vertex -34 0.02462331880972446 11.75
      vertex 38 0.02462331880972446 13.312868930080462
    endloop
  endfacet
  facet normal 0 -0.9510565162951536 0.3090169943749478
    outer loop
      vertex -38 0.02462331880972446 13.312868930080462
      vertex 38 0.02462331880972446 13.312868930080462
      vertex -38 0.2179869516232642 13.907980999479093
    endloop
  endfacet
  facet normal 0 -0.8090169943749479 0.5877852522924725
    outer loop
      vertex -38 0.2179869516232642 13.907980999479093
      vertex 38 0.2179869516232642 13.907980999479093
      vertex -38 0.5857864376269049 14.414213562373096
    endloop
  endfacet
  facet normal 0 -0.5877852522924729 0.8090169943749475
    outer loop
      vertex -38 0.5857864376269049 14.414213562373096
      vertex 38 1.0920190005209065 14.782013048376736
      vertex -38 1.0920190005209065 14.782013048376736
    endloop
  endfacet
  facet normal 0 -0.30901699437494773 0.9510565162951533
    outer loop
      vertex -38 1.0920190005209065 14.782013048376736
      vertex 38 1.0920190005209065 14.782013048376736
      vertex -38 1.6871310699195383 14.975376681190276
    endloop
  endfacet
  facet normal 0 -1 0
    outer loop
      vertex 38 0.02462331880972446 13.312868930080462
      vertex -32.33565109648348 0.02462331880972446 9.459220259843843
      vertex -32.58422025984384 0.02462331880972446 8.971375808488173
    endloop
  endfacet
  facet normal 0 -1 0
    outer loop
      vertex 38 0.02462331880972446 13.312868930080462
      vertex -32.25 0.02462331880972446 10
      vertex -32.33565109648348 0.02462331880972446 9.459220259843843
    endloop
  endfacet
  facet normal 0 -1 0
    outer loop
      vertex 38 0.02462331880972446 13.312868930080462
      vertex -32.33565109648348 0.02462331880972446 10.540779740156157
      vertex -32.25 0.02462331880972446 10
    endloop
  endfacet
  facet normal 0 -1 0
    outer loop
      vertex 38 0.02462331880972446 13.312868930080462
      vertex -32.58422025984384 0.02462331880972446 11.028624191511827
      vertex -32.33565109648348 0.02462331880972446 10.540779740156157
    endloop
  endfacet
  facet normal 0 -1 0
    outer loop
      vertex 38 0.02462331880972446 13.312868930080462
      vertex -33.45922025984384 0.02462331880972446 11.664348903516519
      vertex -32.97137580848817 0.02462331880972446 11.415779740156157
    endloop
  endfacet
  facet normal 0 -1 0
    outer loop
      vertex 38 0.02462331880972446 13.312868930080462
      vertex -32.97137580848817 0.02462331880972446 11.415779740156157
      vertex -32.58422025984384 0.02462331880972446 11.028624191511827
    endloop
  endfacet
  facet normal 0 -1 0
    outer loop
      vertex 38 0.02462331880972446 13.312868930080462
      vertex -34 0.02462331880972446 11.75
      vertex -33.45922025984384 0.02462331880972446 11.664348903516519
    endloop
  endfacet
  facet normal -0.5877852522924751 0 -0.809016994374946
    outer loop
      vertex -38.90798099947909 2 -14.782013048376736
      vertex -39.41421356237309 4 -14.414213562373096
      vertex -38.90798099947909 4 -14.782013048376736
    endloop
  endfacet
  facet normal -0.8090169943749479 0 -0.5877852522924725
    outer loop
      vertex -39.78201304837673 2 -13.907980999479093
      vertex -39.78201304837673 4 -13.907980999479093
      vertex -39.41421356237309 4 -14.414213562373096
    endloop
  endfacet
  facet normal -0.30901699437494806 0 -0.9510565162951533
    outer loop
      vertex -38.90798099947909 2 -14.782013048376736
      vertex -38.90798099947909 4 -14.782013048376736
      vertex -38.31286893008046 4 -14.975376681190276
    endloop
  endfacet
  facet normal -0.9510565162951516 0 -0.3090169943749532
    outer loop
      vertex -39.78201304837673 2 -13.907980999479093
      vertex -39.975376681190276 4 -13.312868930080462
      vertex -39.78201304837673 4 -13.907980999479093
    endloop
  endfacet
  facet normal 0 0 -1
    outer loop
      vertex -38.09668181640677 2.297556034699316 -14.975376681190276
      vertex -38.31286893008046 4 -14.975376681190276
      vertex -38 4.3128689300804615 -14.975376681190276
    endloop
  endfacet
  facet normal -0.5852545604801146 0.09269521600902009 -0.8055337959181285
    outer loop
      vertex -38.90798099947909 4 -14.782013048376736
      vertex -39.41421356237309 4 -14.414213562373096
      vertex -38.86354124622678 4.28058155940859 -14.782013048376736
    endloop
  endfacet
  facet normal -0.3086475383717126 0.04888496762254672 -0.9499194476362849
    outer loop
      vertex -38.90798099947909 4 -14.782013048376736
      vertex -38.86354124622678 4.28058155940859 -14.782013048376736
      vertex -38.31286893008046 4 -14.975376681190276
    endloop
  endfacet
  facet normal 0 0 -1
    outer loop
      vertex -38.31286893008046 4 -14.975376681190276
      vertex -38.29755603469932 4.09668181640677 -14.975376681190276
      vertex -38.253116281447 4.18389974300182 -14.975376681190276
    endloop
  endfacet
  facet normal -0.8024561480774423 0.127096567898221 -0.5830185184376282
    outer loop
      vertex -39.41421356237309 4 -14.414213562373096
      vertex -39.78201304837673 4 -13.907980999479093
      vertex -39.69479512178169 4.550672316146317 -13.907980999479093
    endloop
  endfacet
  facet normal -0.5852545604801143 0.09269521600901873 -0.8055337959181289
    outer loop
      vertex -39.41421356237309 4 -14.414213562373096
      vertex -39.34499702392792 4.4370160244488215 -14.414213562373096
      vertex -38.86354124622678 4.28058155940859 -14.782013048376736
    endloop
  endfacet
  facet normal -0.3086475383717151 0.04888496762254159 -0.9499194476362844
    outer loop
      vertex -38.31286893008046 4 -14.975376681190276
      vertex -38.86354124622678 4.28058155940859 -14.782013048376736
      vertex -38.29755603469932 4.09668181640677 -14.975376681190276
    endloop
  endfacet
  facet normal 0 0 -1
    outer loop
      vertex -38.31286893008046 4 -14.975376681190276
      vertex -38.253116281447 4.18389974300182 -14.975376681190276
      vertex -38 4.3128689300804615 -14.975376681190276
    endloop
  endfacet
  facet normal 0 0 -1
    outer loop
      vertex -38.253116281447 4.18389974300182 -14.975376681190276
      vertex -38.183899743001824 4.253116281447001 -14.975376681190276
      vertex -38 4.3128689300804615 -14.975376681190276
    endloop
  endfacet
  facet normal -0.278434966842031 0.14186970163516702 -0.9499194476362854
    outer loop
      vertex -38.29755603469932 4.09668181640677 -14.975376681190276
      vertex -38.734572059148135 4.533697840855591 -14.782013048376736
      vertex -38.253116281447 4.18389974300182 -14.975376681190276
    endloop
  endfacet
  facet normal 0 0 -1
    outer loop
      vertex -38.183899743001824 4.253116281447001 -14.975376681190276
      vertex -38.09668181640677 4.297556034699316 -14.975376681190276
      vertex -38 4.3128689300804615 -14.975376681190276
    endloop
  endfacet
  facet normal -0.940446913680777 0.148952158078258 -0.30556972551633865
    outer loop
      vertex -39.78201304837673 4 -13.907980999479093
      vertex -39.975376681190276 4 -13.312868930080462
      vertex -39.69479512178169 4.550672316146317 -13.907980999479093
    endloop
  endfacet
  facet normal -0.8024561480774428 0.1270965678982199 -0.5830185184376274
    outer loop
      vertex -39.41421356237309 4 -14.414213562373096
      vertex -39.69479512178169 4.550672316146317 -13.907980999479093
      vertex -39.34499702392792 4.4370160244488215 -14.414213562373096
    endloop
  endfacet
  facet normal -0.2784349668420374 0.14186970163516036 -0.9499194476362846
    outer loop
      vertex -38.29755603469932 4.09668181640677 -14.975376681190276
      vertex -38.86354124622678 4.28058155940859 -14.782013048376736
      vertex -38.734572059148135 4.533697840855591 -14.782013048376736
    endloop
  endfacet
  facet normal -0.22096724078738675 0.22096724078736973 -0.9499194476362854
    outer loop
      vertex -38.253116281447 4.18389974300182 -14.975376681190276
      vertex -38.734572059148135 4.533697840855591 -14.782013048376736
      vertex -38.183899743001824 4.253116281447001 -14.975376681190276
    endloop
  endfacet
  facet normal -0.141869701635152 0.2784349668420406 -0.949919447636285
    outer loop
      vertex -38.183899743001824 4.253116281447001 -14.975376681190276
      vertex -38.28058155940859 4.863541246226778 -14.782013048376736
      vertex -38.09668181640677 4.297556034699316 -14.975376681190276
    endloop
  endfacet
  facet normal -0.9404469136807786 0.14895215807827047 -0.30556972551632794
    outer loop
      vertex -39.975376681190276 4 -13.312868930080462
      vertex -39.878694864783505 4.610424964779778 -13.312868930080462
      vertex -39.69479512178169 4.550672316146317 -13.907980999479093
    endloop
  endfacet
  facet normal -1 0 0
    outer loop
      vertex -39.975376681190276 2 -13.312868930080462
      vertex -39.975376681190276 4 13.312868930080462
      vertex -39.975376681190276 4 -13.312868930080462
    endloop
  endfacet
  facet normal -0.9876883405951372 0.15643446504023378 0
    outer loop
      vertex -39.975376681190276 4 -13.312868930080462
      vertex -39.878694864783505 4.610424964779778 12.687131069919538
      vertex -39.878694864783505 4.610424964779778 -13.312868930080462
    endloop
  endfacet
  facet normal -0.527965766392021 0.26901199443856694 -0.8055337959181292
    outer loop
      vertex -38.86354124622678 4.28058155940859 -14.782013048376736
      vertex -39.34499702392792 4.4370160244488215 -14.414213562373096
      vertex -39.14412280563537 4.831253875554907 -14.414213562373096
    endloop
  endfacet
  facet normal -0.5279657663920152 0.2690119944385713 -0.8055337959181316
    outer loop
      vertex -38.86354124622678 4.28058155940859 -14.782013048376736
      vertex -39.14412280563537 4.831253875554907 -14.414213562373096
      vertex -38.734572059148135 4.533697840855591 -14.782013048376736
    endloop
  endfacet
  facet normal -0.723906149262876 0.3688486060949506 -0.5830185184376278
    outer loop
      vertex -39.34499702392792 4.4370160244488215 -14.414213562373096
      vertex -39.69479512178169 4.550672316146317 -13.907980999479093
      vertex -39.14412280563537 4.831253875554907 -14.414213562373096
    endloop
  endfacet
  facet normal -0.22096724078738036 0.22096724078738136 -0.9499194476362842
    outer loop
      vertex -38.183899743001824 4.253116281447001 -14.975376681190276
      vertex -38.734572059148135 4.533697840855591 -14.782013048376736
      vertex -38.53369784085559 4.734572059148137 -14.782013048376736
    endloop
  endfacet
  facet normal -0.04888496762254882 0.30864753837171266 -0.9499194476362849
    outer loop
      vertex -38.09668181640677 4.297556034699316 -14.975376681190276
      vertex -38.28058155940859 4.863541246226778 -14.782013048376736
      vertex -38 4.3128689300804615 -14.975376681190276
    endloop
  endfacet
  facet normal -0.14186970163515714 0.2784349668420397 -0.9499194476362844
    outer loop
      vertex -38.183899743001824 4.253116281447001 -14.975376681190276
      vertex -38.53369784085559 4.734572059148137 -14.782013048376736
      vertex -38.28058155940859 4.863541246226778 -14.782013048376736
    endloop
  endfacet
  facet normal -0.4189960045356792 0.4189960045356811 -0.8055337959181307
    outer loop
      vertex -38.734572059148135 4.533697840855591 -14.782013048376736
      vertex -39.14412280563537 4.831253875554907 -14.414213562373096
      vertex -38.53369784085559 4.734572059148137 -14.782013048376736
    endloop
  endfacet
  facet normal -0.7239061492628759 0.3688486060949565 -0.5830185184376243
    outer loop
      vertex -39.69479512178169 4.550672316146317 -13.907980999479093
      vertex -39.44167884033468 5.0474409892285985 -13.907980999479093
      vertex -39.14412280563537 4.831253875554907 -14.414213562373096
    endloop
  endfacet
  facet normal -0.04888496762254988 0.30864753837171216 -0.949919447636285
    outer loop
      vertex -38 4.3128689300804615 -14.975376681190276
      vertex -38.28058155940859 4.863541246226778 -14.782013048376736
      vertex -38 4.9079809994790935 -14.782013048376736
    endloop
  endfacet
  facet normal -0.8483894172907633 0.43227599919139004 -0.3055697255163285
    outer loop
      vertex -39.69479512178169 4.550672316146317 -13.907980999479093
      vertex -39.878694864783505 4.610424964779778 -13.312868930080462
      vertex -39.598113305374916 5.161097280926095 -13.312868930080462
    endloop
  endfacet
  facet normal -0.4189960045356794 0.4189960045356806 -0.8055337959181309
    outer loop
      vertex -39.14412280563537 4.831253875554907 -14.414213562373096
      vertex -38.83125387555491 5.1441228056353685 -14.414213562373096
      vertex -38.53369784085559 4.734572059148137 -14.782013048376736
    endloop
  endfacet
  facet normal -0.26901199443856527 0.5279657663920196 -0.8055337959181307
    outer loop
      vertex -38.53369784085559 4.734572059148137 -14.782013048376736
      vertex -38.43701602444882 5.344997023927915 -14.414213562373096
      vertex -38.28058155940859 4.863541246226778 -14.782013048376736
    endloop
  endfacet
  facet normal -0.0926952160090257 0.5852545604801113 -0.8055337959181302
    outer loop
      vertex -38.28058155940859 4.863541246226778 -14.782013048376736
      vertex -38.43701602444882 5.344997023927915 -14.414213562373096
      vertex -38 4.9079809994790935 -14.782013048376736
    endloop
  endfacet
  facet normal -0.8483894172907553 0.4322759991913987 -0.3055697255163386
    outer loop
      vertex -39.69479512178169 4.550672316146317 -13.907980999479093
      vertex -39.598113305374916 5.161097280926095 -13.312868930080462
      vertex -39.44167884033468 5.0474409892285985 -13.907980999479093
    endloop
  endfacet
  facet normal -0.8910065241883689 0.45399049973954453 0
    outer loop
      vertex -39.878694864783505 4.610424964779778 -13.312868930080462
      vertex -39.598113305374916 5.161097280926095 -12.687131069919538
      vertex -39.598113305374916 5.161097280926095 -13.312868930080462
    endloop
  endfacet
  facet normal -0.5744951728077451 0.5744951728077412 -0.5830185184376246
    outer loop
      vertex -39.14412280563537 4.831253875554907 -14.414213562373096
      vertex -39.44167884033468 5.0474409892285985 -13.907980999479093
      vertex -39.0474409892286 5.441678840334685 -13.907980999479093
    endloop
  endfacet
  facet normal -0.574495172807741 0.5744951728077425 -0.583018518437627
    outer loop
      vertex -39.14412280563537 4.831253875554907 -14.414213562373096
      vertex -39.0474409892286 5.441678840334685 -13.907980999479093
      vertex -38.83125387555491 5.1441228056353685 -14.414213562373096
    endloop
  endfacet
  facet normal -0.26901199443856627 0.5279657663920195 -0.8055337959181305
    outer loop
      vertex -38.53369784085559 4.734572059148137 -14.782013048376736
      vertex -38.83125387555491 5.1441228056353685 -14.414213562373096
      vertex -38.43701602444882 5.344997023927915 -14.414213562373096
    endloop
  endfacet
  facet normal -0.09269521600902399 0.5852545604801123 -0.8055337959181297
    outer loop
      vertex -38 4.9079809994790935 -14.782013048376736
      vertex -38.43701602444882 5.344997023927915 -14.414213562373096
      vertex -38 5.414213562373095 -14.414213562373096
    endloop
  endfacet
  facet normal -0.6732856536596767 0.6732856536596721 -0.30556972551633754
    outer loop
      vertex -39.44167884033468 5.0474409892285985 -13.907980999479093
      vertex -39.598113305374916 5.161097280926095 -13.312868930080462
      vertex -39.0474409892286 5.441678840334685 -13.907980999479093
    endloop
  endfacet
  facet normal -0.3688486060949507 0.7239061492628761 -0.5830185184376275
    outer loop
      vertex -38.83125387555491 5.1441228056353685 -14.414213562373096
      vertex -39.0474409892286 5.441678840334685 -13.907980999479093
      vertex -38.43701602444882 5.344997023927915 -14.414213562373096
    endloop
  endfacet
  facet normal -0.7071067811865452 0.7071067811865497 0
    outer loop
      vertex -39.598113305374916 5.161097280926095 -13.312868930080462
      vertex -39.598113305374916 5.161097280926095 -12.687131069919538
      vertex -39.16109728092609 5.598113305374915 -13.312868930080462
    endloop
  endfacet
  facet normal -0.6732856536596736 0.6732856536596776 -0.3055697255163321
    outer loop
      vertex -39.598113305374916 5.161097280926095 -13.312868930080462
      vertex -39.16109728092609 5.598113305374915 -13.312868930080462
      vertex -39.0474409892286 5.441678840334685 -13.907980999479093
    endloop
  endfacet
  facet normal -0.36884860609495 0.7239061492628772 -0.583018518437627
    outer loop
      vertex -38.43701602444882 5.344997023927915 -14.414213562373096
      vertex -39.0474409892286 5.441678840334685 -13.907980999479093
      vertex -38.55067231614632 5.694795121781685 -13.907980999479093
    endloop
  endfacet
  facet normal -0.12709656789822735 0.8024561480774417 -0.5830185184376276
    outer loop
      vertex -38.43701602444882 5.344997023927915 -14.414213562373096
      vertex -38 5.782013048376736 -13.907980999479093
      vertex -38 5.414213562373095 -14.414213562373096
    endloop
  endfacet
  facet normal -0.4322759991913931 0.8483894172907606 -0.30556972551633194
    outer loop
      vertex -39.0474409892286 5.441678840334685 -13.907980999479093
      vertex -39.16109728092609 5.598113305374915 -13.312868930080462
      vertex -38.55067231614632 5.694795121781685 -13.907980999479093
    endloop
  endfacet
  facet normal -0.12709656789822824 0.8024561480774418 -0.5830185184376271
    outer loop
      vertex -38.43701602444882 5.344997023927915 -14.414213562373096
      vertex -38.55067231614632 5.694795121781685 -13.907980999479093
      vertex -38 5.782013048376736 -13.907980999479093
    endloop
  endfacet
  facet normal -0.432275999191391 0.8483894172907624 -0.3055697255163295
    outer loop
      vertex -39.16109728092609 5.598113305374915 -13.312868930080462
      vertex -38.610424964779774 5.878694864783506 -13.312868930080462
      vertex -38.55067231614632 5.694795121781685 -13.907980999479093
    endloop
  endfacet
  facet normal -0.1489521580782667 0.9404469136807776 -0.3055697255163332
    outer loop
      vertex -38.55067231614632 5.694795121781685 -13.907980999479093
      vertex -38 5.9753766811902755 -13.312868930080462
      vertex -38 5.782013048376736 -13.907980999479093
    endloop
  endfacet
  facet normal -0.14895215807826848 0.9404469136807777 -0.3055697255163317
    outer loop
      vertex -38.55067231614632 5.694795121781685 -13.907980999479093
      vertex -38.610424964779774 5.878694864783506 -13.312868930080462
      vertex -38 5.9753766811902755 -13.312868930080462
    endloop
  endfacet
  facet normal -1.607925107500761e-16 0.9510565162951533 -0.30901699437494806
    outer loop
      vertex -38 5.782013048376736 -13.907980999479093
      vertex -38 5.9753766811902755 -13.312868930080462
      vertex -34 5.96375669791799 -13.348631561299829
    endloop
  endfacet
  facet normal 0 0.9510565162951586 -0.309016994374932
    outer loop
      vertex -38 5.9753766811902755 -13.312868930080462
      vertex -34.06194269428429 5.9753766811902755 -13.312868930080462
      vertex -34 5.96375669791799 -13.348631561299829
    endloop
  endfacet
  facet normal 0 1 0
    outer loop
      vertex -38 5.9753766811902755 -13.312868930080462
      vertex -36.9 5.9753766811902755 -11.674315780649914
      vertex -34.06194269428429 5.9753766811902755 -13.312868930080462
    endloop
  endfacet
  facet normal 0 1 0
    outer loop
      vertex -38 5.9753766811902755 -13.312868930080462
      vertex -36.9 5.9753766811902755 -8.325684219350086
      vertex -36.9 5.9753766811902755 -11.674315780649914
    endloop
  endfacet
  facet normal -0.8910065241883689 0.4539904997395446 0
    outer loop
      vertex -39.878694864783505 4.610424964779778 -13.312868930080462
      vertex -39.598113305374916 5.161097280926095 12.687131069919538
      vertex -39.598113305374916 5.161097280926095 -12.687131069919538
    endloop
  endfacet
  facet normal -0.7071067811865454 0.7071067811865497 0
    outer loop
      vertex -39.598113305374916 5.161097280926095 -12.687131069919538
      vertex -39.598113305374916 5.161097280926095 12.687131069919538
      vertex -39.16109728092609 5.598113305374915 -13.312868930080462
    endloop
  endfacet
  facet normal -0.4539904997395457 0.8910065241883685 0
    outer loop
      vertex -39.16109728092609 5.598113305374915 -13.312868930080462
      vertex -38.610424964779774 5.878694864783506 12.687131069919538
      vertex -38.610424964779774 5.878694864783506 -13.312868930080462
    endloop
  endfacet
  facet normal -0.15643446504023187 0.9876883405951375 0
    outer loop
      vertex -38.610424964779774 5.878694864783506 -13.312868930080462
      vertex -38.610424964779774 5.878694864783506 12.687131069919538
      vertex -38 5.9753766811902755 -13.312868930080462
    endloop
  endfacet
  facet normal 0 1 0
    outer loop
      vertex -38 5.9753766811902755 -13.312868930080462
      vertex -36.9 5.9753766811902755 8.325684219350086
      vertex -36.9 5.9753766811902755 -8.325684219350086
    endloop
  endfacet
  facet normal 0 1 0
    outer loop
      vertex -36.9 5.9753766811902755 -8.325684219350086
      vertex -34 5.9753766811902755 6.651368438700171
      vertex -34 5.9753766811902755 -6.651368438700171
    endloop
  endfacet
  facet normal 0 1 0
    outer loop
      vertex -34 5.9753766811902755 -6.651368438700171
      vertex -31.1 5.9753766811902755 8.325684219350086
      vertex -31.1 5.9753766811902755 -8.325684219350086
    endloop
  endfacet
  facet normal 0 0 -1
    outer loop
      vertex -38.09668181640677 2.297556034699316 -14.975376681190276
      vertex -38 4.3128689300804615 -14.975376681190276
      vertex 38 4.3128689300804615 -14.975376681190276
    endloop
  endfacet
  facet normal 0 0.3090169943749477 -0.9510565162951535
    outer loop
      vertex -38 4.3128689300804615 -14.975376681190276
      vertex -38 4.9079809994790935 -14.782013048376736
      vertex 38 4.9079809994790935 -14.782013048376736
    endloop
  endfacet
  facet normal 0 0.5877852522924731 -0.8090169943749475
    outer loop
      vertex -38 4.9079809994790935 -14.782013048376736
      vertex -38 5.414213562373095 -14.414213562373096
      vertex 38 4.9079809994790935 -14.782013048376736
    endloop
  endfacet
  facet normal 0 0.8090169943749479 -0.5877852522924725
    outer loop
      vertex -38 5.414213562373095 -14.414213562373096
      vertex -38 5.782013048376736 -13.907980999479093
      vertex 38 5.782013048376736 -13.907980999479093
    endloop
  endfacet
  facet normal 0 0.951056516295153 -0.3090169943749491
    outer loop
      vertex -38 5.782013048376736 -13.907980999479093
      vertex -34 5.96375669791799 -13.348631561299829
      vertex 38 5.782013048376736 -13.907980999479093
    endloop
  endfacet
  facet normal 0 1 0
    outer loop
      vertex -33.93805730571571 5.9753766811902755 -13.312868930080462
      vertex -31.1 5.9753766811902755 -11.674315780649914
      vertex 33.93805730571571 5.9753766811902755 -13.312868930080462
    endloop
  endfacet
  facet normal 0 1 0
    outer loop
      vertex -31.1 5.9753766811902755 -11.674315780649914
      vertex -31.1 5.9753766811902755 -8.325684219350086
      vertex 31.1 5.9753766811902755 -11.674315780649914
    endloop
  endfacet
  facet normal 1.4667556470510388e-16 0.9510565162951584 -0.30901699437493235
    outer loop
      vertex 38 5.782013048376736 -13.907980999479093
      vertex -34 5.96375669791799 -13.348631561299829
      vertex -33.93805730571571 5.9753766811902755 -13.312868930080462
    endloop
  endfacet
  facet normal 0 1 0
    outer loop
      vertex 31.1 5.9753766811902755 -11.674315780649914
      vertex -31.1 5.9753766811902755 -8.325684219350086
      vertex -31.1 5.9753766811902755 8.325684219350086
    endloop
  endfacet
  facet normal -0.9876883405951373 0.15643446504023378 0
    outer loop
      vertex -39.975376681190276 4 -13.312868930080462
      vertex -39.975376681190276 4 13.312868930080462
      vertex -39.878694864783505 4.610424964779778 12.687131069919538
    endloop
  endfacet
  facet normal -0.9510565162951516 0 0.3090169943749532
    outer loop
      vertex -39.975376681190276 2 13.312868930080462
      vertex -39.78201304837673 4 13.907980999479093
      vertex -39.975376681190276 4 13.312868930080462
    endloop
  endfacet
  facet normal -0.8090169943749479 0 0.5877852522924725
    outer loop
      vertex -39.41421356237309 2 14.414213562373096
      vertex -39.41421356237309 4 14.414213562373096
      vertex -39.78201304837673 4 13.907980999479093
    endloop
  endfacet
  facet normal -0.5877852522924751 0 0.809016994374946
    outer loop
      vertex -39.41421356237309 2 14.414213562373096
      vertex -38.90798099947909 4 14.782013048376736
      vertex -39.41421356237309 4 14.414213562373096
    endloop
  endfacet
  facet normal -0.30901699437494806 0 0.9510565162951533
    outer loop
      vertex -38.31286893008046 2 14.975376681190276
      vertex -38.31286893008046 4 14.975376681190276
      vertex -38.90798099947909 4 14.782013048376736
    endloop
  endfacet
  facet normal 0 0 1
    outer loop
      vertex -38.31286893008046 2 14.975376681190276
      vertex -38 4.3128689300804615 14.975376681190276
      vertex -38.31286893008046 4 14.975376681190276
    endloop
  endfacet
  facet normal -0.5852545604801146 0.09269521600902 0.8055337959181285
    outer loop
      vertex -39.41421356237309 4 14.414213562373096
      vertex -38.90798099947909 4 14.782013048376736
      vertex -38.86354124622678 4.28058155940859 14.782013048376736
    endloop
  endfacet
  facet normal -0.3086475383717126 0.04888496762254672 0.9499194476362849
    outer loop
      vertex -38.90798099947909 4 14.782013048376736
      vertex -38.31286893008046 4 14.975376681190276
      vertex -38.86354124622678 4.28058155940859 14.782013048376736
    endloop
  endfacet
  facet normal 0 0 1
    outer loop
      vertex -38.31286893008046 4 14.975376681190276
      vertex -38.253116281447 4.18389974300182 14.975376681190276
      vertex -38.29755603469932 4.09668181640677 14.975376681190276
    endloop
  endfacet
  facet normal -0.940446913680777 0.14895215807825804 0.30556972551633865
    outer loop
      vertex -39.975376681190276 4 13.312868930080462
      vertex -39.78201304837673 4 13.907980999479093
      vertex -39.69479512178169 4.550672316146317 13.907980999479093
    endloop
  endfacet
  facet normal -0.8024561480774423 0.12709656789822094 0.5830185184376282
    outer loop
      vertex -39.78201304837673 4 13.907980999479093
      vertex -39.41421356237309 4 14.414213562373096
      vertex -39.69479512178169 4.550672316146317 13.907980999479093
    endloop
  endfacet
  facet normal -0.5852545604801143 0.09269521600901873 0.8055337959181289
    outer loop
      vertex -39.41421356237309 4 14.414213562373096
      vertex -38.86354124622678 4.28058155940859 14.782013048376736
      vertex -39.34499702392792 4.4370160244488215 14.414213562373096
    endloop
  endfacet
  facet normal -0.3086475383717151 0.04888496762254159 0.9499194476362844
    outer loop
      vertex -38.31286893008046 4 14.975376681190276
      vertex -38.29755603469932 4.09668181640677 14.975376681190276
      vertex -38.86354124622678 4.28058155940859 14.782013048376736
    endloop
  endfacet
  facet normal -0.2784349668420345 0.1418697016351688 0.9499194476362842
    outer loop
      vertex -38.29755603469932 4.09668181640677 14.975376681190276
      vertex -38.253116281447 4.18389974300182 14.975376681190276
      vertex -38.86354124622678 4.28058155940859 14.782013048376736
    endloop
  endfacet
  facet normal 0 0 1
    outer loop
      vertex -38.31286893008046 4 14.975376681190276
      vertex -38 4.3128689300804615 14.975376681190276
      vertex -38.253116281447 4.18389974300182 14.975376681190276
    endloop
  endfacet
  facet normal 0 0 1
    outer loop
      vertex -38.253116281447 4.18389974300182 14.975376681190276
      vertex -38 4.3128689300804615 14.975376681190276
      vertex -38.183899743001824 4.253116281447001 14.975376681190276
    endloop
  endfacet
  facet normal 0 0 1
    outer loop
      vertex -38.183899743001824 4.253116281447001 14.975376681190276
      vertex -38 4.3128689300804615 14.975376681190276
      vertex -38.09668181640677 4.297556034699316 14.975376681190276
    endloop
  endfacet
  facet normal -0.9404469136807786 0.14895215807827047 0.30556972551632794
    outer loop
      vertex -39.975376681190276 4 13.312868930080462
      vertex -39.69479512178169 4.550672316146317 13.907980999479093
      vertex -39.878694864783505 4.610424964779778 13.312868930080462
    endloop
  endfacet
  facet normal -0.9876883405951374 0.15643446504023384 0
    outer loop
      vertex -39.975376681190276 4 13.312868930080462
      vertex -39.878694864783505 4.610424964779778 13.312868930080462
      vertex -39.878694864783505 4.610424964779778 12.687131069919538
    endloop
  endfacet
  facet normal -0.8024561480774428 0.1270965678982199 0.5830185184376274
    outer loop
      vertex -39.41421356237309 4 14.414213562373096
      vertex -39.34499702392792 4.4370160244488215 14.414213562373096
      vertex -39.69479512178169 4.550672316146317 13.907980999479093
    endloop
  endfacet
  facet normal -0.5279657663920185 0.26901199443857304 0.8055337959181288
    outer loop
      vertex -38.86354124622678 4.28058155940859 14.782013048376736
      vertex -38.734572059148135 4.533697840855591 14.782013048376736
      vertex -39.34499702392792 4.4370160244488215 14.414213562373096
    endloop
  endfacet
  facet normal -0.2784349668420362 0.14186970163515975 0.9499194476362851
    outer loop
      vertex -38.86354124622678 4.28058155940859 14.782013048376736
      vertex -38.253116281447 4.18389974300182 14.975376681190276
      vertex -38.734572059148135 4.533697840855591 14.782013048376736
    endloop
  endfacet
  facet normal -0.22096724078739063 0.22096724078737362 0.9499194476362837
    outer loop
      vertex -38.253116281447 4.18389974300182 14.975376681190276
      vertex -38.183899743001824 4.253116281447001 14.975376681190276
      vertex -38.53369784085559 4.734572059148137 14.782013048376736
    endloop
  endfacet
  facet normal -0.22096724078737892 0.22096724078737995 0.9499194476362848
    outer loop
      vertex -38.253116281447 4.18389974300182 14.975376681190276
      vertex -38.53369784085559 4.734572059148137 14.782013048376736
      vertex -38.734572059148135 4.533697840855591 14.782013048376736
    endloop
  endfacet
  facet normal -0.141869701635152 0.2784349668420406 0.949919447636285
    outer loop
      vertex -38.183899743001824 4.253116281447001 14.975376681190276
      vertex -38.09668181640677 4.297556034699316 14.975376681190276
      vertex -38.28058155940859 4.863541246226778 14.782013048376736
    endloop
  endfacet
  facet normal -0.8910065241883689 0.45399049973954453 0
    outer loop
      vertex -39.878694864783505 4.610424964779778 -13.312868930080462
      vertex -39.878694864783505 4.610424964779778 12.687131069919538
      vertex -39.598113305374916 5.161097280926095 12.687131069919538
    endloop
  endfacet
  facet normal 0 1 0
    outer loop
      vertex -38 5.9753766811902755 -13.312868930080462
      vertex -36.9 5.9753766811902755 11.674315780649914
      vertex -36.9 5.9753766811902755 8.325684219350086
    endloop
  endfacet
  facet normal 0 1 0
    outer loop
      vertex -36.9 5.9753766811902755 -8.325684219350086
      vertex -36.9 5.9753766811902755 8.325684219350086
      vertex -34 5.9753766811902755 6.651368438700171
    endloop
  endfacet
  facet normal 0 1 0
    outer loop
      vertex -34 5.9753766811902755 -6.651368438700171
      vertex -34 5.9753766811902755 6.651368438700171
      vertex -31.1 5.9753766811902755 8.325684219350086
    endloop
  endfacet
  facet normal -0.7071067811865454 0.7071067811865497 0
    outer loop
      vertex -39.16109728092609 5.598113305374915 -13.312868930080462
      vertex -39.598113305374916 5.161097280926095 12.687131069919538
      vertex -39.16109728092609 5.598113305374915 13.312868930080462
    endloop
  endfacet
  facet normal -0.45399049973954575 0.8910065241883685 0
    outer loop
      vertex -39.16109728092609 5.598113305374915 -13.312868930080462
      vertex -39.16109728092609 5.598113305374915 13.312868930080462
      vertex -38.610424964779774 5.878694864783506 12.687131069919538
    endloop
  endfacet
  facet normal 0 1 0
    outer loop
      vertex -38 5.9753766811902755 -13.312868930080462
      vertex -38 5.9753766811902755 13.312868930080462
      vertex -36.9 5.9753766811902755 11.674315780649914
    endloop
  endfacet
  facet normal -0.15643446504023187 0.9876883405951374 0
    outer loop
      vertex -38 5.9753766811902755 -13.312868930080462
      vertex -38.610424964779774 5.878694864783506 12.687131069919538
      vertex -38 5.9753766811902755 13.312868930080462
    endloop
  endfacet
  facet normal -0.723906149262876 0.3688486060949506 0.5830185184376278
    outer loop
      vertex -39.34499702392792 4.4370160244488215 14.414213562373096
      vertex -39.14412280563537 4.831253875554907 14.414213562373096
      vertex -39.69479512178169 4.550672316146317 13.907980999479093
    endloop
  endfacet
  facet normal -0.5279657663920188 0.26901199443856594 0.8055337959181311
    outer loop
      vertex -39.34499702392792 4.4370160244488215 14.414213562373096
      vertex -38.734572059148135 4.533697840855591 14.782013048376736
      vertex -39.14412280563537 4.831253875554907 14.414213562373096
    endloop
  endfacet
  facet normal -0.04888496762254882 0.30864753837171266 0.9499194476362849
    outer loop
      vertex -38.09668181640677 4.297556034699316 14.975376681190276
      vertex -38 4.3128689300804615 14.975376681190276
      vertex -38.28058155940859 4.863541246226778 14.782013048376736
    endloop
  endfacet
  facet normal -0.14186970163515714 0.2784349668420397 0.9499194476362844
    outer loop
      vertex -38.183899743001824 4.253116281447001 14.975376681190276
      vertex -38.28058155940859 4.863541246226778 14.782013048376736
      vertex -38.53369784085559 4.734572059148137 14.782013048376736
    endloop
  endfacet
  facet normal -0.8910065241883689 0.45399049973954453 0
    outer loop
      vertex -39.878694864783505 4.610424964779778 12.687131069919538
      vertex -39.878694864783505 4.610424964779778 13.312868930080462
      vertex -39.598113305374916 5.161097280926095 13.312868930080462
    endloop
  endfacet
  facet normal -0.8483894172907633 0.43227599919139004 0.3055697255163285
    outer loop
      vertex -39.69479512178169 4.550672316146317 13.907980999479093
      vertex -39.598113305374916 5.161097280926095 13.312868930080462
      vertex -39.878694864783505 4.610424964779778 13.312868930080462
    endloop
  endfacet
  facet normal -0.7239061492628759 0.3688486060949565 0.5830185184376243
    outer loop
      vertex -39.69479512178169 4.550672316146317 13.907980999479093
      vertex -39.14412280563537 4.831253875554907 14.414213562373096
      vertex -39.44167884033468 5.0474409892285985 13.907980999479093
    endloop
  endfacet
  facet normal -0.4189960045356796 0.41899600453568075 0.8055337959181307
    outer loop
      vertex -38.734572059148135 4.533697840855591 14.782013048376736
      vertex -38.83125387555491 5.1441228056353685 14.414213562373096
      vertex -39.14412280563537 4.831253875554907 14.414213562373096
    endloop
  endfacet
  facet normal -0.04888496762254988 0.30864753837171216 0.949919447636285
    outer loop
      vertex -38 4.3128689300804615 14.975376681190276
      vertex -38 4.9079809994790935 14.782013048376736
      vertex -38.28058155940859 4.863541246226778 14.782013048376736
    endloop
  endfacet
  facet normal -0.4189960045356791 0.418996004535681 0.8055337959181309
    outer loop
      vertex -38.734572059148135 4.533697840855591 14.782013048376736
      vertex -38.53369784085559 4.734572059148137 14.782013048376736
      vertex -38.83125387555491 5.1441228056353685 14.414213562373096
    endloop
  endfacet
  facet normal -0.8910065241883689 0.45399049973954453 0
    outer loop
      vertex -39.878694864783505 4.610424964779778 12.687131069919538
      vertex -39.598113305374916 5.161097280926095 13.312868930080462
      vertex -39.598113305374916 5.161097280926095 12.687131069919538
    endloop
  endfacet
  facet normal -0.8483894172907553 0.4322759991913987 0.3055697255163386
    outer loop
      vertex -39.69479512178169 4.550672316146317 13.907980999479093
      vertex -39.44167884033468 5.0474409892285985 13.907980999479093
      vertex -39.598113305374916 5.161097280926095 13.312868930080462
    endloop
  endfacet
  facet normal -0.5744951728077424 0.5744951728077441 0.5830185184376243
    outer loop
      vertex -39.14412280563537 4.831253875554907 14.414213562373096
      vertex -38.83125387555491 5.1441228056353685 14.414213562373096
      vertex -39.44167884033468 5.0474409892285985 13.907980999479093
    endloop
  endfacet
  facet normal -0.26901199443856527 0.5279657663920196 0.8055337959181307
    outer loop
      vertex -38.53369784085559 4.734572059148137 14.782013048376736
      vertex -38.28058155940859 4.863541246226778 14.782013048376736
      vertex -38.43701602444882 5.344997023927915 14.414213562373096
    endloop
  endfacet
  facet normal -0.0926952160090257 0.5852545604801113 0.8055337959181302
    outer loop
      vertex -38.28058155940859 4.863541246226778 14.782013048376736
      vertex -38 4.9079809994790935 14.782013048376736
      vertex -38.43701602444882 5.344997023927915 14.414213562373096
    endloop
  endfacet
  facet normal -0.6732856536596767 0.6732856536596721 0.30556972551633754
    outer loop
      vertex -39.44167884033468 5.0474409892285985 13.907980999479093
      vertex -39.0474409892286 5.441678840334685 13.907980999479093
      vertex -39.598113305374916 5.161097280926095 13.312868930080462
    endloop
  endfacet
  facet normal -0.5744951728077439 0.57449517280774 0.5830185184376268
    outer loop
      vertex -39.44167884033468 5.0474409892285985 13.907980999479093
      vertex -38.83125387555491 5.1441228056353685 14.414213562373096
      vertex -39.0474409892286 5.441678840334685 13.907980999479093
    endloop
  endfacet
  facet normal -0.26901199443856627 0.5279657663920195 0.8055337959181305
    outer loop
      vertex -38.53369784085559 4.734572059148137 14.782013048376736
      vertex -38.43701602444882 5.344997023927915 14.414213562373096
      vertex -38.83125387555491 5.1441228056353685 14.414213562373096
    endloop
  endfacet
  facet normal -0.09269521600902399 0.5852545604801123 0.8055337959181297
    outer loop
      vertex -38 4.9079809994790935 14.782013048376736
      vertex -38 5.414213562373095 14.414213562373096
      vertex -38.43701602444882 5.344997023927915 14.414213562373096
    endloop
  endfacet
  facet normal -0.7071067811865452 0.7071067811865497 0
    outer loop
      vertex -39.598113305374916 5.161097280926095 12.687131069919538
      vertex -39.598113305374916 5.161097280926095 13.312868930080462
      vertex -39.16109728092609 5.598113305374915 13.312868930080462
    endloop
  endfacet
  facet normal -0.6732856536596736 0.6732856536596776 0.3055697255163321
    outer loop
      vertex -39.598113305374916 5.161097280926095 13.312868930080462
      vertex -39.0474409892286 5.441678840334685 13.907980999479093
      vertex -39.16109728092609 5.598113305374915 13.312868930080462
    endloop
  endfacet
  facet normal -0.36884860609495096 0.7239061492628767 0.583018518437627
    outer loop
      vertex -38.83125387555491 5.1441228056353685 14.414213562373096
      vertex -38.43701602444882 5.344997023927915 14.414213562373096
      vertex -38.55067231614632 5.694795121781685 13.907980999479093
    endloop
  endfacet
  facet normal -0.4322759991913931 0.8483894172907606 0.30556972551633194
    outer loop
      vertex -39.0474409892286 5.441678840334685 13.907980999479093
      vertex -38.55067231614632 5.694795121781685 13.907980999479093
      vertex -39.16109728092609 5.598113305374915 13.312868930080462
    endloop
  endfacet
  facet normal -0.36884860609494974 0.7239061492628768 0.5830185184376275
    outer loop
      vertex -38.83125387555491 5.1441228056353685 14.414213562373096
      vertex -38.55067231614632 5.694795121781685 13.907980999479093
      vertex -39.0474409892286 5.441678840334685 13.907980999479093
    endloop
  endfacet
  facet normal -0.12709656789822735 0.8024561480774417 0.5830185184376276
    outer loop
      vertex -38.43701602444882 5.344997023927915 14.414213562373096
      vertex -38 5.414213562373095 14.414213562373096
      vertex -38 5.782013048376736 13.907980999479093
    endloop
  endfacet
  facet normal 0 1 0
    outer loop
      vertex -38 5.9753766811902755 13.312868930080462
      vertex -34.06194269428429 5.9753766811902755 13.312868930080462
      vertex -36.9 5.9753766811902755 11.674315780649914
    endloop
  endfacet
  facet normal -0.432275999191391 0.8483894172907624 0.3055697255163295
    outer loop
      vertex -39.16109728092609 5.598113305374915 13.312868930080462
      vertex -38.55067231614632 5.694795121781685 13.907980999479093
      vertex -38.610424964779774 5.878694864783506 13.312868930080462
    endloop
  endfacet
  facet normal -0.45399049973954564 0.8910065241883683 0
    outer loop
      vertex -39.16109728092609 5.598113305374915 13.312868930080462
      vertex -38.610424964779774 5.878694864783506 13.312868930080462
      vertex -38.610424964779774 5.878694864783506 12.687131069919538
    endloop
  endfacet
  facet normal -0.12709656789822824 0.8024561480774418 0.5830185184376271
    outer loop
      vertex -38.43701602444882 5.344997023927915 14.414213562373096
      vertex -38 5.782013048376736 13.907980999479093
      vertex -38.55067231614632 5.694795121781685 13.907980999479093
    endloop
  endfacet
  facet normal -0.14895215807826848 0.9404469136807777 0.3055697255163317
    outer loop
      vertex -38.55067231614632 5.694795121781685 13.907980999479093
      vertex -38 5.9753766811902755 13.312868930080462
      vertex -38.610424964779774 5.878694864783506 13.312868930080462
    endloop
  endfacet
  facet normal -0.1489521580782667 0.9404469136807776 0.3055697255163332
    outer loop
      vertex -38.55067231614632 5.694795121781685 13.907980999479093
      vertex -38 5.782013048376736 13.907980999479093
      vertex -38 5.9753766811902755 13.312868930080462
    endloop
  endfacet
  facet normal -0.1564344650402319 0.9876883405951377 0
    outer loop
      vertex -38.610424964779774 5.878694864783506 12.687131069919538
      vertex -38.610424964779774 5.878694864783506 13.312868930080462
      vertex -38 5.9753766811902755 13.312868930080462
    endloop
  endfacet
  facet normal 0 0.9510565162951533 0.30901699437494806
    outer loop
      vertex -38 5.782013048376736 13.907980999479093
      vertex -34.06194269428429 5.9753766811902755 13.312868930080462
      vertex -38 5.9753766811902755 13.312868930080462
    endloop
  endfacet
  facet normal -2.1539801351463238e-15 0.9510565162951574 0.3090169943749353
    outer loop
      vertex -38 5.782013048376736 13.907980999479093
      vertex -34 5.96375669791799 13.348631561299829
      vertex -34.06194269428429 5.9753766811902755 13.312868930080462
    endloop
  endfacet
  facet normal 0 0 1
    outer loop
      vertex -38 1.6871310699195383 14.975376681190276
      vertex 38 4.3128689300804615 14.975376681190276
      vertex -38 4.3128689300804615 14.975376681190276
    endloop
  endfacet
  facet normal 0 1 0
    outer loop
      vertex 31.1 5.9753766811902755 -11.674315780649914
      vertex -31.1 5.9753766811902755 8.325684219350086
      vertex -31.1 5.9753766811902755 11.674315780649914
    endloop
  endfacet
  facet normal 0 0.3090169943749477 0.9510565162951535
    outer loop
      vertex -38 4.3128689300804615 14.975376681190276
      vertex 38 4.3128689300804615 14.975376681190276
      vertex -38 4.9079809994790935 14.782013048376736
    endloop
  endfacet
  facet normal 0 0.5877852522924731 0.8090169943749475
    outer loop
      vertex -38 4.9079809994790935 14.782013048376736
      vertex 38 4.9079809994790935 14.782013048376736
      vertex -38 5.414213562373095 14.414213562373096
    endloop
  endfacet
  facet normal 0 1 0
    outer loop
      vertex -33.93805730571571 5.9753766811902755 13.312868930080462
      vertex 31.1 5.9753766811902755 11.674315780649914
      vertex -31.1 5.9753766811902755 11.674315780649914
    endloop
  endfacet
  facet normal 0 0.8090169943749479 0.5877852522924725
    outer loop
      vertex -38 5.414213562373095 14.414213562373096
      vertex 38 5.782013048376736 13.907980999479093
      vertex -38 5.782013048376736 13.907980999479093
    endloop
  endfacet
  facet normal 0 0.951056516295153 0.3090169943749491
    outer loop
      vertex -38 5.782013048376736 13.907980999479093
      vertex 38 5.782013048376736 13.907980999479093
      vertex -34 5.96375669791799 13.348631561299829
    endloop
  endfacet
  facet normal 1.4667556470510388e-16 0.9510565162951584 0.30901699437493235
    outer loop
      vertex 38 5.782013048376736 13.907980999479093
      vertex -33.93805730571571 5.9753766811902755 13.312868930080462
      vertex -34 5.96375669791799 13.348631561299829
    endloop
  endfacet
  facet normal 0 -1 0
    outer loop
      vertex -38 0.02462331880972446 -13.312868930080462
      vertex 34 0.02462331880972446 -11.75
      vertex 33.45922025984384 0.02462331880972446 -11.664348903516519
    endloop
  endfacet
  facet normal 0 -1 0
    outer loop
      vertex -38 0.02462331880972446 -13.312868930080462
      vertex 32.97137580848817 0.02462331880972446 -11.415779740156157
      vertex 32.58422025984384 0.02462331880972446 -11.028624191511827
    endloop
  endfacet
  facet normal 0 -1 0
    outer loop
      vertex -38 0.02462331880972446 -13.312868930080462
      vertex 33.45922025984384 0.02462331880972446 -11.664348903516519
      vertex 32.97137580848817 0.02462331880972446 -11.415779740156157
    endloop
  endfacet
  facet normal 0 -1 0
    outer loop
      vertex -38 0.02462331880972446 -13.312868930080462
      vertex 32.58422025984384 0.02462331880972446 -11.028624191511827
      vertex 32.33565109648348 0.02462331880972446 -10.540779740156157
    endloop
  endfacet
  facet normal 0 -1 0
    outer loop
      vertex -38 0.02462331880972446 -13.312868930080462
      vertex 32.33565109648348 0.02462331880972446 -10.540779740156157
      vertex 32.25 0.02462331880972446 -10
    endloop
  endfacet
  facet normal 0 -1 0
    outer loop
      vertex -38 0.02462331880972446 -13.312868930080462
      vertex 32.25 0.02462331880972446 -10
      vertex 32.33565109648348 0.02462331880972446 -9.459220259843843
    endloop
  endfacet
  facet normal 0 -1 0
    outer loop
      vertex -38 0.02462331880972446 -13.312868930080462
      vertex 32.33565109648348 0.02462331880972446 -9.459220259843843
      vertex 32.58422025984384 0.02462331880972446 -8.971375808488173
    endloop
  endfacet
  facet normal 0 -0.9510565162951536 -0.3090169943749478
    outer loop
      vertex -38 0.02462331880972446 -13.312868930080462
      vertex 38 0.2179869516232642 -13.907980999479093
      vertex 38 0.02462331880972446 -13.312868930080462
    endloop
  endfacet
  facet normal 0 -1 0
    outer loop
      vertex -38 0.02462331880972446 -13.312868930080462
      vertex 38 0.02462331880972446 -13.312868930080462
      vertex 34 0.02462331880972446 -11.75
    endloop
  endfacet
  facet normal 0 -0.8090169943749479 -0.5877852522924725
    outer loop
      vertex -38 0.5857864376269049 -14.414213562373096
      vertex 38 0.5857864376269049 -14.414213562373096
      vertex 38 0.2179869516232642 -13.907980999479093
    endloop
  endfacet
  facet normal 0 -0.5877852522924729 -0.8090169943749475
    outer loop
      vertex -38 0.5857864376269049 -14.414213562373096
      vertex 38 1.0920190005209065 -14.782013048376736
      vertex 38 0.5857864376269049 -14.414213562373096
    endloop
  endfacet
  facet normal 0 -0.30901699437494773 -0.9510565162951533
    outer loop
      vertex -38 1.0920190005209065 -14.782013048376736
      vertex 38 1.6871310699195383 -14.975376681190276
      vertex 38 1.0920190005209065 -14.782013048376736
    endloop
  endfacet
  facet normal 0 -1 0
    outer loop
      vertex -38 0.02462331880972446 -13.312868930080462
      vertex 32.58422025984384 0.02462331880972446 -8.971375808488173
      vertex 32.58422025984384 0.02462331880972446 8.971375808488173
    endloop
  endfacet
  facet normal 0 0 -1
    outer loop
      vertex -38.09668181640677 2.297556034699316 -14.975376681190276
      vertex 38.29755603469932 1.9033181835932302 -14.975376681190276
      vertex 38 1.6871310699195383 -14.975376681190276
    endloop
  endfacet
  facet normal 0 0 -1
    outer loop
      vertex -38.09668181640677 2.297556034699316 -14.975376681190276
      vertex 38.29755603469932 3.90331818359323 -14.975376681190276
      vertex 38.29755603469932 1.9033181835932302 -14.975376681190276
    endloop
  endfacet
  facet normal 0.14895215807826837 -0.9404469136807773 -0.30556972551633277
    outer loop
      vertex 38 0.02462331880972446 -13.312868930080462
      vertex 38 0.2179869516232642 -13.907980999479093
      vertex 38.610424964779774 0.12130513521649444 -13.312868930080462
    endloop
  endfacet
  facet normal 0.12709656789822849 -0.8024561480774415 -0.5830185184376275
    outer loop
      vertex 38 0.2179869516232642 -13.907980999479093
      vertex 38 0.5857864376269049 -14.414213562373096
      vertex 38.55067231614632 0.30520487821831477 -13.907980999479093
    endloop
  endfacet
  facet normal 0.14895215807826717 -0.940446913680778 -0.30556972551633166
    outer loop
      vertex 38.610424964779774 0.12130513521649444 -13.312868930080462
      vertex 38 0.2179869516232642 -13.907980999479093
      vertex 38.55067231614632 0.30520487821831477 -13.907980999479093
    endloop
  endfacet
  facet normal 0.4322759991913907 -0.8483894172907627 -0.3055697255163295
    outer loop
      vertex 38.610424964779774 0.12130513521649444 -13.312868930080462
      vertex 38.55067231614632 0.30520487821831477 -13.907980999479093
      vertex 39.16109728092609 0.40188669462508453 -13.312868930080462
    endloop
  endfacet
  facet normal 0 -1 0
    outer loop
      vertex 38 0.02462331880972446 -13.312868930080462
      vertex 34.54077974015616 0.02462331880972446 -11.664348903516519
      vertex 34 0.02462331880972446 -11.75
    endloop
  endfacet
  facet normal 0 -1 0
    outer loop
      vertex 38 0.02462331880972446 -13.312868930080462
      vertex 35.02862419151183 0.02462331880972446 -11.415779740156157
      vertex 34.54077974015616 0.02462331880972446 -11.664348903516519
    endloop
  endfacet
  facet normal 0 -1 0
    outer loop
      vertex 38 0.02462331880972446 -13.312868930080462
      vertex 35.41577974015616 0.02462331880972446 -11.028624191511827
      vertex 35.02862419151183 0.02462331880972446 -11.415779740156157
    endloop
  endfacet
  facet normal 0 -1 0
    outer loop
      vertex 38 0.02462331880972446 -13.312868930080462
      vertex 35.66434890351652 0.02462331880972446 -10.540779740156157
      vertex 35.41577974015616 0.02462331880972446 -11.028624191511827
    endloop
  endfacet
  facet normal 0 -1 0
    outer loop
      vertex 38 0.02462331880972446 -13.312868930080462
      vertex 35.75 0.02462331880972446 -10
      vertex 35.66434890351652 0.02462331880972446 -10.540779740156157
    endloop
  endfacet
  facet normal 0.12709656789822815 -0.8024561480774418 -0.5830185184376273
    outer loop
      vertex 38.55067231614632 0.30520487821831477 -13.907980999479093
      vertex 38 0.5857864376269049 -14.414213562373096
      vertex 38.43701602444882 0.6550029760720852 -14.414213562373096
    endloop
  endfacet
  facet normal 0.3688486060949505 -0.7239061492628767 -0.583018518437627
    outer loop
      vertex 38.55067231614632 0.30520487821831477 -13.907980999479093
      vertex 38.83125387555491 0.8558771943646313 -14.414213562373096
      vertex 39.0474409892286 0.5583211596653155 -13.907980999479093
    endloop
  endfacet
  facet normal 0.4322759991913936 -0.84838941729076 -0.3055697255163328
    outer loop
      vertex 38.55067231614632 0.30520487821831477 -13.907980999479093
      vertex 39.0474409892286 0.5583211596653155 -13.907980999479093
      vertex 39.16109728092609 0.40188669462508453 -13.312868930080462
    endloop
  endfacet
  facet normal 0.3688486060949502 -0.7239061492628769 -0.5830185184376273
    outer loop
      vertex 38.55067231614632 0.30520487821831477 -13.907980999479093
      vertex 38.43701602444882 0.6550029760720852 -14.414213562373096
      vertex 38.83125387555491 0.8558771943646313 -14.414213562373096
    endloop
  endfacet
  facet normal 0.6732856536596773 -0.6732856536596739 -0.3055697255163325
    outer loop
      vertex 39.16109728092609 0.40188669462508453 -13.312868930080462
      vertex 39.0474409892286 0.5583211596653155 -13.907980999479093
      vertex 39.44167884033468 0.9525590107714013 -13.907980999479093
    endloop
  endfacet
  facet normal 0.7071067811865456 -0.7071067811865493 0
    outer loop
      vertex 39.16109728092609 0.40188669462508453 -13.312868930080462
      vertex 39.598113305374916 0.8389027190739056 -13.312868930080462
      vertex 39.598113305374916 0.8389027190739056 -12.687131069919538
    endloop
  endfacet
  facet normal 0.6732856536596729 -0.6732856536596763 -0.3055697255163369
    outer loop
      vertex 39.16109728092609 0.40188669462508453 -13.312868930080462
      vertex 39.44167884033468 0.9525590107714013 -13.907980999479093
      vertex 39.598113305374916 0.8389027190739056 -13.312868930080462
    endloop
  endfacet
  facet normal 0.09269521600902447 -0.5852545604801116 -0.80553379591813
    outer loop
      vertex 38 0.5857864376269049 -14.414213562373096
      vertex 38.28058155940859 1.1364587537732218 -14.782013048376736
      vertex 38.43701602444882 0.6550029760720852 -14.414213562373096
    endloop
  endfacet
  facet normal 0.09269521600902586 -0.5852545604801122 -0.8055337959181297
    outer loop
      vertex 38 0.5857864376269049 -14.414213562373096
      vertex 38 1.0920190005209065 -14.782013048376736
      vertex 38.28058155940859 1.1364587537732218 -14.782013048376736
    endloop
  endfacet
  facet normal 0.2690119944385657 -0.5279657663920196 -0.8055337959181307
    outer loop
      vertex 38.43701602444882 0.6550029760720852 -14.414213562373096
      vertex 38.28058155940859 1.1364587537732218 -14.782013048376736
      vertex 38.83125387555491 0.8558771943646313 -14.414213562373096
    endloop
  endfacet
  facet normal 0.5744951728077414 -0.5744951728077426 -0.5830185184376266
    outer loop
      vertex 39.0474409892286 0.5583211596653155 -13.907980999479093
      vertex 38.83125387555491 0.8558771943646313 -14.414213562373096
      vertex 39.14412280563537 1.168746124445093 -14.414213562373096
    endloop
  endfacet
  facet normal 0.5744951728077446 -0.5744951728077416 -0.5830185184376246
    outer loop
      vertex 39.0474409892286 0.5583211596653155 -13.907980999479093
      vertex 39.14412280563537 1.168746124445093 -14.414213562373096
      vertex 39.44167884033468 0.9525590107714013 -13.907980999479093
    endloop
  endfacet
  facet normal 0.26901199443856544 -0.5279657663920199 -0.8055337959181305
    outer loop
      vertex 38.83125387555491 0.8558771943646313 -14.414213562373096
      vertex 38.28058155940859 1.1364587537732218 -14.782013048376736
      vertex 38.53369784085559 1.265427940851863 -14.782013048376736
    endloop
  endfacet
  facet normal 0.4189960045356795 -0.4189960045356803 -0.8055337959181308
    outer loop
      vertex 38.83125387555491 0.8558771943646313 -14.414213562373096
      vertex 38.53369784085559 1.265427940851863 -14.782013048376736
      vertex 39.14412280563537 1.168746124445093 -14.414213562373096
    endloop
  endfacet
  facet normal 0.8483894172907608 -0.43227599919138865 -0.3055697255163378
    outer loop
      vertex 39.598113305374916 0.8389027190739056 -13.312868930080462
      vertex 39.44167884033468 0.9525590107714013 -13.907980999479093
      vertex 39.878694864783505 1.3895750352202225 -13.312868930080462
    endloop
  endfacet
  facet normal 0.8910065241883691 -0.4539904997395445 0
    outer loop
      vertex 39.598113305374916 0.8389027190739056 -13.312868930080462
      vertex 39.878694864783505 1.3895750352202225 -12.687131069919538
      vertex 39.598113305374916 0.8389027190739056 -12.687131069919538
    endloop
  endfacet
  facet normal 0.04888496762254995 -0.30864753837171255 -0.9499194476362848
    outer loop
      vertex 38 1.0920190005209065 -14.782013048376736
      vertex 38.09668181640677 1.702443965300684 -14.975376681190276
      vertex 38.28058155940859 1.1364587537732218 -14.782013048376736
    endloop
  endfacet
  facet normal 0.7239061492628788 -0.3688486060949515 -0.583018518437624
    outer loop
      vertex 39.44167884033468 0.9525590107714013 -13.907980999479093
      vertex 39.14412280563537 1.168746124445093 -14.414213562373096
      vertex 39.34499702392792 1.562983975551179 -14.414213562373096
    endloop
  endfacet
  facet normal 0.4189960045356789 -0.41899600453568175 -0.8055337959181303
    outer loop
      vertex 38.53369784085559 1.265427940851863 -14.782013048376736
      vertex 38.734572059148135 1.466302159144409 -14.782013048376736
      vertex 39.14412280563537 1.168746124445093 -14.414213562373096
    endloop
  endfacet
  facet normal 0.7239061492628739 -0.36884860609495534 -0.5830185184376275
    outer loop
      vertex 39.44167884033468 0.9525590107714013 -13.907980999479093
      vertex 39.34499702392792 1.562983975551179 -14.414213562373096
      vertex 39.69479512178169 1.4493276838536833 -13.907980999479093
    endloop
  endfacet
  facet normal 0.8910065241883691 -0.4539904997395445 0
    outer loop
      vertex 39.598113305374916 0.8389027190739056 -13.312868930080462
      vertex 39.878694864783505 1.3895750352202225 -13.312868930080462
      vertex 39.878694864783505 1.3895750352202225 -12.687131069919538
    endloop
  endfacet
  facet normal 0.8483894172907587 -0.43227599919140014 -0.3055697255163277
    outer loop
      vertex 39.44167884033468 0.9525590107714013 -13.907980999479093
      vertex 39.69479512178169 1.4493276838536833 -13.907980999479093
      vertex 39.878694864783505 1.3895750352202225 -13.312868930080462
    endloop
  endfacet
  facet normal 0.14186970163515686 -0.27843496684203917 -0.9499194476362846
    outer loop
      vertex 38.28058155940859 1.1364587537732218 -14.782013048376736
      vertex 38.09668181640677 1.702443965300684 -14.975376681190276
      vertex 38.53369784085559 1.265427940851863 -14.782013048376736
    endloop
  endfacet
  facet normal 0.04888496762254812 -0.30864753837171227 -0.949919447636285
    outer loop
      vertex 38 1.0920190005209065 -14.782013048376736
      vertex 38 1.6871310699195383 -14.975376681190276
      vertex 38.09668181640677 1.702443965300684 -14.975376681190276
    endloop
  endfacet
  facet normal 0.22096724078738 -0.22096724078738145 -0.9499194476362843
    outer loop
      vertex 38.53369784085559 1.265427940851863 -14.782013048376736
      vertex 38.183899743001824 1.7468837185529993 -14.975376681190276
      vertex 38.734572059148135 1.466302159144409 -14.782013048376736
    endloop
  endfacet
  facet normal 0.5279657663920158 -0.2690119944385708 -0.8055337959181315
    outer loop
      vertex 39.14412280563537 1.168746124445093 -14.414213562373096
      vertex 38.734572059148135 1.466302159144409 -14.782013048376736
      vertex 38.86354124622678 1.71941844059141 -14.782013048376736
    endloop
  endfacet
  facet normal 0.527965766392021 -0.2690119944385667 -0.8055337959181292
    outer loop
      vertex 39.14412280563537 1.168746124445093 -14.414213562373096
      vertex 38.86354124622678 1.71941844059141 -14.782013048376736
      vertex 39.34499702392792 1.562983975551179 -14.414213562373096
    endloop
  endfacet
  facet normal 0.15643446504023187 -0.9876883405951374 0
    outer loop
      vertex 38 0.02462331880972446 -13.312868930080462
      vertex 38.610424964779774 0.12130513521649444 -13.312868930080462
      vertex 38 0.02462331880972446 13.312868930080462
    endloop
  endfacet
  facet normal 0.45399049973954536 -0.8910065241883685 0
    outer loop
      vertex 38.610424964779774 0.12130513521649444 -13.312868930080462
      vertex 39.16109728092609 0.40188669462508453 -13.312868930080462
      vertex 39.16109728092609 0.40188669462508453 13.312868930080462
    endloop
  endfacet
  facet normal 0.7071067811865458 -0.7071067811865493 0
    outer loop
      vertex 39.16109728092609 0.40188669462508453 -13.312868930080462
      vertex 39.598113305374916 0.8389027190739056 -12.687131069919538
      vertex 39.16109728092609 0.40188669462508453 13.312868930080462
    endloop
  endfacet
  facet normal 0 -1 0
    outer loop
      vertex 32.97137580848817 0.02462331880972446 -8.584220259843843
      vertex 32.58422025984384 0.02462331880972446 8.971375808488173
      vertex 32.58422025984384 0.02462331880972446 -8.971375808488173
    endloop
  endfacet
  facet normal 0 -1 0
    outer loop
      vertex 35.02862419151183 0.02462331880972446 -8.584220259843843
      vertex 34.54077974015616 0.02462331880972446 8.335651096483481
      vertex 34.54077974015616 0.02462331880972446 -8.335651096483481
    endloop
  endfacet
  facet normal 0 -1 0
    outer loop
      vertex 33.45922025984384 0.02462331880972446 -8.335651096483481
      vertex 32.97137580848817 0.02462331880972446 8.584220259843843
      vertex 32.97137580848817 0.02462331880972446 -8.584220259843843
    endloop
  endfacet
  facet normal 0 -1 0
    outer loop
      vertex 34 0.02462331880972446 -8.25
      vertex 33.45922025984384 0.02462331880972446 8.335651096483481
      vertex 33.45922025984384 0.02462331880972446 -8.335651096483481
    endloop
  endfacet
  facet normal 0 -1 0
    outer loop
      vertex 34.54077974015616 0.02462331880972446 -8.335651096483481
      vertex 34 0.02462331880972446 8.25
      vertex 34 0.02462331880972446 -8.25
    endloop
  endfacet
  facet normal 0 -1 0
    outer loop
      vertex 38 0.02462331880972446 -13.312868930080462
      vertex 38 0.02462331880972446 13.312868930080462
      vertex 35.75 0.02462331880972446 -10
    endloop
  endfacet
  facet normal 0 -1 0
    outer loop
      vertex 38 0.02462331880972446 13.312868930080462
      vertex 35.66434890351652 0.02462331880972446 -9.459220259843843
      vertex 35.75 0.02462331880972446 -10
    endloop
  endfacet
  facet normal 0 -1 0
    outer loop
      vertex 38 0.02462331880972446 13.312868930080462
      vertex 35.02862419151183 0.02462331880972446 -8.584220259843843
      vertex 35.41577974015616 0.02462331880972446 -8.971375808488173
    endloop
  endfacet
  facet normal 0 -1 0
    outer loop
      vertex 38 0.02462331880972446 13.312868930080462
      vertex 35.41577974015616 0.02462331880972446 -8.971375808488173
      vertex 35.66434890351652 0.02462331880972446 -9.459220259843843
    endloop
  endfacet
  facet normal 0.891006524188369 -0.4539904997395445 0
    outer loop
      vertex 39.598113305374916 0.8389027190739056 -12.687131069919538
      vertex 39.878694864783505 1.3895750352202225 -12.687131069919538
      vertex 39.878694864783505 1.3895750352202225 13.312868930080462
    endloop
  endfacet
  facet normal 0.14186970163515492 -0.27843496684204083 -0.9499194476362843
    outer loop
      vertex 38.53369784085559 1.265427940851863 -14.782013048376736
      vertex 38.09668181640677 1.702443965300684 -14.975376681190276
      vertex 38.183899743001824 1.7468837185529993 -14.975376681190276
    endloop
  endfacet
  facet normal 0.220967240787386 -0.2209672407873704 -0.9499194476362854
    outer loop
      vertex 38.734572059148135 1.466302159144409 -14.782013048376736
      vertex 38.183899743001824 1.7468837185529993 -14.975376681190276
      vertex 38.253116281447 1.8161002569981797 -14.975376681190276
    endloop
  endfacet
  facet normal 0.2784349668420375 -0.14186970163516002 -0.9499194476362847
    outer loop
      vertex 38.734572059148135 1.466302159144409 -14.782013048376736
      vertex 38.29755603469932 1.9033181835932302 -14.975376681190276
      vertex 38.86354124622678 1.71941844059141 -14.782013048376736
    endloop
  endfacet
  facet normal 0.8024561480774426 -0.12709656789822102 -0.5830185184376275
    outer loop
      vertex 39.69479512178169 1.4493276838536833 -13.907980999479093
      vertex 39.34499702392792 1.562983975551179 -14.414213562373096
      vertex 39.78201304837673 2 -13.907980999479093
    endloop
  endfacet
  facet normal 0.9876883405951372 -0.15643446504023392 0
    outer loop
      vertex 39.878694864783505 1.3895750352202225 -13.312868930080462
      vertex 39.975376681190276 2 -13.312868930080462
      vertex 39.878694864783505 1.3895750352202225 -12.687131069919538
    endloop
  endfacet
  facet normal 0.9404469136807786 -0.14895215807827059 -0.30556972551632783
    outer loop
      vertex 39.878694864783505 1.3895750352202225 -13.312868930080462
      vertex 39.69479512178169 1.4493276838536833 -13.907980999479093
      vertex 39.975376681190276 2 -13.312868930080462
    endloop
  endfacet
  facet normal 0.2784349668420312 -0.14186970163516677 -0.9499194476362856
    outer loop
      vertex 38.734572059148135 1.466302159144409 -14.782013048376736
      vertex 38.253116281447 1.8161002569981797 -14.975376681190276
      vertex 38.29755603469932 1.9033181835932302 -14.975376681190276
    endloop
  endfacet
  facet normal 0 0 -1
    outer loop
      vertex 38 1.6871310699195383 -14.975376681190276
      vertex 38.29755603469932 1.9033181835932302 -14.975376681190276
      vertex 38.09668181640677 1.702443965300684 -14.975376681190276
    endloop
  endfacet
  facet normal 0 0 -1
    outer loop
      vertex 38.09668181640677 1.702443965300684 -14.975376681190276
      vertex 38.29755603469932 1.9033181835932302 -14.975376681190276
      vertex 38.183899743001824 1.7468837185529993 -14.975376681190276
    endloop
  endfacet
  facet normal 0 0 -1
    outer loop
      vertex 38.183899743001824 1.7468837185529993 -14.975376681190276
      vertex 38.29755603469932 1.9033181835932302 -14.975376681190276
      vertex 38.253116281447 1.8161002569981797 -14.975376681190276
    endloop
  endfacet
  facet normal 0.3086475383717134 -0.04888496762254689 -0.9499194476362848
    outer loop
      vertex 38.86354124622678 1.71941844059141 -14.782013048376736
      vertex 38.29755603469932 1.9033181835932302 -14.975376681190276
      vertex 38.90798099947909 2 -14.782013048376736
    endloop
  endfacet
  facet normal 0.5852545604801139 -0.09269521600902013 -0.8055337959181289
    outer loop
      vertex 39.34499702392792 1.562983975551179 -14.414213562373096
      vertex 38.86354124622678 1.71941844059141 -14.782013048376736
      vertex 38.90798099947909 2 -14.782013048376736
    endloop
  endfacet
  facet normal 0.5852545604801147 -0.0926952160090189 -0.8055337959181286
    outer loop
      vertex 39.34499702392792 1.562983975551179 -14.414213562373096
      vertex 38.90798099947909 2 -14.782013048376736
      vertex 39.41421356237309 2 -14.414213562373096
    endloop
  endfacet
  facet normal 0.8024561480774424 -0.12709656789821994 -0.5830185184376282
    outer loop
      vertex 39.34499702392792 1.562983975551179 -14.414213562373096
      vertex 39.41421356237309 2 -14.414213562373096
      vertex 39.78201304837673 2 -13.907980999479093
    endloop
  endfacet
  facet normal 0.940446913680777 -0.148952158078258 -0.30556972551633865
    outer loop
      vertex 39.69479512178169 1.4493276838536833 -13.907980999479093
      vertex 39.78201304837673 2 -13.907980999479093
      vertex 39.975376681190276 2 -13.312868930080462
    endloop
  endfacet
  facet normal 0.30864753837171266 -0.048884967622541325 -0.9499194476362852
    outer loop
      vertex 38.29755603469932 1.9033181835932302 -14.975376681190276
      vertex 38.31286893008046 2 -14.975376681190276
      vertex 38.90798099947909 2 -14.782013048376736
    endloop
  endfacet
  facet normal 0 0 -1
    outer loop
      vertex 38.29755603469932 1.9033181835932302 -14.975376681190276
      vertex 38.29755603469932 3.90331818359323 -14.975376681190276
      vertex 38.31286893008046 2 -14.975376681190276
    endloop
  endfacet
  facet normal 0.30901699437494806 0 -0.9510565162951533
    outer loop
      vertex 38.31286893008046 2 -14.975376681190276
      vertex 38.90798099947909 4 -14.782013048376736
      vertex 38.90798099947909 2 -14.782013048376736
    endloop
  endfacet
  facet normal 0.5877852522924751 0 -0.809016994374946
    outer loop
      vertex 38.90798099947909 2 -14.782013048376736
      vertex 38.90798099947909 4 -14.782013048376736
      vertex 39.41421356237309 2 -14.414213562373096
    endloop
  endfacet
  facet normal 0.8090169943749479 0 -0.5877852522924725
    outer loop
      vertex 39.41421356237309 2 -14.414213562373096
      vertex 39.41421356237309 4 -14.414213562373096
      vertex 39.78201304837673 2 -13.907980999479093
    endloop
  endfacet
  facet normal 0.9510565162951516 0 -0.3090169943749532
    outer loop
      vertex 39.78201304837673 2 -13.907980999479093
      vertex 39.975376681190276 4 -13.312868930080462
      vertex 39.975376681190276 2 -13.312868930080462
    endloop
  endfacet
  facet normal 0.9876883405951372 -0.1564344650402339 0
    outer loop
      vertex 39.878694864783505 1.3895750352202225 -12.687131069919538
      vertex 39.975376681190276 2 -13.312868930080462
      vertex 39.878694864783505 1.3895750352202225 13.312868930080462
    endloop
  endfacet
  facet normal 0 -1 0
    outer loop
      vertex -38 0.02462331880972446 -13.312868930080462
      vertex 32.58422025984384 0.02462331880972446 8.971375808488173
      vertex 32.33565109648348 0.02462331880972446 9.459220259843843
    endloop
  endfacet
  facet normal 0 -1 0
    outer loop
      vertex -38 0.02462331880972446 -13.312868930080462
      vertex 32.33565109648348 0.02462331880972446 9.459220259843843
      vertex 32.25 0.02462331880972446 10
    endloop
  endfacet
  facet normal 0 -1 0
    outer loop
      vertex -38 0.02462331880972446 -13.312868930080462
      vertex 32.25 0.02462331880972446 10
      vertex 32.33565109648348 0.02462331880972446 10.540779740156157
    endloop
  endfacet
  facet normal 0 -1 0
    outer loop
      vertex -38 0.02462331880972446 -13.312868930080462
      vertex 32.33565109648348 0.02462331880972446 10.540779740156157
      vertex 32.58422025984384 0.02462331880972446 11.028624191511827
    endloop
  endfacet
  facet normal 0 -1 0
    outer loop
      vertex -38 0.02462331880972446 -13.312868930080462
      vertex 32.58422025984384 0.02462331880972446 11.028624191511827
      vertex 32.97137580848817 0.02462331880972446 11.415779740156157
    endloop
  endfacet
  facet normal 0 -1 0
    outer loop
      vertex -38 0.02462331880972446 -13.312868930080462
      vertex 32.97137580848817 0.02462331880972446 11.415779740156157
      vertex 33.45922025984384 0.02462331880972446 11.664348903516519
    endloop
  endfacet
  facet normal 0 -1 0
    outer loop
      vertex -38 0.02462331880972446 -13.312868930080462
      vertex 33.45922025984384 0.02462331880972446 11.664348903516519
      vertex 38 0.02462331880972446 13.312868930080462
    endloop
  endfacet
  facet normal 0 -0.9510565162951536 0.3090169943749478
    outer loop
      vertex -38 0.2179869516232642 13.907980999479093
      vertex 38 0.02462331880972446 13.312868930080462
      vertex 38 0.2179869516232642 13.907980999479093
    endloop
  endfacet
  facet normal 0 -0.8090169943749479 0.5877852522924725
    outer loop
      vertex -38 0.5857864376269049 14.414213562373096
      vertex 38 0.2179869516232642 13.907980999479093
      vertex 38 0.5857864376269049 14.414213562373096
    endloop
  endfacet
  facet normal 0 -0.5877852522924729 0.8090169943749475
    outer loop
      vertex -38 0.5857864376269049 14.414213562373096
      vertex 38 0.5857864376269049 14.414213562373096
      vertex 38 1.0920190005209065 14.782013048376736
    endloop
  endfacet
  facet normal 0 -0.30901699437494773 0.9510565162951533
    outer loop
      vertex -38 1.6871310699195383 14.975376681190276
      vertex 38 1.0920190005209065 14.782013048376736
      vertex 38 1.6871310699195383 14.975376681190276
    endloop
  endfacet
  facet normal 0 0 1
    outer loop
      vertex -38 1.6871310699195383 14.975376681190276
      vertex 38 1.6871310699195383 14.975376681190276
      vertex 38.31286893008046 2 14.975376681190276
    endloop
  endfacet
  facet normal 0 0 1
    outer loop
      vertex -38 1.6871310699195383 14.975376681190276
      vertex 38.31286893008046 2 14.975376681190276
      vertex 38 4.3128689300804615 14.975376681190276
    endloop
  endfacet
  facet normal 0 -1 0
    outer loop
      vertex 34 0.02462331880972446 -8.25
      vertex 34 0.02462331880972446 8.25
      vertex 33.45922025984384 0.02462331880972446 8.335651096483481
    endloop
  endfacet
  facet normal 0 -1 0
    outer loop
      vertex 34.54077974015616 0.02462331880972446 -8.335651096483481
      vertex 34.54077974015616 0.02462331880972446 8.335651096483481
      vertex 34 0.02462331880972446 8.25
    endloop
  endfacet
  facet normal 0 -1 0
    outer loop
      vertex 35.02862419151183 0.02462331880972446 -8.584220259843843
      vertex 35.02862419151183 0.02462331880972446 8.584220259843843
      vertex 34.54077974015616 0.02462331880972446 8.335651096483481
    endloop
  endfacet
  facet normal 0 -1 0
    outer loop
      vertex 32.97137580848817 0.02462331880972446 -8.584220259843843
      vertex 32.97137580848817 0.02462331880972446 8.584220259843843
      vertex 32.58422025984384 0.02462331880972446 8.971375808488173
    endloop
  endfacet
  facet normal 0 -1 0
    outer loop
      vertex 33.45922025984384 0.02462331880972446 -8.335651096483481
      vertex 33.45922025984384 0.02462331880972446 8.335651096483481
      vertex 32.97137580848817 0.02462331880972446 8.584220259843843
    endloop
  endfacet
  facet normal 0 -1 0
    outer loop
      vertex 35.02862419151183 0.02462331880972446 -8.584220259843843
      vertex 35.41577974015616 0.02462331880972446 8.971375808488173
      vertex 35.02862419151183 0.02462331880972446 8.584220259843843
    endloop
  endfacet
  facet normal 0 -1 0
    outer loop
      vertex 38 0.02462331880972446 13.312868930080462
      vertex 35.41577974015616 0.02462331880972446 8.971375808488173
      vertex 35.02862419151183 0.02462331880972446 -8.584220259843843
    endloop
  endfacet
  facet normal 0.15643446504023187 -0.9876883405951375 0
    outer loop
      vertex 38.610424964779774 0.12130513521649444 -13.312868930080462
      vertex 38.610424964779774 0.12130513521649444 12.687131069919538
      vertex 38 0.02462331880972446 13.312868930080462
    endloop
  endfacet
  facet normal 0.45399049973954547 -0.8910065241883686 0
    outer loop
      vertex 38.610424964779774 0.12130513521649444 -13.312868930080462
      vertex 39.16109728092609 0.40188669462508453 13.312868930080462
      vertex 38.610424964779774 0.12130513521649444 12.687131069919538
    endloop
  endfacet
  facet normal 0.7071067811865458 -0.7071067811865492 0
    outer loop
      vertex 39.598113305374916 0.8389027190739056 -12.687131069919538
      vertex 39.598113305374916 0.8389027190739056 13.312868930080462
      vertex 39.16109728092609 0.40188669462508453 13.312868930080462
    endloop
  endfacet
  facet normal 0.891006524188369 -0.4539904997395445 0
    outer loop
      vertex 39.598113305374916 0.8389027190739056 -12.687131069919538
      vertex 39.878694864783505 1.3895750352202225 13.312868930080462
      vertex 39.598113305374916 0.8389027190739056 13.312868930080462
    endloop
  endfacet
  facet normal 0 -1 0
    outer loop
      vertex 38 0.02462331880972446 13.312868930080462
      vertex 35.66434890351652 0.02462331880972446 9.459220259843843
      vertex 35.41577974015616 0.02462331880972446 8.971375808488173
    endloop
  endfacet
  facet normal 0 -1 0
    outer loop
      vertex 38 0.02462331880972446 13.312868930080462
      vertex 35.75 0.02462331880972446 10
      vertex 35.66434890351652 0.02462331880972446 9.459220259843843
    endloop
  endfacet
  facet normal 0 -1 0
    outer loop
      vertex 38 0.02462331880972446 13.312868930080462
      vertex 35.02862419151183 0.02462331880972446 11.415779740156157
      vertex 35.41577974015616 0.02462331880972446 11.028624191511827
    endloop
  endfacet
  facet normal 0 -1 0
    outer loop
      vertex 38 0.02462331880972446 13.312868930080462
      vertex 34.54077974015616 0.02462331880972446 11.664348903516519
      vertex 35.02862419151183 0.02462331880972446 11.415779740156157
    endloop
  endfacet
  facet normal 0 -1 0
    outer loop
      vertex 38 0.02462331880972446 13.312868930080462
      vertex 35.66434890351652 0.02462331880972446 10.540779740156157
      vertex 35.75 0.02462331880972446 10
    endloop
  endfacet
  facet normal 0 -1 0
    outer loop
      vertex 38 0.02462331880972446 13.312868930080462
      vertex 35.41577974015616 0.02462331880972446 11.028624191511827
      vertex 35.66434890351652 0.02462331880972446 10.540779740156157
    endloop
  endfacet
  facet normal 0 -1 0
    outer loop
      vertex 38 0.02462331880972446 13.312868930080462
      vertex 33.45922025984384 0.02462331880972446 11.664348903516519
      vertex 34 0.02462331880972446 11.75
    endloop
  endfacet
  facet normal 0 -1 0
    outer loop
      vertex 38 0.02462331880972446 13.312868930080462
      vertex 34 0.02462331880972446 11.75
      vertex 34.54077974015616 0.02462331880972446 11.664348903516519
    endloop
  endfacet
  facet normal 0.1564344650402319 -0.9876883405951377 0
    outer loop
      vertex 38.610424964779774 0.12130513521649444 12.687131069919538
      vertex 38.610424964779774 0.12130513521649444 13.312868930080462
      vertex 38 0.02462331880972446 13.312868930080462
    endloop
  endfacet
  facet normal 0.14895215807826837 -0.9404469136807773 0.30556972551633277
    outer loop
      vertex 38 0.02462331880972446 13.312868930080462
      vertex 38.610424964779774 0.12130513521649444 13.312868930080462
      vertex 38 0.2179869516232642 13.907980999479093
    endloop
  endfacet
  facet normal 0.14895215807826717 -0.940446913680778 0.30556972551633166
    outer loop
      vertex 38.610424964779774 0.12130513521649444 13.312868930080462
      vertex 38.55067231614632 0.30520487821831477 13.907980999479093
      vertex 38 0.2179869516232642 13.907980999479093
    endloop
  endfacet
  facet normal 0.4539904997395454 -0.8910065241883686 0
    outer loop
      vertex 38.610424964779774 0.12130513521649444 12.687131069919538
      vertex 39.16109728092609 0.40188669462508453 13.312868930080462
      vertex 38.610424964779774 0.12130513521649444 13.312868930080462
    endloop
  endfacet
  facet normal 0.4322759991913907 -0.8483894172907627 0.3055697255163295
    outer loop
      vertex 38.610424964779774 0.12130513521649444 13.312868930080462
      vertex 39.16109728092609 0.40188669462508453 13.312868930080462
      vertex 38.55067231614632 0.30520487821831477 13.907980999479093
    endloop
  endfacet
  facet normal 0.1270965678982285 -0.8024561480774416 0.5830185184376272
    outer loop
      vertex 38 0.2179869516232642 13.907980999479093
      vertex 38.55067231614632 0.30520487821831477 13.907980999479093
      vertex 38.43701602444882 0.6550029760720852 14.414213562373096
    endloop
  endfacet
  facet normal 0.4322759991913936 -0.84838941729076 0.3055697255163328
    outer loop
      vertex 38.55067231614632 0.30520487821831477 13.907980999479093
      vertex 39.16109728092609 0.40188669462508453 13.312868930080462
      vertex 39.0474409892286 0.5583211596653155 13.907980999479093
    endloop
  endfacet
  facet normal 0.1270965678982281 -0.8024561480774415 0.5830185184376275
    outer loop
      vertex 38 0.2179869516232642 13.907980999479093
      vertex 38.43701602444882 0.6550029760720852 14.414213562373096
      vertex 38 0.5857864376269049 14.414213562373096
    endloop
  endfacet
  facet normal 0.3688486060949505 -0.7239061492628767 0.5830185184376272
    outer loop
      vertex 38.55067231614632 0.30520487821831477 13.907980999479093
      vertex 39.0474409892286 0.5583211596653155 13.907980999479093
      vertex 38.43701602444882 0.6550029760720852 14.414213562373096
    endloop
  endfacet
  facet normal 0.6732856536596739 -0.6732856536596773 0.30556972551633277
    outer loop
      vertex 39.16109728092609 0.40188669462508453 13.312868930080462
      vertex 39.598113305374916 0.8389027190739056 13.312868930080462
      vertex 39.0474409892286 0.5583211596653155 13.907980999479093
    endloop
  endfacet
  facet normal 0.3688486060949503 -0.723906149262877 0.583018518437627
    outer loop
      vertex 39.0474409892286 0.5583211596653155 13.907980999479093
      vertex 38.83125387555491 0.8558771943646313 14.414213562373096
      vertex 38.43701602444882 0.6550029760720852 14.414213562373096
    endloop
  endfacet
  facet normal 0.6732856536596763 -0.6732856536596729 0.3055697255163371
    outer loop
      vertex 39.0474409892286 0.5583211596653155 13.907980999479093
      vertex 39.598113305374916 0.8389027190739056 13.312868930080462
      vertex 39.44167884033468 0.9525590107714013 13.907980999479093
    endloop
  endfacet
  facet normal 0.09269521600902456 -0.585254560480112 0.8055337959181296
    outer loop
      vertex 38 0.5857864376269049 14.414213562373096
      vertex 38.43701602444882 0.6550029760720852 14.414213562373096
      vertex 38 1.0920190005209065 14.782013048376736
    endloop
  endfacet
  facet normal 0.2690119944385657 -0.5279657663920196 0.8055337959181307
    outer loop
      vertex 38.43701602444882 0.6550029760720852 14.414213562373096
      vertex 38.83125387555491 0.8558771943646313 14.414213562373096
      vertex 38.28058155940859 1.1364587537732218 14.782013048376736
    endloop
  endfacet
  facet normal 0.5744951728077436 -0.5744951728077408 0.5830185184376264
    outer loop
      vertex 39.0474409892286 0.5583211596653155 13.907980999479093
      vertex 39.44167884033468 0.9525590107714013 13.907980999479093
      vertex 38.83125387555491 0.8558771943646313 14.414213562373096
    endloop
  endfacet
  facet normal 0.8483894172907556 -0.4322759991913986 0.3055697255163383
    outer loop
      vertex 39.598113305374916 0.8389027190739056 13.312868930080462
      vertex 39.69479512178169 1.4493276838536833 13.907980999479093
      vertex 39.44167884033468 0.9525590107714013 13.907980999479093
    endloop
  endfacet
  facet normal 0.09269521600902575 -0.5852545604801114 0.80553379591813
    outer loop
      vertex 38.43701602444882 0.6550029760720852 14.414213562373096
      vertex 38.28058155940859 1.1364587537732218 14.782013048376736
      vertex 38 1.0920190005209065 14.782013048376736
    endloop
  endfacet
  facet normal 0.26901199443856544 -0.5279657663920199 0.8055337959181305
    outer loop
      vertex 38.83125387555491 0.8558771943646313 14.414213562373096
      vertex 38.53369784085559 1.265427940851863 14.782013048376736
      vertex 38.28058155940859 1.1364587537732218 14.782013048376736
    endloop
  endfacet
  facet normal 0.5744951728077425 -0.5744951728077439 0.5830185184376243
    outer loop
      vertex 39.44167884033468 0.9525590107714013 13.907980999479093
      vertex 39.14412280563537 1.168746124445093 14.414213562373096
      vertex 38.83125387555491 0.8558771943646313 14.414213562373096
    endloop
  endfacet
  facet normal 0.8483894172907636 -0.43227599919139004 0.30556972551632827
    outer loop
      vertex 39.598113305374916 0.8389027190739056 13.312868930080462
      vertex 39.878694864783505 1.3895750352202225 13.312868930080462
      vertex 39.69479512178169 1.4493276838536833 13.907980999479093
    endloop
  endfacet
  facet normal 0.41899600453567837 -0.4189960045356812 0.8055337959181311
    outer loop
      vertex 38.83125387555491 0.8558771943646313 14.414213562373096
      vertex 38.734572059148135 1.466302159144409 14.782013048376736
      vertex 38.53369784085559 1.265427940851863 14.782013048376736
    endloop
  endfacet
  facet normal 0.048884967622549916 -0.30864753837171227 0.949919447636285
    outer loop
      vertex 38 1.0920190005209065 14.782013048376736
      vertex 38.28058155940859 1.1364587537732218 14.782013048376736
      vertex 38 1.6871310699195383 14.975376681190276
    endloop
  endfacet
  facet normal 0.723906149262876 -0.3688486060949564 0.5830185184376244
    outer loop
      vertex 39.44167884033468 0.9525590107714013 13.907980999479093
      vertex 39.69479512178169 1.4493276838536833 13.907980999479093
      vertex 39.14412280563537 1.168746124445093 14.414213562373096
    endloop
  endfacet
  facet normal 0.4189960045356798 -0.41899600453568064 0.8055337959181305
    outer loop
      vertex 38.83125387555491 0.8558771943646313 14.414213562373096
      vertex 39.14412280563537 1.168746124445093 14.414213562373096
      vertex 38.734572059148135 1.466302159144409 14.782013048376736
    endloop
  endfacet
  facet normal 0.14186970163515686 -0.27843496684203917 0.9499194476362846
    outer loop
      vertex 38.28058155940859 1.1364587537732218 14.782013048376736
      vertex 38.53369784085559 1.265427940851863 14.782013048376736
      vertex 38.09668181640677 1.702443965300684 14.975376681190276
    endloop
  endfacet
  facet normal 0.04888496762254825 -0.3086475383717131 0.9499194476362848
    outer loop
      vertex 38.28058155940859 1.1364587537732218 14.782013048376736
      vertex 38.09668181640677 1.702443965300684 14.975376681190276
      vertex 38 1.6871310699195383 14.975376681190276
    endloop
  endfacet
  facet normal 0.7239061492628761 -0.36884860609495024 0.583018518437628
    outer loop
      vertex 39.14412280563537 1.168746124445093 14.414213562373096
      vertex 39.69479512178169 1.4493276838536833 13.907980999479093
      vertex 39.34499702392792 1.562983975551179 14.414213562373096
    endloop
  endfacet
  facet normal 0.5279657663920158 -0.2690119944385708 0.8055337959181315
    outer loop
      vertex 39.14412280563537 1.168746124445093 14.414213562373096
      vertex 38.86354124622678 1.71941844059141 14.782013048376736
      vertex 38.734572059148135 1.466302159144409 14.782013048376736
    endloop
  endfacet
  facet normal 0.527965766392021 -0.2690119944385667 0.8055337959181292
    outer loop
      vertex 39.14412280563537 1.168746124445093 14.414213562373096
      vertex 39.34499702392792 1.562983975551179 14.414213562373096
      vertex 38.86354124622678 1.71941844059141 14.782013048376736
    endloop
  endfacet
  facet normal 0.9876883405951372 -0.15643446504023392 0
    outer loop
      vertex 39.975376681190276 2 -13.312868930080462
      vertex 39.975376681190276 2 13.312868930080462
      vertex 39.878694864783505 1.3895750352202225 13.312868930080462
    endloop
  endfacet
  facet normal 1 0 0
    outer loop
      vertex 39.975376681190276 2 -13.312868930080462
      vertex 39.975376681190276 4 13.312868930080462
      vertex 39.975376681190276 2 13.312868930080462
    endloop
  endfacet
  facet normal 0.9404469136807786 -0.14895215807827059 0.30556972551632783
    outer loop
      vertex 39.878694864783505 1.3895750352202225 13.312868930080462
      vertex 39.975376681190276 2 13.312868930080462
      vertex 39.69479512178169 1.4493276838536833 13.907980999479093
    endloop
  endfacet
  facet normal 0.22096724078737875 -0.2209672407873802 0.9499194476362849
    outer loop
      vertex 38.53369784085559 1.265427940851863 14.782013048376736
      vertex 38.734572059148135 1.466302159144409 14.782013048376736
      vertex 38.253116281447 1.8161002569981797 14.975376681190276
    endloop
  endfacet
  facet normal 0.14186970163515492 -0.27843496684204083 0.9499194476362843
    outer loop
      vertex 38.53369784085559 1.265427940851863 14.782013048376736
      vertex 38.183899743001824 1.7468837185529993 14.975376681190276
      vertex 38.09668181640677 1.702443965300684 14.975376681190276
    endloop
  endfacet
  facet normal 0.22096724078738977 -0.22096724078737418 0.9499194476362838
    outer loop
      vertex 38.53369784085559 1.265427940851863 14.782013048376736
      vertex 38.253116281447 1.8161002569981797 14.975376681190276
      vertex 38.183899743001824 1.7468837185529993 14.975376681190276
    endloop
  endfacet
  facet normal 0.2784349668420375 -0.14186970163516002 0.9499194476362847
    outer loop
      vertex 38.734572059148135 1.466302159144409 14.782013048376736
      vertex 38.86354124622678 1.71941844059141 14.782013048376736
      vertex 38.29755603469932 1.9033181835932302 14.975376681190276
    endloop
  endfacet
  facet normal 0.8024561480774428 -0.12709656789822 0.5830185184376274
    outer loop
      vertex 39.69479512178169 1.4493276838536833 13.907980999479093
      vertex 39.41421356237309 2 14.414213562373096
      vertex 39.34499702392792 1.562983975551179 14.414213562373096
    endloop
  endfacet
  facet normal 0.940446913680777 -0.148952158078258 0.30556972551633865
    outer loop
      vertex 39.69479512178169 1.4493276838536833 13.907980999479093
      vertex 39.975376681190276 2 13.312868930080462
      vertex 39.78201304837673 2 13.907980999479093
    endloop
  endfacet
  facet normal 0 0 1
    outer loop
      vertex 38 1.6871310699195383 14.975376681190276
      vertex 38.09668181640677 1.702443965300684 14.975376681190276
      vertex 38.253116281447 1.8161002569981797 14.975376681190276
    endloop
  endfacet
  facet normal 0.2784349668420312 -0.14186970163516677 0.9499194476362856
    outer loop
      vertex 38.734572059148135 1.466302159144409 14.782013048376736
      vertex 38.29755603469932 1.9033181835932302 14.975376681190276
      vertex 38.253116281447 1.8161002569981797 14.975376681190276
    endloop
  endfacet
  facet normal 0 0 1
    outer loop
      vertex 38.09668181640677 1.702443965300684 14.975376681190276
      vertex 38.183899743001824 1.7468837185529993 14.975376681190276
      vertex 38.253116281447 1.8161002569981797 14.975376681190276
    endloop
  endfacet
  facet normal 0 0 1
    outer loop
      vertex 38 1.6871310699195383 14.975376681190276
      vertex 38.253116281447 1.8161002569981797 14.975376681190276
      vertex 38.31286893008046 2 14.975376681190276
    endloop
  endfacet
  facet normal 0.3086475383717134 -0.04888496762254689 0.9499194476362848
    outer loop
      vertex 38.86354124622678 1.71941844059141 14.782013048376736
      vertex 38.90798099947909 2 14.782013048376736
      vertex 38.29755603469932 1.9033181835932302 14.975376681190276
    endloop
  endfacet
  facet normal 0.5852545604801139 -0.09269521600902013 0.8055337959181289
    outer loop
      vertex 39.34499702392792 1.562983975551179 14.414213562373096
      vertex 38.90798099947909 2 14.782013048376736
      vertex 38.86354124622678 1.71941844059141 14.782013048376736
    endloop
  endfacet
  facet normal 0.8024561480774423 -0.12709656789822094 0.5830185184376282
    outer loop
      vertex 39.69479512178169 1.4493276838536833 13.907980999479093
      vertex 39.78201304837673 2 13.907980999479093
      vertex 39.41421356237309 2 14.414213562373096
    endloop
  endfacet
  facet normal 0.5852545604801147 -0.0926952160090189 0.8055337959181286
    outer loop
      vertex 39.34499702392792 1.562983975551179 14.414213562373096
      vertex 39.41421356237309 2 14.414213562373096
      vertex 38.90798099947909 2 14.782013048376736
    endloop
  endfacet
  facet normal 0 0 1
    outer loop
      vertex 38.253116281447 1.8161002569981797 14.975376681190276
      vertex 38.29755603469932 1.9033181835932302 14.975376681190276
      vertex 38.31286893008046 2 14.975376681190276
    endloop
  endfacet
  facet normal 0.30864753837171266 -0.048884967622541325 0.9499194476362852
    outer loop
      vertex 38.29755603469932 1.9033181835932302 14.975376681190276
      vertex 38.90798099947909 2 14.782013048376736
      vertex 38.31286893008046 2 14.975376681190276
    endloop
  endfacet
  facet normal 0.9510565162951516 0 0.3090169943749532
    outer loop
      vertex 39.975376681190276 2 13.312868930080462
      vertex 39.78201304837673 4 13.907980999479093
      vertex 39.78201304837673 2 13.907980999479093
    endloop
  endfacet
  facet normal 0.30901699437494806 0 0.9510565162951533
    outer loop
      vertex 38.31286893008046 2 14.975376681190276
      vertex 38.90798099947909 2 14.782013048376736
      vertex 38.90798099947909 4 14.782013048376736
    endloop
  endfacet
  facet normal 0.8090169943749479 0 0.5877852522924725
    outer loop
      vertex 39.78201304837673 2 13.907980999479093
      vertex 39.41421356237309 4 14.414213562373096
      vertex 39.41421356237309 2 14.414213562373096
    endloop
  endfacet
  facet normal 0.5877852522924751 0 0.809016994374946
    outer loop
      vertex 39.41421356237309 2 14.414213562373096
      vertex 38.90798099947909 4 14.782013048376736
      vertex 38.90798099947909 2 14.782013048376736
    endloop
  endfacet
  facet normal 0 0 -1
    outer loop
      vertex -38.09668181640677 2.297556034699316 -14.975376681190276
      vertex 38 4.3128689300804615 -14.975376681190276
      vertex 38.29755603469932 3.90331818359323 -14.975376681190276
    endloop
  endfacet
  facet normal 0 0.3090169943749477 -0.9510565162951535
    outer loop
      vertex -38 4.3128689300804615 -14.975376681190276
      vertex 38 4.9079809994790935 -14.782013048376736
      vertex 38 4.3128689300804615 -14.975376681190276
    endloop
  endfacet
  facet normal 0 0.5877852522924731 -0.8090169943749475
    outer loop
      vertex -38 5.414213562373095 -14.414213562373096
      vertex 38 5.414213562373095 -14.414213562373096
      vertex 38 4.9079809994790935 -14.782013048376736
    endloop
  endfacet
  facet normal 0 0.8090169943749479 -0.5877852522924725
    outer loop
      vertex -38 5.414213562373095 -14.414213562373096
      vertex 38 5.782013048376736 -13.907980999479093
      vertex 38 5.414213562373095 -14.414213562373096
    endloop
  endfacet
  facet normal 0 0.9510565162951515 -0.3090169943749534
    outer loop
      vertex -33.93805730571571 5.9753766811902755 -13.312868930080462
      vertex 33.93805730571571 5.9753766811902755 -13.312868930080462
      vertex 34 5.963756697917989 -13.348631561299829
    endloop
  endfacet
  facet normal 3.486327416239705e-18 0.9510565162951534 -0.30901699437494773
    outer loop
      vertex 38 5.782013048376736 -13.907980999479093
      vertex -33.93805730571571 5.9753766811902755 -13.312868930080462
      vertex 34 5.963756697917989 -13.348631561299829
    endloop
  endfacet
  facet normal 0 1 0
    outer loop
      vertex -31.1 5.9753766811902755 -11.674315780649914
      vertex 31.1 5.9753766811902755 -11.674315780649914
      vertex 33.93805730571571 5.9753766811902755 -13.312868930080462
    endloop
  endfacet
  facet normal 0 1 0
    outer loop
      vertex -31.1 5.9753766811902755 11.674315780649914
      vertex 31.1 5.9753766811902755 -8.325684219350086
      vertex 31.1 5.9753766811902755 -11.674315780649914
    endloop
  endfacet
  facet normal 0 0 -1
    outer loop
      vertex 38.31286893008046 2 -14.975376681190276
      vertex 38.29755603469932 3.90331818359323 -14.975376681190276
      vertex 38.29755603469932 4.09668181640677 -14.975376681190276
    endloop
  endfacet
  facet normal 0 0 -1
    outer loop
      vertex 38.31286893008046 2 -14.975376681190276
      vertex 38.29755603469932 4.09668181640677 -14.975376681190276
      vertex 38.31286893008046 4 -14.975376681190276
    endloop
  endfacet
  facet normal 0.30901699437494806 0 -0.9510565162951533
    outer loop
      vertex 38.31286893008046 2 -14.975376681190276
      vertex 38.31286893008046 4 -14.975376681190276
      vertex 38.90798099947909 4 -14.782013048376736
    endloop
  endfacet
  facet normal 0.5877852522924751 0 -0.809016994374946
    outer loop
      vertex 39.41421356237309 2 -14.414213562373096
      vertex 38.90798099947909 4 -14.782013048376736
      vertex 39.41421356237309 4 -14.414213562373096
    endloop
  endfacet
  facet normal 0.8090169943749479 0 -0.5877852522924725
    outer loop
      vertex 39.78201304837673 2 -13.907980999479093
      vertex 39.41421356237309 4 -14.414213562373096
      vertex 39.78201304837673 4 -13.907980999479093
    endloop
  endfacet
  facet normal 0.9510565162951516 0 -0.3090169943749532
    outer loop
      vertex 39.78201304837673 2 -13.907980999479093
      vertex 39.78201304837673 4 -13.907980999479093
      vertex 39.975376681190276 4 -13.312868930080462
    endloop
  endfacet
  facet normal 0 0 -1
    outer loop
      vertex 38.29755603469932 3.90331818359323 -14.975376681190276
      vertex 38.253116281447 4.18389974300182 -14.975376681190276
      vertex 38.29755603469932 4.09668181640677 -14.975376681190276
    endloop
  endfacet
  facet normal 0.3086475383717127 0.048884967622541214 -0.9499194476362852
    outer loop
      vertex 38.31286893008046 4 -14.975376681190276
      vertex 38.29755603469932 4.09668181640677 -14.975376681190276
      vertex 38.90798099947909 4 -14.782013048376736
    endloop
  endfacet
  facet normal 0 0 -1
    outer loop
      vertex 38.29755603469932 3.90331818359323 -14.975376681190276
      vertex 38 4.3128689300804615 -14.975376681190276
      vertex 38.253116281447 4.18389974300182 -14.975376681190276
    endloop
  endfacet
  facet normal 0.30864753837171344 0.04888496762254685 -0.9499194476362847
    outer loop
      vertex 38.29755603469932 4.09668181640677 -14.975376681190276
      vertex 38.86354124622678 4.28058155940859 -14.782013048376736
      vertex 38.90798099947909 4 -14.782013048376736
    endloop
  endfacet
  facet normal 0 0 -1
    outer loop
      vertex 38.253116281447 4.18389974300182 -14.975376681190276
      vertex 38.09668181640677 4.297556034699316 -14.975376681190276
      vertex 38.183899743001824 4.253116281447001 -14.975376681190276
    endloop
  endfacet
  facet normal 0 0 -1
    outer loop
      vertex 38.253116281447 4.18389974300182 -14.975376681190276
      vertex 38 4.3128689300804615 -14.975376681190276
      vertex 38.09668181640677 4.297556034699316 -14.975376681190276
    endloop
  endfacet
  facet normal 0.278434966842031 0.14186970163516702 -0.9499194476362854
    outer loop
      vertex 38.29755603469932 4.09668181640677 -14.975376681190276
      vertex 38.253116281447 4.18389974300182 -14.975376681190276
      vertex 38.734572059148135 4.533697840855591 -14.782013048376736
    endloop
  endfacet
  facet normal 0.5852545604801146 0.09269521600901885 -0.8055337959181285
    outer loop
      vertex 38.90798099947909 4 -14.782013048376736
      vertex 39.34499702392792 4.4370160244488215 -14.414213562373096
      vertex 39.41421356237309 4 -14.414213562373096
    endloop
  endfacet
  facet normal 0.8024561480774423 0.127096567898221 -0.5830185184376282
    outer loop
      vertex 39.41421356237309 4 -14.414213562373096
      vertex 39.69479512178169 4.550672316146317 -13.907980999479093
      vertex 39.78201304837673 4 -13.907980999479093
    endloop
  endfacet
  facet normal 0.5852545604801139 0.09269521600901998 -0.805533795918129
    outer loop
      vertex 38.90798099947909 4 -14.782013048376736
      vertex 38.86354124622678 4.28058155940859 -14.782013048376736
      vertex 39.34499702392792 4.4370160244488215 -14.414213562373096
    endloop
  endfacet
  facet normal 0.940446913680777 0.148952158078258 -0.30556972551633865
    outer loop
      vertex 39.78201304837673 4 -13.907980999479093
      vertex 39.69479512178169 4.550672316146317 -13.907980999479093
      vertex 39.975376681190276 4 -13.312868930080462
    endloop
  endfacet
  facet normal 0.22096724078738675 0.22096724078736973 -0.9499194476362854
    outer loop
      vertex 38.253116281447 4.18389974300182 -14.975376681190276
      vertex 38.183899743001824 4.253116281447001 -14.975376681190276
      vertex 38.734572059148135 4.533697840855591 -14.782013048376736
    endloop
  endfacet
  facet normal 0.2784349668420374 0.14186970163516036 -0.9499194476362846
    outer loop
      vertex 38.29755603469932 4.09668181640677 -14.975376681190276
      vertex 38.734572059148135 4.533697840855591 -14.782013048376736
      vertex 38.86354124622678 4.28058155940859 -14.782013048376736
    endloop
  endfacet
  facet normal 0.141869701635153 0.27843496684204255 -0.9499194476362842
    outer loop
      vertex 38.09668181640677 4.297556034699316 -14.975376681190276
      vertex 38.53369784085559 4.734572059148137 -14.782013048376736
      vertex 38.183899743001824 4.253116281447001 -14.975376681190276
    endloop
  endfacet
  facet normal 0.8024561480774428 0.1270965678982199 -0.5830185184376274
    outer loop
      vertex 39.41421356237309 4 -14.414213562373096
      vertex 39.34499702392792 4.4370160244488215 -14.414213562373096
      vertex 39.69479512178169 4.550672316146317 -13.907980999479093
    endloop
  endfacet
  facet normal 0.5279657663920185 0.26901199443857304 -0.8055337959181288
    outer loop
      vertex 38.86354124622678 4.28058155940859 -14.782013048376736
      vertex 38.734572059148135 4.533697840855591 -14.782013048376736
      vertex 39.34499702392792 4.4370160244488215 -14.414213562373096
    endloop
  endfacet
  facet normal 0.9404469136807786 0.14895215807827047 -0.30556972551632794
    outer loop
      vertex 39.975376681190276 4 -13.312868930080462
      vertex 39.69479512178169 4.550672316146317 -13.907980999479093
      vertex 39.878694864783505 4.610424964779778 -13.312868930080462
    endloop
  endfacet
  facet normal 1 0 0
    outer loop
      vertex 39.975376681190276 2 -13.312868930080462
      vertex 39.975376681190276 4 -13.312868930080462
      vertex 39.975376681190276 4 13.312868930080462
    endloop
  endfacet
  facet normal 0.9876883405951373 0.15643446504023378 0
    outer loop
      vertex 39.975376681190276 4 -13.312868930080462
      vertex 39.878694864783505 4.610424964779778 -13.312868930080462
      vertex 39.975376681190276 4 13.312868930080462
    endloop
  endfacet
  facet normal 0.04888496762254882 0.30864753837171266 -0.9499194476362849
    outer loop
      vertex 38.09668181640677 4.297556034699316 -14.975376681190276
      vertex 38 4.3128689300804615 -14.975376681190276
      vertex 38.28058155940859 4.863541246226778 -14.782013048376736
    endloop
  endfacet
  facet normal 0.22096724078738036 0.22096724078738136 -0.9499194476362842
    outer loop
      vertex 38.183899743001824 4.253116281447001 -14.975376681190276
      vertex 38.53369784085559 4.734572059148137 -14.782013048376736
      vertex 38.734572059148135 4.533697840855591 -14.782013048376736
    endloop
  endfacet
  facet normal 0.1418697016351568 0.278434966842039 -0.9499194476362846
    outer loop
      vertex 38.09668181640677 4.297556034699316 -14.975376681190276
      vertex 38.28058155940859 4.863541246226778 -14.782013048376736
      vertex 38.53369784085559 4.734572059148137 -14.782013048376736
    endloop
  endfacet
  facet normal 0.5279657663920188 0.26901199443856594 -0.8055337959181311
    outer loop
      vertex 39.34499702392792 4.4370160244488215 -14.414213562373096
      vertex 38.734572059148135 4.533697840855591 -14.782013048376736
      vertex 39.14412280563537 4.831253875554907 -14.414213562373096
    endloop
  endfacet
  facet normal 0.723906149262876 0.3688486060949506 -0.5830185184376278
    outer loop
      vertex 39.34499702392792 4.4370160244488215 -14.414213562373096
      vertex 39.14412280563537 4.831253875554907 -14.414213562373096
      vertex 39.69479512178169 4.550672316146317 -13.907980999479093
    endloop
  endfacet
  facet normal 0.04888496762254988 0.30864753837171216 -0.949919447636285
    outer loop
      vertex 38 4.3128689300804615 -14.975376681190276
      vertex 38 4.9079809994790935 -14.782013048376736
      vertex 38.28058155940859 4.863541246226778 -14.782013048376736
    endloop
  endfacet
  facet normal 0.4189960045356791 0.418996004535681 -0.8055337959181309
    outer loop
      vertex 38.734572059148135 4.533697840855591 -14.782013048376736
      vertex 38.53369784085559 4.734572059148137 -14.782013048376736
      vertex 38.83125387555491 5.1441228056353685 -14.414213562373096
    endloop
  endfacet
  facet normal 0.4189960045356796 0.41899600453568075 -0.8055337959181307
    outer loop
      vertex 38.734572059148135 4.533697840855591 -14.782013048376736
      vertex 38.83125387555491 5.1441228056353685 -14.414213562373096
      vertex 39.14412280563537 4.831253875554907 -14.414213562373096
    endloop
  endfacet
  facet normal 0.7239061492628759 0.3688486060949565 -0.5830185184376243
    outer loop
      vertex 39.69479512178169 4.550672316146317 -13.907980999479093
      vertex 39.14412280563537 4.831253875554907 -14.414213562373096
      vertex 39.44167884033468 5.0474409892285985 -13.907980999479093
    endloop
  endfacet
  facet normal 0.8483894172907633 0.43227599919139004 -0.3055697255163285
    outer loop
      vertex 39.69479512178169 4.550672316146317 -13.907980999479093
      vertex 39.598113305374916 5.161097280926095 -13.312868930080462
      vertex 39.878694864783505 4.610424964779778 -13.312868930080462
    endloop
  endfacet
  facet normal 0.26901199443856527 0.5279657663920196 -0.8055337959181307
    outer loop
      vertex 38.53369784085559 4.734572059148137 -14.782013048376736
      vertex 38.28058155940859 4.863541246226778 -14.782013048376736
      vertex 38.43701602444882 5.344997023927915 -14.414213562373096
    endloop
  endfacet
  facet normal 0.0926952160090257 0.5852545604801113 -0.8055337959181302
    outer loop
      vertex 38 4.9079809994790935 -14.782013048376736
      vertex 38.43701602444882 5.344997023927915 -14.414213562373096
      vertex 38.28058155940859 4.863541246226778 -14.782013048376736
    endloop
  endfacet
  facet normal 0.8483894172907553 0.4322759991913987 -0.3055697255163386
    outer loop
      vertex 39.69479512178169 4.550672316146317 -13.907980999479093
      vertex 39.44167884033468 5.0474409892285985 -13.907980999479093
      vertex 39.598113305374916 5.161097280926095 -13.312868930080462
    endloop
  endfacet
  facet normal 0.26901199443856627 0.5279657663920195 -0.8055337959181305
    outer loop
      vertex 38.53369784085559 4.734572059148137 -14.782013048376736
      vertex 38.43701602444882 5.344997023927915 -14.414213562373096
      vertex 38.83125387555491 5.1441228056353685 -14.414213562373096
    endloop
  endfacet
  facet normal 0.09269521600902399 0.5852545604801123 -0.8055337959181297
    outer loop
      vertex 38 4.9079809994790935 -14.782013048376736
      vertex 38 5.414213562373095 -14.414213562373096
      vertex 38.43701602444882 5.344997023927915 -14.414213562373096
    endloop
  endfacet
  facet normal 0.5744951728077451 0.5744951728077412 -0.5830185184376246
    outer loop
      vertex 39.14412280563537 4.831253875554907 -14.414213562373096
      vertex 39.0474409892286 5.441678840334685 -13.907980999479093
      vertex 39.44167884033468 5.0474409892285985 -13.907980999479093
    endloop
  endfacet
  facet normal 0.574495172807741 0.5744951728077425 -0.583018518437627
    outer loop
      vertex 39.14412280563537 4.831253875554907 -14.414213562373096
      vertex 38.83125387555491 5.1441228056353685 -14.414213562373096
      vertex 39.0474409892286 5.441678840334685 -13.907980999479093
    endloop
  endfacet
  facet normal 0.6732856536596767 0.6732856536596721 -0.30556972551633754
    outer loop
      vertex 39.44167884033468 5.0474409892285985 -13.907980999479093
      vertex 39.0474409892286 5.441678840334685 -13.907980999479093
      vertex 39.598113305374916 5.161097280926095 -13.312868930080462
    endloop
  endfacet
  facet normal 0.36884860609495096 0.7239061492628767 -0.583018518437627
    outer loop
      vertex 38.83125387555491 5.1441228056353685 -14.414213562373096
      vertex 38.43701602444882 5.344997023927915 -14.414213562373096
      vertex 38.55067231614632 5.694795121781685 -13.907980999479093
    endloop
  endfacet
  facet normal 0.6732856536596736 0.6732856536596776 -0.3055697255163321
    outer loop
      vertex 39.598113305374916 5.161097280926095 -13.312868930080462
      vertex 39.0474409892286 5.441678840334685 -13.907980999479093
      vertex 39.16109728092609 5.598113305374915 -13.312868930080462
    endloop
  endfacet
  facet normal 0.12709656789822735 0.8024561480774417 -0.5830185184376276
    outer loop
      vertex 38 5.414213562373095 -14.414213562373096
      vertex 38 5.782013048376736 -13.907980999479093
      vertex 38.43701602444882 5.344997023927915 -14.414213562373096
    endloop
  endfacet
  facet normal 0.36884860609494974 0.7239061492628768 -0.5830185184376275
    outer loop
      vertex 38.83125387555491 5.1441228056353685 -14.414213562373096
      vertex 38.55067231614632 5.694795121781685 -13.907980999479093
      vertex 39.0474409892286 5.441678840334685 -13.907980999479093
    endloop
  endfacet
  facet normal 0.4322759991913931 0.8483894172907606 -0.30556972551633194
    outer loop
      vertex 39.0474409892286 5.441678840334685 -13.907980999479093
      vertex 38.55067231614632 5.694795121781685 -13.907980999479093
      vertex 39.16109728092609 5.598113305374915 -13.312868930080462
    endloop
  endfacet
  facet normal -7.427517707401074e-16 0.951056516295152 -0.309016994374952
    outer loop
      vertex 38 5.782013048376736 -13.907980999479093
      vertex 34 5.963756697917989 -13.348631561299829
      vertex 34.06194269428429 5.9753766811902755 -13.312868930080462
    endloop
  endfacet
  facet normal 0 0.9510565162951533 -0.30901699437494806
    outer loop
      vertex 38 5.782013048376736 -13.907980999479093
      vertex 34.06194269428429 5.9753766811902755 -13.312868930080462
      vertex 38 5.9753766811902755 -13.312868930080462
    endloop
  endfacet
  facet normal 0.12709656789822824 0.8024561480774418 -0.5830185184376271
    outer loop
      vertex 38.43701602444882 5.344997023927915 -14.414213562373096
      vertex 38 5.782013048376736 -13.907980999479093
      vertex 38.55067231614632 5.694795121781685 -13.907980999479093
    endloop
  endfacet
  facet normal 0.432275999191391 0.8483894172907624 -0.3055697255163295
    outer loop
      vertex 39.16109728092609 5.598113305374915 -13.312868930080462
      vertex 38.55067231614632 5.694795121781685 -13.907980999479093
      vertex 38.610424964779774 5.878694864783506 -13.312868930080462
    endloop
  endfacet
  facet normal 0.1489521580782667 0.9404469136807776 -0.3055697255163332
    outer loop
      vertex 38.55067231614632 5.694795121781685 -13.907980999479093
      vertex 38 5.782013048376736 -13.907980999479093
      vertex 38 5.9753766811902755 -13.312868930080462
    endloop
  endfacet
  facet normal 0.14895215807826848 0.9404469136807777 -0.3055697255163317
    outer loop
      vertex 38.55067231614632 5.694795121781685 -13.907980999479093
      vertex 38 5.9753766811902755 -13.312868930080462
      vertex 38.610424964779774 5.878694864783506 -13.312868930080462
    endloop
  endfacet
  facet normal 0.1564344650402319 0.9876883405951377 0
    outer loop
      vertex 38.610424964779774 5.878694864783506 -13.312868930080462
      vertex 38 5.9753766811902755 -13.312868930080462
      vertex 38.610424964779774 5.878694864783506 -12.687131069919538
    endloop
  endfacet
  facet normal 0 1 0
    outer loop
      vertex 38 5.9753766811902755 -13.312868930080462
      vertex 34.06194269428429 5.9753766811902755 -13.312868930080462
      vertex 36.9 5.9753766811902755 -11.674315780649914
    endloop
  endfacet
  facet normal 0.8910065241883689 0.4539904997395446 0
    outer loop
      vertex 39.878694864783505 4.610424964779778 -13.312868930080462
      vertex 39.598113305374916 5.161097280926095 -13.312868930080462
      vertex 39.878694864783505 4.610424964779778 13.312868930080462
    endloop
  endfacet
  facet normal 0.7071067811865452 0.7071067811865496 0
    outer loop
      vertex 39.598113305374916 5.161097280926095 -13.312868930080462
      vertex 39.16109728092609 5.598113305374915 -13.312868930080462
      vertex 39.16109728092609 5.598113305374915 12.687131069919538
    endloop
  endfacet
  facet normal 0.4539904997395457 0.8910065241883685 0
    outer loop
      vertex 39.16109728092609 5.598113305374915 -13.312868930080462
      vertex 38.610424964779774 5.878694864783506 -13.312868930080462
      vertex 39.16109728092609 5.598113305374915 12.687131069919538
    endloop
  endfacet
  facet normal 0.45399049973954564 0.8910065241883683 0
    outer loop
      vertex 38.610424964779774 5.878694864783506 -13.312868930080462
      vertex 38.610424964779774 5.878694864783506 -12.687131069919538
      vertex 39.16109728092609 5.598113305374915 12.687131069919538
    endloop
  endfacet
  facet normal 0.15643446504023187 0.9876883405951374 0
    outer loop
      vertex 38 5.9753766811902755 -13.312868930080462
      vertex 38 5.9753766811902755 13.312868930080462
      vertex 38.610424964779774 5.878694864783506 -12.687131069919538
    endloop
  endfacet
  facet normal 0 1 0
    outer loop
      vertex 38 5.9753766811902755 -13.312868930080462
      vertex 36.9 5.9753766811902755 -11.674315780649914
      vertex 38 5.9753766811902755 13.312868930080462
    endloop
  endfacet
  facet normal 0 1 0
    outer loop
      vertex 31.1 5.9753766811902755 -8.325684219350086
      vertex 34 5.9753766811902755 6.651368438700171
      vertex 34 5.9753766811902755 -6.651368438700171
    endloop
  endfacet
  facet normal 0 1 0
    outer loop
      vertex 34 5.9753766811902755 -6.651368438700171
      vertex 36.9 5.9753766811902755 8.325684219350086
      vertex 36.9 5.9753766811902755 -8.325684219350086
    endloop
  endfacet
  facet normal 0 1 0
    outer loop
      vertex 38 5.9753766811902755 13.312868930080462
      vertex 36.9 5.9753766811902755 -11.674315780649914
      vertex 36.9 5.9753766811902755 -8.325684219350086
    endloop
  endfacet
  facet normal 0 1 0
    outer loop
      vertex -31.1 5.9753766811902755 11.674315780649914
      vertex 31.1 5.9753766811902755 8.325684219350086
      vertex 31.1 5.9753766811902755 -8.325684219350086
    endloop
  endfacet
  facet normal 0 0.3090169943749477 0.9510565162951535
    outer loop
      vertex -38 4.9079809994790935 14.782013048376736
      vertex 38 4.3128689300804615 14.975376681190276
      vertex 38 4.9079809994790935 14.782013048376736
    endloop
  endfacet
  facet normal 0 1 0
    outer loop
      vertex -31.1 5.9753766811902755 11.674315780649914
      vertex 31.1 5.9753766811902755 11.674315780649914
      vertex 31.1 5.9753766811902755 8.325684219350086
    endloop
  endfacet
  facet normal 0 0.5877852522924731 0.8090169943749475
    outer loop
      vertex -38 5.414213562373095 14.414213562373096
      vertex 38 4.9079809994790935 14.782013048376736
      vertex 38 5.414213562373095 14.414213562373096
    endloop
  endfacet
  facet normal 0 0.8090169943749479 0.5877852522924725
    outer loop
      vertex -38 5.414213562373095 14.414213562373096
      vertex 38 5.414213562373095 14.414213562373096
      vertex 38 5.782013048376736 13.907980999479093
    endloop
  endfacet
  facet normal 0 1 0
    outer loop
      vertex 33.93805730571571 5.9753766811902755 13.312868930080462
      vertex 31.1 5.9753766811902755 11.674315780649914
      vertex -33.93805730571571 5.9753766811902755 13.312868930080462
    endloop
  endfacet
  facet normal 0 0.9510565162951515 0.3090169943749534
    outer loop
      vertex -33.93805730571571 5.9753766811902755 13.312868930080462
      vertex 34 5.963756697917989 13.348631561299829
      vertex 33.93805730571571 5.9753766811902755 13.312868930080462
    endloop
  endfacet
  facet normal 3.486327416239705e-18 0.9510565162951534 0.30901699437494773
    outer loop
      vertex 38 5.782013048376736 13.907980999479093
      vertex 34 5.963756697917989 13.348631561299829
      vertex -33.93805730571571 5.9753766811902755 13.312868930080462
    endloop
  endfacet
  facet normal 0.9876883405951373 0.15643446504023378 0
    outer loop
      vertex 39.878694864783505 4.610424964779778 -13.312868930080462
      vertex 39.878694864783505 4.610424964779778 13.312868930080462
      vertex 39.975376681190276 4 13.312868930080462
    endloop
  endfacet
  facet normal 0.9510565162951516 0 0.3090169943749532
    outer loop
      vertex 39.975376681190276 2 13.312868930080462
      vertex 39.975376681190276 4 13.312868930080462
      vertex 39.78201304837673 4 13.907980999479093
    endloop
  endfacet
  facet normal 0.30901699437494806 0 0.9510565162951533
    outer loop
      vertex 38.31286893008046 2 14.975376681190276
      vertex 38.90798099947909 4 14.782013048376736
      vertex 38.31286893008046 4 14.975376681190276
    endloop
  endfacet
  facet normal 0.8090169943749479 0 0.5877852522924725
    outer loop
      vertex 39.78201304837673 2 13.907980999479093
      vertex 39.78201304837673 4 13.907980999479093
      vertex 39.41421356237309 4 14.414213562373096
    endloop
  endfacet
  facet normal 0.5877852522924751 0 0.809016994374946
    outer loop
      vertex 39.41421356237309 2 14.414213562373096
      vertex 39.41421356237309 4 14.414213562373096
      vertex 38.90798099947909 4 14.782013048376736
    endloop
  endfacet
  facet normal 0 0 1
    outer loop
      vertex 38.31286893008046 2 14.975376681190276
      vertex 38.31286893008046 4 14.975376681190276
      vertex 38 4.3128689300804615 14.975376681190276
    endloop
  endfacet
  facet normal 0.3086475383717127 0.048884967622541214 0.9499194476362852
    outer loop
      vertex 38.31286893008046 4 14.975376681190276
      vertex 38.90798099947909 4 14.782013048376736
      vertex 38.29755603469932 4.09668181640677 14.975376681190276
    endloop
  endfacet
  facet normal 0 0 1
    outer loop
      vertex 38.31286893008046 4 14.975376681190276
      vertex 38.29755603469932 4.09668181640677 14.975376681190276
      vertex 38.253116281447 4.18389974300182 14.975376681190276
    endloop
  endfacet
  facet normal 0.5852545604801146 0.09269521600902 0.8055337959181285
    outer loop
      vertex 39.41421356237309 4 14.414213562373096
      vertex 38.86354124622678 4.28058155940859 14.782013048376736
      vertex 38.90798099947909 4 14.782013048376736
    endloop
  endfacet
  facet normal 0.940446913680777 0.14895215807825804 0.30556972551633865
    outer loop
      vertex 39.975376681190276 4 13.312868930080462
      vertex 39.69479512178169 4.550672316146317 13.907980999479093
      vertex 39.78201304837673 4 13.907980999479093
    endloop
  endfacet
  facet normal 0 0 1
    outer loop
      vertex 38.31286893008046 4 14.975376681190276
      vertex 38.253116281447 4.18389974300182 14.975376681190276
      vertex 38.183899743001824 4.253116281447001 14.975376681190276
    endloop
  endfacet
  facet normal 0.30864753837171344 0.04888496762254685 0.9499194476362847
    outer loop
      vertex 38.29755603469932 4.09668181640677 14.975376681190276
      vertex 38.90798099947909 4 14.782013048376736
      vertex 38.86354124622678 4.28058155940859 14.782013048376736
    endloop
  endfacet
  facet normal 0 0 1
    outer loop
      vertex 38.31286893008046 4 14.975376681190276
      vertex 38.183899743001824 4.253116281447001 14.975376681190276
      vertex 38 4.3128689300804615 14.975376681190276
    endloop
  endfacet
  facet normal 0.2784349668420345 0.1418697016351688 0.9499194476362842
    outer loop
      vertex 38.29755603469932 4.09668181640677 14.975376681190276
      vertex 38.86354124622678 4.28058155940859 14.782013048376736
      vertex 38.253116281447 4.18389974300182 14.975376681190276
    endloop
  endfacet
  facet normal 0 0 1
    outer loop
      vertex 38.09668181640677 4.297556034699316 14.975376681190276
      vertex 38 4.3128689300804615 14.975376681190276
      vertex 38.183899743001824 4.253116281447001 14.975376681190276
    endloop
  endfacet
  facet normal 0.8024561480774423 0.12709656789822094 0.5830185184376282
    outer loop
      vertex 39.78201304837673 4 13.907980999479093
      vertex 39.69479512178169 4.550672316146317 13.907980999479093
      vertex 39.41421356237309 4 14.414213562373096
    endloop
  endfacet
  facet normal 0.5852545604801143 0.09269521600901873 0.8055337959181289
    outer loop
      vertex 39.41421356237309 4 14.414213562373096
      vertex 39.34499702392792 4.4370160244488215 14.414213562373096
      vertex 38.86354124622678 4.28058155940859 14.782013048376736
    endloop
  endfacet
  facet normal 0.9404469136807786 0.14895215807827047 0.30556972551632794
    outer loop
      vertex 39.975376681190276 4 13.312868930080462
      vertex 39.878694864783505 4.610424964779778 13.312868930080462
      vertex 39.69479512178169 4.550672316146317 13.907980999479093
    endloop
  endfacet
  facet normal 0.22096724078738675 0.22096724078736973 0.9499194476362854
    outer loop
      vertex 38.253116281447 4.18389974300182 14.975376681190276
      vertex 38.734572059148135 4.533697840855591 14.782013048376736
      vertex 38.183899743001824 4.253116281447001 14.975376681190276
    endloop
  endfacet
  facet normal 0.2784349668420362 0.14186970163515977 0.9499194476362851
    outer loop
      vertex 38.253116281447 4.18389974300182 14.975376681190276
      vertex 38.86354124622678 4.28058155940859 14.782013048376736
      vertex 38.734572059148135 4.533697840855591 14.782013048376736
    endloop
  endfacet
  facet normal 0.14186970163515203 0.27843496684204067 0.949919447636285
    outer loop
      vertex 38.09668181640677 4.297556034699316 14.975376681190276
      vertex 38.183899743001824 4.253116281447001 14.975376681190276
      vertex 38.28058155940859 4.863541246226778 14.782013048376736
    endloop
  endfacet
  facet normal 0.8024561480774428 0.1270965678982199 0.5830185184376274
    outer loop
      vertex 39.41421356237309 4 14.414213562373096
      vertex 39.69479512178169 4.550672316146317 13.907980999479093
      vertex 39.34499702392792 4.4370160244488215 14.414213562373096
    endloop
  endfacet
  facet normal 0.5279657663920185 0.26901199443857304 0.8055337959181288
    outer loop
      vertex 38.86354124622678 4.28058155940859 14.782013048376736
      vertex 39.34499702392792 4.4370160244488215 14.414213562373096
      vertex 38.734572059148135 4.533697840855591 14.782013048376736
    endloop
  endfacet
  facet normal 0.8910065241883689 0.4539904997395446 0
    outer loop
      vertex 39.598113305374916 5.161097280926095 -13.312868930080462
      vertex 39.598113305374916 5.161097280926095 13.312868930080462
      vertex 39.878694864783505 4.610424964779778 13.312868930080462
    endloop
  endfacet
  facet normal 0 1 0
    outer loop
      vertex 31.1 5.9753766811902755 -8.325684219350086
      vertex 31.1 5.9753766811902755 8.325684219350086
      vertex 34 5.9753766811902755 6.651368438700171
    endloop
  endfacet
  facet normal 0 1 0
    outer loop
      vertex 34 5.9753766811902755 -6.651368438700171
      vertex 34 5.9753766811902755 6.651368438700171
      vertex 36.9 5.9753766811902755 8.325684219350086
    endloop
  endfacet
  facet normal 0.7071067811865454 0.7071067811865497 0
    outer loop
      vertex 39.598113305374916 5.161097280926095 -13.312868930080462
      vertex 39.16109728092609 5.598113305374915 13.312868930080462
      vertex 39.598113305374916 5.161097280926095 13.312868930080462
    endloop
  endfacet
  facet normal 0.7071067811865452 0.7071067811865498 0
    outer loop
      vertex 39.598113305374916 5.161097280926095 -13.312868930080462
      vertex 39.16109728092609 5.598113305374915 12.687131069919538
      vertex 39.16109728092609 5.598113305374915 13.312868930080462
    endloop
  endfacet
  facet normal 0 1 0
    outer loop
      vertex 38 5.9753766811902755 13.312868930080462
      vertex 36.9 5.9753766811902755 -8.325684219350086
      vertex 36.9 5.9753766811902755 8.325684219350086
    endloop
  endfacet
  facet normal 0.4539904997395457 0.8910065241883685 0
    outer loop
      vertex 38.610424964779774 5.878694864783506 -12.687131069919538
      vertex 38.610424964779774 5.878694864783506 13.312868930080462
      vertex 39.16109728092609 5.598113305374915 12.687131069919538
    endloop
  endfacet
  facet normal 0.15643446504023187 0.9876883405951375 0
    outer loop
      vertex 38.610424964779774 5.878694864783506 -12.687131069919538
      vertex 38 5.9753766811902755 13.312868930080462
      vertex 38.610424964779774 5.878694864783506 13.312868930080462
    endloop
  endfacet
  facet normal 0.04888496762254882 0.30864753837171266 0.9499194476362849
    outer loop
      vertex 38.09668181640677 4.297556034699316 14.975376681190276
      vertex 38.28058155940859 4.863541246226778 14.782013048376736
      vertex 38 4.3128689300804615 14.975376681190276
    endloop
  endfacet
  facet normal 0.22096724078738036 0.22096724078738136 0.9499194476362842
    outer loop
      vertex 38.183899743001824 4.253116281447001 14.975376681190276
      vertex 38.734572059148135 4.533697840855591 14.782013048376736
      vertex 38.53369784085559 4.734572059148137 14.782013048376736
    endloop
  endfacet
  facet normal 0.14186970163515714 0.2784349668420397 0.9499194476362844
    outer loop
      vertex 38.183899743001824 4.253116281447001 14.975376681190276
      vertex 38.53369784085559 4.734572059148137 14.782013048376736
      vertex 38.28058155940859 4.863541246226778 14.782013048376736
    endloop
  endfacet
  facet normal 0.723906149262876 0.3688486060949506 0.5830185184376278
    outer loop
      vertex 39.34499702392792 4.4370160244488215 14.414213562373096
      vertex 39.69479512178169 4.550672316146317 13.907980999479093
      vertex 39.14412280563537 4.831253875554907 14.414213562373096
    endloop
  endfacet
  facet normal 0.5279657663920188 0.26901199443856594 0.8055337959181311
    outer loop
      vertex 39.34499702392792 4.4370160244488215 14.414213562373096
      vertex 39.14412280563537 4.831253875554907 14.414213562373096
      vertex 38.734572059148135 4.533697840855591 14.782013048376736
    endloop
  endfacet
  facet normal 0.8483894172907633 0.43227599919139004 0.3055697255163285
    outer loop
      vertex 39.69479512178169 4.550672316146317 13.907980999479093
      vertex 39.878694864783505 4.610424964779778 13.312868930080462
      vertex 39.598113305374916 5.161097280926095 13.312868930080462
    endloop
  endfacet
  facet normal 0.04888496762254988 0.30864753837171216 0.949919447636285
    outer loop
      vertex 38 4.3128689300804615 14.975376681190276
      vertex 38.28058155940859 4.863541246226778 14.782013048376736
      vertex 38 4.9079809994790935 14.782013048376736
    endloop
  endfacet
  facet normal 0.4189960045356791 0.418996004535681 0.8055337959181309
    outer loop
      vertex 38.734572059148135 4.533697840855591 14.782013048376736
      vertex 38.83125387555491 5.1441228056353685 14.414213562373096
      vertex 38.53369784085559 4.734572059148137 14.782013048376736
    endloop
  endfacet
  facet normal 0.7239061492628759 0.3688486060949565 0.5830185184376243
    outer loop
      vertex 39.69479512178169 4.550672316146317 13.907980999479093
      vertex 39.44167884033468 5.0474409892285985 13.907980999479093
      vertex 39.14412280563537 4.831253875554907 14.414213562373096
    endloop
  endfacet
  facet normal 0.4189960045356796 0.41899600453568075 0.8055337959181307
    outer loop
      vertex 38.734572059148135 4.533697840855591 14.782013048376736
      vertex 39.14412280563537 4.831253875554907 14.414213562373096
      vertex 38.83125387555491 5.1441228056353685 14.414213562373096
    endloop
  endfacet
  facet normal 0.8483894172907553 0.4322759991913987 0.3055697255163386
    outer loop
      vertex 39.69479512178169 4.550672316146317 13.907980999479093
      vertex 39.598113305374916 5.161097280926095 13.312868930080462
      vertex 39.44167884033468 5.0474409892285985 13.907980999479093
    endloop
  endfacet
  facet normal 0.26901199443856555 0.5279657663920201 0.8055337959181303
    outer loop
      vertex 38.53369784085559 4.734572059148137 14.782013048376736
      vertex 38.83125387555491 5.1441228056353685 14.414213562373096
      vertex 38.28058155940859 4.863541246226778 14.782013048376736
    endloop
  endfacet
  facet normal 0.0926952160090257 0.5852545604801113 0.8055337959181302
    outer loop
      vertex 38 4.9079809994790935 14.782013048376736
      vertex 38.28058155940859 4.863541246226778 14.782013048376736
      vertex 38.43701602444882 5.344997023927915 14.414213562373096
    endloop
  endfacet
  facet normal 0.5744951728077424 0.5744951728077441 0.5830185184376243
    outer loop
      vertex 39.14412280563537 4.831253875554907 14.414213562373096
      vertex 39.44167884033468 5.0474409892285985 13.907980999479093
      vertex 38.83125387555491 5.1441228056353685 14.414213562373096
    endloop
  endfacet
  facet normal 0.6732856536596767 0.6732856536596721 0.30556972551633754
    outer loop
      vertex 39.44167884033468 5.0474409892285985 13.907980999479093
      vertex 39.598113305374916 5.161097280926095 13.312868930080462
      vertex 39.0474409892286 5.441678840334685 13.907980999479093
    endloop
  endfacet
  facet normal 0.26901199443856605 0.5279657663920193 0.8055337959181307
    outer loop
      vertex 38.28058155940859 4.863541246226778 14.782013048376736
      vertex 38.83125387555491 5.1441228056353685 14.414213562373096
      vertex 38.43701602444882 5.344997023927915 14.414213562373096
    endloop
  endfacet
  facet normal 0.09269521600902399 0.5852545604801123 0.8055337959181297
    outer loop
      vertex 38 4.9079809994790935 14.782013048376736
      vertex 38.43701602444882 5.344997023927915 14.414213562373096
      vertex 38 5.414213562373095 14.414213562373096
    endloop
  endfacet
  facet normal 0.5744951728077439 0.57449517280774 0.5830185184376268
    outer loop
      vertex 39.44167884033468 5.0474409892285985 13.907980999479093
      vertex 39.0474409892286 5.441678840334685 13.907980999479093
      vertex 38.83125387555491 5.1441228056353685 14.414213562373096
    endloop
  endfacet
  facet normal 0 1 0
    outer loop
      vertex 38 5.9753766811902755 13.312868930080462
      vertex 36.9 5.9753766811902755 8.325684219350086
      vertex 36.9 5.9753766811902755 11.674315780649914
    endloop
  endfacet
  facet normal 0.6732856536596736 0.6732856536596776 0.3055697255163321
    outer loop
      vertex 39.598113305374916 5.161097280926095 13.312868930080462
      vertex 39.16109728092609 5.598113305374915 13.312868930080462
      vertex 39.0474409892286 5.441678840334685 13.907980999479093
    endloop
  endfacet
  facet normal 0.3688486060949507 0.7239061492628761 0.5830185184376275
    outer loop
      vertex 38.83125387555491 5.1441228056353685 14.414213562373096
      vertex 39.0474409892286 5.441678840334685 13.907980999479093
      vertex 38.43701602444882 5.344997023927915 14.414213562373096
    endloop
  endfacet
  facet normal 0.36884860609495 0.7239061492628772 0.583018518437627
    outer loop
      vertex 38.43701602444882 5.344997023927915 14.414213562373096
      vertex 39.0474409892286 5.441678840334685 13.907980999479093
      vertex 38.55067231614632 5.694795121781685 13.907980999479093
    endloop
  endfacet
  facet normal 0.12709656789822735 0.8024561480774417 0.5830185184376276
    outer loop
      vertex 38 5.414213562373095 14.414213562373096
      vertex 38.43701602444882 5.344997023927915 14.414213562373096
      vertex 38 5.782013048376736 13.907980999479093
    endloop
  endfacet
  facet normal 0 1 0
    outer loop
      vertex 38 5.9753766811902755 13.312868930080462
      vertex 36.9 5.9753766811902755 11.674315780649914
      vertex 34.06194269428429 5.9753766811902755 13.312868930080462
    endloop
  endfacet
  facet normal -7.427517707401074e-16 0.951056516295152 0.309016994374952
    outer loop
      vertex 38 5.782013048376736 13.907980999479093
      vertex 34.06194269428429 5.9753766811902755 13.312868930080462
      vertex 34 5.963756697917989 13.348631561299829
    endloop
  endfacet
  facet normal 0 0.9510565162951533 0.30901699437494806
    outer loop
      vertex 38 5.782013048376736 13.907980999479093
      vertex 38 5.9753766811902755 13.312868930080462
      vertex 34.06194269428429 5.9753766811902755 13.312868930080462
    endloop
  endfacet
  facet normal 0.43227599919139076 0.8483894172907619 0.3055697255163319
    outer loop
      vertex 39.0474409892286 5.441678840334685 13.907980999479093
      vertex 39.16109728092609 5.598113305374915 13.312868930080462
      vertex 38.610424964779774 5.878694864783506 13.312868930080462
    endloop
  endfacet
  facet normal 0.45399049973954564 0.8910065241883683 0
    outer loop
      vertex 39.16109728092609 5.598113305374915 12.687131069919538
      vertex 38.610424964779774 5.878694864783506 13.312868930080462
      vertex 39.16109728092609 5.598113305374915 13.312868930080462
    endloop
  endfacet
  facet normal 0.4322759991913934 0.8483894172907612 0.3055697255163294
    outer loop
      vertex 39.0474409892286 5.441678840334685 13.907980999479093
      vertex 38.610424964779774 5.878694864783506 13.312868930080462
      vertex 38.55067231614632 5.694795121781685 13.907980999479093
    endloop
  endfacet
  facet normal 0.12709656789822824 0.8024561480774418 0.5830185184376271
    outer loop
      vertex 38.43701602444882 5.344997023927915 14.414213562373096
      vertex 38.55067231614632 5.694795121781685 13.907980999479093
      vertex 38 5.782013048376736 13.907980999479093
    endloop
  endfacet
  facet normal 0.14895215807826848 0.9404469136807777 0.3055697255163317
    outer loop
      vertex 38.55067231614632 5.694795121781685 13.907980999479093
      vertex 38.610424964779774 5.878694864783506 13.312868930080462
      vertex 38 5.9753766811902755 13.312868930080462
    endloop
  endfacet
  facet normal 0.1489521580782667 0.9404469136807776 0.3055697255163332
    outer loop
      vertex 38.55067231614632 5.694795121781685 13.907980999479093
      vertex 38 5.9753766811902755 13.312868930080462
      vertex 38 5.782013048376736 13.907980999479093
    endloop
  endfacet
  facet normal 0.7071067811865476 0 0.7071067811865476
    outer loop
      vertex -35.02862419151183 2.8999999999999995 -11.415779740156157
      vertex -35.41577974015616 0.02462331880972446 -11.028624191511827
      vertex -35.02862419151183 0.02462331880972446 -11.415779740156157
    endloop
  endfacet
  facet normal 0.15643446504022984 0 0.987688340595138
    outer loop
      vertex -34 2.8999999999999995 -11.75
      vertex -34.54077974015616 0.02462331880972446 -11.664348903516519
      vertex -34 0.02462331880972446 -11.75
    endloop
  endfacet
  facet normal 0.45399049973954775 0 0.8910065241883673
    outer loop
      vertex -34.54077974015616 2.8999999999999995 -11.664348903516519
      vertex -35.02862419151183 0.02462331880972446 -11.415779740156157
      vertex -34.54077974015616 0.02462331880972446 -11.664348903516519
    endloop
  endfacet
  facet normal -0.15643446504022984 0 0.987688340595138
    outer loop
      vertex -33.45922025984384 2.8999999999999995 -11.664348903516519
      vertex -34 0.02462331880972446 -11.75
      vertex -33.45922025984384 0.02462331880972446 -11.664348903516519
    endloop
  endfacet
  facet normal -0.45399049973954775 0 0.8910065241883673
    outer loop
      vertex -32.97137580848817 2.8999999999999995 -11.415779740156157
      vertex -33.45922025984384 0.02462331880972446 -11.664348903516519
      vertex -32.97137580848817 0.02462331880972446 -11.415779740156157
    endloop
  endfacet
  facet normal 0.8910065241883701 0 0.4539904997395426
    outer loop
      vertex -35.41577974015616 2.8999999999999995 -11.028624191511827
      vertex -35.66434890351652 0.02462331880972446 -10.540779740156157
      vertex -35.41577974015616 0.02462331880972446 -11.028624191511827
    endloop
  endfacet
  facet normal 0.9876883405951378 0 0.1564344650402308
    outer loop
      vertex -35.66434890351652 2.8999999999999995 -10.540779740156157
      vertex -35.75 0.02462331880972446 -10
      vertex -35.66434890351652 0.02462331880972446 -10.540779740156157
    endloop
  endfacet
  facet normal 0.9876883405951378 0 -0.1564344650402308
    outer loop
      vertex -35.75 2.8999999999999995 -10
      vertex -35.66434890351652 0.02462331880972446 -9.459220259843843
      vertex -35.75 0.02462331880972446 -10
    endloop
  endfacet
  facet normal 0.8910065241883701 0 -0.4539904997395426
    outer loop
      vertex -35.66434890351652 2.8999999999999995 -9.459220259843843
      vertex -35.41577974015616 0.02462331880972446 -8.971375808488173
      vertex -35.66434890351652 0.02462331880972446 -9.459220259843843
    endloop
  endfacet
  facet normal 0.7071067811865476 0 -0.7071067811865476
    outer loop
      vertex -35.41577974015616 2.8999999999999995 -8.971375808488173
      vertex -35.02862419151183 0.02462331880972446 -8.584220259843843
      vertex -35.41577974015616 0.02462331880972446 -8.971375808488173
    endloop
  endfacet
  facet normal -0.7071067811865476 0 0.7071067811865476
    outer loop
      vertex -32.58422025984384 2.8999999999999995 -11.028624191511827
      vertex -32.97137580848817 0.02462331880972446 -11.415779740156157
      vertex -32.58422025984384 0.02462331880972446 -11.028624191511827
    endloop
  endfacet
  facet normal -0.8910065241883701 0 0.4539904997395426
    outer loop
      vertex -32.33565109648348 2.8999999999999995 -10.540779740156157
      vertex -32.58422025984384 0.02462331880972446 -11.028624191511827
      vertex -32.33565109648348 0.02462331880972446 -10.540779740156157
    endloop
  endfacet
  facet normal -0.9876883405951378 0 0.1564344650402308
    outer loop
      vertex -32.25 2.8999999999999995 -10
      vertex -32.33565109648348 0.02462331880972446 -10.540779740156157
      vertex -32.25 0.02462331880972446 -10
    endloop
  endfacet
  facet normal -0.9876883405951378 0 -0.1564344650402308
    outer loop
      vertex -32.33565109648348 2.8999999999999995 -9.459220259843843
      vertex -32.25 0.02462331880972446 -10
      vertex -32.33565109648348 0.02462331880972446 -9.459220259843843
    endloop
  endfacet
  facet normal 0.45399049973954775 0 -0.8910065241883673
    outer loop
      vertex -35.02862419151183 2.8999999999999995 -8.584220259843843
      vertex -34.54077974015616 0.02462331880972446 -8.335651096483481
      vertex -35.02862419151183 0.02462331880972446 -8.584220259843843
    endloop
  endfacet
  facet normal -0.8910065241883701 0 -0.4539904997395426
    outer loop
      vertex -32.58422025984384 2.8999999999999995 -8.971375808488173
      vertex -32.33565109648348 0.02462331880972446 -9.459220259843843
      vertex -32.58422025984384 0.02462331880972446 -8.971375808488173
    endloop
  endfacet
  facet normal -0.7071067811865476 0 -0.7071067811865476
    outer loop
      vertex -32.97137580848817 2.8999999999999995 -8.584220259843843
      vertex -32.58422025984384 0.02462331880972446 -8.971375808488173
      vertex -32.97137580848817 0.02462331880972446 -8.584220259843843
    endloop
  endfacet
  facet normal 0.15643446504022984 0 -0.987688340595138
    outer loop
      vertex -34.54077974015616 2.8999999999999995 -8.335651096483481
      vertex -34 0.02462331880972446 -8.25
      vertex -34.54077974015616 0.02462331880972446 -8.335651096483481
    endloop
  endfacet
  facet normal -0.15643446504022984 0 -0.987688340595138
    outer loop
      vertex -34 2.8999999999999995 -8.25
      vertex -33.45922025984384 0.02462331880972446 -8.335651096483481
      vertex -34 0.02462331880972446 -8.25
    endloop
  endfacet
  facet normal -0.45399049973954775 0 -0.8910065241883673
    outer loop
      vertex -33.45922025984384 2.8999999999999995 -8.335651096483481
      vertex -32.97137580848817 0.02462331880972446 -8.584220259843843
      vertex -33.45922025984384 0.02462331880972446 -8.335651096483481
    endloop
  endfacet
  facet normal -0.15643446504022984 0 0.987688340595138
    outer loop
      vertex -34 2.8999999999999995 -11.75
      vertex -34 0.02462331880972446 -11.75
      vertex -33.45922025984384 2.8999999999999995 -11.664348903516519
    endloop
  endfacet
  facet normal 0.45399049973954775 0 0.8910065241883673
    outer loop
      vertex -35.02862419151183 2.8999999999999995 -11.415779740156157
      vertex -35.02862419151183 0.02462331880972446 -11.415779740156157
      vertex -34.54077974015616 2.8999999999999995 -11.664348903516519
    endloop
  endfacet
  facet normal 0.15643446504022984 0 0.987688340595138
    outer loop
      vertex -34 2.8999999999999995 -11.75
      vertex -34.54077974015616 2.8999999999999995 -11.664348903516519
      vertex -34.54077974015616 0.02462331880972446 -11.664348903516519
    endloop
  endfacet
  facet normal -0.45399049973954775 0 0.8910065241883673
    outer loop
      vertex -33.45922025984384 2.8999999999999995 -11.664348903516519
      vertex -33.45922025984384 0.02462331880972446 -11.664348903516519
      vertex -32.97137580848817 2.8999999999999995 -11.415779740156157
    endloop
  endfacet
  facet normal -0.7071067811865476 0 0.7071067811865476
    outer loop
      vertex -32.97137580848817 2.8999999999999995 -11.415779740156157
      vertex -32.97137580848817 0.02462331880972446 -11.415779740156157
      vertex -32.58422025984384 2.8999999999999995 -11.028624191511827
    endloop
  endfacet
  facet normal 0.7071067811865476 0 0.7071067811865476
    outer loop
      vertex -35.02862419151183 2.8999999999999995 -11.415779740156157
      vertex -35.41577974015616 2.8999999999999995 -11.028624191511827
      vertex -35.41577974015616 0.02462331880972446 -11.028624191511827
    endloop
  endfacet
  facet normal 0.8910065241883701 0 0.4539904997395426
    outer loop
      vertex -35.41577974015616 2.8999999999999995 -11.028624191511827
      vertex -35.66434890351652 2.8999999999999995 -10.540779740156157
      vertex -35.66434890351652 0.02462331880972446 -10.540779740156157
    endloop
  endfacet
  facet normal 0.9876883405951378 0 0.1564344650402308
    outer loop
      vertex -35.66434890351652 2.8999999999999995 -10.540779740156157
      vertex -35.75 2.8999999999999995 -10
      vertex -35.75 0.02462331880972446 -10
    endloop
  endfacet
  facet normal 0.9876883405951378 0 -0.1564344650402308
    outer loop
      vertex -35.75 2.8999999999999995 -10
      vertex -35.66434890351652 2.8999999999999995 -9.459220259843843
      vertex -35.66434890351652 0.02462331880972446 -9.459220259843843
    endloop
  endfacet
  facet normal 0.8910065241883701 0 -0.4539904997395426
    outer loop
      vertex -35.66434890351652 2.8999999999999995 -9.459220259843843
      vertex -35.41577974015616 2.8999999999999995 -8.971375808488173
      vertex -35.41577974015616 0.02462331880972446 -8.971375808488173
    endloop
  endfacet
  facet normal 0.7071067811865476 0 -0.7071067811865476
    outer loop
      vertex -35.41577974015616 2.8999999999999995 -8.971375808488173
      vertex -35.02862419151183 2.8999999999999995 -8.584220259843843
      vertex -35.02862419151183 0.02462331880972446 -8.584220259843843
    endloop
  endfacet
  facet normal -0.8910065241883701 0 0.4539904997395426
    outer loop
      vertex -32.58422025984384 2.8999999999999995 -11.028624191511827
      vertex -32.58422025984384 0.02462331880972446 -11.028624191511827
      vertex -32.33565109648348 2.8999999999999995 -10.540779740156157
    endloop
  endfacet
  facet normal -0.9876883405951378 0 0.1564344650402308
    outer loop
      vertex -32.33565109648348 2.8999999999999995 -10.540779740156157
      vertex -32.33565109648348 0.02462331880972446 -10.540779740156157
      vertex -32.25 2.8999999999999995 -10
    endloop
  endfacet
  facet normal -0.9876883405951378 0 -0.1564344650402308
    outer loop
      vertex -32.33565109648348 2.8999999999999995 -9.459220259843843
      vertex -32.25 2.8999999999999995 -10
      vertex -32.25 0.02462331880972446 -10
    endloop
  endfacet
  facet normal -0.45399049973954775 0 -0.8910065241883673
    outer loop
      vertex -32.97137580848817 2.8999999999999995 -8.584220259843843
      vertex -32.97137580848817 0.02462331880972446 -8.584220259843843
      vertex -33.45922025984384 2.8999999999999995 -8.335651096483481
    endloop
  endfacet
  facet normal -0.7071067811865476 0 -0.7071067811865476
    outer loop
      vertex -32.58422025984384 2.8999999999999995 -8.971375808488173
      vertex -32.58422025984384 0.02462331880972446 -8.971375808488173
      vertex -32.97137580848817 2.8999999999999995 -8.584220259843843
    endloop
  endfacet
  facet normal 0.45399049973954775 0 -0.8910065241883673
    outer loop
      vertex -35.02862419151183 2.8999999999999995 -8.584220259843843
      vertex -34.54077974015616 2.8999999999999995 -8.335651096483481
      vertex -34.54077974015616 0.02462331880972446 -8.335651096483481
    endloop
  endfacet
  facet normal 0.15643446504022984 0 -0.987688340595138
    outer loop
      vertex -34.54077974015616 2.8999999999999995 -8.335651096483481
      vertex -34 2.8999999999999995 -8.25
      vertex -34 0.02462331880972446 -8.25
    endloop
  endfacet
  facet normal -0.15643446504022984 0 -0.987688340595138
    outer loop
      vertex -34 2.8999999999999995 -8.25
      vertex -33.45922025984384 2.8999999999999995 -8.335651096483481
      vertex -33.45922025984384 0.02462331880972446 -8.335651096483481
    endloop
  endfacet
  facet normal -0.8910065241883701 0 -0.4539904997395426
    outer loop
      vertex -32.33565109648348 2.8999999999999995 -9.459220259843843
      vertex -32.33565109648348 0.02462331880972446 -9.459220259843843
      vertex -32.58422025984384 2.8999999999999995 -8.971375808488173
    endloop
  endfacet
  facet normal 0 1 0
    outer loop
      vertex -36.9 2.8999999999999995 -11.674315780649914
      vertex -35.41577974015616 2.8999999999999995 -11.028624191511827
      vertex -35.02862419151183 2.8999999999999995 -11.415779740156157
    endloop
  endfacet
  facet normal 0 1 0
    outer loop
      vertex -36.9 2.8999999999999995 -11.674315780649914
      vertex -35.02862419151183 2.8999999999999995 -11.415779740156157
      vertex -34.54077974015616 2.8999999999999995 -11.664348903516519
    endloop
  endfacet
  facet normal 0 1 0
    outer loop
      vertex -34 2.8999999999999995 -11.75
      vertex -36.9 2.8999999999999995 -11.674315780649914
      vertex -34.54077974015616 2.8999999999999995 -11.664348903516519
    endloop
  endfacet
  facet normal 0 1 0
    outer loop
      vertex -34 2.8999999999999995 -13.348631561299829
      vertex -36.9 2.8999999999999995 -11.674315780649914
      vertex -34 2.8999999999999995 -11.75
    endloop
  endfacet
  facet normal 0 1 0
    outer loop
      vertex -34 2.8999999999999995 -13.348631561299829
      vertex -34 2.8999999999999995 -11.75
      vertex -33.45922025984384 2.8999999999999995 -11.664348903516519
    endloop
  endfacet
  facet normal 0 1 0
    outer loop
      vertex -34 2.8999999999999995 -13.348631561299829
      vertex -33.45922025984384 2.8999999999999995 -11.664348903516519
      vertex -31.1 2.8999999999999995 -11.674315780649914
    endloop
  endfacet
  facet normal 0 1 0
    outer loop
      vertex -33.45922025984384 2.8999999999999995 -11.664348903516519
      vertex -32.97137580848817 2.8999999999999995 -11.415779740156157
      vertex -31.1 2.8999999999999995 -11.674315780649914
    endloop
  endfacet
  facet normal 0 1 0
    outer loop
      vertex -32.97137580848817 2.8999999999999995 -11.415779740156157
      vertex -32.58422025984384 2.8999999999999995 -11.028624191511827
      vertex -31.1 2.8999999999999995 -11.674315780649914
    endloop
  endfacet
  facet normal 0 1 0
    outer loop
      vertex -36.9 2.8999999999999995 -11.674315780649914
      vertex -35.66434890351652 2.8999999999999995 -10.540779740156157
      vertex -35.41577974015616 2.8999999999999995 -11.028624191511827
    endloop
  endfacet
  facet normal 0 1 0
    outer loop
      vertex -36.9 2.8999999999999995 -11.674315780649914
      vertex -35.75 2.8999999999999995 -10
      vertex -35.66434890351652 2.8999999999999995 -10.540779740156157
    endloop
  endfacet
  facet normal 0 1 0
    outer loop
      vertex -36.9 2.8999999999999995 -11.674315780649914
      vertex -36.9 2.8999999999999995 -8.325684219350086
      vertex -35.75 2.8999999999999995 -10
    endloop
  endfacet
  facet normal 0 1 0
    outer loop
      vertex -35.75 2.8999999999999995 -10
      vertex -36.9 2.8999999999999995 -8.325684219350086
      vertex -35.66434890351652 2.8999999999999995 -9.459220259843843
    endloop
  endfacet
  facet normal 0 1 0
    outer loop
      vertex -35.66434890351652 2.8999999999999995 -9.459220259843843
      vertex -36.9 2.8999999999999995 -8.325684219350086
      vertex -35.41577974015616 2.8999999999999995 -8.971375808488173
    endloop
  endfacet
  facet normal 0 1 0
    outer loop
      vertex -35.41577974015616 2.8999999999999995 -8.971375808488173
      vertex -36.9 2.8999999999999995 -8.325684219350086
      vertex -35.02862419151183 2.8999999999999995 -8.584220259843843
    endloop
  endfacet
  facet normal 0 1 0
    outer loop
      vertex -35.02862419151183 2.8999999999999995 -8.584220259843843
      vertex -36.9 2.8999999999999995 -8.325684219350086
      vertex -34.54077974015616 2.8999999999999995 -8.335651096483481
    endloop
  endfacet
  facet normal 0 1 0
    outer loop
      vertex -36.9 2.8999999999999995 -8.325684219350086
      vertex -34 2.8999999999999995 -6.651368438700171
      vertex -34.54077974015616 2.8999999999999995 -8.335651096483481
    endloop
  endfacet
  facet normal 0 1 0
    outer loop
      vertex -32.58422025984384 2.8999999999999995 -11.028624191511827
      vertex -32.33565109648348 2.8999999999999995 -10.540779740156157
      vertex -31.1 2.8999999999999995 -11.674315780649914
    endloop
  endfacet
  facet normal 0 1 0
    outer loop
      vertex -32.33565109648348 2.8999999999999995 -10.540779740156157
      vertex -32.25 2.8999999999999995 -10
      vertex -31.1 2.8999999999999995 -11.674315780649914
    endloop
  endfacet
  facet normal 0 1 0
    outer loop
      vertex -31.1 2.8999999999999995 -11.674315780649914
      vertex -32.25 2.8999999999999995 -10
      vertex -31.1 2.8999999999999995 -8.325684219350086
    endloop
  endfacet
  facet normal 0 1 0
    outer loop
      vertex -34.54077974015616 2.8999999999999995 -8.335651096483481
      vertex -34 2.8999999999999995 -6.651368438700171
      vertex -34 2.8999999999999995 -8.25
    endloop
  endfacet
  facet normal 0 1 0
    outer loop
      vertex -34 2.8999999999999995 -8.25
      vertex -31.1 2.8999999999999995 -8.325684219350086
      vertex -33.45922025984384 2.8999999999999995 -8.335651096483481
    endloop
  endfacet
  facet normal 0 1 0
    outer loop
      vertex -32.97137580848817 2.8999999999999995 -8.584220259843843
      vertex -33.45922025984384 2.8999999999999995 -8.335651096483481
      vertex -31.1 2.8999999999999995 -8.325684219350086
    endloop
  endfacet
  facet normal 0 1 0
    outer loop
      vertex -34 2.8999999999999995 -8.25
      vertex -34 2.8999999999999995 -6.651368438700171
      vertex -31.1 2.8999999999999995 -8.325684219350086
    endloop
  endfacet
  facet normal 0 1 0
    outer loop
      vertex -32.33565109648348 2.8999999999999995 -9.459220259843843
      vertex -31.1 2.8999999999999995 -8.325684219350086
      vertex -32.25 2.8999999999999995 -10
    endloop
  endfacet
  facet normal 0 1 0
    outer loop
      vertex -32.33565109648348 2.8999999999999995 -9.459220259843843
      vertex -32.58422025984384 2.8999999999999995 -8.971375808488173
      vertex -31.1 2.8999999999999995 -8.325684219350086
    endloop
  endfacet
  facet normal 0 1 0
    outer loop
      vertex -32.58422025984384 2.8999999999999995 -8.971375808488173
      vertex -32.97137580848817 2.8999999999999995 -8.584220259843843
      vertex -31.1 2.8999999999999995 -8.325684219350086
    endloop
  endfacet
  facet normal 0.5000000000000002 -1.9809426126232181e-16 0.8660254037844387
    outer loop
      vertex -34 2.8999999999999995 -13.348631561299829
      vertex -34.06194269428429 5.9753766811902755 -13.312868930080462
      vertex -36.9 2.8999999999999995 -11.674315780649914
    endloop
  endfacet
  facet normal -0.5000000000000002 0 0.8660254037844387
    outer loop
      vertex -34 2.8999999999999995 -13.348631561299829
      vertex -31.1 2.8999999999999995 -11.674315780649914
      vertex -31.1 5.9753766811902755 -11.674315780649914
    endloop
  endfacet
  facet normal 1 0 0
    outer loop
      vertex -36.9 2.8999999999999995 -11.674315780649914
      vertex -36.9 5.9753766811902755 -11.674315780649914
      vertex -36.9 2.8999999999999995 -8.325684219350086
    endloop
  endfacet
  facet normal 0.5000000000000002 0 -0.8660254037844387
    outer loop
      vertex -36.9 2.8999999999999995 -8.325684219350086
      vertex -36.9 5.9753766811902755 -8.325684219350086
      vertex -34 2.8999999999999995 -6.651368438700171
    endloop
  endfacet
  facet normal -1 0 0
    outer loop
      vertex -31.1 2.8999999999999995 -11.674315780649914
      vertex -31.1 2.8999999999999995 -8.325684219350086
      vertex -31.1 5.9753766811902755 -8.325684219350086
    endloop
  endfacet
  facet normal -0.5000000000000002 0 -0.8660254037844387
    outer loop
      vertex -31.1 2.8999999999999995 -8.325684219350086
      vertex -34 2.8999999999999995 -6.651368438700171
      vertex -34 5.9753766811902755 -6.651368438700171
    endloop
  endfacet
  facet normal 0.5 0 0.8660254037844386
    outer loop
      vertex -36.9 2.8999999999999995 -11.674315780649914
      vertex -34.06194269428429 5.9753766811902755 -13.312868930080462
      vertex -36.9 5.9753766811902755 -11.674315780649914
    endloop
  endfacet
  facet normal 0.5000000000000074 0 0.8660254037844343
    outer loop
      vertex -34 2.8999999999999995 -13.348631561299829
      vertex -34 5.96375669791799 -13.348631561299829
      vertex -34.06194269428429 5.9753766811902755 -13.312868930080462
    endloop
  endfacet
  facet normal -0.5000000000000074 0 0.8660254037844343
    outer loop
      vertex -34 2.8999999999999995 -13.348631561299829
      vertex -33.93805730571571 5.9753766811902755 -13.312868930080462
      vertex -34 5.96375669791799 -13.348631561299829
    endloop
  endfacet
  facet normal -0.5 -2.0241781464517009e-16 0.8660254037844386
    outer loop
      vertex -34 2.8999999999999995 -13.348631561299829
      vertex -31.1 5.9753766811902755 -11.674315780649914
      vertex -33.93805730571571 5.9753766811902755 -13.312868930080462
    endloop
  endfacet
  facet normal 1 0 0
    outer loop
      vertex -36.9 2.8999999999999995 -8.325684219350086
      vertex -36.9 5.9753766811902755 -11.674315780649914
      vertex -36.9 5.9753766811902755 -8.325684219350086
    endloop
  endfacet
  facet normal -1 0 0
    outer loop
      vertex -31.1 2.8999999999999995 -11.674315780649914
      vertex -31.1 5.9753766811902755 -8.325684219350086
      vertex -31.1 5.9753766811902755 -11.674315780649914
    endloop
  endfacet
  facet normal -0.5000000000000002 0 -0.8660254037844387
    outer loop
      vertex -31.1 2.8999999999999995 -8.325684219350086
      vertex -34 5.9753766811902755 -6.651368438700171
      vertex -31.1 5.9753766811902755 -8.325684219350086
    endloop
  endfacet
  facet normal 0.5000000000000002 0 -0.8660254037844387
    outer loop
      vertex -34 2.8999999999999995 -6.651368438700171
      vertex -36.9 5.9753766811902755 -8.325684219350086
      vertex -34 5.9753766811902755 -6.651368438700171
    endloop
  endfacet
  facet normal 0.7071067811865476 0 0.7071067811865476
    outer loop
      vertex -35.02862419151183 2.8999999999999995 8.584220259843843
      vertex -35.41577974015616 0.02462331880972446 8.971375808488173
      vertex -35.02862419151183 0.02462331880972446 8.584220259843843
    endloop
  endfacet
  facet normal 0.8910065241883701 0 0.4539904997395426
    outer loop
      vertex -35.41577974015616 2.8999999999999995 8.971375808488173
      vertex -35.66434890351652 0.02462331880972446 9.459220259843843
      vertex -35.41577974015616 0.02462331880972446 8.971375808488173
    endloop
  endfacet
  facet normal 0.9876883405951378 0 0.1564344650402308
    outer loop
      vertex -35.66434890351652 2.8999999999999995 9.459220259843843
      vertex -35.75 0.02462331880972446 10
      vertex -35.66434890351652 0.02462331880972446 9.459220259843843
    endloop
  endfacet
  facet normal 0.9876883405951378 0 -0.1564344650402308
    outer loop
      vertex -35.75 2.8999999999999995 10
      vertex -35.66434890351652 0.02462331880972446 10.540779740156157
      vertex -35.75 0.02462331880972446 10
    endloop
  endfacet
  facet normal 0.8910065241883701 0 -0.4539904997395426
    outer loop
      vertex -35.66434890351652 2.8999999999999995 10.540779740156157
      vertex -35.41577974015616 0.02462331880972446 11.028624191511827
      vertex -35.66434890351652 0.02462331880972446 10.540779740156157
    endloop
  endfacet
  facet normal 0.7071067811865476 0 -0.7071067811865476
    outer loop
      vertex -35.41577974015616 2.8999999999999995 11.028624191511827
      vertex -35.02862419151183 0.02462331880972446 11.415779740156157
      vertex -35.41577974015616 0.02462331880972446 11.028624191511827
    endloop
  endfacet
  facet normal 0.45399049973954775 0 0.8910065241883673
    outer loop
      vertex -34.54077974015616 2.8999999999999995 8.335651096483481
      vertex -35.02862419151183 0.02462331880972446 8.584220259843843
      vertex -34.54077974015616 0.02462331880972446 8.335651096483481
    endloop
  endfacet
  facet normal 0.15643446504022984 0 0.987688340595138
    outer loop
      vertex -34 2.8999999999999995 8.25
      vertex -34.54077974015616 0.02462331880972446 8.335651096483481
      vertex -34 0.02462331880972446 8.25
    endloop
  endfacet
  facet normal -0.15643446504022984 0 0.987688340595138
    outer loop
      vertex -33.45922025984384 2.8999999999999995 8.335651096483481
      vertex -34 0.02462331880972446 8.25
      vertex -33.45922025984384 0.02462331880972446 8.335651096483481
    endloop
  endfacet
  facet normal -0.45399049973954775 0 0.8910065241883673
    outer loop
      vertex -32.97137580848817 2.8999999999999995 8.584220259843843
      vertex -33.45922025984384 0.02462331880972446 8.335651096483481
      vertex -32.97137580848817 0.02462331880972446 8.584220259843843
    endloop
  endfacet
  facet normal -0.7071067811865476 0 0.7071067811865476
    outer loop
      vertex -32.58422025984384 2.8999999999999995 8.971375808488173
      vertex -32.97137580848817 0.02462331880972446 8.584220259843843
      vertex -32.58422025984384 0.02462331880972446 8.971375808488173
    endloop
  endfacet
  facet normal -0.8910065241883701 0 0.4539904997395426
    outer loop
      vertex -32.33565109648348 2.8999999999999995 9.459220259843843
      vertex -32.58422025984384 0.02462331880972446 8.971375808488173
      vertex -32.33565109648348 0.02462331880972446 9.459220259843843
    endloop
  endfacet
  facet normal -0.8910065241883701 0 -0.4539904997395426
    outer loop
      vertex -32.58422025984384 2.8999999999999995 11.028624191511827
      vertex -32.33565109648348 0.02462331880972446 10.540779740156157
      vertex -32.58422025984384 0.02462331880972446 11.028624191511827
    endloop
  endfacet
  facet normal -0.9876883405951378 0 0.1564344650402308
    outer loop
      vertex -32.25 2.8999999999999995 10
      vertex -32.33565109648348 0.02462331880972446 9.459220259843843
      vertex -32.25 0.02462331880972446 10
    endloop
  endfacet
  facet normal -0.9876883405951378 0 -0.1564344650402308
    outer loop
      vertex -32.33565109648348 2.8999999999999995 10.540779740156157
      vertex -32.25 0.02462331880972446 10
      vertex -32.33565109648348 0.02462331880972446 10.540779740156157
    endloop
  endfacet
  facet normal 0.45399049973954775 0 -0.8910065241883673
    outer loop
      vertex -35.02862419151183 2.8999999999999995 11.415779740156157
      vertex -34.54077974015616 0.02462331880972446 11.664348903516519
      vertex -35.02862419151183 0.02462331880972446 11.415779740156157
    endloop
  endfacet
  facet normal 0.15643446504022984 0 -0.987688340595138
    outer loop
      vertex -34.54077974015616 2.8999999999999995 11.664348903516519
      vertex -34 0.02462331880972446 11.75
      vertex -34.54077974015616 0.02462331880972446 11.664348903516519
    endloop
  endfacet
  facet normal -0.15643446504022984 0 -0.987688340595138
    outer loop
      vertex -34 2.8999999999999995 11.75
      vertex -33.45922025984384 0.02462331880972446 11.664348903516519
      vertex -34 0.02462331880972446 11.75
    endloop
  endfacet
  facet normal -0.45399049973954775 0 -0.8910065241883673
    outer loop
      vertex -33.45922025984384 2.8999999999999995 11.664348903516519
      vertex -32.97137580848817 0.02462331880972446 11.415779740156157
      vertex -33.45922025984384 0.02462331880972446 11.664348903516519
    endloop
  endfacet
  facet normal -0.7071067811865476 0 -0.7071067811865476
    outer loop
      vertex -32.97137580848817 2.8999999999999995 11.415779740156157
      vertex -32.58422025984384 0.02462331880972446 11.028624191511827
      vertex -32.97137580848817 0.02462331880972446 11.415779740156157
    endloop
  endfacet
  facet normal 0.7071067811865476 0 0.7071067811865476
    outer loop
      vertex -35.02862419151183 2.8999999999999995 8.584220259843843
      vertex -35.41577974015616 2.8999999999999995 8.971375808488173
      vertex -35.41577974015616 0.02462331880972446 8.971375808488173
    endloop
  endfacet
  facet normal 0.8910065241883701 0 0.4539904997395426
    outer loop
      vertex -35.41577974015616 2.8999999999999995 8.971375808488173
      vertex -35.66434890351652 2.8999999999999995 9.459220259843843
      vertex -35.66434890351652 0.02462331880972446 9.459220259843843
    endloop
  endfacet
  facet normal 0.9876883405951378 0 0.1564344650402308
    outer loop
      vertex -35.75 2.8999999999999995 10
      vertex -35.75 0.02462331880972446 10
      vertex -35.66434890351652 2.8999999999999995 9.459220259843843
    endloop
  endfacet
  facet normal 0.9876883405951378 0 -0.1564344650402308
    outer loop
      vertex -35.75 2.8999999999999995 10
      vertex -35.66434890351652 2.8999999999999995 10.540779740156157
      vertex -35.66434890351652 0.02462331880972446 10.540779740156157
    endloop
  endfacet
  facet normal 0.8910065241883701 0 -0.4539904997395426
    outer loop
      vertex -35.66434890351652 2.8999999999999995 10.540779740156157
      vertex -35.41577974015616 2.8999999999999995 11.028624191511827
      vertex -35.41577974015616 0.02462331880972446 11.028624191511827
    endloop
  endfacet
  facet normal 0.15643446504022984 0 0.987688340595138
    outer loop
      vertex -34.54077974015616 2.8999999999999995 8.335651096483481
      vertex -34.54077974015616 0.02462331880972446 8.335651096483481
      vertex -34 2.8999999999999995 8.25
    endloop
  endfacet
  facet normal -0.15643446504022984 0 0.987688340595138
    outer loop
      vertex -34 2.8999999999999995 8.25
      vertex -34 0.02462331880972446 8.25
      vertex -33.45922025984384 2.8999999999999995 8.335651096483481
    endloop
  endfacet
  facet normal -0.45399049973954775 0 0.8910065241883673
    outer loop
      vertex -33.45922025984384 2.8999999999999995 8.335651096483481
      vertex -33.45922025984384 0.02462331880972446 8.335651096483481
      vertex -32.97137580848817 2.8999999999999995 8.584220259843843
    endloop
  endfacet
  facet normal 0.45399049973954775 0 0.8910065241883673
    outer loop
      vertex -34.54077974015616 2.8999999999999995 8.335651096483481
      vertex -35.02862419151183 2.8999999999999995 8.584220259843843
      vertex -35.02862419151183 0.02462331880972446 8.584220259843843
    endloop
  endfacet
  facet normal -0.7071067811865476 0 0.7071067811865476
    outer loop
      vertex -32.97137580848817 2.8999999999999995 8.584220259843843
      vertex -32.97137580848817 0.02462331880972446 8.584220259843843
      vertex -32.58422025984384 2.8999999999999995 8.971375808488173
    endloop
  endfacet
  facet normal -0.8910065241883701 0 0.4539904997395426
    outer loop
      vertex -32.58422025984384 2.8999999999999995 8.971375808488173
      vertex -32.58422025984384 0.02462331880972446 8.971375808488173
      vertex -32.33565109648348 2.8999999999999995 9.459220259843843
    endloop
  endfacet
  facet normal -0.7071067811865476 0 -0.7071067811865476
    outer loop
      vertex -32.58422025984384 2.8999999999999995 11.028624191511827
      vertex -32.58422025984384 0.02462331880972446 11.028624191511827
      vertex -32.97137580848817 2.8999999999999995 11.415779740156157
    endloop
  endfacet
  facet normal -0.9876883405951378 0 0.1564344650402308
    outer loop
      vertex -32.33565109648348 2.8999999999999995 9.459220259843843
      vertex -32.33565109648348 0.02462331880972446 9.459220259843843
      vertex -32.25 2.8999999999999995 10
    endloop
  endfacet
  facet normal -0.9876883405951378 0 -0.1564344650402308
    outer loop
      vertex -32.25 2.8999999999999995 10
      vertex -32.25 0.02462331880972446 10
      vertex -32.33565109648348 2.8999999999999995 10.540779740156157
    endloop
  endfacet
  facet normal -0.8910065241883701 0 -0.4539904997395426
    outer loop
      vertex -32.33565109648348 2.8999999999999995 10.540779740156157
      vertex -32.33565109648348 0.02462331880972446 10.540779740156157
      vertex -32.58422025984384 2.8999999999999995 11.028624191511827
    endloop
  endfacet
  facet normal 0.7071067811865476 0 -0.7071067811865476
    outer loop
      vertex -35.41577974015616 2.8999999999999995 11.028624191511827
      vertex -35.02862419151183 2.8999999999999995 11.415779740156157
      vertex -35.02862419151183 0.02462331880972446 11.415779740156157
    endloop
  endfacet
  facet normal 0.45399049973954775 0 -0.8910065241883673
    outer loop
      vertex -35.02862419151183 2.8999999999999995 11.415779740156157
      vertex -34.54077974015616 2.8999999999999995 11.664348903516519
      vertex -34.54077974015616 0.02462331880972446 11.664348903516519
    endloop
  endfacet
  facet normal 0.15643446504022984 0 -0.987688340595138
    outer loop
      vertex -34.54077974015616 2.8999999999999995 11.664348903516519
      vertex -34 2.8999999999999995 11.75
      vertex -34 0.02462331880972446 11.75
    endloop
  endfacet
  facet normal -0.15643446504022984 0 -0.987688340595138
    outer loop
      vertex -33.45922025984384 2.8999999999999995 11.664348903516519
      vertex -33.45922025984384 0.02462331880972446 11.664348903516519
      vertex -34 2.8999999999999995 11.75
    endloop
  endfacet
  facet normal -0.45399049973954775 0 -0.8910065241883673
    outer loop
      vertex -33.45922025984384 2.8999999999999995 11.664348903516519
      vertex -32.97137580848817 2.8999999999999995 11.415779740156157
      vertex -32.97137580848817 0.02462331880972446 11.415779740156157
    endloop
  endfacet
  facet normal 0 1 0
    outer loop
      vertex -34 2.8999999999999995 6.651368438700171
      vertex -36.9 2.8999999999999995 8.325684219350086
      vertex -34.54077974015616 2.8999999999999995 8.335651096483481
    endloop
  endfacet
  facet normal 0 1 0
    outer loop
      vertex -36.9 2.8999999999999995 8.325684219350086
      vertex -35.02862419151183 2.8999999999999995 8.584220259843843
      vertex -34.54077974015616 2.8999999999999995 8.335651096483481
    endloop
  endfacet
  facet normal 0 1 0
    outer loop
      vertex -36.9 2.8999999999999995 8.325684219350086
      vertex -35.41577974015616 2.8999999999999995 8.971375808488173
      vertex -35.02862419151183 2.8999999999999995 8.584220259843843
    endloop
  endfacet
  facet normal 0 1 0
    outer loop
      vertex -36.9 2.8999999999999995 8.325684219350086
      vertex -35.66434890351652 2.8999999999999995 9.459220259843843
      vertex -35.41577974015616 2.8999999999999995 8.971375808488173
    endloop
  endfacet
  facet normal 0 1 0
    outer loop
      vertex -36.9 2.8999999999999995 8.325684219350086
      vertex -35.75 2.8999999999999995 10
      vertex -35.66434890351652 2.8999999999999995 9.459220259843843
    endloop
  endfacet
  facet normal 0 1 0
    outer loop
      vertex -36.9 2.8999999999999995 8.325684219350086
      vertex -36.9 2.8999999999999995 11.674315780649914
      vertex -35.75 2.8999999999999995 10
    endloop
  endfacet
  facet normal 0 1 0
    outer loop
      vertex -35.75 2.8999999999999995 10
      vertex -36.9 2.8999999999999995 11.674315780649914
      vertex -35.66434890351652 2.8999999999999995 10.540779740156157
    endloop
  endfacet
  facet normal 0 1 0
    outer loop
      vertex -35.66434890351652 2.8999999999999995 10.540779740156157
      vertex -36.9 2.8999999999999995 11.674315780649914
      vertex -35.41577974015616 2.8999999999999995 11.028624191511827
    endloop
  endfacet
  facet normal 0 1 0
    outer loop
      vertex -34 2.8999999999999995 6.651368438700171
      vertex -34.54077974015616 2.8999999999999995 8.335651096483481
      vertex -34 2.8999999999999995 8.25
    endloop
  endfacet
  facet normal 0 1 0
    outer loop
      vertex -34 2.8999999999999995 6.651368438700171
      vertex -34 2.8999999999999995 8.25
      vertex -31.1 2.8999999999999995 8.325684219350086
    endloop
  endfacet
  facet normal 0 1 0
    outer loop
      vertex -34 2.8999999999999995 8.25
      vertex -33.45922025984384 2.8999999999999995 8.335651096483481
      vertex -31.1 2.8999999999999995 8.325684219350086
    endloop
  endfacet
  facet normal 0 1 0
    outer loop
      vertex -33.45922025984384 2.8999999999999995 8.335651096483481
      vertex -32.97137580848817 2.8999999999999995 8.584220259843843
      vertex -31.1 2.8999999999999995 8.325684219350086
    endloop
  endfacet
  facet normal 0 1 0
    outer loop
      vertex -32.97137580848817 2.8999999999999995 8.584220259843843
      vertex -32.58422025984384 2.8999999999999995 8.971375808488173
      vertex -31.1 2.8999999999999995 8.325684219350086
    endloop
  endfacet
  facet normal 0 1 0
    outer loop
      vertex -32.58422025984384 2.8999999999999995 8.971375808488173
      vertex -32.33565109648348 2.8999999999999995 9.459220259843843
      vertex -31.1 2.8999999999999995 8.325684219350086
    endloop
  endfacet
  facet normal 0 1 0
    outer loop
      vertex -32.33565109648348 2.8999999999999995 9.459220259843843
      vertex -32.25 2.8999999999999995 10
      vertex -31.1 2.8999999999999995 8.325684219350086
    endloop
  endfacet
  facet normal 0 1 0
    outer loop
      vertex -31.1 2.8999999999999995 8.325684219350086
      vertex -32.25 2.8999999999999995 10
      vertex -31.1 2.8999999999999995 11.674315780649914
    endloop
  endfacet
  facet normal 0 1 0
    outer loop
      vertex -32.25 2.8999999999999995 10
      vertex -32.33565109648348 2.8999999999999995 10.540779740156157
      vertex -31.1 2.8999999999999995 11.674315780649914
    endloop
  endfacet
  facet normal 0 1 0
    outer loop
      vertex -32.33565109648348 2.8999999999999995 10.540779740156157
      vertex -32.58422025984384 2.8999999999999995 11.028624191511827
      vertex -31.1 2.8999999999999995 11.674315780649914
    endloop
  endfacet
  facet normal 0 1 0
    outer loop
      vertex -36.9 2.8999999999999995 11.674315780649914
      vertex -35.02862419151183 2.8999999999999995 11.415779740156157
      vertex -35.41577974015616 2.8999999999999995 11.028624191511827
    endloop
  endfacet
  facet normal 0 1 0
    outer loop
      vertex -36.9 2.8999999999999995 11.674315780649914
      vertex -34.54077974015616 2.8999999999999995 11.664348903516519
      vertex -35.02862419151183 2.8999999999999995 11.415779740156157
    endloop
  endfacet
  facet normal 0 1 0
    outer loop
      vertex -36.9 2.8999999999999995 11.674315780649914
      vertex -34 2.8999999999999995 11.75
      vertex -34.54077974015616 2.8999999999999995 11.664348903516519
    endloop
  endfacet
  facet normal 0 1 0
    outer loop
      vertex -33.45922025984384 2.8999999999999995 11.664348903516519
      vertex -31.1 2.8999999999999995 11.674315780649914
      vertex -32.97137580848817 2.8999999999999995 11.415779740156157
    endloop
  endfacet
  facet normal 0 1 0
    outer loop
      vertex -36.9 2.8999999999999995 11.674315780649914
      vertex -34 2.8999999999999995 13.348631561299829
      vertex -34 2.8999999999999995 11.75
    endloop
  endfacet
  facet normal 0 1 0
    outer loop
      vertex -33.45922025984384 2.8999999999999995 11.664348903516519
      vertex -34 2.8999999999999995 11.75
      vertex -34 2.8999999999999995 13.348631561299829
    endloop
  endfacet
  facet normal 0 1 0
    outer loop
      vertex -33.45922025984384 2.8999999999999995 11.664348903516519
      vertex -34 2.8999999999999995 13.348631561299829
      vertex -31.1 2.8999999999999995 11.674315780649914
    endloop
  endfacet
  facet normal 0 1 0
    outer loop
      vertex -32.58422025984384 2.8999999999999995 11.028624191511827
      vertex -32.97137580848817 2.8999999999999995 11.415779740156157
      vertex -31.1 2.8999999999999995 11.674315780649914
    endloop
  endfacet
  facet normal 0.5000000000000002 0 0.8660254037844387
    outer loop
      vertex -34 2.8999999999999995 6.651368438700171
      vertex -34 5.9753766811902755 6.651368438700171
      vertex -36.9 2.8999999999999995 8.325684219350086
    endloop
  endfacet
  facet normal 1 0 0
    outer loop
      vertex -36.9 2.8999999999999995 8.325684219350086
      vertex -36.9 5.9753766811902755 8.325684219350086
      vertex -36.9 2.8999999999999995 11.674315780649914
    endloop
  endfacet
  facet normal -0.5000000000000002 0 0.8660254037844387
    outer loop
      vertex -34 2.8999999999999995 6.651368438700171
      vertex -31.1 2.8999999999999995 8.325684219350086
      vertex -31.1 5.9753766811902755 8.325684219350086
    endloop
  endfacet
  facet normal -1 0 0
    outer loop
      vertex -31.1 2.8999999999999995 8.325684219350086
      vertex -31.1 2.8999999999999995 11.674315780649914
      vertex -31.1 5.9753766811902755 11.674315780649914
    endloop
  endfacet
  facet normal 0.5000000000000002 0 -0.8660254037844387
    outer loop
      vertex -36.9 2.8999999999999995 11.674315780649914
      vertex -36.9 5.9753766811902755 11.674315780649914
      vertex -34 2.8999999999999995 13.348631561299829
    endloop
  endfacet
  facet normal -0.5000000000000002 -1.9809426126232181e-16 -0.8660254037844387
    outer loop
      vertex -34 2.8999999999999995 13.348631561299829
      vertex -33.93805730571571 5.9753766811902755 13.312868930080462
      vertex -31.1 2.8999999999999995 11.674315780649914
    endloop
  endfacet
  facet normal -0.5000000000000002 0 0.8660254037844387
    outer loop
      vertex -34 2.8999999999999995 6.651368438700171
      vertex -31.1 5.9753766811902755 8.325684219350086
      vertex -34 5.9753766811902755 6.651368438700171
    endloop
  endfacet
  facet normal 0.5000000000000002 0 0.8660254037844387
    outer loop
      vertex -36.9 2.8999999999999995 8.325684219350086
      vertex -34 5.9753766811902755 6.651368438700171
      vertex -36.9 5.9753766811902755 8.325684219350086
    endloop
  endfacet
  facet normal 1 0 0
    outer loop
      vertex -36.9 2.8999999999999995 11.674315780649914
      vertex -36.9 5.9753766811902755 8.325684219350086
      vertex -36.9 5.9753766811902755 11.674315780649914
    endloop
  endfacet
  facet normal -1 0 0
    outer loop
      vertex -31.1 2.8999999999999995 8.325684219350086
      vertex -31.1 5.9753766811902755 11.674315780649914
      vertex -31.1 5.9753766811902755 8.325684219350086
    endloop
  endfacet
  facet normal 0.5 -2.0241781464517009e-16 -0.8660254037844386
    outer loop
      vertex -34 2.8999999999999995 13.348631561299829
      vertex -36.9 5.9753766811902755 11.674315780649914
      vertex -34.06194269428429 5.9753766811902755 13.312868930080462
    endloop
  endfacet
  facet normal -0.5 0 -0.8660254037844386
    outer loop
      vertex -31.1 2.8999999999999995 11.674315780649914
      vertex -33.93805730571571 5.9753766811902755 13.312868930080462
      vertex -31.1 5.9753766811902755 11.674315780649914
    endloop
  endfacet
  facet normal -0.5000000000000074 0 -0.8660254037844343
    outer loop
      vertex -34 2.8999999999999995 13.348631561299829
      vertex -34 5.96375669791799 13.348631561299829
      vertex -33.93805730571571 5.9753766811902755 13.312868930080462
    endloop
  endfacet
  facet normal 0.5000000000000074 0 -0.8660254037844343
    outer loop
      vertex -34 2.8999999999999995 13.348631561299829
      vertex -34.06194269428429 5.9753766811902755 13.312868930080462
      vertex -34 5.96375669791799 13.348631561299829
    endloop
  endfacet
  facet normal 0.7071067811865476 0 0.7071067811865476
    outer loop
      vertex 32.97137580848817 2.8999999999999995 -11.415779740156157
      vertex 32.58422025984384 0.02462331880972446 -11.028624191511827
      vertex 32.97137580848817 0.02462331880972446 -11.415779740156157
    endloop
  endfacet
  facet normal 0.45399049973954775 0 0.8910065241883673
    outer loop
      vertex 33.45922025984384 2.8999999999999995 -11.664348903516519
      vertex 32.97137580848817 0.02462331880972446 -11.415779740156157
      vertex 33.45922025984384 0.02462331880972446 -11.664348903516519
    endloop
  endfacet
  facet normal 0.15643446504022984 0 0.987688340595138
    outer loop
      vertex 34 2.8999999999999995 -11.75
      vertex 33.45922025984384 0.02462331880972446 -11.664348903516519
      vertex 34 0.02462331880972446 -11.75
    endloop
  endfacet
  facet normal -0.15643446504022984 0 0.987688340595138
    outer loop
      vertex 34.54077974015616 2.8999999999999995 -11.664348903516519
      vertex 34 0.02462331880972446 -11.75
      vertex 34.54077974015616 0.02462331880972446 -11.664348903516519
    endloop
  endfacet
  facet normal -0.45399049973954775 0 0.8910065241883673
    outer loop
      vertex 35.02862419151183 2.8999999999999995 -11.415779740156157
      vertex 34.54077974015616 0.02462331880972446 -11.664348903516519
      vertex 35.02862419151183 0.02462331880972446 -11.415779740156157
    endloop
  endfacet
  facet normal 0.9876883405951378 0 0.1564344650402308
    outer loop
      vertex 32.33565109648348 2.8999999999999995 -10.540779740156157
      vertex 32.25 0.02462331880972446 -10
      vertex 32.33565109648348 0.02462331880972446 -10.540779740156157
    endloop
  endfacet
  facet normal 0.9876883405951378 0 -0.1564344650402308
    outer loop
      vertex 32.25 2.8999999999999995 -10
      vertex 32.33565109648348 0.02462331880972446 -9.459220259843843
      vertex 32.25 0.02462331880972446 -10
    endloop
  endfacet
  facet normal 0.8910065241883701 0 0.4539904997395426
    outer loop
      vertex 32.58422025984384 2.8999999999999995 -11.028624191511827
      vertex 32.33565109648348 0.02462331880972446 -10.540779740156157
      vertex 32.58422025984384 0.02462331880972446 -11.028624191511827
    endloop
  endfacet
  facet normal 0.8910065241883701 0 -0.4539904997395426
    outer loop
      vertex 32.33565109648348 2.8999999999999995 -9.459220259843843
      vertex 32.58422025984384 0.02462331880972446 -8.971375808488173
      vertex 32.33565109648348 0.02462331880972446 -9.459220259843843
    endloop
  endfacet
  facet normal 0.7071067811865476 0 -0.7071067811865476
    outer loop
      vertex 32.58422025984384 2.8999999999999995 -8.971375808488173
      vertex 32.97137580848817 0.02462331880972446 -8.584220259843843
      vertex 32.58422025984384 0.02462331880972446 -8.971375808488173
    endloop
  endfacet
  facet normal 0.45399049973954775 0 -0.8910065241883673
    outer loop
      vertex 32.97137580848817 2.8999999999999995 -8.584220259843843
      vertex 33.45922025984384 0.02462331880972446 -8.335651096483481
      vertex 32.97137580848817 0.02462331880972446 -8.584220259843843
    endloop
  endfacet
  facet normal 0.15643446504022984 0 -0.987688340595138
    outer loop
      vertex 33.45922025984384 2.8999999999999995 -8.335651096483481
      vertex 34 0.02462331880972446 -8.25
      vertex 33.45922025984384 0.02462331880972446 -8.335651096483481
    endloop
  endfacet
  facet normal -0.15643446504022984 0 -0.987688340595138
    outer loop
      vertex 34 2.8999999999999995 -8.25
      vertex 34.54077974015616 0.02462331880972446 -8.335651096483481
      vertex 34 0.02462331880972446 -8.25
    endloop
  endfacet
  facet normal -0.45399049973954775 0 -0.8910065241883673
    outer loop
      vertex 34.54077974015616 2.8999999999999995 -8.335651096483481
      vertex 35.02862419151183 0.02462331880972446 -8.584220259843843
      vertex 34.54077974015616 0.02462331880972446 -8.335651096483481
    endloop
  endfacet
  facet normal -0.7071067811865476 0 0.7071067811865476
    outer loop
      vertex 35.41577974015616 2.8999999999999995 -11.028624191511827
      vertex 35.02862419151183 0.02462331880972446 -11.415779740156157
      vertex 35.41577974015616 0.02462331880972446 -11.028624191511827
    endloop
  endfacet
  facet normal -0.8910065241883701 0 0.4539904997395426
    outer loop
      vertex 35.66434890351652 2.8999999999999995 -10.540779740156157
      vertex 35.41577974015616 0.02462331880972446 -11.028624191511827
      vertex 35.66434890351652 0.02462331880972446 -10.540779740156157
    endloop
  endfacet
  facet normal -0.9876883405951378 0 0.1564344650402308
    outer loop
      vertex 35.75 2.8999999999999995 -10
      vertex 35.66434890351652 0.02462331880972446 -10.540779740156157
      vertex 35.75 0.02462331880972446 -10
    endloop
  endfacet
  facet normal -0.9876883405951378 0 -0.1564344650402308
    outer loop
      vertex 35.66434890351652 2.8999999999999995 -9.459220259843843
      vertex 35.75 0.02462331880972446 -10
      vertex 35.66434890351652 0.02462331880972446 -9.459220259843843
    endloop
  endfacet
  facet normal -0.8910065241883701 0 -0.4539904997395426
    outer loop
      vertex 35.41577974015616 2.8999999999999995 -8.971375808488173
      vertex 35.66434890351652 0.02462331880972446 -9.459220259843843
      vertex 35.41577974015616 0.02462331880972446 -8.971375808488173
    endloop
  endfacet
  facet normal -0.7071067811865476 0 -0.7071067811865476
    outer loop
      vertex 35.02862419151183 2.8999999999999995 -8.584220259843843
      vertex 35.41577974015616 0.02462331880972446 -8.971375808488173
      vertex 35.02862419151183 0.02462331880972446 -8.584220259843843
    endloop
  endfacet
  facet normal 0.45399049973954775 0 0.8910065241883673
    outer loop
      vertex 32.97137580848817 2.8999999999999995 -11.415779740156157
      vertex 32.97137580848817 0.02462331880972446 -11.415779740156157
      vertex 33.45922025984384 2.8999999999999995 -11.664348903516519
    endloop
  endfacet
  facet normal 0.15643446504022984 0 0.987688340595138
    outer loop
      vertex 34 2.8999999999999995 -11.75
      vertex 33.45922025984384 2.8999999999999995 -11.664348903516519
      vertex 33.45922025984384 0.02462331880972446 -11.664348903516519
    endloop
  endfacet
  facet normal -0.15643446504022984 0 0.987688340595138
    outer loop
      vertex 34 2.8999999999999995 -11.75
      vertex 34 0.02462331880972446 -11.75
      vertex 34.54077974015616 2.8999999999999995 -11.664348903516519
    endloop
  endfacet
  facet normal -0.45399049973954775 0 0.8910065241883673
    outer loop
      vertex 34.54077974015616 2.8999999999999995 -11.664348903516519
      vertex 34.54077974015616 0.02462331880972446 -11.664348903516519
      vertex 35.02862419151183 2.8999999999999995 -11.415779740156157
    endloop
  endfacet
  facet normal -0.7071067811865476 0 0.7071067811865476
    outer loop
      vertex 35.02862419151183 2.8999999999999995 -11.415779740156157
      vertex 35.02862419151183 0.02462331880972446 -11.415779740156157
      vertex 35.41577974015616 2.8999999999999995 -11.028624191511827
    endloop
  endfacet
  facet normal 0.8910065241883701 0 0.4539904997395426
    outer loop
      vertex 32.58422025984384 2.8999999999999995 -11.028624191511827
      vertex 32.33565109648348 2.8999999999999995 -10.540779740156157
      vertex 32.33565109648348 0.02462331880972446 -10.540779740156157
    endloop
  endfacet
  facet normal 0.9876883405951378 0 0.1564344650402308
    outer loop
      vertex 32.33565109648348 2.8999999999999995 -10.540779740156157
      vertex 32.25 2.8999999999999995 -10
      vertex 32.25 0.02462331880972446 -10
    endloop
  endfacet
  facet normal 0.9876883405951378 0 -0.1564344650402308
    outer loop
      vertex 32.25 2.8999999999999995 -10
      vertex 32.33565109648348 2.8999999999999995 -9.459220259843843
      vertex 32.33565109648348 0.02462331880972446 -9.459220259843843
    endloop
  endfacet
  facet normal 0.7071067811865476 0 0.7071067811865476
    outer loop
      vertex 32.97137580848817 2.8999999999999995 -11.415779740156157
      vertex 32.58422025984384 2.8999999999999995 -11.028624191511827
      vertex 32.58422025984384 0.02462331880972446 -11.028624191511827
    endloop
  endfacet
  facet normal 0.8910065241883701 0 -0.4539904997395426
    outer loop
      vertex 32.33565109648348 2.8999999999999995 -9.459220259843843
      vertex 32.58422025984384 2.8999999999999995 -8.971375808488173
      vertex 32.58422025984384 0.02462331880972446 -8.971375808488173
    endloop
  endfacet
  facet normal 0.7071067811865476 0 -0.7071067811865476
    outer loop
      vertex 32.58422025984384 2.8999999999999995 -8.971375808488173
      vertex 32.97137580848817 2.8999999999999995 -8.584220259843843
      vertex 32.97137580848817 0.02462331880972446 -8.584220259843843
    endloop
  endfacet
  facet normal -0.45399049973954775 0 -0.8910065241883673
    outer loop
      vertex 35.02862419151183 2.8999999999999995 -8.584220259843843
      vertex 35.02862419151183 0.02462331880972446 -8.584220259843843
      vertex 34.54077974015616 2.8999999999999995 -8.335651096483481
    endloop
  endfacet
  facet normal 0.45399049973954775 0 -0.8910065241883673
    outer loop
      vertex 32.97137580848817 2.8999999999999995 -8.584220259843843
      vertex 33.45922025984384 2.8999999999999995 -8.335651096483481
      vertex 33.45922025984384 0.02462331880972446 -8.335651096483481
    endloop
  endfacet
  facet normal 0.15643446504022984 0 -0.987688340595138
    outer loop
      vertex 33.45922025984384 2.8999999999999995 -8.335651096483481
      vertex 34 2.8999999999999995 -8.25
      vertex 34 0.02462331880972446 -8.25
    endloop
  endfacet
  facet normal -0.15643446504022984 0 -0.987688340595138
    outer loop
      vertex 34 2.8999999999999995 -8.25
      vertex 34.54077974015616 2.8999999999999995 -8.335651096483481
      vertex 34.54077974015616 0.02462331880972446 -8.335651096483481
    endloop
  endfacet
  facet normal -0.8910065241883701 0 0.4539904997395426
    outer loop
      vertex 35.41577974015616 2.8999999999999995 -11.028624191511827
      vertex 35.41577974015616 0.02462331880972446 -11.028624191511827
      vertex 35.66434890351652 2.8999999999999995 -10.540779740156157
    endloop
  endfacet
  facet normal -0.9876883405951378 0 0.1564344650402308
    outer loop
      vertex 35.66434890351652 2.8999999999999995 -10.540779740156157
      vertex 35.66434890351652 0.02462331880972446 -10.540779740156157
      vertex 35.75 2.8999999999999995 -10
    endloop
  endfacet
  facet normal -0.9876883405951378 0 -0.1564344650402308
    outer loop
      vertex 35.66434890351652 2.8999999999999995 -9.459220259843843
      vertex 35.75 2.8999999999999995 -10
      vertex 35.75 0.02462331880972446 -10
    endloop
  endfacet
  facet normal -0.8910065241883701 0 -0.4539904997395426
    outer loop
      vertex 35.66434890351652 2.8999999999999995 -9.459220259843843
      vertex 35.66434890351652 0.02462331880972446 -9.459220259843843
      vertex 35.41577974015616 2.8999999999999995 -8.971375808488173
    endloop
  endfacet
  facet normal -0.7071067811865476 0 -0.7071067811865476
    outer loop
      vertex 35.41577974015616 2.8999999999999995 -8.971375808488173
      vertex 35.41577974015616 0.02462331880972446 -8.971375808488173
      vertex 35.02862419151183 2.8999999999999995 -8.584220259843843
    endloop
  endfacet
  facet normal 0 1 0
    outer loop
      vertex 31.1 2.8999999999999995 -11.674315780649914
      vertex 32.58422025984384 2.8999999999999995 -11.028624191511827
      vertex 32.97137580848817 2.8999999999999995 -11.415779740156157
    endloop
  endfacet
  facet normal 0 1 0
    outer loop
      vertex 31.1 2.8999999999999995 -11.674315780649914
      vertex 34 2.8999999999999995 -11.75
      vertex 34 2.8999999999999995 -13.348631561299829
    endloop
  endfacet
  facet normal 0 1 0
    outer loop
      vertex 34 2.8999999999999995 -13.348631561299829
      vertex 34 2.8999999999999995 -11.75
      vertex 34.54077974015616 2.8999999999999995 -11.664348903516519
    endloop
  endfacet
  facet normal 0 1 0
    outer loop
      vertex 31.1 2.8999999999999995 -11.674315780649914
      vertex 32.97137580848817 2.8999999999999995 -11.415779740156157
      vertex 33.45922025984384 2.8999999999999995 -11.664348903516519
    endloop
  endfacet
  facet normal 0 1 0
    outer loop
      vertex 31.1 2.8999999999999995 -11.674315780649914
      vertex 33.45922025984384 2.8999999999999995 -11.664348903516519
      vertex 34 2.8999999999999995 -11.75
    endloop
  endfacet
  facet normal 0 1 0
    outer loop
      vertex 34 2.8999999999999995 -13.348631561299829
      vertex 34.54077974015616 2.8999999999999995 -11.664348903516519
      vertex 36.9 2.8999999999999995 -11.674315780649914
    endloop
  endfacet
  facet normal 0 1 0
    outer loop
      vertex 34.54077974015616 2.8999999999999995 -11.664348903516519
      vertex 35.02862419151183 2.8999999999999995 -11.415779740156157
      vertex 36.9 2.8999999999999995 -11.674315780649914
    endloop
  endfacet
  facet normal 0 1 0
    outer loop
      vertex 35.02862419151183 2.8999999999999995 -11.415779740156157
      vertex 35.41577974015616 2.8999999999999995 -11.028624191511827
      vertex 36.9 2.8999999999999995 -11.674315780649914
    endloop
  endfacet
  facet normal 0 1 0
    outer loop
      vertex 31.1 2.8999999999999995 -11.674315780649914
      vertex 32.33565109648348 2.8999999999999995 -10.540779740156157
      vertex 32.58422025984384 2.8999999999999995 -11.028624191511827
    endloop
  endfacet
  facet normal 0 1 0
    outer loop
      vertex 31.1 2.8999999999999995 -11.674315780649914
      vertex 32.25 2.8999999999999995 -10
      vertex 32.33565109648348 2.8999999999999995 -10.540779740156157
    endloop
  endfacet
  facet normal 0 1 0
    outer loop
      vertex 31.1 2.8999999999999995 -11.674315780649914
      vertex 31.1 2.8999999999999995 -8.325684219350086
      vertex 32.25 2.8999999999999995 -10
    endloop
  endfacet
  facet normal 0 1 0
    outer loop
      vertex 32.25 2.8999999999999995 -10
      vertex 31.1 2.8999999999999995 -8.325684219350086
      vertex 32.33565109648348 2.8999999999999995 -9.459220259843843
    endloop
  endfacet
  facet normal 0 1 0
    outer loop
      vertex 31.1 2.8999999999999995 -8.325684219350086
      vertex 32.58422025984384 2.8999999999999995 -8.971375808488173
      vertex 32.33565109648348 2.8999999999999995 -9.459220259843843
    endloop
  endfacet
  facet normal 0 1 0
    outer loop
      vertex 31.1 2.8999999999999995 -8.325684219350086
      vertex 32.97137580848817 2.8999999999999995 -8.584220259843843
      vertex 32.58422025984384 2.8999999999999995 -8.971375808488173
    endloop
  endfacet
  facet normal 0 1 0
    outer loop
      vertex 31.1 2.8999999999999995 -8.325684219350086
      vertex 33.45922025984384 2.8999999999999995 -8.335651096483481
      vertex 32.97137580848817 2.8999999999999995 -8.584220259843843
    endloop
  endfacet
  facet normal 0 1 0
    outer loop
      vertex 31.1 2.8999999999999995 -8.325684219350086
      vertex 34 2.8999999999999995 -6.651368438700171
      vertex 33.45922025984384 2.8999999999999995 -8.335651096483481
    endloop
  endfacet
  facet normal 0 1 0
    outer loop
      vertex 33.45922025984384 2.8999999999999995 -8.335651096483481
      vertex 34 2.8999999999999995 -6.651368438700171
      vertex 34 2.8999999999999995 -8.25
    endloop
  endfacet
  facet normal 0 1 0
    outer loop
      vertex 34 2.8999999999999995 -8.25
      vertex 34 2.8999999999999995 -6.651368438700171
      vertex 36.9 2.8999999999999995 -8.325684219350086
    endloop
  endfacet
  facet normal 0 1 0
    outer loop
      vertex 35.41577974015616 2.8999999999999995 -11.028624191511827
      vertex 35.66434890351652 2.8999999999999995 -10.540779740156157
      vertex 36.9 2.8999999999999995 -11.674315780649914
    endloop
  endfacet
  facet normal 0 1 0
    outer loop
      vertex 36.9 2.8999999999999995 -11.674315780649914
      vertex 35.66434890351652 2.8999999999999995 -10.540779740156157
      vertex 35.75 2.8999999999999995 -10
    endloop
  endfacet
  facet normal 0 1 0
    outer loop
      vertex 36.9 2.8999999999999995 -11.674315780649914
      vertex 35.75 2.8999999999999995 -10
      vertex 36.9 2.8999999999999995 -8.325684219350086
    endloop
  endfacet
  facet normal 0 1 0
    outer loop
      vertex 35.66434890351652 2.8999999999999995 -9.459220259843843
      vertex 36.9 2.8999999999999995 -8.325684219350086
      vertex 35.75 2.8999999999999995 -10
    endloop
  endfacet
  facet normal 0 1 0
    outer loop
      vertex 35.66434890351652 2.8999999999999995 -9.459220259843843
      vertex 35.41577974015616 2.8999999999999995 -8.971375808488173
      vertex 36.9 2.8999999999999995 -8.325684219350086
    endloop
  endfacet
  facet normal 0 1 0
    outer loop
      vertex 35.41577974015616 2.8999999999999995 -8.971375808488173
      vertex 35.02862419151183 2.8999999999999995 -8.584220259843843
      vertex 36.9 2.8999999999999995 -8.325684219350086
    endloop
  endfacet
  facet normal 0 1 0
    outer loop
      vertex 34 2.8999999999999995 -8.25
      vertex 36.9 2.8999999999999995 -8.325684219350086
      vertex 34.54077974015616 2.8999999999999995 -8.335651096483481
    endloop
  endfacet
  facet normal 0 1 0
    outer loop
      vertex 35.02862419151183 2.8999999999999995 -8.584220259843843
      vertex 34.54077974015616 2.8999999999999995 -8.335651096483481
      vertex 36.9 2.8999999999999995 -8.325684219350086
    endloop
  endfacet
  facet normal 0.5000000000000002 -1.7249024109916457e-16 0.8660254037844387
    outer loop
      vertex 31.1 2.8999999999999995 -11.674315780649914
      vertex 34 2.8999999999999995 -13.348631561299829
      vertex 33.93805730571571 5.9753766811902755 -13.312868930080462
    endloop
  endfacet
  facet normal -0.5000000000000002 0 0.8660254037844387
    outer loop
      vertex 34 2.8999999999999995 -13.348631561299829
      vertex 36.9 2.8999999999999995 -11.674315780649914
      vertex 36.9 5.9753766811902755 -11.674315780649914
    endloop
  endfacet
  facet normal 1 0 0
    outer loop
      vertex 31.1 2.8999999999999995 -11.674315780649914
      vertex 31.1 5.9753766811902755 -11.674315780649914
      vertex 31.1 2.8999999999999995 -8.325684219350086
    endloop
  endfacet
  facet normal 0.5000000000000002 0 -0.8660254037844387
    outer loop
      vertex 31.1 2.8999999999999995 -8.325684219350086
      vertex 31.1 5.9753766811902755 -8.325684219350086
      vertex 34 2.8999999999999995 -6.651368438700171
    endloop
  endfacet
  facet normal -1 0 0
    outer loop
      vertex 36.9 2.8999999999999995 -11.674315780649914
      vertex 36.9 2.8999999999999995 -8.325684219350086
      vertex 36.9 5.9753766811902755 -8.325684219350086
    endloop
  endfacet
  facet normal -0.5000000000000002 0 -0.8660254037844387
    outer loop
      vertex 36.9 2.8999999999999995 -8.325684219350086
      vertex 34 2.8999999999999995 -6.651368438700171
      vertex 34 5.9753766811902755 -6.651368438700171
    endloop
  endfacet
  facet normal 0.5000000000000074 0 0.8660254037844343
    outer loop
      vertex 34 2.8999999999999995 -13.348631561299829
      vertex 34 5.963756697917989 -13.348631561299829
      vertex 33.93805730571571 5.9753766811902755 -13.312868930080462
    endloop
  endfacet
  facet normal -0.5000000000000074 0 0.8660254037844343
    outer loop
      vertex 34 2.8999999999999995 -13.348631561299829
      vertex 34.06194269428429 5.9753766811902755 -13.312868930080462
      vertex 34 5.963756697917989 -13.348631561299829
    endloop
  endfacet
  facet normal 0.5 0 0.8660254037844386
    outer loop
      vertex 31.1 2.8999999999999995 -11.674315780649914
      vertex 33.93805730571571 5.9753766811902755 -13.312868930080462
      vertex 31.1 5.9753766811902755 -11.674315780649914
    endloop
  endfacet
  facet normal -0.5 -2.0241781464517009e-16 0.8660254037844386
    outer loop
      vertex 34 2.8999999999999995 -13.348631561299829
      vertex 36.9 5.9753766811902755 -11.674315780649914
      vertex 34.06194269428429 5.9753766811902755 -13.312868930080462
    endloop
  endfacet
  facet normal 1 0 0
    outer loop
      vertex 31.1 2.8999999999999995 -8.325684219350086
      vertex 31.1 5.9753766811902755 -11.674315780649914
      vertex 31.1 5.9753766811902755 -8.325684219350086
    endloop
  endfacet
  facet normal -1 0 0
    outer loop
      vertex 36.9 2.8999999999999995 -11.674315780649914
      vertex 36.9 5.9753766811902755 -8.325684219350086
      vertex 36.9 5.9753766811902755 -11.674315780649914
    endloop
  endfacet
  facet normal -0.5000000000000002 0 -0.8660254037844387
    outer loop
      vertex 36.9 2.8999999999999995 -8.325684219350086
      vertex 34 5.9753766811902755 -6.651368438700171
      vertex 36.9 5.9753766811902755 -8.325684219350086
    endloop
  endfacet
  facet normal 0.5000000000000002 0 -0.8660254037844387
    outer loop
      vertex 34 2.8999999999999995 -6.651368438700171
      vertex 31.1 5.9753766811902755 -8.325684219350086
      vertex 34 5.9753766811902755 -6.651368438700171
    endloop
  endfacet
  facet normal 0.45399049973954775 0 0.8910065241883673
    outer loop
      vertex 33.45922025984384 2.8999999999999995 8.335651096483481
      vertex 32.97137580848817 0.02462331880972446 8.584220259843843
      vertex 33.45922025984384 0.02462331880972446 8.335651096483481
    endloop
  endfacet
  facet normal 0.15643446504022984 0 0.987688340595138
    outer loop
      vertex 34 2.8999999999999995 8.25
      vertex 33.45922025984384 0.02462331880972446 8.335651096483481
      vertex 34 0.02462331880972446 8.25
    endloop
  endfacet
  facet normal -0.15643446504022984 0 0.987688340595138
    outer loop
      vertex 34.54077974015616 2.8999999999999995 8.335651096483481
      vertex 34 0.02462331880972446 8.25
      vertex 34.54077974015616 0.02462331880972446 8.335651096483481
    endloop
  endfacet
  facet normal 0.7071067811865476 0 0.7071067811865476
    outer loop
      vertex 32.97137580848817 2.8999999999999995 8.584220259843843
      vertex 32.58422025984384 0.02462331880972446 8.971375808488173
      vertex 32.97137580848817 0.02462331880972446 8.584220259843843
    endloop
  endfacet
  facet normal 0.8910065241883701 0 0.4539904997395426
    outer loop
      vertex 32.58422025984384 2.8999999999999995 8.971375808488173
      vertex 32.33565109648348 0.02462331880972446 9.459220259843843
      vertex 32.58422025984384 0.02462331880972446 8.971375808488173
    endloop
  endfacet
  facet normal -0.45399049973954775 0 0.8910065241883673
    outer loop
      vertex 35.02862419151183 2.8999999999999995 8.584220259843843
      vertex 34.54077974015616 0.02462331880972446 8.335651096483481
      vertex 35.02862419151183 0.02462331880972446 8.584220259843843
    endloop
  endfacet
  facet normal 0.9876883405951378 0 0.1564344650402308
    outer loop
      vertex 32.33565109648348 2.8999999999999995 9.459220259843843
      vertex 32.25 0.02462331880972446 10
      vertex 32.33565109648348 0.02462331880972446 9.459220259843843
    endloop
  endfacet
  facet normal 0.9876883405951378 0 -0.1564344650402308
    outer loop
      vertex 32.25 2.8999999999999995 10
      vertex 32.33565109648348 0.02462331880972446 10.540779740156157
      vertex 32.25 0.02462331880972446 10
    endloop
  endfacet
  facet normal 0.8910065241883701 0 -0.4539904997395426
    outer loop
      vertex 32.33565109648348 2.8999999999999995 10.540779740156157
      vertex 32.58422025984384 0.02462331880972446 11.028624191511827
      vertex 32.33565109648348 0.02462331880972446 10.540779740156157
    endloop
  endfacet
  facet normal 0.7071067811865476 0 -0.7071067811865476
    outer loop
      vertex 32.58422025984384 2.8999999999999995 11.028624191511827
      vertex 32.97137580848817 0.02462331880972446 11.415779740156157
      vertex 32.58422025984384 0.02462331880972446 11.028624191511827
    endloop
  endfacet
  facet normal -0.7071067811865476 0 0.7071067811865476
    outer loop
      vertex 35.41577974015616 2.8999999999999995 8.971375808488173
      vertex 35.02862419151183 0.02462331880972446 8.584220259843843
      vertex 35.41577974015616 0.02462331880972446 8.971375808488173
    endloop
  endfacet
  facet normal -0.8910065241883701 0 0.4539904997395426
    outer loop
      vertex 35.66434890351652 2.8999999999999995 9.459220259843843
      vertex 35.41577974015616 0.02462331880972446 8.971375808488173
      vertex 35.66434890351652 0.02462331880972446 9.459220259843843
    endloop
  endfacet
  facet normal -0.9876883405951378 0 0.1564344650402308
    outer loop
      vertex 35.75 2.8999999999999995 10
      vertex 35.66434890351652 0.02462331880972446 9.459220259843843
      vertex 35.75 0.02462331880972446 10
    endloop
  endfacet
  facet normal -0.9876883405951378 0 -0.1564344650402308
    outer loop
      vertex 35.66434890351652 2.8999999999999995 10.540779740156157
      vertex 35.75 0.02462331880972446 10
      vertex 35.66434890351652 0.02462331880972446 10.540779740156157
    endloop
  endfacet
  facet normal -0.8910065241883701 0 -0.4539904997395426
    outer loop
      vertex 35.41577974015616 2.8999999999999995 11.028624191511827
      vertex 35.66434890351652 0.02462331880972446 10.540779740156157
      vertex 35.41577974015616 0.02462331880972446 11.028624191511827
    endloop
  endfacet
  facet normal 0.45399049973954775 0 -0.8910065241883673
    outer loop
      vertex 32.97137580848817 2.8999999999999995 11.415779740156157
      vertex 33.45922025984384 0.02462331880972446 11.664348903516519
      vertex 32.97137580848817 0.02462331880972446 11.415779740156157
    endloop
  endfacet
  facet normal 0.15643446504022984 0 -0.987688340595138
    outer loop
      vertex 33.45922025984384 2.8999999999999995 11.664348903516519
      vertex 34 0.02462331880972446 11.75
      vertex 33.45922025984384 0.02462331880972446 11.664348903516519
    endloop
  endfacet
  facet normal -0.45399049973954775 0 -0.8910065241883673
    outer loop
      vertex 34.54077974015616 2.8999999999999995 11.664348903516519
      vertex 35.02862419151183 0.02462331880972446 11.415779740156157
      vertex 34.54077974015616 0.02462331880972446 11.664348903516519
    endloop
  endfacet
  facet normal -0.15643446504022984 0 -0.987688340595138
    outer loop
      vertex 34 2.8999999999999995 11.75
      vertex 34.54077974015616 0.02462331880972446 11.664348903516519
      vertex 34 0.02462331880972446 11.75
    endloop
  endfacet
  facet normal -0.7071067811865476 0 -0.7071067811865476
    outer loop
      vertex 35.02862419151183 2.8999999999999995 11.415779740156157
      vertex 35.41577974015616 0.02462331880972446 11.028624191511827
      vertex 35.02862419151183 0.02462331880972446 11.415779740156157
    endloop
  endfacet
  facet normal 0.8910065241883701 0 0.4539904997395426
    outer loop
      vertex 32.58422025984384 2.8999999999999995 8.971375808488173
      vertex 32.33565109648348 2.8999999999999995 9.459220259843843
      vertex 32.33565109648348 0.02462331880972446 9.459220259843843
    endloop
  endfacet
  facet normal 0.15643446504022984 0 0.987688340595138
    outer loop
      vertex 33.45922025984384 2.8999999999999995 8.335651096483481
      vertex 33.45922025984384 0.02462331880972446 8.335651096483481
      vertex 34 2.8999999999999995 8.25
    endloop
  endfacet
  facet normal -0.15643446504022984 0 0.987688340595138
    outer loop
      vertex 34 2.8999999999999995 8.25
      vertex 34 0.02462331880972446 8.25
      vertex 34.54077974015616 2.8999999999999995 8.335651096483481
    endloop
  endfacet
  facet normal -0.45399049973954775 0 0.8910065241883673
    outer loop
      vertex 34.54077974015616 2.8999999999999995 8.335651096483481
      vertex 34.54077974015616 0.02462331880972446 8.335651096483481
      vertex 35.02862419151183 2.8999999999999995 8.584220259843843
    endloop
  endfacet
  facet normal 0.7071067811865476 0 0.7071067811865476
    outer loop
      vertex 32.97137580848817 2.8999999999999995 8.584220259843843
      vertex 32.58422025984384 2.8999999999999995 8.971375808488173
      vertex 32.58422025984384 0.02462331880972446 8.971375808488173
    endloop
  endfacet
  facet normal 0.45399049973954775 0 0.8910065241883673
    outer loop
      vertex 33.45922025984384 2.8999999999999995 8.335651096483481
      vertex 32.97137580848817 2.8999999999999995 8.584220259843843
      vertex 32.97137580848817 0.02462331880972446 8.584220259843843
    endloop
  endfacet
  facet normal 0.9876883405951378 0 0.1564344650402308
    outer loop
      vertex 32.25 2.8999999999999995 10
      vertex 32.25 0.02462331880972446 10
      vertex 32.33565109648348 2.8999999999999995 9.459220259843843
    endloop
  endfacet
  facet normal 0.9876883405951378 0 -0.1564344650402308
    outer loop
      vertex 32.25 2.8999999999999995 10
      vertex 32.33565109648348 2.8999999999999995 10.540779740156157
      vertex 32.33565109648348 0.02462331880972446 10.540779740156157
    endloop
  endfacet
  facet normal 0.8910065241883701 0 -0.4539904997395426
    outer loop
      vertex 32.33565109648348 2.8999999999999995 10.540779740156157
      vertex 32.58422025984384 2.8999999999999995 11.028624191511827
      vertex 32.58422025984384 0.02462331880972446 11.028624191511827
    endloop
  endfacet
  facet normal -0.7071067811865476 0 0.7071067811865476
    outer loop
      vertex 35.02862419151183 2.8999999999999995 8.584220259843843
      vertex 35.02862419151183 0.02462331880972446 8.584220259843843
      vertex 35.41577974015616 2.8999999999999995 8.971375808488173
    endloop
  endfacet
  facet normal -0.8910065241883701 0 0.4539904997395426
    outer loop
      vertex 35.41577974015616 2.8999999999999995 8.971375808488173
      vertex 35.41577974015616 0.02462331880972446 8.971375808488173
      vertex 35.66434890351652 2.8999999999999995 9.459220259843843
    endloop
  endfacet
  facet normal -0.9876883405951378 0 0.1564344650402308
    outer loop
      vertex 35.66434890351652 2.8999999999999995 9.459220259843843
      vertex 35.66434890351652 0.02462331880972446 9.459220259843843
      vertex 35.75 2.8999999999999995 10
    endloop
  endfacet
  facet normal -0.9876883405951378 0 -0.1564344650402308
    outer loop
      vertex 35.75 2.8999999999999995 10
      vertex 35.75 0.02462331880972446 10
      vertex 35.66434890351652 2.8999999999999995 10.540779740156157
    endloop
  endfacet
  facet normal -0.8910065241883701 0 -0.4539904997395426
    outer loop
      vertex 35.66434890351652 2.8999999999999995 10.540779740156157
      vertex 35.66434890351652 0.02462331880972446 10.540779740156157
      vertex 35.41577974015616 2.8999999999999995 11.028624191511827
    endloop
  endfacet
  facet normal -0.7071067811865476 0 -0.7071067811865476
    outer loop
      vertex 35.41577974015616 2.8999999999999995 11.028624191511827
      vertex 35.41577974015616 0.02462331880972446 11.028624191511827
      vertex 35.02862419151183 2.8999999999999995 11.415779740156157
    endloop
  endfacet
  facet normal 0.7071067811865476 0 -0.7071067811865476
    outer loop
      vertex 32.58422025984384 2.8999999999999995 11.028624191511827
      vertex 32.97137580848817 2.8999999999999995 11.415779740156157
      vertex 32.97137580848817 0.02462331880972446 11.415779740156157
    endloop
  endfacet
  facet normal 0.45399049973954775 0 -0.8910065241883673
    outer loop
      vertex 32.97137580848817 2.8999999999999995 11.415779740156157
      vertex 33.45922025984384 2.8999999999999995 11.664348903516519
      vertex 33.45922025984384 0.02462331880972446 11.664348903516519
    endloop
  endfacet
  facet normal -0.15643446504022984 0 -0.987688340595138
    outer loop
      vertex 34.54077974015616 2.8999999999999995 11.664348903516519
      vertex 34.54077974015616 0.02462331880972446 11.664348903516519
      vertex 34 2.8999999999999995 11.75
    endloop
  endfacet
  facet normal -0.45399049973954775 0 -0.8910065241883673
    outer loop
      vertex 34.54077974015616 2.8999999999999995 11.664348903516519
      vertex 35.02862419151183 2.8999999999999995 11.415779740156157
      vertex 35.02862419151183 0.02462331880972446 11.415779740156157
    endloop
  endfacet
  facet normal 0.15643446504022984 0 -0.987688340595138
    outer loop
      vertex 33.45922025984384 2.8999999999999995 11.664348903516519
      vertex 34 2.8999999999999995 11.75
      vertex 34 0.02462331880972446 11.75
    endloop
  endfacet
  facet normal 0 1 0
    outer loop
      vertex 31.1 2.8999999999999995 8.325684219350086
      vertex 32.58422025984384 2.8999999999999995 8.971375808488173
      vertex 32.97137580848817 2.8999999999999995 8.584220259843843
    endloop
  endfacet
  facet normal 0 1 0
    outer loop
      vertex 31.1 2.8999999999999995 8.325684219350086
      vertex 32.33565109648348 2.8999999999999995 9.459220259843843
      vertex 32.58422025984384 2.8999999999999995 8.971375808488173
    endloop
  endfacet
  facet normal 0 1 0
    outer loop
      vertex 31.1 2.8999999999999995 8.325684219350086
      vertex 32.25 2.8999999999999995 10
      vertex 32.33565109648348 2.8999999999999995 9.459220259843843
    endloop
  endfacet
  facet normal 0 1 0
    outer loop
      vertex 34 2.8999999999999995 6.651368438700171
      vertex 31.1 2.8999999999999995 8.325684219350086
      vertex 33.45922025984384 2.8999999999999995 8.335651096483481
    endloop
  endfacet
  facet normal 0 1 0
    outer loop
      vertex 31.1 2.8999999999999995 8.325684219350086
      vertex 32.97137580848817 2.8999999999999995 8.584220259843843
      vertex 33.45922025984384 2.8999999999999995 8.335651096483481
    endloop
  endfacet
  facet normal 0 1 0
    outer loop
      vertex 34 2.8999999999999995 6.651368438700171
      vertex 33.45922025984384 2.8999999999999995 8.335651096483481
      vertex 34 2.8999999999999995 8.25
    endloop
  endfacet
  facet normal 0 1 0
    outer loop
      vertex 34 2.8999999999999995 6.651368438700171
      vertex 34 2.8999999999999995 8.25
      vertex 36.9 2.8999999999999995 8.325684219350086
    endloop
  endfacet
  facet normal 0 1 0
    outer loop
      vertex 31.1 2.8999999999999995 8.325684219350086
      vertex 31.1 2.8999999999999995 11.674315780649914
      vertex 32.25 2.8999999999999995 10
    endloop
  endfacet
  facet normal 0 1 0
    outer loop
      vertex 32.25 2.8999999999999995 10
      vertex 31.1 2.8999999999999995 11.674315780649914
      vertex 32.33565109648348 2.8999999999999995 10.540779740156157
    endloop
  endfacet
  facet normal 0 1 0
    outer loop
      vertex 31.1 2.8999999999999995 11.674315780649914
      vertex 32.58422025984384 2.8999999999999995 11.028624191511827
      vertex 32.33565109648348 2.8999999999999995 10.540779740156157
    endloop
  endfacet
  facet normal 0 1 0
    outer loop
      vertex 34 2.8999999999999995 8.25
      vertex 34.54077974015616 2.8999999999999995 8.335651096483481
      vertex 36.9 2.8999999999999995 8.325684219350086
    endloop
  endfacet
  facet normal 0 1 0
    outer loop
      vertex 34.54077974015616 2.8999999999999995 8.335651096483481
      vertex 35.02862419151183 2.8999999999999995 8.584220259843843
      vertex 36.9 2.8999999999999995 8.325684219350086
    endloop
  endfacet
  facet normal 0 1 0
    outer loop
      vertex 36.9 2.8999999999999995 8.325684219350086
      vertex 35.02862419151183 2.8999999999999995 8.584220259843843
      vertex 35.41577974015616 2.8999999999999995 8.971375808488173
    endloop
  endfacet
  facet normal 0 1 0
    outer loop
      vertex 36.9 2.8999999999999995 8.325684219350086
      vertex 35.41577974015616 2.8999999999999995 8.971375808488173
      vertex 35.66434890351652 2.8999999999999995 9.459220259843843
    endloop
  endfacet
  facet normal 0 1 0
    outer loop
      vertex 36.9 2.8999999999999995 8.325684219350086
      vertex 35.66434890351652 2.8999999999999995 9.459220259843843
      vertex 35.75 2.8999999999999995 10
    endloop
  endfacet
  facet normal 0 1 0
    outer loop
      vertex 36.9 2.8999999999999995 8.325684219350086
      vertex 35.75 2.8999999999999995 10
      vertex 36.9 2.8999999999999995 11.674315780649914
    endloop
  endfacet
  facet normal 0 1 0
    outer loop
      vertex 35.75 2.8999999999999995 10
      vertex 35.66434890351652 2.8999999999999995 10.540779740156157
      vertex 36.9 2.8999999999999995 11.674315780649914
    endloop
  endfacet
  facet normal 0 1 0
    outer loop
      vertex 35.66434890351652 2.8999999999999995 10.540779740156157
      vertex 35.41577974015616 2.8999999999999995 11.028624191511827
      vertex 36.9 2.8999999999999995 11.674315780649914
    endloop
  endfacet
  facet normal 0 1 0
    outer loop
      vertex 31.1 2.8999999999999995 11.674315780649914
      vertex 32.97137580848817 2.8999999999999995 11.415779740156157
      vertex 32.58422025984384 2.8999999999999995 11.028624191511827
    endloop
  endfacet
  facet normal 0 1 0
    outer loop
      vertex 31.1 2.8999999999999995 11.674315780649914
      vertex 33.45922025984384 2.8999999999999995 11.664348903516519
      vertex 32.97137580848817 2.8999999999999995 11.415779740156157
    endloop
  endfacet
  facet normal 0 1 0
    outer loop
      vertex 31.1 2.8999999999999995 11.674315780649914
      vertex 34 2.8999999999999995 11.75
      vertex 33.45922025984384 2.8999999999999995 11.664348903516519
    endloop
  endfacet
  facet normal 0 1 0
    outer loop
      vertex 31.1 2.8999999999999995 11.674315780649914
      vertex 34 2.8999999999999995 13.348631561299829
      vertex 34 2.8999999999999995 11.75
    endloop
  endfacet
  facet normal 0 1 0
    outer loop
      vertex 34.54077974015616 2.8999999999999995 11.664348903516519
      vertex 34 2.8999999999999995 11.75
      vertex 34 2.8999999999999995 13.348631561299829
    endloop
  endfacet
  facet normal 0 1 0
    outer loop
      vertex 34.54077974015616 2.8999999999999995 11.664348903516519
      vertex 36.9 2.8999999999999995 11.674315780649914
      vertex 35.02862419151183 2.8999999999999995 11.415779740156157
    endloop
  endfacet
  facet normal 0 1 0
    outer loop
      vertex 35.41577974015616 2.8999999999999995 11.028624191511827
      vertex 35.02862419151183 2.8999999999999995 11.415779740156157
      vertex 36.9 2.8999999999999995 11.674315780649914
    endloop
  endfacet
  facet normal 0 1 0
    outer loop
      vertex 34.54077974015616 2.8999999999999995 11.664348903516519
      vertex 34 2.8999999999999995 13.348631561299829
      vertex 36.9 2.8999999999999995 11.674315780649914
    endloop
  endfacet
  facet normal 0.5000000000000002 0 0.8660254037844387
    outer loop
      vertex 34 2.8999999999999995 6.651368438700171
      vertex 34 5.9753766811902755 6.651368438700171
      vertex 31.1 2.8999999999999995 8.325684219350086
    endloop
  endfacet
  facet normal 1 0 0
    outer loop
      vertex 31.1 2.8999999999999995 8.325684219350086
      vertex 31.1 5.9753766811902755 8.325684219350086
      vertex 31.1 2.8999999999999995 11.674315780649914
    endloop
  endfacet
  facet normal -0.5000000000000002 0 0.8660254037844387
    outer loop
      vertex 34 2.8999999999999995 6.651368438700171
      vertex 36.9 2.8999999999999995 8.325684219350086
      vertex 36.9 5.9753766811902755 8.325684219350086
    endloop
  endfacet
  facet normal -1 0 0
    outer loop
      vertex 36.9 2.8999999999999995 8.325684219350086
      vertex 36.9 2.8999999999999995 11.674315780649914
      vertex 36.9 5.9753766811902755 11.674315780649914
    endloop
  endfacet
  facet normal 0.5000000000000002 0 -0.8660254037844387
    outer loop
      vertex 31.1 2.8999999999999995 11.674315780649914
      vertex 31.1 5.9753766811902755 11.674315780649914
      vertex 34 2.8999999999999995 13.348631561299829
    endloop
  endfacet
  facet normal -0.5000000000000002 -1.7249024109916457e-16 -0.8660254037844387
    outer loop
      vertex 36.9 2.8999999999999995 11.674315780649914
      vertex 34 2.8999999999999995 13.348631561299829
      vertex 34.06194269428429 5.9753766811902755 13.312868930080462
    endloop
  endfacet
  facet normal -0.5000000000000002 0 0.8660254037844387
    outer loop
      vertex 34 2.8999999999999995 6.651368438700171
      vertex 36.9 5.9753766811902755 8.325684219350086
      vertex 34 5.9753766811902755 6.651368438700171
    endloop
  endfacet
  facet normal 0.5000000000000002 0 0.8660254037844387
    outer loop
      vertex 31.1 2.8999999999999995 8.325684219350086
      vertex 34 5.9753766811902755 6.651368438700171
      vertex 31.1 5.9753766811902755 8.325684219350086
    endloop
  endfacet
  facet normal 1 0 0
    outer loop
      vertex 31.1 2.8999999999999995 11.674315780649914
      vertex 31.1 5.9753766811902755 8.325684219350086
      vertex 31.1 5.9753766811902755 11.674315780649914
    endloop
  endfacet
  facet normal -1 0 0
    outer loop
      vertex 36.9 2.8999999999999995 8.325684219350086
      vertex 36.9 5.9753766811902755 11.674315780649914
      vertex 36.9 5.9753766811902755 8.325684219350086
    endloop
  endfacet
  facet normal 0.5 -2.0241781464517009e-16 -0.8660254037844386
    outer loop
      vertex 34 2.8999999999999995 13.348631561299829
      vertex 31.1 5.9753766811902755 11.674315780649914
      vertex 33.93805730571571 5.9753766811902755 13.312868930080462
    endloop
  endfacet
  facet normal -0.5000000000000074 0 -0.8660254037844343
    outer loop
      vertex 34 2.8999999999999995 13.348631561299829
      vertex 34 5.963756697917989 13.348631561299829
      vertex 34.06194269428429 5.9753766811902755 13.312868930080462
    endloop
  endfacet
  facet normal 0.5000000000000074 0 -0.8660254037844343
    outer loop
      vertex 34 2.8999999999999995 13.348631561299829
      vertex 33.93805730571571 5.9753766811902755 13.312868930080462
      vertex 34 5.963756697917989 13.348631561299829
    endloop
  endfacet
  facet normal -0.5 0 -0.8660254037844386
    outer loop
      vertex 36.9 2.8999999999999995 11.674315780649914
      vertex 34.06194269428429 5.9753766811902755 13.312868930080462
      vertex 36.9 5.9753766811902755 11.674315780649914
    endloop
  endfacet
endsolid OpenSCAD_Model
