solid OpenSCAD_Model
  facet normal 0.4817536741017135 0 0.8763066800438645
    outer loop
      vertex -52.832013624085654 -6 15.856556527805823
      vertex -52.832013624085654 6 15.856556527805823
      vertex -53.822441154810974 -6 16.401048670481863
    endloop
  endfacet
  facet normal 0.3681245526846772 0 0.9297764858882517
    outer loop
      vertex -52.832013624085654 -6 15.856556527805823
      vertex -51.78115294937453 -6 15.440491353343619
      vertex -51.78115294937453 6 15.440491353343619
    endloop
  endfacet
  facet normal 0.24868988716485438 0 0.9685831611286312
    outer loop
      vertex -50.68643183127152 -6 15.159414743441802
      vertex -50.68643183127152 6 15.159414743441802
      vertex -51.78115294937453 -6 15.440491353343619
    endloop
  endfacet
  facet normal 0.12533323356430526 0 0.9921147013144778
    outer loop
      vertex -50.68643183127152 -6 15.159414743441802
      vertex -49.56511467576382 -6 15.017759444145556
      vertex -49.56511467576382 6 15.017759444145556
    endloop
  endfacet
  facet normal 0 0 1
    outer loop
      vertex -49.56511467576382 -6 15.017759444145556
      vertex -48.43488532423618 -6 15.017759444145556
      vertex -48.43488532423618 6 15.017759444145556
    endloop
  endfacet
  facet normal -0.12533323356430526 0 0.9921147013144778
    outer loop
      vertex -48.43488532423618 -6 15.017759444145556
      vertex -47.31356816872848 -6 15.159414743441802
      vertex -47.31356816872848 6 15.159414743441802
    endloop
  endfacet
  facet normal -0.24868988716485438 0 0.9685831611286312
    outer loop
      vertex -47.31356816872848 -6 15.159414743441802
      vertex -46.21884705062547 -6 15.440491353343619
      vertex -46.21884705062547 6 15.440491353343619
    endloop
  endfacet
  facet normal -0.3681245526846772 0 0.9297764858882517
    outer loop
      vertex -46.21884705062547 -6 15.440491353343619
      vertex -45.167986375914346 -6 15.856556527805823
      vertex -45.167986375914346 6 15.856556527805823
    endloop
  endfacet
  facet normal -0.48175367410171616 0 0.876306680043863
    outer loop
      vertex -45.167986375914346 -6 15.856556527805823
      vertex -44.17755884518903 -6 16.401048670481863
      vertex -44.17755884518903 6 16.401048670481863
    endloop
  endfacet
  facet normal 0.7705132427757877 0 0.6374239897486916
    outer loop
      vertex -55.5607176467927 -6 17.839076046641804
      vertex -55.5607176467927 6 17.839076046641804
      vertex -56.28115294937453 -6 18.709932729367743
    endloop
  endfacet
  facet normal 0.5877852522924764 0 0.809016994374945
    outer loop
      vertex -54.736815907738205 -6 17.065380815017896
      vertex -53.822441154810974 -6 16.401048670481863
      vertex -53.822441154810974 6 16.401048670481863
    endloop
  endfacet
  facet normal 0.6845471059286888 0 0.7289686274214114
    outer loop
      vertex -55.5607176467927 -6 17.839076046641804
      vertex -54.736815907738205 -6 17.065380815017896
      vertex -54.736815907738205 6 17.065380815017896
    endloop
  endfacet
  facet normal 0.8443279255020169 0 0.5358267949789939
    outer loop
      vertex -56.28115294937453 -6 18.709932729367743
      vertex -56.28115294937453 6 18.709932729367743
      vertex -56.88676012039477 -6 19.66421693308456
    endloop
  endfacet
  facet normal 0.9048270524660192 0 0.4257792915650734
    outer loop
      vertex -56.88676012039477 -6 19.66421693308456
      vertex -56.88676012039477 6 19.66421693308456
      vertex -57.36798837299426 -6 20.6868790258379
    endloop
  endfacet
  facet normal 0.9510565162951523 0 0.3090169943749516
    outer loop
      vertex -57.36798837299426 -6 20.6868790258379
      vertex -57.36798837299426 6 20.6868790258379
      vertex -57.71724845015768 -6 21.761791015516305
    endloop
  endfacet
  facet normal 0.9822872507286897 0 0.18738131458571902
    outer loop
      vertex -57.71724845015768 -6 21.761791015516305
      vertex -57.71724845015768 6 21.761791015516305
      vertex -57.9290323118303 -6 22.872000897921264
    endloop
  endfacet
  facet normal 0.9980267284282714 0 0.0627905195293158
    outer loop
      vertex -57.9290323118303 -6 22.872000897921264
      vertex -57.9290323118303 6 22.872000897921264
      vertex -58 -6 24
    endloop
  endfacet
  facet normal -0.5877852522924725 0 0.8090169943749478
    outer loop
      vertex -44.17755884518903 -6 16.401048670481863
      vertex -43.26318409226179 -6 17.0653808150179
      vertex -43.26318409226179 6 17.0653808150179
    endloop
  endfacet
  facet normal -0.6845471059286903 0 0.72896862742141
    outer loop
      vertex -43.26318409226179 -6 17.0653808150179
      vertex -42.4392823532073 -6 17.839076046641804
      vertex -42.4392823532073 6 17.839076046641804
    endloop
  endfacet
  facet normal -0.7705132427757877 0 0.6374239897486916
    outer loop
      vertex -42.4392823532073 -6 17.839076046641804
      vertex -41.71884705062547 -6 18.709932729367743
      vertex -41.71884705062547 6 18.709932729367743
    endloop
  endfacet
  facet normal -0.8443279255020169 0 0.5358267949789939
    outer loop
      vertex -41.71884705062547 -6 18.709932729367743
      vertex -41.11323987960523 -6 19.66421693308456
      vertex -41.11323987960523 6 19.66421693308456
    endloop
  endfacet
  facet normal -0.9048270524660186 0 0.42577929156507455
    outer loop
      vertex -41.11323987960523 -6 19.66421693308456
      vertex -40.63201162700574 -6 20.686879025837897
      vertex -40.63201162700574 6 20.686879025837897
    endloop
  endfacet
  facet normal -0.9510565162951529 0 0.3090169943749497
    outer loop
      vertex -40.63201162700574 -6 20.686879025837897
      vertex -40.28275154984232 -6 21.76179101551631
      vertex -40.28275154984232 6 21.76179101551631
    endloop
  endfacet
  facet normal -0.9822872507286897 0 0.18738131458571963
    outer loop
      vertex -40.28275154984232 -6 21.76179101551631
      vertex -40.0709676881697 -6 22.872000897921264
      vertex -40.0709676881697 6 22.872000897921264
    endloop
  endfacet
  facet normal -0.9980267284282714 0 0.0627905195293158
    outer loop
      vertex -40.0709676881697 -6 22.872000897921264
      vertex -40 -6 24
      vertex -40 6 24
    endloop
  endfacet
  facet normal 1 0 0
    outer loop
      vertex -58 -6 24
      vertex -58 6 24
      vertex -58 -6 51
    endloop
  endfacet
  facet normal -1 0 0
    outer loop
      vertex -40 -6 24
      vertex -40 -6 51
      vertex -40 6 51
    endloop
  endfacet
  facet normal 0.9980267284282714 0 -0.06279051952931561
    outer loop
      vertex -58 -6 51
      vertex -58 6 51
      vertex -57.9290323118303 -6 52.12799910207874
    endloop
  endfacet
  facet normal 0.9822872507286895 0 -0.1873813145857202
    outer loop
      vertex -57.9290323118303 -6 52.12799910207874
      vertex -57.9290323118303 6 52.12799910207874
      vertex -57.71724845015768 -6 53.23820898448369
    endloop
  endfacet
  facet normal 0.9510565162951529 0 -0.3090169943749497
    outer loop
      vertex -57.71724845015768 -6 53.23820898448369
      vertex -57.71724845015768 6 53.23820898448369
      vertex -57.36798837299426 -6 54.3131209741621
    endloop
  endfacet
  facet normal 0.9048270524660186 0 -0.42577929156507455
    outer loop
      vertex -57.36798837299426 -6 54.3131209741621
      vertex -57.36798837299426 6 54.3131209741621
      vertex -56.88676012039477 -6 55.33578306691544
    endloop
  endfacet
  facet normal 0.8443279255020169 0 -0.5358267949789939
    outer loop
      vertex -56.88676012039477 -6 55.33578306691544
      vertex -56.88676012039477 6 55.33578306691544
      vertex -56.28115294937453 -6 56.29006727063226
    endloop
  endfacet
  facet normal 0.7705132427757864 0 -0.6374239897486931
    outer loop
      vertex -56.28115294937453 -6 56.29006727063226
      vertex -56.28115294937453 6 56.29006727063226
      vertex -55.5607176467927 -6 57.16092395335819
    endloop
  endfacet
  facet normal 0.6845471059286905 0 -0.7289686274214098
    outer loop
      vertex -55.5607176467927 -6 57.16092395335819
      vertex -55.5607176467927 6 57.16092395335819
      vertex -54.736815907738205 -6 57.934619184982104
    endloop
  endfacet
  facet normal 0.5877852522924764 0 -0.809016994374945
    outer loop
      vertex -54.736815907738205 -6 57.934619184982104
      vertex -54.736815907738205 6 57.934619184982104
      vertex -53.822441154810974 -6 58.59895132951814
    endloop
  endfacet
  facet normal -0.9980267284282714 0 -0.06279051952931561
    outer loop
      vertex -40 -6 51
      vertex -40.0709676881697 -6 52.12799910207874
      vertex -40.0709676881697 6 52.12799910207874
    endloop
  endfacet
  facet normal -0.9822872507286895 0 -0.1873813145857202
    outer loop
      vertex -40.0709676881697 -6 52.12799910207874
      vertex -40.28275154984232 -6 53.23820898448369
      vertex -40.28275154984232 6 53.23820898448369
    endloop
  endfacet
  facet normal -0.9510565162951529 0 -0.3090169943749497
    outer loop
      vertex -40.28275154984232 -6 53.23820898448369
      vertex -40.63201162700574 -6 54.3131209741621
      vertex -40.63201162700574 6 54.3131209741621
    endloop
  endfacet
  facet normal -0.9048270524660186 0 -0.42577929156507455
    outer loop
      vertex -40.63201162700574 -6 54.3131209741621
      vertex -41.11323987960523 -6 55.33578306691544
      vertex -41.11323987960523 6 55.33578306691544
    endloop
  endfacet
  facet normal -0.8443279255020169 0 -0.5358267949789939
    outer loop
      vertex -41.71884705062547 -6 56.29006727063226
      vertex -41.71884705062547 6 56.29006727063226
      vertex -41.11323987960523 -6 55.33578306691544
    endloop
  endfacet
  facet normal -0.770513242775789 0 -0.6374239897486901
    outer loop
      vertex -41.71884705062547 -6 56.29006727063226
      vertex -42.4392823532073 -6 57.1609239533582
      vertex -42.4392823532073 6 57.1609239533582
    endloop
  endfacet
  facet normal 0.48175367410171477 0 -0.8763066800438639
    outer loop
      vertex -53.822441154810974 -6 58.59895132951814
      vertex -53.822441154810974 6 58.59895132951814
      vertex -52.832013624085654 -6 59.14344347219418
    endloop
  endfacet
  facet normal 0.3681245526846772 0 -0.9297764858882517
    outer loop
      vertex -52.832013624085654 -6 59.14344347219418
      vertex -52.832013624085654 6 59.14344347219418
      vertex -51.78115294937453 -6 59.55950864665638
    endloop
  endfacet
  facet normal 0.24868988716485438 0 -0.9685831611286312
    outer loop
      vertex -51.78115294937453 -6 59.55950864665638
      vertex -51.78115294937453 6 59.55950864665638
      vertex -50.68643183127152 -6 59.8405852565582
    endloop
  endfacet
  facet normal 0.12533323356430526 0 -0.9921147013144778
    outer loop
      vertex -50.68643183127152 -6 59.8405852565582
      vertex -50.68643183127152 6 59.8405852565582
      vertex -49.56511467576382 -6 59.982240555854446
    endloop
  endfacet
  facet normal 0 0 -1
    outer loop
      vertex -49.56511467576382 -6 59.982240555854446
      vertex -49.56511467576382 6 59.982240555854446
      vertex -48.43488532423618 -6 59.982240555854446
    endloop
  endfacet
  facet normal -0.12533323356430526 0 -0.9921147013144778
    outer loop
      vertex -48.43488532423618 -6 59.982240555854446
      vertex -48.43488532423618 6 59.982240555854446
      vertex -47.31356816872848 -6 59.8405852565582
    endloop
  endfacet
  facet normal -0.24868988716485438 0 -0.9685831611286312
    outer loop
      vertex -47.31356816872848 -6 59.8405852565582
      vertex -47.31356816872848 6 59.8405852565582
      vertex -46.21884705062547 -6 59.55950864665638
    endloop
  endfacet
  facet normal -0.4817536741017173 0 -0.8763066800438624
    outer loop
      vertex -44.17755884518903 -6 58.59895132951814
      vertex -45.167986375914346 -6 59.14344347219418
      vertex -45.167986375914346 6 59.14344347219418
    endloop
  endfacet
  facet normal -0.6845471059286872 0 -0.7289686274214129
    outer loop
      vertex -43.263184092261795 -6 57.934619184982104
      vertex -43.263184092261795 6 57.934619184982104
      vertex -42.4392823532073 -6 57.1609239533582
    endloop
  endfacet
  facet normal -0.5877852522924734 0 -0.8090169943749471
    outer loop
      vertex -43.263184092261795 -6 57.934619184982104
      vertex -44.17755884518903 -6 58.59895132951814
      vertex -44.17755884518903 6 58.59895132951814
    endloop
  endfacet
  facet normal -0.3681245526846772 0 -0.9297764858882517
    outer loop
      vertex -46.21884705062547 -6 59.55950864665638
      vertex -46.21884705062547 6 59.55950864665638
      vertex -45.167986375914346 -6 59.14344347219418
    endloop
  endfacet
  facet normal 0.4817536741017135 0 0.8763066800438645
    outer loop
      vertex -53.822441154810974 -6 16.401048670481863
      vertex -52.832013624085654 6 15.856556527805823
      vertex -53.822441154810974 6 16.401048670481863
    endloop
  endfacet
  facet normal 0.3681245526846772 0 0.9297764858882517
    outer loop
      vertex -52.832013624085654 -6 15.856556527805823
      vertex -51.78115294937453 6 15.440491353343619
      vertex -52.832013624085654 6 15.856556527805823
    endloop
  endfacet
  facet normal 0.12533323356430526 0 0.9921147013144778
    outer loop
      vertex -50.68643183127152 -6 15.159414743441802
      vertex -49.56511467576382 6 15.017759444145556
      vertex -50.68643183127152 6 15.159414743441802
    endloop
  endfacet
  facet normal 0.24868988716485438 0 0.9685831611286312
    outer loop
      vertex -51.78115294937453 -6 15.440491353343619
      vertex -50.68643183127152 6 15.159414743441802
      vertex -51.78115294937453 6 15.440491353343619
    endloop
  endfacet
  facet normal 0 0 1
    outer loop
      vertex -49.56511467576382 -6 15.017759444145556
      vertex -48.43488532423618 6 15.017759444145556
      vertex -49.56511467576382 6 15.017759444145556
    endloop
  endfacet
  facet normal -0.12533323356430526 0 0.9921147013144778
    outer loop
      vertex -48.43488532423618 -6 15.017759444145556
      vertex -47.31356816872848 6 15.159414743441802
      vertex -48.43488532423618 6 15.017759444145556
    endloop
  endfacet
  facet normal -0.24868988716485438 0 0.9685831611286312
    outer loop
      vertex -47.31356816872848 -6 15.159414743441802
      vertex -46.21884705062547 6 15.440491353343619
      vertex -47.31356816872848 6 15.159414743441802
    endloop
  endfacet
  facet normal -0.3681245526846772 0 0.9297764858882517
    outer loop
      vertex -46.21884705062547 -6 15.440491353343619
      vertex -45.167986375914346 6 15.856556527805823
      vertex -46.21884705062547 6 15.440491353343619
    endloop
  endfacet
  facet normal -0.48175367410171616 0 0.876306680043863
    outer loop
      vertex -45.167986375914346 -6 15.856556527805823
      vertex -44.17755884518903 6 16.401048670481863
      vertex -45.167986375914346 6 15.856556527805823
    endloop
  endfacet
  facet normal 0.5877852522924764 0 0.809016994374945
    outer loop
      vertex -54.736815907738205 -6 17.065380815017896
      vertex -53.822441154810974 6 16.401048670481863
      vertex -54.736815907738205 6 17.065380815017896
    endloop
  endfacet
  facet normal 0.6845471059286888 0 0.7289686274214114
    outer loop
      vertex -55.5607176467927 -6 17.839076046641804
      vertex -54.736815907738205 6 17.065380815017896
      vertex -55.5607176467927 6 17.839076046641804
    endloop
  endfacet
  facet normal 0.8443279255020169 0 0.5358267949789939
    outer loop
      vertex -56.88676012039477 -6 19.66421693308456
      vertex -56.28115294937453 6 18.709932729367743
      vertex -56.88676012039477 6 19.66421693308456
    endloop
  endfacet
  facet normal 0.7705132427757877 0 0.6374239897486916
    outer loop
      vertex -56.28115294937453 -6 18.709932729367743
      vertex -55.5607176467927 6 17.839076046641804
      vertex -56.28115294937453 6 18.709932729367743
    endloop
  endfacet
  facet normal 0.9048270524660192 0 0.4257792915650734
    outer loop
      vertex -57.36798837299426 -6 20.6868790258379
      vertex -56.88676012039477 6 19.66421693308456
      vertex -57.36798837299426 6 20.6868790258379
    endloop
  endfacet
  facet normal 0.9510565162951523 0 0.3090169943749516
    outer loop
      vertex -57.71724845015768 -6 21.761791015516305
      vertex -57.36798837299426 6 20.6868790258379
      vertex -57.71724845015768 6 21.761791015516305
    endloop
  endfacet
  facet normal 0.9822872507286897 0 0.18738131458571902
    outer loop
      vertex -57.9290323118303 -6 22.872000897921264
      vertex -57.71724845015768 6 21.761791015516305
      vertex -57.9290323118303 6 22.872000897921264
    endloop
  endfacet
  facet normal 0.9980267284282714 0 0.0627905195293158
    outer loop
      vertex -58 -6 24
      vertex -57.9290323118303 6 22.872000897921264
      vertex -58 6 24
    endloop
  endfacet
  facet normal -0.5877852522924725 0 0.8090169943749478
    outer loop
      vertex -44.17755884518903 -6 16.401048670481863
      vertex -43.26318409226179 6 17.0653808150179
      vertex -44.17755884518903 6 16.401048670481863
    endloop
  endfacet
  facet normal -0.6845471059286903 0 0.72896862742141
    outer loop
      vertex -43.26318409226179 -6 17.0653808150179
      vertex -42.4392823532073 6 17.839076046641804
      vertex -43.26318409226179 6 17.0653808150179
    endloop
  endfacet
  facet normal -0.7705132427757877 0 0.6374239897486916
    outer loop
      vertex -42.4392823532073 -6 17.839076046641804
      vertex -41.71884705062547 6 18.709932729367743
      vertex -42.4392823532073 6 17.839076046641804
    endloop
  endfacet
  facet normal -0.8443279255020169 0 0.5358267949789939
    outer loop
      vertex -41.71884705062547 -6 18.709932729367743
      vertex -41.11323987960523 6 19.66421693308456
      vertex -41.71884705062547 6 18.709932729367743
    endloop
  endfacet
  facet normal -0.9048270524660186 0 0.42577929156507455
    outer loop
      vertex -41.11323987960523 -6 19.66421693308456
      vertex -40.63201162700574 6 20.686879025837897
      vertex -41.11323987960523 6 19.66421693308456
    endloop
  endfacet
  facet normal -0.9510565162951529 0 0.3090169943749497
    outer loop
      vertex -40.63201162700574 -6 20.686879025837897
      vertex -40.28275154984232 6 21.76179101551631
      vertex -40.63201162700574 6 20.686879025837897
    endloop
  endfacet
  facet normal -0.9822872507286897 0 0.18738131458571963
    outer loop
      vertex -40.28275154984232 -6 21.76179101551631
      vertex -40.0709676881697 6 22.872000897921264
      vertex -40.28275154984232 6 21.76179101551631
    endloop
  endfacet
  facet normal -0.9980267284282714 0 0.0627905195293158
    outer loop
      vertex -40.0709676881697 -6 22.872000897921264
      vertex -40 6 24
      vertex -40.0709676881697 6 22.872000897921264
    endloop
  endfacet
  facet normal 1 0 0
    outer loop
      vertex -58 -6 51
      vertex -58 6 24
      vertex -58 6 51
    endloop
  endfacet
  facet normal -1 0 0
    outer loop
      vertex -40 -6 24
      vertex -40 6 51
      vertex -40 6 24
    endloop
  endfacet
  facet normal 0.9980267284282714 0 -0.06279051952931561
    outer loop
      vertex -57.9290323118303 -6 52.12799910207874
      vertex -58 6 51
      vertex -57.9290323118303 6 52.12799910207874
    endloop
  endfacet
  facet normal 0.9822872507286895 0 -0.1873813145857202
    outer loop
      vertex -57.71724845015768 -6 53.23820898448369
      vertex -57.9290323118303 6 52.12799910207874
      vertex -57.71724845015768 6 53.23820898448369
    endloop
  endfacet
  facet normal 0.9510565162951529 0 -0.3090169943749497
    outer loop
      vertex -57.36798837299426 -6 54.3131209741621
      vertex -57.71724845015768 6 53.23820898448369
      vertex -57.36798837299426 6 54.3131209741621
    endloop
  endfacet
  facet normal 0.9048270524660186 0 -0.42577929156507455
    outer loop
      vertex -56.88676012039477 -6 55.33578306691544
      vertex -57.36798837299426 6 54.3131209741621
      vertex -56.88676012039477 6 55.33578306691544
    endloop
  endfacet
  facet normal 0.8443279255020169 0 -0.5358267949789939
    outer loop
      vertex -56.28115294937453 -6 56.29006727063226
      vertex -56.88676012039477 6 55.33578306691544
      vertex -56.28115294937453 6 56.29006727063226
    endloop
  endfacet
  facet normal 0.7705132427757864 0 -0.6374239897486931
    outer loop
      vertex -55.5607176467927 -6 57.16092395335819
      vertex -56.28115294937453 6 56.29006727063226
      vertex -55.5607176467927 6 57.16092395335819
    endloop
  endfacet
  facet normal 0.6845471059286905 0 -0.7289686274214098
    outer loop
      vertex -54.736815907738205 -6 57.934619184982104
      vertex -55.5607176467927 6 57.16092395335819
      vertex -54.736815907738205 6 57.934619184982104
    endloop
  endfacet
  facet normal 0.5877852522924764 0 -0.809016994374945
    outer loop
      vertex -53.822441154810974 -6 58.59895132951814
      vertex -54.736815907738205 6 57.934619184982104
      vertex -53.822441154810974 6 58.59895132951814
    endloop
  endfacet
  facet normal -0.9980267284282714 0 -0.06279051952931561
    outer loop
      vertex -40 -6 51
      vertex -40.0709676881697 6 52.12799910207874
      vertex -40 6 51
    endloop
  endfacet
  facet normal -0.9822872507286895 0 -0.1873813145857202
    outer loop
      vertex -40.0709676881697 -6 52.12799910207874
      vertex -40.28275154984232 6 53.23820898448369
      vertex -40.0709676881697 6 52.12799910207874
    endloop
  endfacet
  facet normal -0.9510565162951529 0 -0.3090169943749497
    outer loop
      vertex -40.28275154984232 -6 53.23820898448369
      vertex -40.63201162700574 6 54.3131209741621
      vertex -40.28275154984232 6 53.23820898448369
    endloop
  endfacet
  facet normal -0.9048270524660186 0 -0.42577929156507455
    outer loop
      vertex -40.63201162700574 -6 54.3131209741621
      vertex -41.11323987960523 6 55.33578306691544
      vertex -40.63201162700574 6 54.3131209741621
    endloop
  endfacet
  facet normal -0.8443279255020169 0 -0.5358267949789939
    outer loop
      vertex -41.11323987960523 -6 55.33578306691544
      vertex -41.71884705062547 6 56.29006727063226
      vertex -41.11323987960523 6 55.33578306691544
    endloop
  endfacet
  facet normal -0.770513242775789 0 -0.6374239897486901
    outer loop
      vertex -41.71884705062547 -6 56.29006727063226
      vertex -42.4392823532073 6 57.1609239533582
      vertex -41.71884705062547 6 56.29006727063226
    endloop
  endfacet
  facet normal 0.48175367410171477 0 -0.8763066800438639
    outer loop
      vertex -52.832013624085654 -6 59.14344347219418
      vertex -53.822441154810974 6 58.59895132951814
      vertex -52.832013624085654 6 59.14344347219418
    endloop
  endfacet
  facet normal 0.3681245526846772 0 -0.9297764858882517
    outer loop
      vertex -51.78115294937453 -6 59.55950864665638
      vertex -52.832013624085654 6 59.14344347219418
      vertex -51.78115294937453 6 59.55950864665638
    endloop
  endfacet
  facet normal 0.24868988716485438 0 -0.9685831611286312
    outer loop
      vertex -50.68643183127152 -6 59.8405852565582
      vertex -51.78115294937453 6 59.55950864665638
      vertex -50.68643183127152 6 59.8405852565582
    endloop
  endfacet
  facet normal 0.12533323356430526 0 -0.9921147013144778
    outer loop
      vertex -49.56511467576382 -6 59.982240555854446
      vertex -50.68643183127152 6 59.8405852565582
      vertex -49.56511467576382 6 59.982240555854446
    endloop
  endfacet
  facet normal 0 0 -1
    outer loop
      vertex -48.43488532423618 -6 59.982240555854446
      vertex -49.56511467576382 6 59.982240555854446
      vertex -48.43488532423618 6 59.982240555854446
    endloop
  endfacet
  facet normal -0.12533323356430526 0 -0.9921147013144778
    outer loop
      vertex -47.31356816872848 -6 59.8405852565582
      vertex -48.43488532423618 6 59.982240555854446
      vertex -47.31356816872848 6 59.8405852565582
    endloop
  endfacet
  facet normal -0.24868988716485438 0 -0.9685831611286312
    outer loop
      vertex -46.21884705062547 -6 59.55950864665638
      vertex -47.31356816872848 6 59.8405852565582
      vertex -46.21884705062547 6 59.55950864665638
    endloop
  endfacet
  facet normal -0.4817536741017173 0 -0.8763066800438624
    outer loop
      vertex -44.17755884518903 -6 58.59895132951814
      vertex -45.167986375914346 6 59.14344347219418
      vertex -44.17755884518903 6 58.59895132951814
    endloop
  endfacet
  facet normal -0.5877852522924734 0 -0.8090169943749471
    outer loop
      vertex -43.263184092261795 -6 57.934619184982104
      vertex -44.17755884518903 6 58.59895132951814
      vertex -43.263184092261795 6 57.934619184982104
    endloop
  endfacet
  facet normal -0.3681245526846772 0 -0.9297764858882517
    outer loop
      vertex -45.167986375914346 -6 59.14344347219418
      vertex -46.21884705062547 6 59.55950864665638
      vertex -45.167986375914346 6 59.14344347219418
    endloop
  endfacet
  facet normal -0.6845471059286872 0 -0.7289686274214129
    outer loop
      vertex -42.4392823532073 -6 57.1609239533582
      vertex -43.263184092261795 6 57.934619184982104
      vertex -42.4392823532073 6 57.1609239533582
    endloop
  endfacet
  facet normal 0 -1 0
    outer loop
      vertex -68 -6 12
      vertex -55.5607176467927 -6 17.839076046641804
      vertex -56.28115294937453 -6 18.709932729367743
    endloop
  endfacet
  facet normal 0 -1 0
    outer loop
      vertex -68 -6 12
      vertex -54.736815907738205 -6 17.065380815017896
      vertex -55.5607176467927 -6 17.839076046641804
    endloop
  endfacet
  facet normal 0 -1 0
    outer loop
      vertex -68 -6 12
      vertex -52.832013624085654 -6 15.856556527805823
      vertex -53.822441154810974 -6 16.401048670481863
    endloop
  endfacet
  facet normal 0 -1 0
    outer loop
      vertex -68 -6 12
      vertex -53.822441154810974 -6 16.401048670481863
      vertex -54.736815907738205 -6 17.065380815017896
    endloop
  endfacet
  facet normal 0 -1 0
    outer loop
      vertex -68 -6 12
      vertex -51.78115294937453 -6 15.440491353343619
      vertex -52.832013624085654 -6 15.856556527805823
    endloop
  endfacet
  facet normal 0 -1 0
    outer loop
      vertex -68 -6 12
      vertex -50.68643183127152 -6 15.159414743441802
      vertex -51.78115294937453 -6 15.440491353343619
    endloop
  endfacet
  facet normal 0 -1 0
    outer loop
      vertex -68 -6 12
      vertex -49.56511467576382 -6 15.017759444145556
      vertex -50.68643183127152 -6 15.159414743441802
    endloop
  endfacet
  facet normal 0 -1 0
    outer loop
      vertex -68 -6 12
      vertex -48.43488532423618 -6 15.017759444145556
      vertex -49.56511467576382 -6 15.017759444145556
    endloop
  endfacet
  facet normal 0 -1 0
    outer loop
      vertex -68 -6 12
      vertex -47.31356816872848 -6 15.159414743441802
      vertex -48.43488532423618 -6 15.017759444145556
    endloop
  endfacet
  facet normal 0 -1 0
    outer loop
      vertex -68 -6 12
      vertex -30 -6 12
      vertex -47.31356816872848 -6 15.159414743441802
    endloop
  endfacet
  facet normal 0 -1 0
    outer loop
      vertex -47.31356816872848 -6 15.159414743441802
      vertex -30 -6 12
      vertex -46.21884705062547 -6 15.440491353343619
    endloop
  endfacet
  facet normal 0 -1 0
    outer loop
      vertex -46.21884705062547 -6 15.440491353343619
      vertex -30 -6 12
      vertex -45.167986375914346 -6 15.856556527805823
    endloop
  endfacet
  facet normal 0 -1 0
    outer loop
      vertex -45.167986375914346 -6 15.856556527805823
      vertex -30 -6 12
      vertex -44.17755884518903 -6 16.401048670481863
    endloop
  endfacet
  facet normal 0 0 -1
    outer loop
      vertex -68 -6 12
      vertex -30 6 12
      vertex -30 -6 12
    endloop
  endfacet
  facet normal 0 -1 0
    outer loop
      vertex -68 -6 12
      vertex -57.36798837299426 -6 20.6868790258379
      vertex -57.71724845015768 -6 21.761791015516305
    endloop
  endfacet
  facet normal 0 -1 0
    outer loop
      vertex -68 -6 12
      vertex -57.71724845015768 -6 21.761791015516305
      vertex -57.9290323118303 -6 22.872000897921264
    endloop
  endfacet
  facet normal 0 -1 0
    outer loop
      vertex -68 -6 12
      vertex -57.9290323118303 -6 22.872000897921264
      vertex -58 -6 24
    endloop
  endfacet
  facet normal 0 -1 0
    outer loop
      vertex -68 -6 12
      vertex -56.28115294937453 -6 18.709932729367743
      vertex -56.88676012039477 -6 19.66421693308456
    endloop
  endfacet
  facet normal 0 -1 0
    outer loop
      vertex -68 -6 12
      vertex -56.88676012039477 -6 19.66421693308456
      vertex -57.36798837299426 -6 20.6868790258379
    endloop
  endfacet
  facet normal 0 -1 0
    outer loop
      vertex -68 -6 12
      vertex -58 -6 24
      vertex -58 -6 51
    endloop
  endfacet
  facet normal 0 -1 0
    outer loop
      vertex -44.17755884518903 -6 16.401048670481863
      vertex -30 -6 12
      vertex -43.26318409226179 -6 17.0653808150179
    endloop
  endfacet
  facet normal 0 -1 0
    outer loop
      vertex -43.26318409226179 -6 17.0653808150179
      vertex -30 -6 12
      vertex -42.4392823532073 -6 17.839076046641804
    endloop
  endfacet
  facet normal 0 -1 0
    outer loop
      vertex -42.4392823532073 -6 17.839076046641804
      vertex -30 -6 12
      vertex -41.71884705062547 -6 18.709932729367743
    endloop
  endfacet
  facet normal 0 -1 0
    outer loop
      vertex -41.71884705062547 -6 18.709932729367743
      vertex -30 -6 12
      vertex -41.11323987960523 -6 19.66421693308456
    endloop
  endfacet
  facet normal 0 -1 0
    outer loop
      vertex -41.11323987960523 -6 19.66421693308456
      vertex -30 -6 12
      vertex -40.63201162700574 -6 20.686879025837897
    endloop
  endfacet
  facet normal 0 -1 0
    outer loop
      vertex -40.63201162700574 -6 20.686879025837897
      vertex -30 -6 12
      vertex -40.28275154984232 -6 21.76179101551631
    endloop
  endfacet
  facet normal 0 -1 0
    outer loop
      vertex -40.28275154984232 -6 21.76179101551631
      vertex -30 -6 12
      vertex -40.0709676881697 -6 22.872000897921264
    endloop
  endfacet
  facet normal 0 -1 0
    outer loop
      vertex -40.0709676881697 -6 22.872000897921264
      vertex -30 -6 12
      vertex -40 -6 24
    endloop
  endfacet
  facet normal 0 -1 0
    outer loop
      vertex -40 -6 24
      vertex -30 -6 12
      vertex -30 -6 43.811629217801354
    endloop
  endfacet
  facet normal 1 0 0
    outer loop
      vertex -30 -6 12
      vertex -30 -1.8874400176094899 42.35200244036148
      vertex -30 -3.7898813533832394 42.834259180750934
    endloop
  endfacet
  facet normal 1 0 0
    outer loop
      vertex -30 -6 12
      vertex -30 0 42.19230769230769
      vertex -30 -1.8874400176094899 42.35200244036148
    endloop
  endfacet
  facet normal 0 -1 0
    outer loop
      vertex -68 -6 12
      vertex -58 -6 51
      vertex -68 -6 63
    endloop
  endfacet
  facet normal -1 0 0
    outer loop
      vertex -68 -6 12
      vertex -68 -6 63
      vertex -68 6 63
    endloop
  endfacet
  facet normal 0 -1 0
    outer loop
      vertex -58 -6 51
      vertex -57.9290323118303 -6 52.12799910207874
      vertex -68 -6 63
    endloop
  endfacet
  facet normal 0 -1 0
    outer loop
      vertex -57.9290323118303 -6 52.12799910207874
      vertex -57.71724845015768 -6 53.23820898448369
      vertex -68 -6 63
    endloop
  endfacet
  facet normal 0 -1 0
    outer loop
      vertex -57.71724845015768 -6 53.23820898448369
      vertex -57.36798837299426 -6 54.3131209741621
      vertex -68 -6 63
    endloop
  endfacet
  facet normal 0 -1 0
    outer loop
      vertex -57.36798837299426 -6 54.3131209741621
      vertex -56.88676012039477 -6 55.33578306691544
      vertex -68 -6 63
    endloop
  endfacet
  facet normal 0 -1 0
    outer loop
      vertex -56.88676012039477 -6 55.33578306691544
      vertex -56.28115294937453 -6 56.29006727063226
      vertex -68 -6 63
    endloop
  endfacet
  facet normal 0 -1 0
    outer loop
      vertex -56.28115294937453 -6 56.29006727063226
      vertex -55.5607176467927 -6 57.16092395335819
      vertex -68 -6 63
    endloop
  endfacet
  facet normal 0 -1 0
    outer loop
      vertex -68 -6 63
      vertex -55.5607176467927 -6 57.16092395335819
      vertex -54.736815907738205 -6 57.934619184982104
    endloop
  endfacet
  facet normal 0 -1 0
    outer loop
      vertex -68 -6 63
      vertex -54.736815907738205 -6 57.934619184982104
      vertex -53.822441154810974 -6 58.59895132951814
    endloop
  endfacet
  facet normal 0 -1 0
    outer loop
      vertex -68 -6 63
      vertex -53.822441154810974 -6 58.59895132951814
      vertex -52.832013624085654 -6 59.14344347219418
    endloop
  endfacet
  facet normal 0 -1 0
    outer loop
      vertex -68 -6 63
      vertex -52.832013624085654 -6 59.14344347219418
      vertex -51.78115294937453 -6 59.55950864665638
    endloop
  endfacet
  facet normal 0 -1 0
    outer loop
      vertex -68 -6 63
      vertex -51.78115294937453 -6 59.55950864665638
      vertex -50.68643183127152 -6 59.8405852565582
    endloop
  endfacet
  facet normal 0 0 1
    outer loop
      vertex -68 -6 63
      vertex -34.36729054234797 -6 63
      vertex -68 6 63
    endloop
  endfacet
  facet normal 0 -1 0
    outer loop
      vertex -68 -6 63
      vertex -50.68643183127152 -6 59.8405852565582
      vertex -34.36729054234797 -6 63
    endloop
  endfacet
  facet normal 0 -1 0
    outer loop
      vertex -50.68643183127152 -6 59.8405852565582
      vertex -49.56511467576382 -6 59.982240555854446
      vertex -34.36729054234797 -6 63
    endloop
  endfacet
  facet normal 0 -1 0
    outer loop
      vertex -49.56511467576382 -6 59.982240555854446
      vertex -48.43488532423618 -6 59.982240555854446
      vertex -34.36729054234797 -6 63
    endloop
  endfacet
  facet normal 0 -1 0
    outer loop
      vertex -48.43488532423618 -6 59.982240555854446
      vertex -47.31356816872848 -6 59.8405852565582
      vertex -34.36729054234797 -6 63
    endloop
  endfacet
  facet normal 0 -1 0
    outer loop
      vertex -41.71884705062547 -6 56.29006727063226
      vertex -34.36729054234797 -6 63
      vertex -42.4392823532073 -6 57.1609239533582
    endloop
  endfacet
  facet normal 0 -1 0
    outer loop
      vertex -47.31356816872848 -6 59.8405852565582
      vertex -46.21884705062547 -6 59.55950864665638
      vertex -34.36729054234797 -6 63
    endloop
  endfacet
  facet normal 0 -1 0
    outer loop
      vertex -46.21884705062547 -6 59.55950864665638
      vertex -45.167986375914346 -6 59.14344347219418
      vertex -34.36729054234797 -6 63
    endloop
  endfacet
  facet normal 0 -1 0
    outer loop
      vertex -44.17755884518903 -6 58.59895132951814
      vertex -34.36729054234797 -6 63
      vertex -45.167986375914346 -6 59.14344347219418
    endloop
  endfacet
  facet normal 0 -1 0
    outer loop
      vertex -43.263184092261795 -6 57.934619184982104
      vertex -34.36729054234797 -6 63
      vertex -44.17755884518903 -6 58.59895132951814
    endloop
  endfacet
  facet normal 0 -1 0
    outer loop
      vertex -43.263184092261795 -6 57.934619184982104
      vertex -42.4392823532073 -6 57.1609239533582
      vertex -34.36729054234797 -6 63
    endloop
  endfacet
  facet normal 0 0 1
    outer loop
      vertex -34.36729054234797 -6 63
      vertex -34.62480307587528 -4.374129851394212 63
      vertex -68 6 63
    endloop
  endfacet
  facet normal 0 0 1
    outer loop
      vertex -34.62480307587528 -4.374129851394212 63
      vertex -36 -2.2 63
      vertex -68 6 63
    endloop
  endfacet
  facet normal 0 -1 0
    outer loop
      vertex -40 -6 24
      vertex -30 -6 43.811629217801354
      vertex -31.453101486679024 -6 47.63149204472425
    endloop
  endfacet
  facet normal 0 -1 0
    outer loop
      vertex -40 -6 24
      vertex -31.453101486679024 -6 47.63149204472425
      vertex -32.343359471614725 -6 50
    endloop
  endfacet
  facet normal 1 0 0
    outer loop
      vertex -30 -6 12
      vertex -30 -5.722806066557009 43.64875043081497
      vertex -30 -6 43.811629217801354
    endloop
  endfacet
  facet normal 1 0 0
    outer loop
      vertex -30 -6 12
      vertex -30 -3.7898813533832394 42.834259180750934
      vertex -30 -5.722806066557009 43.64875043081497
    endloop
  endfacet
  facet normal 0 -1 0
    outer loop
      vertex -40 -6 24
      vertex -34.36729054234797 -6 52
      vertex -40 -6 51
    endloop
  endfacet
  facet normal 0 -1 0
    outer loop
      vertex -40 -6 24
      vertex -32.343359471614725 -6 50
      vertex -34.36729054234797 -6 52
    endloop
  endfacet
  facet normal 0 -1 0
    outer loop
      vertex -40 -6 51
      vertex -34.36729054234797 -6 52
      vertex -40.0709676881697 -6 52.12799910207874
    endloop
  endfacet
  facet normal 0 -1 0
    outer loop
      vertex -40.0709676881697 -6 52.12799910207874
      vertex -34.36729054234797 -6 63
      vertex -40.28275154984232 -6 53.23820898448369
    endloop
  endfacet
  facet normal 0 -1 0
    outer loop
      vertex -40.28275154984232 -6 53.23820898448369
      vertex -34.36729054234797 -6 63
      vertex -40.63201162700574 -6 54.3131209741621
    endloop
  endfacet
  facet normal 0 -1 0
    outer loop
      vertex -40.0709676881697 -6 52.12799910207874
      vertex -34.36729054234797 -6 52
      vertex -34.36729054234797 -6 63
    endloop
  endfacet
  facet normal 0 -1 0
    outer loop
      vertex -40.63201162700574 -6 54.3131209741621
      vertex -34.36729054234797 -6 63
      vertex -41.11323987960523 -6 55.33578306691544
    endloop
  endfacet
  facet normal 0 -1 0
    outer loop
      vertex -41.71884705062547 -6 56.29006727063226
      vertex -41.11323987960523 -6 55.33578306691544
      vertex -34.36729054234797 -6 63
    endloop
  endfacet
  facet normal 0 0 1
    outer loop
      vertex -34.62480307587528 -4.374129851394212 63
      vertex -34.83031885542971 -2.2 63
      vertex -36 -2.2 63
    endloop
  endfacet
  facet normal 0 0 -1
    outer loop
      vertex -68 -6 12
      vertex -68 6 12
      vertex -30 6 12
    endloop
  endfacet
  facet normal 0 1 0
    outer loop
      vertex -68 6 12
      vertex -56.28115294937453 6 18.709932729367743
      vertex -55.5607176467927 6 17.839076046641804
    endloop
  endfacet
  facet normal 0 1 0
    outer loop
      vertex -68 6 12
      vertex -55.5607176467927 6 17.839076046641804
      vertex -54.736815907738205 6 17.065380815017896
    endloop
  endfacet
  facet normal 0 1 0
    outer loop
      vertex -68 6 12
      vertex -53.822441154810974 6 16.401048670481863
      vertex -52.832013624085654 6 15.856556527805823
    endloop
  endfacet
  facet normal 0 1 0
    outer loop
      vertex -68 6 12
      vertex -54.736815907738205 6 17.065380815017896
      vertex -53.822441154810974 6 16.401048670481863
    endloop
  endfacet
  facet normal 0 1 0
    outer loop
      vertex -68 6 12
      vertex -52.832013624085654 6 15.856556527805823
      vertex -51.78115294937453 6 15.440491353343619
    endloop
  endfacet
  facet normal 0 1 0
    outer loop
      vertex -68 6 12
      vertex -51.78115294937453 6 15.440491353343619
      vertex -50.68643183127152 6 15.159414743441802
    endloop
  endfacet
  facet normal 0 1 0
    outer loop
      vertex -68 6 12
      vertex -50.68643183127152 6 15.159414743441802
      vertex -30 6 12
    endloop
  endfacet
  facet normal 0 1 0
    outer loop
      vertex -50.68643183127152 6 15.159414743441802
      vertex -49.56511467576382 6 15.017759444145556
      vertex -30 6 12
    endloop
  endfacet
  facet normal 0 1 0
    outer loop
      vertex -49.56511467576382 6 15.017759444145556
      vertex -48.43488532423618 6 15.017759444145556
      vertex -30 6 12
    endloop
  endfacet
  facet normal 0 1 0
    outer loop
      vertex -48.43488532423618 6 15.017759444145556
      vertex -47.31356816872848 6 15.159414743441802
      vertex -30 6 12
    endloop
  endfacet
  facet normal 0 1 0
    outer loop
      vertex -47.31356816872848 6 15.159414743441802
      vertex -46.21884705062547 6 15.440491353343619
      vertex -30 6 12
    endloop
  endfacet
  facet normal 0 1 0
    outer loop
      vertex -46.21884705062547 6 15.440491353343619
      vertex -45.167986375914346 6 15.856556527805823
      vertex -30 6 12
    endloop
  endfacet
  facet normal 0 1 0
    outer loop
      vertex -45.167986375914346 6 15.856556527805823
      vertex -44.17755884518903 6 16.401048670481863
      vertex -30 6 12
    endloop
  endfacet
  facet normal 0 1 0
    outer loop
      vertex -68 6 12
      vertex -57.71724845015768 6 21.761791015516305
      vertex -57.36798837299426 6 20.6868790258379
    endloop
  endfacet
  facet normal 0 1 0
    outer loop
      vertex -68 6 12
      vertex -57.9290323118303 6 22.872000897921264
      vertex -57.71724845015768 6 21.761791015516305
    endloop
  endfacet
  facet normal 0 1 0
    outer loop
      vertex -68 6 12
      vertex -58 6 24
      vertex -57.9290323118303 6 22.872000897921264
    endloop
  endfacet
  facet normal 0 1 0
    outer loop
      vertex -68 6 12
      vertex -56.88676012039477 6 19.66421693308456
      vertex -56.28115294937453 6 18.709932729367743
    endloop
  endfacet
  facet normal 0 1 0
    outer loop
      vertex -68 6 12
      vertex -57.36798837299426 6 20.6868790258379
      vertex -56.88676012039477 6 19.66421693308456
    endloop
  endfacet
  facet normal -1 0 0
    outer loop
      vertex -68 -6 12
      vertex -68 6 63
      vertex -68 6 12
    endloop
  endfacet
  facet normal 0 1 0
    outer loop
      vertex -44.17755884518903 6 16.401048670481863
      vertex -43.26318409226179 6 17.0653808150179
      vertex -30 6 12
    endloop
  endfacet
  facet normal 0 1 0
    outer loop
      vertex -43.26318409226179 6 17.0653808150179
      vertex -42.4392823532073 6 17.839076046641804
      vertex -30 6 12
    endloop
  endfacet
  facet normal 0 1 0
    outer loop
      vertex -42.4392823532073 6 17.839076046641804
      vertex -41.71884705062547 6 18.709932729367743
      vertex -30 6 12
    endloop
  endfacet
  facet normal 0 1 0
    outer loop
      vertex -41.71884705062547 6 18.709932729367743
      vertex -41.11323987960523 6 19.66421693308456
      vertex -30 6 12
    endloop
  endfacet
  facet normal 0 1 0
    outer loop
      vertex -41.11323987960523 6 19.66421693308456
      vertex -40.63201162700574 6 20.686879025837897
      vertex -30 6 12
    endloop
  endfacet
  facet normal 0 1 0
    outer loop
      vertex -40.63201162700574 6 20.686879025837897
      vertex -40.28275154984232 6 21.76179101551631
      vertex -30 6 12
    endloop
  endfacet
  facet normal 0 1 0
    outer loop
      vertex -40.28275154984232 6 21.76179101551631
      vertex -40.0709676881697 6 22.872000897921264
      vertex -30 6 12
    endloop
  endfacet
  facet normal 0 1 0
    outer loop
      vertex -40.0709676881697 6 22.872000897921264
      vertex -40 6 24
      vertex -30 6 12
    endloop
  endfacet
  facet normal 1 0 0
    outer loop
      vertex -30 -6 12
      vertex -30 6 12
      vertex -30 0 42.19230769230769
    endloop
  endfacet
  facet normal 0 1 0
    outer loop
      vertex -40 6 24
      vertex -40 6 51
      vertex -30 6 12
    endloop
  endfacet
  facet normal 1 0 0
    outer loop
      vertex -30 6 12
      vertex -30 1.8874400176094899 42.35200244036148
      vertex -30 0 42.19230769230769
    endloop
  endfacet
  facet normal 1 0 0
    outer loop
      vertex -30 6 12
      vertex -30 3.7898813533832394 42.834259180750934
      vertex -30 1.8874400176094899 42.35200244036148
    endloop
  endfacet
  facet normal 0 1 0
    outer loop
      vertex -68 6 12
      vertex -68 6 63
      vertex -58 6 24
    endloop
  endfacet
  facet normal 0 1 0
    outer loop
      vertex -58 6 24
      vertex -68 6 63
      vertex -58 6 51
    endloop
  endfacet
  facet normal 0 1 0
    outer loop
      vertex -58 6 51
      vertex -68 6 63
      vertex -57.9290323118303 6 52.12799910207874
    endloop
  endfacet
  facet normal 0 1 0
    outer loop
      vertex -57.9290323118303 6 52.12799910207874
      vertex -68 6 63
      vertex -57.71724845015768 6 53.23820898448369
    endloop
  endfacet
  facet normal 0 1 0
    outer loop
      vertex -57.71724845015768 6 53.23820898448369
      vertex -68 6 63
      vertex -57.36798837299426 6 54.3131209741621
    endloop
  endfacet
  facet normal 0 1 0
    outer loop
      vertex -57.36798837299426 6 54.3131209741621
      vertex -68 6 63
      vertex -56.88676012039477 6 55.33578306691544
    endloop
  endfacet
  facet normal 0 1 0
    outer loop
      vertex -56.88676012039477 6 55.33578306691544
      vertex -68 6 63
      vertex -56.28115294937453 6 56.29006727063226
    endloop
  endfacet
  facet normal 0 1 0
    outer loop
      vertex -56.28115294937453 6 56.29006727063226
      vertex -68 6 63
      vertex -55.5607176467927 6 57.16092395335819
    endloop
  endfacet
  facet normal 0 1 0
    outer loop
      vertex -68 6 63
      vertex -54.736815907738205 6 57.934619184982104
      vertex -55.5607176467927 6 57.16092395335819
    endloop
  endfacet
  facet normal 0 1 0
    outer loop
      vertex -68 6 63
      vertex -53.822441154810974 6 58.59895132951814
      vertex -54.736815907738205 6 57.934619184982104
    endloop
  endfacet
  facet normal 0 1 0
    outer loop
      vertex -68 6 63
      vertex -52.832013624085654 6 59.14344347219418
      vertex -53.822441154810974 6 58.59895132951814
    endloop
  endfacet
  facet normal 0 1 0
    outer loop
      vertex -68 6 63
      vertex -51.78115294937453 6 59.55950864665638
      vertex -52.832013624085654 6 59.14344347219418
    endloop
  endfacet
  facet normal 0 1 0
    outer loop
      vertex -68 6 63
      vertex -50.68643183127152 6 59.8405852565582
      vertex -51.78115294937453 6 59.55950864665638
    endloop
  endfacet
  facet normal 0 1 0
    outer loop
      vertex -68 6 63
      vertex -49.56511467576382 6 59.982240555854446
      vertex -50.68643183127152 6 59.8405852565582
    endloop
  endfacet
  facet normal 0 1 0
    outer loop
      vertex -68 6 63
      vertex -48.43488532423618 6 59.982240555854446
      vertex -49.56511467576382 6 59.982240555854446
    endloop
  endfacet
  facet normal 0 1 0
    outer loop
      vertex -68 6 63
      vertex -47.31356816872848 6 59.8405852565582
      vertex -48.43488532423618 6 59.982240555854446
    endloop
  endfacet
  facet normal 0 0 1
    outer loop
      vertex -68 6 63
      vertex -36 -2.2 63
      vertex -36 2.2 63
    endloop
  endfacet
  facet normal 0 1 0
    outer loop
      vertex -68 6 63
      vertex -34.36729054234797 6 63
      vertex -47.31356816872848 6 59.8405852565582
    endloop
  endfacet
  facet normal 0 0 1
    outer loop
      vertex -68 6 63
      vertex -36 2.2 63
      vertex -34.83031885542971 2.2 63
    endloop
  endfacet
  facet normal 0 0 1
    outer loop
      vertex -68 6 63
      vertex -34.83031885542971 2.2 63
      vertex -34.62480307587528 4.374129851394212 63
    endloop
  endfacet
  facet normal 0 1 0
    outer loop
      vertex -41.71884705062547 6 56.29006727063226
      vertex -42.4392823532073 6 57.1609239533582
      vertex -34.36729054234797 6 63
    endloop
  endfacet
  facet normal 0 1 0
    outer loop
      vertex -47.31356816872848 6 59.8405852565582
      vertex -34.36729054234797 6 63
      vertex -46.21884705062547 6 59.55950864665638
    endloop
  endfacet
  facet normal 0 1 0
    outer loop
      vertex -46.21884705062547 6 59.55950864665638
      vertex -34.36729054234797 6 63
      vertex -45.167986375914346 6 59.14344347219418
    endloop
  endfacet
  facet normal 0 1 0
    outer loop
      vertex -44.17755884518903 6 58.59895132951814
      vertex -45.167986375914346 6 59.14344347219418
      vertex -34.36729054234797 6 63
    endloop
  endfacet
  facet normal 0 1 0
    outer loop
      vertex -43.263184092261795 6 57.934619184982104
      vertex -44.17755884518903 6 58.59895132951814
      vertex -34.36729054234797 6 63
    endloop
  endfacet
  facet normal 0 1 0
    outer loop
      vertex -43.263184092261795 6 57.934619184982104
      vertex -34.36729054234797 6 63
      vertex -42.4392823532073 6 57.1609239533582
    endloop
  endfacet
  facet normal 0 0 1
    outer loop
      vertex -68 6 63
      vertex -34.62480307587528 4.374129851394212 63
      vertex -34.36729054234797 6 63
    endloop
  endfacet
  facet normal 0 1 0
    outer loop
      vertex -30 6 12
      vertex -40 6 51
      vertex -34.36729054234797 6 52
    endloop
  endfacet
  facet normal 0 1 0
    outer loop
      vertex -30 6 12
      vertex -34.36729054234797 6 52
      vertex -32.343359471614725 6 50
    endloop
  endfacet
  facet normal 0 1 0
    outer loop
      vertex -30 6 12
      vertex -31.453101486679024 6 47.63149204472425
      vertex -30 6 43.811629217801354
    endloop
  endfacet
  facet normal 1 0 0
    outer loop
      vertex -30 6 12
      vertex -30 5.722806066557009 43.64875043081497
      vertex -30 3.7898813533832394 42.834259180750934
    endloop
  endfacet
  facet normal 1 0 0
    outer loop
      vertex -30 6 12
      vertex -30 6 43.811629217801354
      vertex -30 5.722806066557009 43.64875043081497
    endloop
  endfacet
  facet normal 0 1 0
    outer loop
      vertex -30 6 12
      vertex -32.343359471614725 6 50
      vertex -31.453101486679024 6 47.63149204472425
    endloop
  endfacet
  facet normal 0 1 0
    outer loop
      vertex -40 6 51
      vertex -40.0709676881697 6 52.12799910207874
      vertex -34.36729054234797 6 63
    endloop
  endfacet
  facet normal 0 1 0
    outer loop
      vertex -40.0709676881697 6 52.12799910207874
      vertex -40.28275154984232 6 53.23820898448369
      vertex -34.36729054234797 6 63
    endloop
  endfacet
  facet normal 0 1 0
    outer loop
      vertex -40.28275154984232 6 53.23820898448369
      vertex -40.63201162700574 6 54.3131209741621
      vertex -34.36729054234797 6 63
    endloop
  endfacet
  facet normal 0 1 0
    outer loop
      vertex -40 6 51
      vertex -34.36729054234797 6 63
      vertex -34.36729054234797 6 52
    endloop
  endfacet
  facet normal 0 1 0
    outer loop
      vertex -40.63201162700574 6 54.3131209741621
      vertex -41.11323987960523 6 55.33578306691544
      vertex -34.36729054234797 6 63
    endloop
  endfacet
  facet normal 0 1 0
    outer loop
      vertex -41.71884705062547 6 56.29006727063226
      vertex -34.36729054234797 6 63
      vertex -41.11323987960523 6 55.33578306691544
    endloop
  endfacet
  facet normal 0 0 -1
    outer loop
      vertex -12.684737395998923 -15.333213531238208 0
      vertex -11.15491982060207 -13.483981748576314 0
      vertex -11.696926520620215 -16.099438188061452 0
    endloop
  endfacet
  facet normal 0 0 -1
    outer loop
      vertex -11.696926520620215 -16.099438188061452 0
      vertex -10.28624191511828 -14.15779740156158 0
      vertex -10.662953220082034 -16.802125717490096 0
    endloop
  endfacet
  facet normal -0.6613118653236527 -0.7501110696304586 0
    outer loop
      vertex -12.684737395998923 -15.333213531238208 0
      vertex -12.684737395998923 -15.333213531238208 15
      vertex -13.6224874079809 -14.506475685686091 0
    endloop
  endfacet
  facet normal -0.5620833778521301 -0.8270805742745622 0
    outer loop
      vertex -11.696926520620215 -16.099438188061452 0
      vertex -10.662953220082034 -16.802125717490096 0
      vertex -10.662953220082034 -16.802125717490096 15
    endloop
  endfacet
  facet normal -0.6129070536529754 -0.7901550123756914 0
    outer loop
      vertex -12.684737395998923 -15.333213531238208 0
      vertex -11.696926520620215 -16.099438188061452 0
      vertex -11.696926520620215 -16.099438188061452 15
    endloop
  endfacet
  facet normal 0 0 -1
    outer loop
      vertex -16.099438188061452 -11.696926520620215 0
      vertex -16.802125717490096 -10.662953220082034 0
      vertex -15.834473418155342 -7.451137602388767 0
    endloop
  endfacet
  facet normal 0 0 -1
    outer loop
      vertex -15.333213531238208 -12.684737395998923 0
      vertex -16.099438188061452 -11.696926520620215 0
      vertex -14.775738696285261 -9.376968912132444 0
    endloop
  endfacet
  facet normal 0 0 -1
    outer loop
      vertex -14.506475685686091 -13.6224874079809 0
      vertex -15.333213531238208 -12.684737395998923 0
      vertex -14.15779740156158 -10.28624191511828 0
    endloop
  endfacet
  facet normal 0 0 -1
    outer loop
      vertex -15.333213531238208 -12.684737395998923 0
      vertex -14.775738696285261 -9.376968912132444 0
      vertex -14.15779740156158 -10.28624191511828 0
    endloop
  endfacet
  facet normal 0 0 -1
    outer loop
      vertex -12.684737395998923 -15.333213531238208 0
      vertex -13.6224874079809 -14.506475685686091 0
      vertex -11.97957435375205 -12.756950979874704 0
    endloop
  endfacet
  facet normal 0 0 -1
    outer loop
      vertex -14.506475685686091 -13.6224874079809 0
      vertex -13.483981748576314 -11.15491982060207 0
      vertex -13.6224874079809 -14.506475685686091 0
    endloop
  endfacet
  facet normal 0 0 -1
    outer loop
      vertex -13.6224874079809 -14.506475685686091 0
      vertex -12.756950979874704 -11.97957435375205 0
      vertex -11.97957435375205 -12.756950979874704 0
    endloop
  endfacet
  facet normal 0 0 -1
    outer loop
      vertex -13.6224874079809 -14.506475685686091 0
      vertex -13.483981748576314 -11.15491982060207 0
      vertex -12.756950979874704 -11.97957435375205 0
    endloop
  endfacet
  facet normal 0 0 -1
    outer loop
      vertex -12.684737395998923 -15.333213531238208 0
      vertex -11.97957435375205 -12.756950979874704 0
      vertex -11.15491982060207 -13.483981748576314 0
    endloop
  endfacet
  facet normal 0 0 -1
    outer loop
      vertex -11.696926520620215 -16.099438188061452 0
      vertex -11.15491982060207 -13.483981748576314 0
      vertex -10.28624191511828 -14.15779740156158 0
    endloop
  endfacet
  facet normal 0 0 -1
    outer loop
      vertex -14.506475685686091 -13.6224874079809 0
      vertex -14.15779740156158 -10.28624191511828 0
      vertex -13.483981748576314 -11.15491982060207 0
    endloop
  endfacet
  facet normal -0.7501110696304586 -0.6613118653236527 0
    outer loop
      vertex -14.506475685686091 -13.6224874079809 0
      vertex -15.333213531238208 -12.684737395998923 15
      vertex -15.333213531238208 -12.684737395998923 0
    endloop
  endfacet
  facet normal -0.8607420270039432 -0.5090414157503721 0
    outer loop
      vertex -16.802125717490096 -10.662953220082034 0
      vertex -17.438502932872883 -9.586898114624136 15
      vertex -17.438502932872883 -9.586898114624136 0
    endloop
  endfacet
  facet normal -0.8270805742745622 -0.5620833778521301 0
    outer loop
      vertex -16.099438188061452 -11.696926520620215 0
      vertex -16.802125717490096 -10.662953220082034 15
      vertex -16.802125717490096 -10.662953220082034 0
    endloop
  endfacet
  facet normal -0.7901550123756914 -0.6129070536529754 0
    outer loop
      vertex -15.333213531238208 -12.684737395998923 0
      vertex -16.099438188061452 -11.696926520620215 15
      vertex -16.099438188061452 -11.696926520620215 0
    endloop
  endfacet
  facet normal -0.7071067811865475 -0.7071067811865475 0
    outer loop
      vertex -14.506475685686091 -13.6224874079809 0
      vertex -13.6224874079809 -14.506475685686091 0
      vertex -14.506475685686091 -13.6224874079809 15
    endloop
  endfacet
  facet normal -0.5620833778521301 -0.8270805742745622 0
    outer loop
      vertex -11.696926520620215 -16.099438188061452 0
      vertex -10.662953220082034 -16.802125717490096 15
      vertex -11.696926520620215 -16.099438188061452 15
    endloop
  endfacet
  facet normal -0.6129070536529754 -0.7901550123756914 0
    outer loop
      vertex -12.684737395998923 -15.333213531238208 0
      vertex -11.696926520620215 -16.099438188061452 15
      vertex -12.684737395998923 -15.333213531238208 15
    endloop
  endfacet
  facet normal -0.7501110696304586 -0.6613118653236527 0
    outer loop
      vertex -14.506475685686091 -13.6224874079809 0
      vertex -14.506475685686091 -13.6224874079809 15
      vertex -15.333213531238208 -12.684737395998923 15
    endloop
  endfacet
  facet normal -0.8270805742745622 -0.5620833778521301 0
    outer loop
      vertex -16.099438188061452 -11.696926520620215 0
      vertex -16.099438188061452 -11.696926520620215 15
      vertex -16.802125717490096 -10.662953220082034 15
    endloop
  endfacet
  facet normal -0.8607420270039432 -0.5090414157503721 0
    outer loop
      vertex -16.802125717490096 -10.662953220082034 0
      vertex -16.802125717490096 -10.662953220082034 15
      vertex -17.438502932872883 -9.586898114624136 15
    endloop
  endfacet
  facet normal -0.7901550123756914 -0.6129070536529754 0
    outer loop
      vertex -15.333213531238208 -12.684737395998923 0
      vertex -15.333213531238208 -12.684737395998923 15
      vertex -16.099438188061452 -11.696926520620215 15
    endloop
  endfacet
  facet normal -0.7071067811865475 -0.7071067811865475 0
    outer loop
      vertex -13.6224874079809 -14.506475685686091 0
      vertex -13.6224874079809 -14.506475685686091 15
      vertex -14.506475685686091 -13.6224874079809 15
    endloop
  endfacet
  facet normal -0.6613118653236527 -0.7501110696304586 0
    outer loop
      vertex -13.6224874079809 -14.506475685686091 0
      vertex -12.684737395998923 -15.333213531238208 15
      vertex -13.6224874079809 -14.506475685686091 15
    endloop
  endfacet
  facet normal -0.9177546256839808 -0.39714789063478145 0
    outer loop
      vertex -18.00605834407379 -8.473007902144941 0
      vertex -18.502552069176204 -7.325678598425089 15
      vertex -18.502552069176204 -7.325678598425089 0
    endloop
  endfacet
  facet normal -0.9408807689542267 -0.3387379202452885 0
    outer loop
      vertex -18.502552069176204 -7.325678598425089 0
      vertex -18.926024674273553 -6.149438188061453 15
      vertex -18.926024674273553 -6.149438188061453 0
    endloop
  endfacet
  facet normal -0.9602936856769427 -0.27899110603923033 0
    outer loop
      vertex -18.926024674273553 -6.149438188061453 0
      vertex -19.274804906459757 -4.948928754580611 15
      vertex -19.274804906459757 -4.948928754580611 0
    endloop
  endfacet
  facet normal 0 0 -1
    outer loop
      vertex -19.743082556158107 -2.4941313479296507 0
      vertex -19.5475162895009 3.7288881602559236 0
      vertex -19.5475162895009 -3.7288881602559236 0
    endloop
  endfacet
  facet normal 0 0 -1
    outer loop
      vertex -19.743082556158107 -2.4941313479296507 0
      vertex -19.8607318957226 -1.2495313386333342 0
      vertex -19.743082556158107 2.4941313479296507 0
    endloop
  endfacet
  facet normal 0 0 -1
    outer loop
      vertex -19.274804906459757 -4.948928754580611 0
      vertex -19.5475162895009 -3.7288881602559236 0
      vertex -19.274804906459757 4.948928754580611 0
    endloop
  endfacet
  facet normal 0 0 -1
    outer loop
      vertex -18.926024674273553 -6.149438188061453 0
      vertex -19.274804906459757 -4.948928754580611 0
      vertex -18.926024674273553 6.149438188061453 0
    endloop
  endfacet
  facet normal 0 0 -1
    outer loop
      vertex -18.502552069176204 -7.325678598425089 0
      vertex -18.926024674273553 -6.149438188061453 0
      vertex -18.502552069176204 7.325678598425089 0
    endloop
  endfacet
  facet normal 0 0 -1
    outer loop
      vertex -18.00605834407379 -8.473007902144941 0
      vertex -18.502552069176204 -7.325678598425089 0
      vertex -18.00605834407379 8.473007902144941 0
    endloop
  endfacet
  facet normal -0.9876883405951377 -0.15643446504023148 0
    outer loop
      vertex -19.743082556158107 -2.4941313479296507 0
      vertex -19.5475162895009 -3.7288881602559236 0
      vertex -19.743082556158107 -2.4941313479296507 15
    endloop
  endfacet
  facet normal -0.9759167619387474 -0.21814324139654245 0
    outer loop
      vertex -19.274804906459757 -4.948928754580611 0
      vertex -19.5475162895009 -3.7288881602559236 15
      vertex -19.5475162895009 -3.7288881602559236 0
    endloop
  endfacet
  facet normal -0.9955619646030801 -0.09410831331851345 0
    outer loop
      vertex -19.743082556158107 -2.4941313479296507 0
      vertex -19.8607318957226 -1.2495313386333342 15
      vertex -19.8607318957226 -1.2495313386333342 0
    endloop
  endfacet
  facet normal -0.9995065603657316 -0.03141075907812941 0
    outer loop
      vertex -19.8607318957226 -1.2495313386333342 0
      vertex -19.9 0 15
      vertex -19.9 0 0
    endloop
  endfacet
  facet normal 0 0 -1
    outer loop
      vertex -16.802125717490096 -10.662953220082034 0
      vertex -17.438502932872883 -9.586898114624136 0
      vertex -16.643489035165185 -5.407797401561579 0
    endloop
  endfacet
  facet normal 0 0 -1
    outer loop
      vertex -16.802125717490096 -10.662953220082034 0
      vertex -16.2710885030444 -6.4421796719818625 0
      vertex -15.834473418155342 -7.451137602388767 0
    endloop
  endfacet
  facet normal 0 0 -1
    outer loop
      vertex -16.802125717490096 -10.662953220082034 0
      vertex -16.643489035165185 -5.407797401561579 0
      vertex -16.2710885030444 -6.4421796719818625 0
    endloop
  endfacet
  facet normal 0 0 -1
    outer loop
      vertex -16.099438188061452 -11.696926520620215 0
      vertex -15.33536690076761 -8.430689296780018 0
      vertex -14.775738696285261 -9.376968912132444 0
    endloop
  endfacet
  facet normal 0 0 -1
    outer loop
      vertex -16.099438188061452 -11.696926520620215 0
      vertex -15.834473418155342 -7.451137602388767 0
      vertex -15.33536690076761 -8.430689296780018 0
    endloop
  endfacet
  facet normal 0 0 -1
    outer loop
      vertex -18.00605834407379 -8.473007902144941 0
      vertex -17.362007273003364 -2.193331587375321 0
      vertex -17.438502932872883 -9.586898114624136 0
    endloop
  endfacet
  facet normal 0 0 -1
    outer loop
      vertex -17.438502932872883 -9.586898114624136 0
      vertex -16.950205319751042 -4.35207302538496 0
      vertex -16.643489035165185 -5.407797401561579 0
    endloop
  endfacet
  facet normal 0 0 -1
    outer loop
      vertex -17.438502932872883 -9.586898114624136 0
      vertex -17.19002688775205 -3.2791730052501844 0
      vertex -16.950205319751042 -4.35207302538496 0
    endloop
  endfacet
  facet normal 0 0 -1
    outer loop
      vertex -17.438502932872883 -9.586898114624136 0
      vertex -17.362007273003364 -2.193331587375321 0
      vertex -17.19002688775205 -3.2791730052501844 0
    endloop
  endfacet
  facet normal -0.8910065241883677 -0.45399049973954686 0
    outer loop
      vertex -18.00605834407379 -8.473007902144941 0
      vertex -17.438502932872883 -9.586898114624136 0
      vertex -18.00605834407379 -8.473007902144941 15
    endloop
  endfacet
  facet normal 0 0 -1
    outer loop
      vertex -18.00605834407379 -8.473007902144941 0
      vertex -17.465467747494753 -1.0988340917629824 0
      vertex -17.362007273003364 -2.193331587375321 0
    endloop
  endfacet
  facet normal 0 0 -1
    outer loop
      vertex -18.00605834407379 -8.473007902144941 0
      vertex -17.5 0 0
      vertex -17.465467747494753 -1.0988340917629824 0
    endloop
  endfacet
  facet normal 0 0 -1
    outer loop
      vertex -18.00605834407379 -8.473007902144941 0
      vertex -17.465467747494753 1.0988340917629824 0
      vertex -17.5 0 0
    endloop
  endfacet
  facet normal -0.9177546256839808 -0.39714789063478145 0
    outer loop
      vertex -18.00605834407379 -8.473007902144941 0
      vertex -18.00605834407379 -8.473007902144941 15
      vertex -18.502552069176204 -7.325678598425089 15
    endloop
  endfacet
  facet normal -0.9408807689542267 -0.3387379202452885 0
    outer loop
      vertex -18.502552069176204 -7.325678598425089 0
      vertex -18.502552069176204 -7.325678598425089 15
      vertex -18.926024674273553 -6.149438188061453 15
    endloop
  endfacet
  facet normal -0.9602936856769427 -0.27899110603923033 0
    outer loop
      vertex -18.926024674273553 -6.149438188061453 0
      vertex -18.926024674273553 -6.149438188061453 15
      vertex -19.274804906459757 -4.948928754580611 15
    endloop
  endfacet
  facet normal -0.9876883405951377 -0.15643446504023148 0
    outer loop
      vertex -19.5475162895009 -3.7288881602559236 0
      vertex -19.5475162895009 -3.7288881602559236 15
      vertex -19.743082556158107 -2.4941313479296507 15
    endloop
  endfacet
  facet normal -0.9759167619387474 -0.21814324139654245 0
    outer loop
      vertex -19.274804906459757 -4.948928754580611 0
      vertex -19.274804906459757 -4.948928754580611 15
      vertex -19.5475162895009 -3.7288881602559236 15
    endloop
  endfacet
  facet normal -0.9955619646030801 -0.09410831331851345 0
    outer loop
      vertex -19.743082556158107 -2.4941313479296507 0
      vertex -19.743082556158107 -2.4941313479296507 15
      vertex -19.8607318957226 -1.2495313386333342 15
    endloop
  endfacet
  facet normal -0.9995065603657316 -0.03141075907812941 0
    outer loop
      vertex -19.8607318957226 -1.2495313386333342 0
      vertex -19.8607318957226 -1.2495313386333342 15
      vertex -19.9 0 15
    endloop
  endfacet
  facet normal -0.8910065241883677 -0.45399049973954686 0
    outer loop
      vertex -17.438502932872883 -9.586898114624136 0
      vertex -17.438502932872883 -9.586898114624136 15
      vertex -18.00605834407379 -8.473007902144941 15
    endloop
  endfacet
  facet normal 0 0 -1
    outer loop
      vertex -19.8607318957226 -1.2495313386333342 0
      vertex -19.9 0 0
      vertex -19.8607318957226 1.2495313386333342 0
    endloop
  endfacet
  facet normal 0 0 -1
    outer loop
      vertex -19.8607318957226 -1.2495313386333342 0
      vertex -19.8607318957226 1.2495313386333342 0
      vertex -19.743082556158107 2.4941313479296507 0
    endloop
  endfacet
  facet normal 0 0 -1
    outer loop
      vertex -19.743082556158107 -2.4941313479296507 0
      vertex -19.743082556158107 2.4941313479296507 0
      vertex -19.5475162895009 3.7288881602559236 0
    endloop
  endfacet
  facet normal 0 0 -1
    outer loop
      vertex -19.5475162895009 -3.7288881602559236 0
      vertex -19.5475162895009 3.7288881602559236 0
      vertex -19.274804906459757 4.948928754580611 0
    endloop
  endfacet
  facet normal 0 0 -1
    outer loop
      vertex -19.274804906459757 -4.948928754580611 0
      vertex -19.274804906459757 4.948928754580611 0
      vertex -18.926024674273553 6.149438188061453 0
    endloop
  endfacet
  facet normal 0 0 -1
    outer loop
      vertex -18.926024674273553 -6.149438188061453 0
      vertex -18.926024674273553 6.149438188061453 0
      vertex -18.502552069176204 7.325678598425089 0
    endloop
  endfacet
  facet normal 0 0 -1
    outer loop
      vertex -18.502552069176204 -7.325678598425089 0
      vertex -18.502552069176204 7.325678598425089 0
      vertex -18.00605834407379 8.473007902144941 0
    endloop
  endfacet
  facet normal -0.9995065603657316 0.03141075907812941 0
    outer loop
      vertex -19.9 0 0
      vertex -19.8607318957226 1.2495313386333342 15
      vertex -19.8607318957226 1.2495313386333342 0
    endloop
  endfacet
  facet normal -0.9955619646030801 0.09410831331851345 0
    outer loop
      vertex -19.8607318957226 1.2495313386333342 0
      vertex -19.743082556158107 2.4941313479296507 15
      vertex -19.743082556158107 2.4941313479296507 0
    endloop
  endfacet
  facet normal -0.9876883405951377 0.15643446504023148 0
    outer loop
      vertex -19.743082556158107 2.4941313479296507 0
      vertex -19.5475162895009 3.7288881602559236 15
      vertex -19.5475162895009 3.7288881602559236 0
    endloop
  endfacet
  facet normal -0.9759167619387474 0.21814324139654245 0
    outer loop
      vertex -19.5475162895009 3.7288881602559236 0
      vertex -19.274804906459757 4.948928754580611 15
      vertex -19.274804906459757 4.948928754580611 0
    endloop
  endfacet
  facet normal -0.9602936856769427 0.27899110603923033 0
    outer loop
      vertex -19.274804906459757 4.948928754580611 0
      vertex -18.926024674273553 6.149438188061453 15
      vertex -18.926024674273553 6.149438188061453 0
    endloop
  endfacet
  facet normal -0.9408807689542267 0.3387379202452885 0
    outer loop
      vertex -18.926024674273553 6.149438188061453 0
      vertex -18.502552069176204 7.325678598425089 15
      vertex -18.502552069176204 7.325678598425089 0
    endloop
  endfacet
  facet normal -0.9177546256839808 0.39714789063478145 0
    outer loop
      vertex -18.502552069176204 7.325678598425089 0
      vertex -18.00605834407379 8.473007902144941 15
      vertex -18.00605834407379 8.473007902144941 0
    endloop
  endfacet
  facet normal 0 0 -1
    outer loop
      vertex -18.00605834407379 -8.473007902144941 0
      vertex -17.438502932872883 9.586898114624136 0
      vertex -17.465467747494753 1.0988340917629824 0
    endloop
  endfacet
  facet normal 0 0 -1
    outer loop
      vertex -18.00605834407379 -8.473007902144941 0
      vertex -18.00605834407379 8.473007902144941 0
      vertex -17.438502932872883 9.586898114624136 0
    endloop
  endfacet
  facet normal 0 0 -1
    outer loop
      vertex -17.438502932872883 9.586898114624136 0
      vertex -17.362007273003364 2.193331587375321 0
      vertex -17.465467747494753 1.0988340917629824 0
    endloop
  endfacet
  facet normal 0 0 -1
    outer loop
      vertex -17.438502932872883 9.586898114624136 0
      vertex -17.19002688775205 3.2791730052501844 0
      vertex -17.362007273003364 2.193331587375321 0
    endloop
  endfacet
  facet normal 0 0 -1
    outer loop
      vertex -16.802125717490096 10.662953220082034 0
      vertex -16.950205319751042 4.35207302538496 0
      vertex -17.19002688775205 3.2791730052501844 0
    endloop
  endfacet
  facet normal 0 0 -1
    outer loop
      vertex -16.802125717490096 10.662953220082034 0
      vertex -16.643489035165185 5.407797401561579 0
      vertex -16.950205319751042 4.35207302538496 0
    endloop
  endfacet
  facet normal 0 0 -1
    outer loop
      vertex -17.438502932872883 9.586898114624136 0
      vertex -16.802125717490096 10.662953220082034 0
      vertex -17.19002688775205 3.2791730052501844 0
    endloop
  endfacet
  facet normal 0 0 -1
    outer loop
      vertex -16.802125717490096 10.662953220082034 0
      vertex -16.2710885030444 6.4421796719818625 0
      vertex -16.643489035165185 5.407797401561579 0
    endloop
  endfacet
  facet normal 0 0 -1
    outer loop
      vertex -16.099438188061452 11.696926520620215 0
      vertex -15.834473418155342 7.451137602388767 0
      vertex -16.2710885030444 6.4421796719818625 0
    endloop
  endfacet
  facet normal 0 0 -1
    outer loop
      vertex -16.802125717490096 10.662953220082034 0
      vertex -16.099438188061452 11.696926520620215 0
      vertex -16.2710885030444 6.4421796719818625 0
    endloop
  endfacet
  facet normal 0 0 -1
    outer loop
      vertex -15.333213531238208 12.684737395998923 0
      vertex -15.33536690076761 8.430689296780018 0
      vertex -15.834473418155342 7.451137602388767 0
    endloop
  endfacet
  facet normal -0.8910065241883677 0.45399049973954686 0
    outer loop
      vertex -18.00605834407379 8.473007902144941 0
      vertex -17.438502932872883 9.586898114624136 15
      vertex -17.438502932872883 9.586898114624136 0
    endloop
  endfacet
  facet normal -0.9995065603657316 0.03141075907812941 0
    outer loop
      vertex -19.9 0 0
      vertex -19.9 0 15
      vertex -19.8607318957226 1.2495313386333342 15
    endloop
  endfacet
  facet normal -0.9955619646030801 0.09410831331851345 0
    outer loop
      vertex -19.8607318957226 1.2495313386333342 0
      vertex -19.8607318957226 1.2495313386333342 15
      vertex -19.743082556158107 2.4941313479296507 15
    endloop
  endfacet
  facet normal -0.9876883405951377 0.15643446504023148 0
    outer loop
      vertex -19.743082556158107 2.4941313479296507 0
      vertex -19.743082556158107 2.4941313479296507 15
      vertex -19.5475162895009 3.7288881602559236 15
    endloop
  endfacet
  facet normal -0.9759167619387474 0.21814324139654245 0
    outer loop
      vertex -19.5475162895009 3.7288881602559236 0
      vertex -19.5475162895009 3.7288881602559236 15
      vertex -19.274804906459757 4.948928754580611 15
    endloop
  endfacet
  facet normal -0.9602936856769427 0.27899110603923033 0
    outer loop
      vertex -19.274804906459757 4.948928754580611 0
      vertex -19.274804906459757 4.948928754580611 15
      vertex -18.926024674273553 6.149438188061453 15
    endloop
  endfacet
  facet normal -0.9408807689542267 0.3387379202452885 0
    outer loop
      vertex -18.926024674273553 6.149438188061453 0
      vertex -18.926024674273553 6.149438188061453 15
      vertex -18.502552069176204 7.325678598425089 15
    endloop
  endfacet
  facet normal -0.9177546256839808 0.39714789063478145 0
    outer loop
      vertex -18.502552069176204 7.325678598425089 0
      vertex -18.502552069176204 7.325678598425089 15
      vertex -18.00605834407379 8.473007902144941 15
    endloop
  endfacet
  facet normal -0.8910065241883677 0.45399049973954686 0
    outer loop
      vertex -18.00605834407379 8.473007902144941 0
      vertex -18.00605834407379 8.473007902144941 15
      vertex -17.438502932872883 9.586898114624136 15
    endloop
  endfacet
  facet normal 0 0 -1
    outer loop
      vertex -15.333213531238208 12.684737395998923 0
      vertex -14.775738696285261 9.376968912132444 0
      vertex -15.33536690076761 8.430689296780018 0
    endloop
  endfacet
  facet normal 0 0 -1
    outer loop
      vertex -16.099438188061452 11.696926520620215 0
      vertex -15.333213531238208 12.684737395998923 0
      vertex -15.834473418155342 7.451137602388767 0
    endloop
  endfacet
  facet normal 0 0 -1
    outer loop
      vertex -14.506475685686091 13.6224874079809 0
      vertex -14.15779740156158 10.28624191511828 0
      vertex -14.775738696285261 9.376968912132444 0
    endloop
  endfacet
  facet normal 0 0 -1
    outer loop
      vertex -15.333213531238208 12.684737395998923 0
      vertex -14.506475685686091 13.6224874079809 0
      vertex -14.775738696285261 9.376968912132444 0
    endloop
  endfacet
  facet normal 0 0 -1
    outer loop
      vertex -13.6224874079809 14.506475685686091 0
      vertex -13.483981748576314 11.15491982060207 0
      vertex -14.15779740156158 10.28624191511828 0
    endloop
  endfacet
  facet normal 0 0 -1
    outer loop
      vertex -14.506475685686091 13.6224874079809 0
      vertex -13.6224874079809 14.506475685686091 0
      vertex -14.15779740156158 10.28624191511828 0
    endloop
  endfacet
  facet normal 0 0 -1
    outer loop
      vertex -12.684737395998923 15.333213531238208 0
      vertex -12.756950979874704 11.97957435375205 0
      vertex -13.483981748576314 11.15491982060207 0
    endloop
  endfacet
  facet normal 0 0 -1
    outer loop
      vertex -12.684737395998923 15.333213531238208 0
      vertex -11.97957435375205 12.756950979874704 0
      vertex -12.756950979874704 11.97957435375205 0
    endloop
  endfacet
  facet normal 0 0 -1
    outer loop
      vertex -13.6224874079809 14.506475685686091 0
      vertex -12.684737395998923 15.333213531238208 0
      vertex -13.483981748576314 11.15491982060207 0
    endloop
  endfacet
  facet normal 0 0 -1
    outer loop
      vertex -11.696926520620215 16.099438188061452 0
      vertex -11.15491982060207 13.483981748576314 0
      vertex -11.97957435375205 12.756950979874704 0
    endloop
  endfacet
  facet normal 0 0 -1
    outer loop
      vertex -12.684737395998923 15.333213531238208 0
      vertex -11.696926520620215 16.099438188061452 0
      vertex -11.97957435375205 12.756950979874704 0
    endloop
  endfacet
  facet normal 0 0 -1
    outer loop
      vertex -10.662953220082034 16.802125717490096 0
      vertex -10.28624191511828 14.15779740156158 0
      vertex -11.15491982060207 13.483981748576314 0
    endloop
  endfacet
  facet normal -0.8607420270039432 0.5090414157503721 0
    outer loop
      vertex -17.438502932872883 9.586898114624136 0
      vertex -16.802125717490096 10.662953220082034 15
      vertex -16.802125717490096 10.662953220082034 0
    endloop
  endfacet
  facet normal -0.8270805742745622 0.5620833778521301 0
    outer loop
      vertex -16.802125717490096 10.662953220082034 0
      vertex -16.099438188061452 11.696926520620215 15
      vertex -16.099438188061452 11.696926520620215 0
    endloop
  endfacet
  facet normal -0.7901550123756914 0.6129070536529754 0
    outer loop
      vertex -16.099438188061452 11.696926520620215 0
      vertex -15.333213531238208 12.684737395998923 15
      vertex -15.333213531238208 12.684737395998923 0
    endloop
  endfacet
  facet normal -0.7501110696304586 0.6613118653236527 0
    outer loop
      vertex -15.333213531238208 12.684737395998923 0
      vertex -14.506475685686091 13.6224874079809 15
      vertex -14.506475685686091 13.6224874079809 0
    endloop
  endfacet
  facet normal -0.7071067811865475 0.7071067811865475 0
    outer loop
      vertex -14.506475685686091 13.6224874079809 0
      vertex -13.6224874079809 14.506475685686091 15
      vertex -13.6224874079809 14.506475685686091 0
    endloop
  endfacet
  facet normal -0.6613118653236527 0.7501110696304586 0
    outer loop
      vertex -13.6224874079809 14.506475685686091 0
      vertex -13.6224874079809 14.506475685686091 15
      vertex -12.684737395998923 15.333213531238208 0
    endloop
  endfacet
  facet normal 0 0 -1
    outer loop
      vertex -11.696926520620215 16.099438188061452 0
      vertex -10.662953220082034 16.802125717490096 0
      vertex -11.15491982060207 13.483981748576314 0
    endloop
  endfacet
  facet normal -0.6129070536529754 0.7901550123756914 0
    outer loop
      vertex -12.684737395998923 15.333213531238208 0
      vertex -12.684737395998923 15.333213531238208 15
      vertex -11.696926520620215 16.099438188061452 0
    endloop
  endfacet
  facet normal -0.5620833778521301 0.8270805742745622 0
    outer loop
      vertex -11.696926520620215 16.099438188061452 0
      vertex -11.696926520620215 16.099438188061452 15
      vertex -10.662953220082034 16.802125717490096 0
    endloop
  endfacet
  facet normal -0.8607420270039432 0.5090414157503721 0
    outer loop
      vertex -17.438502932872883 9.586898114624136 0
      vertex -17.438502932872883 9.586898114624136 15
      vertex -16.802125717490096 10.662953220082034 15
    endloop
  endfacet
  facet normal -0.8270805742745622 0.5620833778521301 0
    outer loop
      vertex -16.802125717490096 10.662953220082034 0
      vertex -16.802125717490096 10.662953220082034 15
      vertex -16.099438188061452 11.696926520620215 15
    endloop
  endfacet
  facet normal -0.7901550123756914 0.6129070536529754 0
    outer loop
      vertex -16.099438188061452 11.696926520620215 0
      vertex -16.099438188061452 11.696926520620215 15
      vertex -15.333213531238208 12.684737395998923 15
    endloop
  endfacet
  facet normal -0.7501110696304586 0.6613118653236527 0
    outer loop
      vertex -15.333213531238208 12.684737395998923 0
      vertex -15.333213531238208 12.684737395998923 15
      vertex -14.506475685686091 13.6224874079809 15
    endloop
  endfacet
  facet normal -0.7071067811865475 0.7071067811865475 0
    outer loop
      vertex -14.506475685686091 13.6224874079809 0
      vertex -14.506475685686091 13.6224874079809 15
      vertex -13.6224874079809 14.506475685686091 15
    endloop
  endfacet
  facet normal -0.6613118653236527 0.7501110696304586 0
    outer loop
      vertex -12.684737395998923 15.333213531238208 0
      vertex -13.6224874079809 14.506475685686091 15
      vertex -12.684737395998923 15.333213531238208 15
    endloop
  endfacet
  facet normal -0.6129070536529754 0.7901550123756914 0
    outer loop
      vertex -11.696926520620215 16.099438188061452 0
      vertex -12.684737395998923 15.333213531238208 15
      vertex -11.696926520620215 16.099438188061452 15
    endloop
  endfacet
  facet normal -0.5620833778521301 0.8270805742745622 0
    outer loop
      vertex -10.662953220082034 16.802125717490096 0
      vertex -11.696926520620215 16.099438188061452 15
      vertex -10.662953220082034 16.802125717490096 15
    endloop
  endfacet
  facet normal -0.09410831331851416 -0.9955619646030801 0
    outer loop
      vertex -1.2495313386333438 -19.8607318957226 0
      vertex -1.2495313386333438 -19.8607318957226 15
      vertex -2.4941313479296507 -19.743082556158107 0
    endloop
  endfacet
  facet normal -0.03141075907812916 -0.9995065603657315 0
    outer loop
      vertex -1.2495313386333438 -19.8607318957226 0
      vertex 0 -19.9 0
      vertex 0 -19.9 15
    endloop
  endfacet
  facet normal 0.03141075907812916 -0.9995065603657315 0
    outer loop
      vertex 0 -19.9 0
      vertex 1.2495313386333438 -19.8607318957226 0
      vertex 1.2495313386333438 -19.8607318957226 15
    endloop
  endfacet
  facet normal -0.03141075907812916 -0.9995065603657315 0
    outer loop
      vertex -1.2495313386333438 -19.8607318957226 0
      vertex 0 -19.9 15
      vertex -1.2495313386333438 -19.8607318957226 15
    endloop
  endfacet
  facet normal 0.03141075907812916 -0.9995065603657315 0
    outer loop
      vertex 0 -19.9 0
      vertex 1.2495313386333438 -19.8607318957226 15
      vertex 0 -19.9 15
    endloop
  endfacet
  facet normal 0.09410831331851416 -0.9955619646030801 0
    outer loop
      vertex 1.2495313386333438 -19.8607318957226 0
      vertex 2.4941313479296507 -19.743082556158107 15
      vertex 1.2495313386333438 -19.8607318957226 15
    endloop
  endfacet
  facet normal 0 0 -1
    outer loop
      vertex -8.473007902144941 -18.00605834407379 0
      vertex -6.4421796719818625 -16.2710885030444 0
      vertex -7.325678598425089 -18.502552069176204 0
    endloop
  endfacet
  facet normal 0 0 -1
    outer loop
      vertex -10.662953220082034 -16.802125717490096 0
      vertex -9.376968912132444 -14.775738696285261 0
      vertex -9.586898114624136 -17.438502932872883 0
    endloop
  endfacet
  facet normal 0 0 -1
    outer loop
      vertex -10.662953220082034 -16.802125717490096 0
      vertex -10.28624191511828 -14.15779740156158 0
      vertex -9.376968912132444 -14.775738696285261 0
    endloop
  endfacet
  facet normal 0 0 -1
    outer loop
      vertex -9.586898114624136 -17.438502932872883 0
      vertex -9.376968912132444 -14.775738696285261 0
      vertex -8.430689296780018 -15.33536690076761 0
    endloop
  endfacet
  facet normal 0 0 -1
    outer loop
      vertex -9.586898114624136 -17.438502932872883 0
      vertex -8.430689296780018 -15.33536690076761 0
      vertex -8.473007902144941 -18.00605834407379 0
    endloop
  endfacet
  facet normal 0 0 -1
    outer loop
      vertex -8.473007902144941 -18.00605834407379 0
      vertex -8.430689296780018 -15.33536690076761 0
      vertex -7.451137602388767 -15.834473418155342 0
    endloop
  endfacet
  facet normal 0 0 -1
    outer loop
      vertex -8.473007902144941 -18.00605834407379 0
      vertex -7.451137602388767 -15.834473418155342 0
      vertex -6.4421796719818625 -16.2710885030444 0
    endloop
  endfacet
  facet normal 0 0 -1
    outer loop
      vertex -7.325678598425089 -18.502552069176204 0
      vertex -5.407797401561579 -16.643489035165185 0
      vertex -6.149438188061453 -18.926024674273553 0
    endloop
  endfacet
  facet normal 0 0 -1
    outer loop
      vertex -6.149438188061453 -18.926024674273553 0
      vertex -5.407797401561579 -16.643489035165185 0
      vertex -4.35207302538496 -16.950205319751042 0
    endloop
  endfacet
  facet normal 0 0 -1
    outer loop
      vertex -4.948928754580611 -19.274804906459757 0
      vertex -3.2791730052501844 -17.19002688775205 0
      vertex -3.7288881602559236 -19.5475162895009 0
    endloop
  endfacet
  facet normal 0 0 -1
    outer loop
      vertex -6.149438188061453 -18.926024674273553 0
      vertex -4.35207302538496 -16.950205319751042 0
      vertex -4.948928754580611 -19.274804906459757 0
    endloop
  endfacet
  facet normal 0 0 -1
    outer loop
      vertex -4.948928754580611 -19.274804906459757 0
      vertex -4.35207302538496 -16.950205319751042 0
      vertex -3.2791730052501844 -17.19002688775205 0
    endloop
  endfacet
  facet normal 0 0 -1
    outer loop
      vertex -7.325678598425089 -18.502552069176204 0
      vertex -6.4421796719818625 -16.2710885030444 0
      vertex -5.407797401561579 -16.643489035165185 0
    endloop
  endfacet
  facet normal -0.45399049973954686 -0.8910065241883677 0
    outer loop
      vertex -9.586898114624136 -17.438502932872883 0
      vertex -8.473007902144941 -18.00605834407379 0
      vertex -8.473007902144941 -18.00605834407379 15
    endloop
  endfacet
  facet normal -0.39714789063478145 -0.9177546256839808 0
    outer loop
      vertex -8.473007902144941 -18.00605834407379 0
      vertex -7.325678598425089 -18.502552069176204 0
      vertex -7.325678598425089 -18.502552069176204 15
    endloop
  endfacet
  facet normal -0.5090414157503721 -0.8607420270039432 0
    outer loop
      vertex -10.662953220082034 -16.802125717490096 0
      vertex -9.586898114624136 -17.438502932872883 0
      vertex -9.586898114624136 -17.438502932872883 15
    endloop
  endfacet
  facet normal -0.3387379202452885 -0.9408807689542267 0
    outer loop
      vertex -7.325678598425089 -18.502552069176204 0
      vertex -6.149438188061453 -18.926024674273553 0
      vertex -6.149438188061453 -18.926024674273553 15
    endloop
  endfacet
  facet normal -0.27899110603923033 -0.9602936856769427 0
    outer loop
      vertex -6.149438188061453 -18.926024674273553 0
      vertex -4.948928754580611 -19.274804906459757 0
      vertex -4.948928754580611 -19.274804906459757 15
    endloop
  endfacet
  facet normal -0.21814324139654245 -0.9759167619387474 0
    outer loop
      vertex -4.948928754580611 -19.274804906459757 0
      vertex -3.7288881602559236 -19.5475162895009 0
      vertex -3.7288881602559236 -19.5475162895009 15
    endloop
  endfacet
  facet normal 0 0 -1
    outer loop
      vertex -3.7288881602559236 -19.5475162895009 0
      vertex -2.193331587375321 -17.362007273003364 0
      vertex -2.4941313479296507 -19.743082556158107 0
    endloop
  endfacet
  facet normal 0 0 -1
    outer loop
      vertex -3.7288881602559236 -19.5475162895009 0
      vertex -3.2791730052501844 -17.19002688775205 0
      vertex -2.193331587375321 -17.362007273003364 0
    endloop
  endfacet
  facet normal 0 0 -1
    outer loop
      vertex -2.4941313479296507 -19.743082556158107 0
      vertex -2.193331587375321 -17.362007273003364 0
      vertex -1.0988340917629908 -17.465467747494753 0
    endloop
  endfacet
  facet normal 0 0 -1
    outer loop
      vertex -1.2495313386333438 -19.8607318957226 0
      vertex -2.4941313479296507 -19.743082556158107 0
      vertex -1.0988340917629908 -17.465467747494753 0
    endloop
  endfacet
  facet normal 0 0 -1
    outer loop
      vertex -1.2495313386333438 -19.8607318957226 0
      vertex 0 -17.5 0
      vertex 0 -19.9 0
    endloop
  endfacet
  facet normal 0 0 -1
    outer loop
      vertex -1.2495313386333438 -19.8607318957226 0
      vertex -1.0988340917629908 -17.465467747494753 0
      vertex 0 -17.5 0
    endloop
  endfacet
  facet normal 0 0 -1
    outer loop
      vertex 0 -19.9 0
      vertex 1.0988340917629908 -17.465467747494753 0
      vertex 1.2495313386333438 -19.8607318957226 0
    endloop
  endfacet
  facet normal 0 0 -1
    outer loop
      vertex 0 -19.9 0
      vertex 0 -17.5 0
      vertex 1.0988340917629908 -17.465467747494753 0
    endloop
  endfacet
  facet normal 0 0 -1
    outer loop
      vertex 1.2495313386333438 -19.8607318957226 0
      vertex 1.0988340917629908 -17.465467747494753 0
      vertex 2.193331587375321 -17.362007273003364 0
    endloop
  endfacet
  facet normal 0 0 -1
    outer loop
      vertex 1.2495313386333438 -19.8607318957226 0
      vertex 2.193331587375321 -17.362007273003364 0
      vertex 2.4941313479296507 -19.743082556158107 0
    endloop
  endfacet
  facet normal 0 0 -1
    outer loop
      vertex 2.4941313479296507 -19.743082556158107 0
      vertex 3.2791730052501844 -17.19002688775205 0
      vertex 3.7288881602559236 -19.5475162895009 0
    endloop
  endfacet
  facet normal 0 0 -1
    outer loop
      vertex 2.4941313479296507 -19.743082556158107 0
      vertex 2.193331587375321 -17.362007273003364 0
      vertex 3.2791730052501844 -17.19002688775205 0
    endloop
  endfacet
  facet normal -0.15643446504023148 -0.9876883405951377 0
    outer loop
      vertex -3.7288881602559236 -19.5475162895009 0
      vertex -2.4941313479296507 -19.743082556158107 0
      vertex -2.4941313479296507 -19.743082556158107 15
    endloop
  endfacet
  facet normal 0.09410831331851416 -0.9955619646030801 0
    outer loop
      vertex 1.2495313386333438 -19.8607318957226 0
      vertex 2.4941313479296507 -19.743082556158107 0
      vertex 2.4941313479296507 -19.743082556158107 15
    endloop
  endfacet
  facet normal 0.15643446504023148 -0.9876883405951377 0
    outer loop
      vertex 2.4941313479296507 -19.743082556158107 0
      vertex 3.7288881602559236 -19.5475162895009 0
      vertex 3.7288881602559236 -19.5475162895009 15
    endloop
  endfacet
  facet normal -0.45399049973954686 -0.8910065241883677 0
    outer loop
      vertex -9.586898114624136 -17.438502932872883 0
      vertex -8.473007902144941 -18.00605834407379 15
      vertex -9.586898114624136 -17.438502932872883 15
    endloop
  endfacet
  facet normal -0.39714789063478145 -0.9177546256839808 0
    outer loop
      vertex -8.473007902144941 -18.00605834407379 0
      vertex -7.325678598425089 -18.502552069176204 15
      vertex -8.473007902144941 -18.00605834407379 15
    endloop
  endfacet
  facet normal -0.5090414157503721 -0.8607420270039432 0
    outer loop
      vertex -10.662953220082034 -16.802125717490096 0
      vertex -9.586898114624136 -17.438502932872883 15
      vertex -10.662953220082034 -16.802125717490096 15
    endloop
  endfacet
  facet normal -0.3387379202452885 -0.9408807689542267 0
    outer loop
      vertex -7.325678598425089 -18.502552069176204 0
      vertex -6.149438188061453 -18.926024674273553 15
      vertex -7.325678598425089 -18.502552069176204 15
    endloop
  endfacet
  facet normal -0.27899110603923033 -0.9602936856769427 0
    outer loop
      vertex -6.149438188061453 -18.926024674273553 0
      vertex -4.948928754580611 -19.274804906459757 15
      vertex -6.149438188061453 -18.926024674273553 15
    endloop
  endfacet
  facet normal -0.21814324139654245 -0.9759167619387474 0
    outer loop
      vertex -4.948928754580611 -19.274804906459757 0
      vertex -3.7288881602559236 -19.5475162895009 15
      vertex -4.948928754580611 -19.274804906459757 15
    endloop
  endfacet
  facet normal -0.15643446504023148 -0.9876883405951377 0
    outer loop
      vertex -3.7288881602559236 -19.5475162895009 0
      vertex -2.4941313479296507 -19.743082556158107 15
      vertex -3.7288881602559236 -19.5475162895009 15
    endloop
  endfacet
  facet normal -0.09410831331851416 -0.9955619646030801 0
    outer loop
      vertex -1.2495313386333438 -19.8607318957226 15
      vertex -2.4941313479296507 -19.743082556158107 15
      vertex -2.4941313479296507 -19.743082556158107 0
    endloop
  endfacet
  facet normal 0.15643446504023148 -0.9876883405951377 0
    outer loop
      vertex 2.4941313479296507 -19.743082556158107 0
      vertex 3.7288881602559236 -19.5475162895009 15
      vertex 2.4941313479296507 -19.743082556158107 15
    endloop
  endfacet
  facet normal 0 0 -1
    outer loop
      vertex 3.7288881602559236 -19.5475162895009 0
      vertex 4.352073025384953 -16.950205319751046 0
      vertex 4.948928754580603 -19.27480490645976 0
    endloop
  endfacet
  facet normal 0 0 -1
    outer loop
      vertex 3.7288881602559236 -19.5475162895009 0
      vertex 3.2791730052501844 -17.19002688775205 0
      vertex 4.352073025384953 -16.950205319751046 0
    endloop
  endfacet
  facet normal 0 0 -1
    outer loop
      vertex 4.948928754580603 -19.27480490645976 0
      vertex 4.352073025384953 -16.950205319751046 0
      vertex 5.407797401561579 -16.643489035165185 0
    endloop
  endfacet
  facet normal 0 0 -1
    outer loop
      vertex 4.948928754580603 -19.27480490645976 0
      vertex 5.407797401561579 -16.643489035165185 0
      vertex 6.149438188061453 -18.926024674273553 0
    endloop
  endfacet
  facet normal 0 0 -1
    outer loop
      vertex 6.149438188061453 -18.926024674273553 0
      vertex 6.442179671981871 -16.271088503044396 0
      vertex 7.325678598425099 -18.502552069176197 0
    endloop
  endfacet
  facet normal 0 0 -1
    outer loop
      vertex 6.149438188061453 -18.926024674273553 0
      vertex 5.407797401561579 -16.643489035165185 0
      vertex 6.442179671981871 -16.271088503044396 0
    endloop
  endfacet
  facet normal 0 0 -1
    outer loop
      vertex 7.325678598425099 -18.502552069176197 0
      vertex 6.442179671981871 -16.271088503044396 0
      vertex 7.451137602388767 -15.834473418155342 0
    endloop
  endfacet
  facet normal 0 0 -1
    outer loop
      vertex 7.325678598425099 -18.502552069176197 0
      vertex 7.451137602388767 -15.834473418155342 0
      vertex 8.473007902144941 -18.00605834407379 0
    endloop
  endfacet
  facet normal 0 0 -1
    outer loop
      vertex 8.473007902144941 -18.00605834407379 0
      vertex 7.451137602388767 -15.834473418155342 0
      vertex 8.430689296780018 -15.33536690076761 0
    endloop
  endfacet
  facet normal 0 0 -1
    outer loop
      vertex 8.473007902144941 -18.00605834407379 0
      vertex 8.430689296780018 -15.33536690076761 0
      vertex 9.376968912132433 -14.775738696285268 0
    endloop
  endfacet
  facet normal 0 0 -1
    outer loop
      vertex 8.473007902144941 -18.00605834407379 0
      vertex 9.376968912132433 -14.775738696285268 0
      vertex 9.586898114624136 -17.438502932872883 0
    endloop
  endfacet
  facet normal 0 0 -1
    outer loop
      vertex 9.586898114624136 -17.438502932872883 0
      vertex 10.28624191511828 -14.15779740156158 0
      vertex 10.662953220082024 -16.802125717490103 0
    endloop
  endfacet
  facet normal 0 0 -1
    outer loop
      vertex 9.586898114624136 -17.438502932872883 0
      vertex 9.376968912132433 -14.775738696285268 0
      vertex 10.28624191511828 -14.15779740156158 0
    endloop
  endfacet
  facet normal 0.21814324139654115 -0.9759167619387478 0
    outer loop
      vertex 3.7288881602559236 -19.5475162895009 0
      vertex 4.948928754580603 -19.27480490645976 0
      vertex 4.948928754580603 -19.27480490645976 15
    endloop
  endfacet
  facet normal 0.2789911060392312 -0.9602936856769425 0
    outer loop
      vertex 4.948928754580603 -19.27480490645976 0
      vertex 6.149438188061453 -18.926024674273553 0
      vertex 6.149438188061453 -18.926024674273553 15
    endloop
  endfacet
  facet normal 0.338737920245291 -0.9408807689542257 0
    outer loop
      vertex 6.149438188061453 -18.926024674273553 0
      vertex 7.325678598425099 -18.502552069176197 0
      vertex 7.325678598425099 -18.502552069176197 15
    endloop
  endfacet
  facet normal 0.3971478906347796 -0.9177546256839817 0
    outer loop
      vertex 7.325678598425099 -18.502552069176197 0
      vertex 8.473007902144941 -18.00605834407379 0
      vertex 8.473007902144941 -18.00605834407379 15
    endloop
  endfacet
  facet normal 0.45399049973954686 -0.8910065241883677 0
    outer loop
      vertex 8.473007902144941 -18.00605834407379 0
      vertex 9.586898114624136 -17.438502932872883 0
      vertex 9.586898114624136 -17.438502932872883 15
    endloop
  endfacet
  facet normal 0.5090414157503718 -0.8607420270039434 0
    outer loop
      vertex 9.586898114624136 -17.438502932872883 0
      vertex 10.662953220082024 -16.802125717490103 0
      vertex 10.662953220082024 -16.802125717490103 15
    endloop
  endfacet
  facet normal 0 0 -1
    outer loop
      vertex 10.662953220082024 -16.802125717490103 0
      vertex 10.28624191511828 -14.15779740156158 0
      vertex 11.154919820602075 -13.483981748576308 0
    endloop
  endfacet
  facet normal 0 0 -1
    outer loop
      vertex 10.662953220082024 -16.802125717490103 0
      vertex 11.154919820602075 -13.483981748576308 0
      vertex 11.696926520620215 -16.099438188061452 0
    endloop
  endfacet
  facet normal 0.56208337785213 -0.8270805742745623 0
    outer loop
      vertex 10.662953220082024 -16.802125717490103 0
      vertex 11.696926520620215 -16.099438188061452 0
      vertex 11.696926520620215 -16.099438188061452 15
    endloop
  endfacet
  facet normal 0.612907053652976 -0.7901550123756906 0
    outer loop
      vertex 11.696926520620215 -16.099438188061452 0
      vertex 12.68473739599893 -15.3332135312382 0
      vertex 12.68473739599893 -15.3332135312382 15
    endloop
  endfacet
  facet normal 0 0 -1
    outer loop
      vertex 11.696926520620215 -16.099438188061452 0
      vertex 11.154919820602075 -13.483981748576308 0
      vertex 11.97957435375205 -12.756950979874704 0
    endloop
  endfacet
  facet normal 0 0 -1
    outer loop
      vertex 11.696926520620215 -16.099438188061452 0
      vertex 11.97957435375205 -12.756950979874704 0
      vertex 12.68473739599893 -15.3332135312382 0
    endloop
  endfacet
  facet normal 0 0 -1
    outer loop
      vertex 12.68473739599893 -15.3332135312382 0
      vertex 11.97957435375205 -12.756950979874704 0
      vertex 12.756950979874704 -11.97957435375205 0
    endloop
  endfacet
  facet normal 0 0 -1
    outer loop
      vertex 12.68473739599893 -15.3332135312382 0
      vertex 13.483981748576308 -11.154919820602075 0
      vertex 13.6224874079809 -14.506475685686091 0
    endloop
  endfacet
  facet normal 0 0 -1
    outer loop
      vertex 12.68473739599893 -15.3332135312382 0
      vertex 12.756950979874704 -11.97957435375205 0
      vertex 13.483981748576308 -11.154919820602075 0
    endloop
  endfacet
  facet normal 0 0 -1
    outer loop
      vertex 13.6224874079809 -14.506475685686091 0
      vertex 14.15779740156158 -10.28624191511828 0
      vertex 14.506475685686091 -13.6224874079809 0
    endloop
  endfacet
  facet normal 0 0 -1
    outer loop
      vertex 13.6224874079809 -14.506475685686091 0
      vertex 13.483981748576308 -11.154919820602075 0
      vertex 14.15779740156158 -10.28624191511828 0
    endloop
  endfacet
  facet normal 0 0 -1
    outer loop
      vertex 14.506475685686091 -13.6224874079809 0
      vertex 14.775738696285268 -9.376968912132433 0
      vertex 15.3332135312382 -12.68473739599893 0
    endloop
  endfacet
  facet normal 0 0 -1
    outer loop
      vertex 14.506475685686091 -13.6224874079809 0
      vertex 14.15779740156158 -10.28624191511828 0
      vertex 14.775738696285268 -9.376968912132433 0
    endloop
  endfacet
  facet normal 0 0 -1
    outer loop
      vertex 15.3332135312382 -12.68473739599893 0
      vertex 14.775738696285268 -9.376968912132433 0
      vertex 15.33536690076761 -8.430689296780018 0
    endloop
  endfacet
  facet normal 0 0 -1
    outer loop
      vertex 15.3332135312382 -12.68473739599893 0
      vertex 15.834473418155342 -7.451137602388767 0
      vertex 16.099438188061452 -11.696926520620215 0
    endloop
  endfacet
  facet normal 0.6613118653236525 -0.750111069630459 0
    outer loop
      vertex 12.68473739599893 -15.3332135312382 0
      vertex 13.6224874079809 -14.506475685686091 0
      vertex 13.6224874079809 -14.506475685686091 15
    endloop
  endfacet
  facet normal 0.7071067811865475 -0.7071067811865475 0
    outer loop
      vertex 13.6224874079809 -14.506475685686091 0
      vertex 14.506475685686091 -13.6224874079809 0
      vertex 13.6224874079809 -14.506475685686091 15
    endloop
  endfacet
  facet normal 0.750111069630459 -0.6613118653236525 0
    outer loop
      vertex 14.506475685686091 -13.6224874079809 0
      vertex 15.3332135312382 -12.68473739599893 0
      vertex 14.506475685686091 -13.6224874079809 15
    endloop
  endfacet
  facet normal 0.7901550123756906 -0.612907053652976 0
    outer loop
      vertex 15.3332135312382 -12.68473739599893 0
      vertex 16.099438188061452 -11.696926520620215 0
      vertex 15.3332135312382 -12.68473739599893 15
    endloop
  endfacet
  facet normal 0.8270805742745623 -0.56208337785213 0
    outer loop
      vertex 16.099438188061452 -11.696926520620215 0
      vertex 16.802125717490103 -10.662953220082024 0
      vertex 16.099438188061452 -11.696926520620215 15
    endloop
  endfacet
  facet normal 0.8607420270039434 -0.5090414157503718 0
    outer loop
      vertex 16.802125717490103 -10.662953220082024 0
      vertex 17.438502932872883 -9.586898114624136 0
      vertex 16.802125717490103 -10.662953220082024 15
    endloop
  endfacet
  facet normal 0.21814324139654115 -0.9759167619387478 0
    outer loop
      vertex 3.7288881602559236 -19.5475162895009 0
      vertex 4.948928754580603 -19.27480490645976 15
      vertex 3.7288881602559236 -19.5475162895009 15
    endloop
  endfacet
  facet normal 0.2789911060392312 -0.9602936856769425 0
    outer loop
      vertex 4.948928754580603 -19.27480490645976 0
      vertex 6.149438188061453 -18.926024674273553 15
      vertex 4.948928754580603 -19.27480490645976 15
    endloop
  endfacet
  facet normal 0.338737920245291 -0.9408807689542257 0
    outer loop
      vertex 6.149438188061453 -18.926024674273553 0
      vertex 7.325678598425099 -18.502552069176197 15
      vertex 6.149438188061453 -18.926024674273553 15
    endloop
  endfacet
  facet normal 0.3971478906347796 -0.9177546256839817 0
    outer loop
      vertex 7.325678598425099 -18.502552069176197 0
      vertex 8.473007902144941 -18.00605834407379 15
      vertex 7.325678598425099 -18.502552069176197 15
    endloop
  endfacet
  facet normal 0.45399049973954686 -0.8910065241883677 0
    outer loop
      vertex 8.473007902144941 -18.00605834407379 0
      vertex 9.586898114624136 -17.438502932872883 15
      vertex 8.473007902144941 -18.00605834407379 15
    endloop
  endfacet
  facet normal 0.5090414157503718 -0.8607420270039434 0
    outer loop
      vertex 9.586898114624136 -17.438502932872883 0
      vertex 10.662953220082024 -16.802125717490103 15
      vertex 9.586898114624136 -17.438502932872883 15
    endloop
  endfacet
  facet normal 0.56208337785213 -0.8270805742745623 0
    outer loop
      vertex 10.662953220082024 -16.802125717490103 0
      vertex 11.696926520620215 -16.099438188061452 15
      vertex 10.662953220082024 -16.802125717490103 15
    endloop
  endfacet
  facet normal 0.612907053652976 -0.7901550123756906 0
    outer loop
      vertex 11.696926520620215 -16.099438188061452 0
      vertex 12.68473739599893 -15.3332135312382 15
      vertex 11.696926520620215 -16.099438188061452 15
    endloop
  endfacet
  facet normal 0.6613118653236525 -0.750111069630459 0
    outer loop
      vertex 12.68473739599893 -15.3332135312382 0
      vertex 13.6224874079809 -14.506475685686091 15
      vertex 12.68473739599893 -15.3332135312382 15
    endloop
  endfacet
  facet normal 0.7071067811865475 -0.7071067811865475 0
    outer loop
      vertex 14.506475685686091 -13.6224874079809 0
      vertex 14.506475685686091 -13.6224874079809 15
      vertex 13.6224874079809 -14.506475685686091 15
    endloop
  endfacet
  facet normal 0.750111069630459 -0.6613118653236525 0
    outer loop
      vertex 15.3332135312382 -12.68473739599893 0
      vertex 15.3332135312382 -12.68473739599893 15
      vertex 14.506475685686091 -13.6224874079809 15
    endloop
  endfacet
  facet normal 0.7901550123756906 -0.612907053652976 0
    outer loop
      vertex 16.099438188061452 -11.696926520620215 0
      vertex 16.099438188061452 -11.696926520620215 15
      vertex 15.3332135312382 -12.68473739599893 15
    endloop
  endfacet
  facet normal 0.8270805742745623 -0.56208337785213 0
    outer loop
      vertex 16.802125717490103 -10.662953220082024 0
      vertex 16.802125717490103 -10.662953220082024 15
      vertex 16.099438188061452 -11.696926520620215 15
    endloop
  endfacet
  facet normal 0.8607420270039434 -0.5090414157503718 0
    outer loop
      vertex 16.802125717490103 -10.662953220082024 15
      vertex 17.438502932872883 -9.586898114624136 0
      vertex 17.438502932872883 -9.586898114624136 15
    endloop
  endfacet
  facet normal 0 0 -1
    outer loop
      vertex 15.3332135312382 -12.68473739599893 0
      vertex 15.33536690076761 -8.430689296780018 0
      vertex 15.834473418155342 -7.451137602388767 0
    endloop
  endfacet
  facet normal 0 0 -1
    outer loop
      vertex 16.099438188061452 -11.696926520620215 0
      vertex 15.834473418155342 -7.451137602388767 0
      vertex 16.271088503044396 -6.442179671981871 0
    endloop
  endfacet
  facet normal 0 0 -1
    outer loop
      vertex 16.099438188061452 -11.696926520620215 0
      vertex 16.271088503044396 -6.442179671981871 0
      vertex 16.802125717490103 -10.662953220082024 0
    endloop
  endfacet
  facet normal 0 0 -1
    outer loop
      vertex 16.802125717490103 -10.662953220082024 0
      vertex 16.271088503044396 -6.442179671981871 0
      vertex 16.643489035165185 -5.407797401561579 0
    endloop
  endfacet
  facet normal 0 0 -1
    outer loop
      vertex 16.802125717490103 -10.662953220082024 0
      vertex 17.19002688775205 -3.2791730052501844 0
      vertex 17.438502932872883 -9.586898114624136 0
    endloop
  endfacet
  facet normal 0 0 -1
    outer loop
      vertex 16.802125717490103 -10.662953220082024 0
      vertex 16.643489035165185 -5.407797401561579 0
      vertex 16.950205319751046 -4.352073025384953 0
    endloop
  endfacet
  facet normal 0 0 -1
    outer loop
      vertex 16.802125717490103 -10.662953220082024 0
      vertex 16.950205319751046 -4.352073025384953 0
      vertex 17.19002688775205 -3.2791730052501844 0
    endloop
  endfacet
  facet normal 0 0 -1
    outer loop
      vertex 17.438502932872883 -9.586898114624136 0
      vertex 17.19002688775205 -3.2791730052501844 0
      vertex 17.362007273003364 -2.193331587375321 0
    endloop
  endfacet
  facet normal 0.8910065241883677 -0.45399049973954686 0
    outer loop
      vertex 17.438502932872883 -9.586898114624136 0
      vertex 18.00605834407379 -8.473007902144941 0
      vertex 17.438502932872883 -9.586898114624136 15
    endloop
  endfacet
  facet normal 0 0 -1
    outer loop
      vertex 17.438502932872883 -9.586898114624136 0
      vertex 17.362007273003364 -2.193331587375321 0
      vertex 17.465467747494753 -1.0988340917629908 0
    endloop
  endfacet
  facet normal 0 0 -1
    outer loop
      vertex 17.438502932872883 -9.586898114624136 0
      vertex 18.00605834407379 8.473007902144944 0
      vertex 18.00605834407379 -8.473007902144941 0
    endloop
  endfacet
  facet normal 0 0 -1
    outer loop
      vertex 17.438502932872883 -9.586898114624136 0
      vertex 17.465467747494753 -1.0988340917629908 0
      vertex 18.00605834407379 8.473007902144944 0
    endloop
  endfacet
  facet normal 0.8910065241883677 -0.45399049973954686 0
    outer loop
      vertex 18.00605834407379 -8.473007902144941 0
      vertex 18.00605834407379 -8.473007902144941 15
      vertex 17.438502932872883 -9.586898114624136 15
    endloop
  endfacet
  facet normal 0.9177546256839817 -0.3971478906347796 0
    outer loop
      vertex 18.00605834407379 -8.473007902144941 0
      vertex 18.502552069176197 -7.325678598425099 0
      vertex 18.00605834407379 -8.473007902144941 15
    endloop
  endfacet
  facet normal 0.9408807689542257 -0.338737920245291 0
    outer loop
      vertex 18.502552069176197 -7.325678598425099 0
      vertex 18.926024674273553 -6.149438188061453 0
      vertex 18.502552069176197 -7.325678598425099 15
    endloop
  endfacet
  facet normal 0.9602936856769425 -0.2789911060392312 0
    outer loop
      vertex 18.926024674273553 -6.149438188061453 0
      vertex 19.27480490645976 -4.948928754580603 0
      vertex 18.926024674273553 -6.149438188061453 15
    endloop
  endfacet
  facet normal 0 0 -1
    outer loop
      vertex 18.00605834407379 -8.473007902144941 0
      vertex 18.5025520691762 7.325678598425092 0
      vertex 18.502552069176197 -7.325678598425099 0
    endloop
  endfacet
  facet normal 0 0 -1
    outer loop
      vertex 18.502552069176197 -7.325678598425099 0
      vertex 18.926024674273553 6.149438188061453 0
      vertex 18.926024674273553 -6.149438188061453 0
    endloop
  endfacet
  facet normal 0 0 -1
    outer loop
      vertex 18.926024674273553 -6.149438188061453 0
      vertex 19.274804906459757 4.94892875458061 0
      vertex 19.27480490645976 -4.948928754580603 0
    endloop
  endfacet
  facet normal 0 0 -1
    outer loop
      vertex 19.27480490645976 -4.948928754580603 0
      vertex 19.547516289500905 3.7288881602559196 0
      vertex 19.5475162895009 -3.7288881602559236 0
    endloop
  endfacet
  facet normal 0 0 -1
    outer loop
      vertex 19.5475162895009 -3.7288881602559236 0
      vertex 19.743082556158107 2.4941313479296547 0
      vertex 19.743082556158107 -2.4941313479296507 0
    endloop
  endfacet
  facet normal 0 0 -1
    outer loop
      vertex 19.743082556158107 -2.4941313479296507 0
      vertex 19.8607318957226 1.249531338633336 0
      vertex 19.8607318957226 -1.2495313386333438 0
    endloop
  endfacet
  facet normal 0.9759167619387478 -0.21814324139654115 0
    outer loop
      vertex 19.27480490645976 -4.948928754580603 0
      vertex 19.5475162895009 -3.7288881602559236 0
      vertex 19.27480490645976 -4.948928754580603 15
    endloop
  endfacet
  facet normal 0.9876883405951377 -0.15643446504023148 0
    outer loop
      vertex 19.5475162895009 -3.7288881602559236 0
      vertex 19.743082556158107 -2.4941313479296507 0
      vertex 19.5475162895009 -3.7288881602559236 15
    endloop
  endfacet
  facet normal 0.9955619646030801 -0.09410831331851416 0
    outer loop
      vertex 19.743082556158107 -2.4941313479296507 0
      vertex 19.8607318957226 -1.2495313386333438 0
      vertex 19.743082556158107 -2.4941313479296507 15
    endloop
  endfacet
  facet normal 0.9995065603657315 -0.03141075907812916 0
    outer loop
      vertex 19.8607318957226 -1.2495313386333438 0
      vertex 19.9 0 0
      vertex 19.8607318957226 -1.2495313386333438 15
    endloop
  endfacet
  facet normal 0.9177546256839817 -0.3971478906347796 0
    outer loop
      vertex 18.00605834407379 -8.473007902144941 15
      vertex 18.502552069176197 -7.325678598425099 0
      vertex 18.502552069176197 -7.325678598425099 15
    endloop
  endfacet
  facet normal 0.9408807689542257 -0.338737920245291 0
    outer loop
      vertex 18.926024674273553 -6.149438188061453 0
      vertex 18.926024674273553 -6.149438188061453 15
      vertex 18.502552069176197 -7.325678598425099 15
    endloop
  endfacet
  facet normal 0.9602936856769425 -0.2789911060392312 0
    outer loop
      vertex 19.27480490645976 -4.948928754580603 0
      vertex 19.27480490645976 -4.948928754580603 15
      vertex 18.926024674273553 -6.149438188061453 15
    endloop
  endfacet
  facet normal 0.9759167619387478 -0.21814324139654115 0
    outer loop
      vertex 19.5475162895009 -3.7288881602559236 0
      vertex 19.5475162895009 -3.7288881602559236 15
      vertex 19.27480490645976 -4.948928754580603 15
    endloop
  endfacet
  facet normal 0.9876883405951377 -0.15643446504023148 0
    outer loop
      vertex 19.743082556158107 -2.4941313479296507 0
      vertex 19.743082556158107 -2.4941313479296507 15
      vertex 19.5475162895009 -3.7288881602559236 15
    endloop
  endfacet
  facet normal 0.9955619646030801 -0.09410831331851416 0
    outer loop
      vertex 19.8607318957226 -1.2495313386333438 0
      vertex 19.8607318957226 -1.2495313386333438 15
      vertex 19.743082556158107 -2.4941313479296507 15
    endloop
  endfacet
  facet normal 0.9995065603657315 -0.03141075907812916 0
    outer loop
      vertex 19.8607318957226 -1.2495313386333438 15
      vertex 19.9 0 0
      vertex 19.9 0 15
    endloop
  endfacet
  facet normal 0 0 -1
    outer loop
      vertex -9.586898114624132 17.438502932872883 0
      vertex -9.376968912132444 14.775738696285261 0
      vertex -10.28624191511828 14.15779740156158 0
    endloop
  endfacet
  facet normal 0 0 -1
    outer loop
      vertex -10.662953220082034 16.802125717490096 0
      vertex -9.586898114624132 17.438502932872883 0
      vertex -10.28624191511828 14.15779740156158 0
    endloop
  endfacet
  facet normal 0 0 -1
    outer loop
      vertex -9.586898114624132 17.438502932872883 0
      vertex -8.473007902144946 18.006058344073786 0
      vertex -9.376968912132444 14.775738696285261 0
    endloop
  endfacet
  facet normal 0 0 -1
    outer loop
      vertex -8.473007902144946 18.006058344073786 0
      vertex -8.430689296780017 15.335366900767612 0
      vertex -9.376968912132444 14.775738696285261 0
    endloop
  endfacet
  facet normal 0 0 -1
    outer loop
      vertex -8.473007902144946 18.006058344073786 0
      vertex -7.451137602388773 15.83447341815534 0
      vertex -8.430689296780017 15.335366900767612 0
    endloop
  endfacet
  facet normal 0 0 -1
    outer loop
      vertex -7.325678598425089 18.502552069176204 0
      vertex -6.4421796719818625 16.2710885030444 0
      vertex -7.451137602388773 15.83447341815534 0
    endloop
  endfacet
  facet normal 0 0 -1
    outer loop
      vertex -8.473007902144946 18.006058344073786 0
      vertex -7.325678598425089 18.502552069176204 0
      vertex -7.451137602388773 15.83447341815534 0
    endloop
  endfacet
  facet normal 0 0 -1
    outer loop
      vertex -6.149438188061453 18.926024674273553 0
      vertex -5.407797401561579 16.643489035165185 0
      vertex -6.4421796719818625 16.2710885030444 0
    endloop
  endfacet
  facet normal 0 0 -1
    outer loop
      vertex -7.325678598425089 18.502552069176204 0
      vertex -6.149438188061453 18.926024674273553 0
      vertex -6.4421796719818625 16.2710885030444 0
    endloop
  endfacet
  facet normal 0 0 -1
    outer loop
      vertex -6.149438188061453 18.926024674273553 0
      vertex -4.948928754580611 19.274804906459757 0
      vertex -5.407797401561579 16.643489035165185 0
    endloop
  endfacet
  facet normal 0 0 -1
    outer loop
      vertex -4.948928754580611 19.274804906459757 0
      vertex -4.35207302538496 16.950205319751042 0
      vertex -5.407797401561579 16.643489035165185 0
    endloop
  endfacet
  facet normal 0 0 -1
    outer loop
      vertex -3.7288881602559187 19.547516289500905 0
      vertex -3.27917300525018 17.19002688775205 0
      vertex -4.35207302538496 16.950205319751042 0
    endloop
  endfacet
  facet normal 0 0 -1
    outer loop
      vertex -4.948928754580611 19.274804906459757 0
      vertex -3.7288881602559187 19.547516289500905 0
      vertex -4.35207302538496 16.950205319751042 0
    endloop
  endfacet
  facet normal -0.509041415750371 0.8607420270039439 0
    outer loop
      vertex -10.662953220082034 16.802125717490096 0
      vertex -10.662953220082034 16.802125717490096 15
      vertex -9.586898114624132 17.438502932872883 0
    endloop
  endfacet
  facet normal -0.4539904997395475 0.8910065241883676 0
    outer loop
      vertex -9.586898114624132 17.438502932872883 0
      vertex -9.586898114624132 17.438502932872883 15
      vertex -8.473007902144946 18.006058344073786 0
    endloop
  endfacet
  facet normal -0.39714789063478234 0.9177546256839805 0
    outer loop
      vertex -8.473007902144946 18.006058344073786 0
      vertex -8.473007902144946 18.006058344073786 15
      vertex -7.325678598425089 18.502552069176204 0
    endloop
  endfacet
  facet normal -0.3387379202452885 0.9408807689542267 0
    outer loop
      vertex -7.325678598425089 18.502552069176204 0
      vertex -7.325678598425089 18.502552069176204 15
      vertex -6.149438188061453 18.926024674273553 0
    endloop
  endfacet
  facet normal -0.27899110603923033 0.9602936856769427 0
    outer loop
      vertex -6.149438188061453 18.926024674273553 0
      vertex -6.149438188061453 18.926024674273553 15
      vertex -4.948928754580611 19.274804906459757 0
    endloop
  endfacet
  facet normal -0.21814324139654434 0.975916761938747 0
    outer loop
      vertex -4.948928754580611 19.274804906459757 0
      vertex -4.948928754580611 19.274804906459757 15
      vertex -3.7288881602559187 19.547516289500905 0
    endloop
  endfacet
  facet normal 0 0 -1
    outer loop
      vertex -2.494131347929655 19.743082556158107 0
      vertex -2.193331587375325 17.362007273003364 0
      vertex -3.27917300525018 17.19002688775205 0
    endloop
  endfacet
  facet normal 0 0 -1
    outer loop
      vertex -3.7288881602559187 19.547516289500905 0
      vertex -2.494131347929655 19.743082556158107 0
      vertex -3.27917300525018 17.19002688775205 0
    endloop
  endfacet
  facet normal 0 0 -1
    outer loop
      vertex -2.494131347929655 19.743082556158107 0
      vertex -1.2495313386333342 19.8607318957226 0
      vertex -2.193331587375325 17.362007273003364 0
    endloop
  endfacet
  facet normal 0 0 -1
    outer loop
      vertex -1.2495313386333342 19.8607318957226 0
      vertex -1.0988340917629824 17.465467747494753 0
      vertex -2.193331587375325 17.362007273003364 0
    endloop
  endfacet
  facet normal 0 0 -1
    outer loop
      vertex 0 19.9 0
      vertex 0 17.5 0
      vertex -1.0988340917629824 17.465467747494753 0
    endloop
  endfacet
  facet normal 0 0 -1
    outer loop
      vertex -1.2495313386333342 19.8607318957226 0
      vertex 0 19.9 0
      vertex -1.0988340917629824 17.465467747494753 0
    endloop
  endfacet
  facet normal 0 0 -1
    outer loop
      vertex 1.2495313386333342 19.8607318957226 0
      vertex 1.0988340917629824 17.465467747494753 0
      vertex 0 17.5 0
    endloop
  endfacet
  facet normal 0 0 -1
    outer loop
      vertex 0 19.9 0
      vertex 1.2495313386333342 19.8607318957226 0
      vertex 0 17.5 0
    endloop
  endfacet
  facet normal 0 0 -1
    outer loop
      vertex 2.494131347929655 19.743082556158107 0
      vertex 1.0988340917629824 17.465467747494753 0
      vertex 1.2495313386333342 19.8607318957226 0
    endloop
  endfacet
  facet normal 0 0 -1
    outer loop
      vertex 2.494131347929655 19.743082556158107 0
      vertex 2.193331587375325 17.362007273003364 0
      vertex 1.0988340917629824 17.465467747494753 0
    endloop
  endfacet
  facet normal 0 0 -1
    outer loop
      vertex 3.7288881602559187 19.547516289500905 0
      vertex 3.27917300525018 17.19002688775205 0
      vertex 2.193331587375325 17.362007273003364 0
    endloop
  endfacet
  facet normal 0 0 -1
    outer loop
      vertex 2.494131347929655 19.743082556158107 0
      vertex 3.7288881602559187 19.547516289500905 0
      vertex 2.193331587375325 17.362007273003364 0
    endloop
  endfacet
  facet normal -0.15643446504022984 0.9876883405951378 0
    outer loop
      vertex -3.7288881602559187 19.547516289500905 0
      vertex -3.7288881602559187 19.547516289500905 15
      vertex -2.494131347929655 19.743082556158107 0
    endloop
  endfacet
  facet normal -0.0941083133185131 0.9955619646030801 0
    outer loop
      vertex -2.494131347929655 19.743082556158107 0
      vertex -2.494131347929655 19.743082556158107 15
      vertex -1.2495313386333342 19.8607318957226 0
    endloop
  endfacet
  facet normal 0.15643446504022984 0.9876883405951378 0
    outer loop
      vertex 2.494131347929655 19.743082556158107 0
      vertex 2.494131347929655 19.743082556158107 15
      vertex 3.7288881602559187 19.547516289500905 0
    endloop
  endfacet
  facet normal -0.509041415750371 0.8607420270039439 0
    outer loop
      vertex -10.662953220082034 16.802125717490096 15
      vertex -9.586898114624132 17.438502932872883 15
      vertex -9.586898114624132 17.438502932872883 0
    endloop
  endfacet
  facet normal -0.4539904997395475 0.8910065241883676 0
    outer loop
      vertex -8.473007902144946 18.006058344073786 0
      vertex -9.586898114624132 17.438502932872883 15
      vertex -8.473007902144946 18.006058344073786 15
    endloop
  endfacet
  facet normal -0.39714789063478234 0.9177546256839805 0
    outer loop
      vertex -7.325678598425089 18.502552069176204 0
      vertex -8.473007902144946 18.006058344073786 15
      vertex -7.325678598425089 18.502552069176204 15
    endloop
  endfacet
  facet normal -0.3387379202452885 0.9408807689542267 0
    outer loop
      vertex -6.149438188061453 18.926024674273553 0
      vertex -7.325678598425089 18.502552069176204 15
      vertex -6.149438188061453 18.926024674273553 15
    endloop
  endfacet
  facet normal -0.27899110603923033 0.9602936856769427 0
    outer loop
      vertex -4.948928754580611 19.274804906459757 0
      vertex -6.149438188061453 18.926024674273553 15
      vertex -4.948928754580611 19.274804906459757 15
    endloop
  endfacet
  facet normal -0.21814324139654434 0.975916761938747 0
    outer loop
      vertex -3.7288881602559187 19.547516289500905 0
      vertex -4.948928754580611 19.274804906459757 15
      vertex -3.7288881602559187 19.547516289500905 15
    endloop
  endfacet
  facet normal -0.15643446504022984 0.9876883405951378 0
    outer loop
      vertex -2.494131347929655 19.743082556158107 0
      vertex -3.7288881602559187 19.547516289500905 15
      vertex -2.494131347929655 19.743082556158107 15
    endloop
  endfacet
  facet normal 0.0941083133185131 0.9955619646030801 0
    outer loop
      vertex 2.494131347929655 19.743082556158107 0
      vertex 1.2495313386333342 19.8607318957226 15
      vertex 2.494131347929655 19.743082556158107 15
    endloop
  endfacet
  facet normal 0.15643446504022984 0.9876883405951378 0
    outer loop
      vertex 2.494131347929655 19.743082556158107 15
      vertex 3.7288881602559187 19.547516289500905 15
      vertex 3.7288881602559187 19.547516289500905 0
    endloop
  endfacet
  facet normal 0 0 -1
    outer loop
      vertex 18.00605834407379 8.473007902144944 0
      vertex 17.465467747494753 -1.0988340917629908 0
      vertex 17.5 0 0
    endloop
  endfacet
  facet normal 0 0 -1
    outer loop
      vertex 18.00605834407379 8.473007902144944 0
      vertex 17.5 0 0
      vertex 17.465467747494753 1.098834091762984 0
    endloop
  endfacet
  facet normal 0 0 -1
    outer loop
      vertex 18.00605834407379 8.473007902144944 0
      vertex 17.465467747494753 1.098834091762984 0
      vertex 17.362007273003364 2.1933315873753245 0
    endloop
  endfacet
  facet normal 0 0 -1
    outer loop
      vertex 17.438502932872883 9.586898114624134 0
      vertex 17.362007273003364 2.1933315873753245 0
      vertex 17.19002688775205 3.279173005250181 0
    endloop
  endfacet
  facet normal 0 0 -1
    outer loop
      vertex 17.438502932872883 9.586898114624134 0
      vertex 17.19002688775205 3.279173005250181 0
      vertex 16.950205319751042 4.352073025384959 0
    endloop
  endfacet
  facet normal 0 0 -1
    outer loop
      vertex 17.438502932872883 9.586898114624134 0
      vertex 16.950205319751042 4.352073025384959 0
      vertex 16.643489035165185 5.407797401561579 0
    endloop
  endfacet
  facet normal 0 0 -1
    outer loop
      vertex 18.00605834407379 8.473007902144944 0
      vertex 17.362007273003364 2.1933315873753245 0
      vertex 17.438502932872883 9.586898114624134 0
    endloop
  endfacet
  facet normal 0 0 -1
    outer loop
      vertex 16.099438188061452 11.696926520620215 0
      vertex 15.834473418155342 7.451137602388772 0
      vertex 15.335366900767612 8.430689296780018 0
    endloop
  endfacet
  facet normal 0 0 -1
    outer loop
      vertex 16.099438188061452 11.696926520620215 0
      vertex 15.335366900767612 8.430689296780018 0
      vertex 14.775738696285265 9.376968912132442 0
    endloop
  endfacet
  facet normal 0 0 -1
    outer loop
      vertex 16.8021257174901 10.662953220082033 0
      vertex 16.643489035165185 5.407797401561579 0
      vertex 16.2710885030444 6.442179671981864 0
    endloop
  endfacet
  facet normal 0 0 -1
    outer loop
      vertex 16.8021257174901 10.662953220082033 0
      vertex 16.2710885030444 6.442179671981864 0
      vertex 15.834473418155342 7.451137602388772 0
    endloop
  endfacet
  facet normal 0 0 -1
    outer loop
      vertex 17.438502932872883 9.586898114624134 0
      vertex 16.643489035165185 5.407797401561579 0
      vertex 16.8021257174901 10.662953220082033 0
    endloop
  endfacet
  facet normal 0.8910065241883669 0.45399049973954864 0
    outer loop
      vertex 18.00605834407379 8.473007902144944 0
      vertex 17.438502932872883 9.586898114624134 0
      vertex 18.00605834407379 8.473007902144944 15
    endloop
  endfacet
  facet normal 0.8910065241883669 0.45399049973954864 0
    outer loop
      vertex 17.438502932872883 9.586898114624134 0
      vertex 17.438502932872883 9.586898114624134 15
      vertex 18.00605834407379 8.473007902144944 15
    endloop
  endfacet
  facet normal 0 0 -1
    outer loop
      vertex 7.325678598425089 18.502552069176204 0
      vertex 6.4421796719818625 16.2710885030444 0
      vertex 5.407797401561579 16.643489035165185 0
    endloop
  endfacet
  facet normal 0 0 -1
    outer loop
      vertex 4.948928754580611 19.274804906459757 0
      vertex 4.35207302538496 16.950205319751042 0
      vertex 3.27917300525018 17.19002688775205 0
    endloop
  endfacet
  facet normal 0 0 -1
    outer loop
      vertex 6.149438188061453 18.926024674273553 0
      vertex 5.407797401561579 16.643489035165185 0
      vertex 4.35207302538496 16.950205319751042 0
    endloop
  endfacet
  facet normal 0 0 -1
    outer loop
      vertex 4.948928754580611 19.274804906459757 0
      vertex 6.149438188061453 18.926024674273553 0
      vertex 4.35207302538496 16.950205319751042 0
    endloop
  endfacet
  facet normal 0 0 -1
    outer loop
      vertex 3.7288881602559187 19.547516289500905 0
      vertex 4.948928754580611 19.274804906459757 0
      vertex 3.27917300525018 17.19002688775205 0
    endloop
  endfacet
  facet normal 0 0 -1
    outer loop
      vertex 6.149438188061453 18.926024674273553 0
      vertex 7.325678598425089 18.502552069176204 0
      vertex 5.407797401561579 16.643489035165185 0
    endloop
  endfacet
  facet normal 0 0 -1
    outer loop
      vertex 8.473007902144946 18.006058344073786 0
      vertex 7.451137602388773 15.83447341815534 0
      vertex 6.4421796719818625 16.2710885030444 0
    endloop
  endfacet
  facet normal 0 0 -1
    outer loop
      vertex 8.473007902144946 18.006058344073786 0
      vertex 8.430689296780017 15.335366900767612 0
      vertex 7.451137602388773 15.83447341815534 0
    endloop
  endfacet
  facet normal 0 0 -1
    outer loop
      vertex 8.473007902144946 18.006058344073786 0
      vertex 9.586898114624132 17.438502932872883 0
      vertex 8.430689296780017 15.335366900767612 0
    endloop
  endfacet
  facet normal 0 0 -1
    outer loop
      vertex 9.586898114624132 17.438502932872883 0
      vertex 9.376968912132442 14.775738696285265 0
      vertex 8.430689296780017 15.335366900767612 0
    endloop
  endfacet
  facet normal 0 0 -1
    outer loop
      vertex 10.662953220082033 16.8021257174901 0
      vertex 10.28624191511828 14.15779740156158 0
      vertex 9.376968912132442 14.775738696285265 0
    endloop
  endfacet
  facet normal 0 0 -1
    outer loop
      vertex 10.662953220082033 16.8021257174901 0
      vertex 9.376968912132442 14.775738696285265 0
      vertex 9.586898114624132 17.438502932872883 0
    endloop
  endfacet
  facet normal 0 0 -1
    outer loop
      vertex 7.325678598425089 18.502552069176204 0
      vertex 8.473007902144946 18.006058344073786 0
      vertex 6.4421796719818625 16.2710885030444 0
    endloop
  endfacet
  facet normal 0.21814324139654434 0.975916761938747 0
    outer loop
      vertex 3.7288881602559187 19.547516289500905 0
      vertex 3.7288881602559187 19.547516289500905 15
      vertex 4.948928754580611 19.274804906459757 0
    endloop
  endfacet
  facet normal 0.27899110603923033 0.9602936856769427 0
    outer loop
      vertex 4.948928754580611 19.274804906459757 0
      vertex 4.948928754580611 19.274804906459757 15
      vertex 6.149438188061453 18.926024674273553 0
    endloop
  endfacet
  facet normal 0.3387379202452885 0.9408807689542267 0
    outer loop
      vertex 6.149438188061453 18.926024674273553 0
      vertex 6.149438188061453 18.926024674273553 15
      vertex 7.325678598425089 18.502552069176204 0
    endloop
  endfacet
  facet normal 0.5090414157503694 0.8607420270039446 0
    outer loop
      vertex 10.662953220082033 16.8021257174901 0
      vertex 9.586898114624132 17.438502932872883 0
      vertex 9.586898114624132 17.438502932872883 15
    endloop
  endfacet
  facet normal 0.39714789063478234 0.9177546256839805 0
    outer loop
      vertex 7.325678598425089 18.502552069176204 0
      vertex 7.325678598425089 18.502552069176204 15
      vertex 8.473007902144946 18.006058344073786 0
    endloop
  endfacet
  facet normal 0.4539904997395475 0.8910065241883676 0
    outer loop
      vertex 8.473007902144946 18.006058344073786 0
      vertex 8.473007902144946 18.006058344073786 15
      vertex 9.586898114624132 17.438502932872883 0
    endloop
  endfacet
  facet normal 0 0 -1
    outer loop
      vertex 14.50647568568609 13.622487407980906 0
      vertex 14.15779740156158 10.28624191511828 0
      vertex 13.48398174857631 11.154919820602071 0
    endloop
  endfacet
  facet normal 0 0 -1
    outer loop
      vertex 11.696926520620215 16.099438188061452 0
      vertex 11.154919820602071 13.48398174857631 0
      vertex 10.28624191511828 14.15779740156158 0
    endloop
  endfacet
  facet normal 0 0 -1
    outer loop
      vertex 12.684737395998924 15.333213531238203 0
      vertex 11.979574353752053 12.756950979874702 0
      vertex 11.154919820602071 13.48398174857631 0
    endloop
  endfacet
  facet normal 0 0 -1
    outer loop
      vertex 13.622487407980906 14.50647568568609 0
      vertex 13.48398174857631 11.154919820602071 0
      vertex 12.756950979874702 11.979574353752053 0
    endloop
  endfacet
  facet normal 0 0 -1
    outer loop
      vertex 13.622487407980906 14.50647568568609 0
      vertex 12.756950979874702 11.979574353752053 0
      vertex 11.979574353752053 12.756950979874702 0
    endloop
  endfacet
  facet normal 0 0 -1
    outer loop
      vertex 13.622487407980906 14.50647568568609 0
      vertex 14.50647568568609 13.622487407980906 0
      vertex 13.48398174857631 11.154919820602071 0
    endloop
  endfacet
  facet normal 0 0 -1
    outer loop
      vertex 13.622487407980906 14.50647568568609 0
      vertex 11.979574353752053 12.756950979874702 0
      vertex 12.684737395998924 15.333213531238203 0
    endloop
  endfacet
  facet normal 0 0 -1
    outer loop
      vertex 15.333213531238203 12.684737395998924 0
      vertex 14.775738696285265 9.376968912132442 0
      vertex 14.15779740156158 10.28624191511828 0
    endloop
  endfacet
  facet normal 0 0 -1
    outer loop
      vertex 15.333213531238203 12.684737395998924 0
      vertex 14.15779740156158 10.28624191511828 0
      vertex 14.50647568568609 13.622487407980906 0
    endloop
  endfacet
  facet normal 0 0 -1
    outer loop
      vertex 16.099438188061452 11.696926520620215 0
      vertex 14.775738696285265 9.376968912132442 0
      vertex 15.333213531238203 12.684737395998924 0
    endloop
  endfacet
  facet normal 0 0 -1
    outer loop
      vertex 16.099438188061452 11.696926520620215 0
      vertex 16.8021257174901 10.662953220082033 0
      vertex 15.834473418155342 7.451137602388772 0
    endloop
  endfacet
  facet normal 0.7071067811865476 0.7071067811865476 0
    outer loop
      vertex 13.622487407980906 14.50647568568609 0
      vertex 14.50647568568609 13.622487407980906 15
      vertex 14.50647568568609 13.622487407980906 0
    endloop
  endfacet
  facet normal 0.7901550123756899 0.6129070536529774 0
    outer loop
      vertex 16.099438188061452 11.696926520620215 0
      vertex 15.333213531238203 12.684737395998924 0
      vertex 16.099438188061452 11.696926520620215 15
    endloop
  endfacet
  facet normal 0.8270805742745613 0.5620833778521314 0
    outer loop
      vertex 16.099438188061452 11.696926520620215 0
      vertex 16.8021257174901 10.662953220082033 15
      vertex 16.8021257174901 10.662953220082033 0
    endloop
  endfacet
  facet normal 0.8607420270039445 0.5090414157503701 0
    outer loop
      vertex 17.438502932872883 9.586898114624134 0
      vertex 16.8021257174901 10.662953220082033 0
      vertex 17.438502932872883 9.586898114624134 15
    endloop
  endfacet
  facet normal 0.7501110696304614 0.6613118653236498 0
    outer loop
      vertex 15.333213531238203 12.684737395998924 0
      vertex 14.50647568568609 13.622487407980906 0
      vertex 15.333213531238203 12.684737395998924 15
    endloop
  endfacet
  facet normal 0 0 -1
    outer loop
      vertex 10.662953220082033 16.8021257174901 0
      vertex 11.696926520620215 16.099438188061452 0
      vertex 10.28624191511828 14.15779740156158 0
    endloop
  endfacet
  facet normal 0 0 -1
    outer loop
      vertex 11.696926520620215 16.099438188061452 0
      vertex 12.684737395998924 15.333213531238203 0
      vertex 11.154919820602071 13.48398174857631 0
    endloop
  endfacet
  facet normal 0.6129070536529774 0.7901550123756899 0
    outer loop
      vertex 11.696926520620215 16.099438188061452 0
      vertex 11.696926520620215 16.099438188061452 15
      vertex 12.684737395998924 15.333213531238203 0
    endloop
  endfacet
  facet normal 0.5620833778521314 0.8270805742745613 0
    outer loop
      vertex 10.662953220082033 16.8021257174901 0
      vertex 10.662953220082033 16.8021257174901 15
      vertex 11.696926520620215 16.099438188061452 0
    endloop
  endfacet
  facet normal 0.6613118653236498 0.7501110696304614 0
    outer loop
      vertex 13.622487407980906 14.50647568568609 0
      vertex 12.684737395998924 15.333213531238203 0
      vertex 12.684737395998924 15.333213531238203 15
    endloop
  endfacet
  facet normal 0.21814324139654434 0.975916761938747 0
    outer loop
      vertex 4.948928754580611 19.274804906459757 0
      vertex 3.7288881602559187 19.547516289500905 15
      vertex 4.948928754580611 19.274804906459757 15
    endloop
  endfacet
  facet normal 0.27899110603923033 0.9602936856769427 0
    outer loop
      vertex 6.149438188061453 18.926024674273553 0
      vertex 4.948928754580611 19.274804906459757 15
      vertex 6.149438188061453 18.926024674273553 15
    endloop
  endfacet
  facet normal 0.3387379202452885 0.9408807689542267 0
    outer loop
      vertex 7.325678598425089 18.502552069176204 0
      vertex 6.149438188061453 18.926024674273553 15
      vertex 7.325678598425089 18.502552069176204 15
    endloop
  endfacet
  facet normal 0.5090414157503694 0.8607420270039446 0
    outer loop
      vertex 10.662953220082033 16.8021257174901 0
      vertex 9.586898114624132 17.438502932872883 15
      vertex 10.662953220082033 16.8021257174901 15
    endloop
  endfacet
  facet normal 0.39714789063478234 0.9177546256839805 0
    outer loop
      vertex 8.473007902144946 18.006058344073786 0
      vertex 7.325678598425089 18.502552069176204 15
      vertex 8.473007902144946 18.006058344073786 15
    endloop
  endfacet
  facet normal 0.4539904997395475 0.8910065241883676 0
    outer loop
      vertex 9.586898114624132 17.438502932872883 0
      vertex 8.473007902144946 18.006058344073786 15
      vertex 9.586898114624132 17.438502932872883 15
    endloop
  endfacet
  facet normal 0.6613118653236498 0.7501110696304614 0
    outer loop
      vertex 13.622487407980906 14.50647568568609 0
      vertex 12.684737395998924 15.333213531238203 15
      vertex 13.622487407980906 14.50647568568609 15
    endloop
  endfacet
  facet normal 0.7071067811865476 0.7071067811865476 0
    outer loop
      vertex 13.622487407980906 14.50647568568609 0
      vertex 13.622487407980906 14.50647568568609 15
      vertex 14.50647568568609 13.622487407980906 15
    endloop
  endfacet
  facet normal 0.7901550123756899 0.6129070536529774 0
    outer loop
      vertex 15.333213531238203 12.684737395998924 0
      vertex 15.333213531238203 12.684737395998924 15
      vertex 16.099438188061452 11.696926520620215 15
    endloop
  endfacet
  facet normal 0.8607420270039445 0.5090414157503701 0
    outer loop
      vertex 17.438502932872883 9.586898114624134 15
      vertex 16.8021257174901 10.662953220082033 0
      vertex 16.8021257174901 10.662953220082033 15
    endloop
  endfacet
  facet normal 0.8270805742745613 0.5620833778521314 0
    outer loop
      vertex 16.099438188061452 11.696926520620215 0
      vertex 16.099438188061452 11.696926520620215 15
      vertex 16.8021257174901 10.662953220082033 15
    endloop
  endfacet
  facet normal 0.7501110696304614 0.6613118653236498 0
    outer loop
      vertex 14.50647568568609 13.622487407980906 0
      vertex 14.50647568568609 13.622487407980906 15
      vertex 15.333213531238203 12.684737395998924 15
    endloop
  endfacet
  facet normal 0.6129070536529774 0.7901550123756899 0
    outer loop
      vertex 12.684737395998924 15.333213531238203 0
      vertex 11.696926520620215 16.099438188061452 15
      vertex 12.684737395998924 15.333213531238203 15
    endloop
  endfacet
  facet normal 0.5620833778521314 0.8270805742745613 0
    outer loop
      vertex 11.696926520620215 16.099438188061452 0
      vertex 10.662953220082033 16.8021257174901 15
      vertex 11.696926520620215 16.099438188061452 15
    endloop
  endfacet
  facet normal -0.03141075907812941 0.9995065603657316 0
    outer loop
      vertex -1.2495313386333342 19.8607318957226 0
      vertex -1.2495313386333342 19.8607318957226 15
      vertex 0 19.9 0
    endloop
  endfacet
  facet normal 0.03141075907812941 0.9995065603657316 0
    outer loop
      vertex 0 19.9 0
      vertex 0 19.9 15
      vertex 1.2495313386333342 19.8607318957226 0
    endloop
  endfacet
  facet normal 0.0941083133185131 0.9955619646030801 0
    outer loop
      vertex 2.494131347929655 19.743082556158107 0
      vertex 1.2495313386333342 19.8607318957226 0
      vertex 1.2495313386333342 19.8607318957226 15
    endloop
  endfacet
  facet normal -0.0941083133185131 0.9955619646030801 0
    outer loop
      vertex -2.494131347929655 19.743082556158107 15
      vertex -1.2495313386333342 19.8607318957226 15
      vertex -1.2495313386333342 19.8607318957226 0
    endloop
  endfacet
  facet normal -0.03141075907812941 0.9995065603657316 0
    outer loop
      vertex 0 19.9 0
      vertex -1.2495313386333342 19.8607318957226 15
      vertex 0 19.9 15
    endloop
  endfacet
  facet normal 0.03141075907812941 0.9995065603657316 0
    outer loop
      vertex 1.2495313386333342 19.8607318957226 0
      vertex 0 19.9 15
      vertex 1.2495313386333342 19.8607318957226 15
    endloop
  endfacet
  facet normal 0 0 -1
    outer loop
      vertex 19.743082556158107 -2.4941313479296507 0
      vertex 19.743082556158107 2.4941313479296547 0
      vertex 19.8607318957226 1.249531338633336 0
    endloop
  endfacet
  facet normal 0 0 -1
    outer loop
      vertex 19.5475162895009 -3.7288881602559236 0
      vertex 19.547516289500905 3.7288881602559196 0
      vertex 19.743082556158107 2.4941313479296547 0
    endloop
  endfacet
  facet normal 0 0 -1
    outer loop
      vertex 18.00605834407379 -8.473007902144941 0
      vertex 18.00605834407379 8.473007902144944 0
      vertex 18.5025520691762 7.325678598425092 0
    endloop
  endfacet
  facet normal 0 0 -1
    outer loop
      vertex 18.502552069176197 -7.325678598425099 0
      vertex 18.5025520691762 7.325678598425092 0
      vertex 18.926024674273553 6.149438188061453 0
    endloop
  endfacet
  facet normal 0 0 -1
    outer loop
      vertex 19.27480490645976 -4.948928754580603 0
      vertex 19.274804906459757 4.94892875458061 0
      vertex 19.547516289500905 3.7288881602559196 0
    endloop
  endfacet
  facet normal 0 0 -1
    outer loop
      vertex 18.926024674273553 -6.149438188061453 0
      vertex 18.926024674273553 6.149438188061453 0
      vertex 19.274804906459757 4.94892875458061 0
    endloop
  endfacet
  facet normal 0 0 -1
    outer loop
      vertex 19.8607318957226 -1.2495313386333438 0
      vertex 19.8607318957226 1.249531338633336 0
      vertex 19.9 0 0
    endloop
  endfacet
  facet normal 0.9995065603657315 0.031410759078129354 0
    outer loop
      vertex 19.9 0 0
      vertex 19.8607318957226 1.249531338633336 0
      vertex 19.9 0 15
    endloop
  endfacet
  facet normal 0.9955619646030801 0.09410831331851328 0
    outer loop
      vertex 19.8607318957226 1.249531338633336 0
      vertex 19.743082556158107 2.4941313479296547 0
      vertex 19.8607318957226 1.249531338633336 15
    endloop
  endfacet
  facet normal 0.9876883405951378 0.15643446504022965 0
    outer loop
      vertex 19.743082556158107 2.4941313479296547 0
      vertex 19.547516289500905 3.7288881602559196 0
      vertex 19.743082556158107 2.4941313479296547 15
    endloop
  endfacet
  facet normal 0.9759167619387469 0.21814324139654465 0
    outer loop
      vertex 19.547516289500905 3.7288881602559196 0
      vertex 19.274804906459757 4.94892875458061 0
      vertex 19.547516289500905 3.7288881602559196 15
    endloop
  endfacet
  facet normal 0.9602936856769428 0.2789911060392301 0
    outer loop
      vertex 19.274804906459757 4.94892875458061 0
      vertex 18.926024674273553 6.149438188061453 0
      vertex 19.274804906459757 4.94892875458061 15
    endloop
  endfacet
  facet normal 0.9408807689542259 0.33873792024529026 0
    outer loop
      vertex 18.926024674273553 6.149438188061453 0
      vertex 18.5025520691762 7.325678598425092 0
      vertex 18.926024674273553 6.149438188061453 15
    endloop
  endfacet
  facet normal 0.9177546256839819 0.39714789063477884 0
    outer loop
      vertex 18.00605834407379 8.473007902144944 0
      vertex 18.5025520691762 7.325678598425092 15
      vertex 18.5025520691762 7.325678598425092 0
    endloop
  endfacet
  facet normal 0.9955619646030801 0.09410831331851328 0
    outer loop
      vertex 19.743082556158107 2.4941313479296547 0
      vertex 19.743082556158107 2.4941313479296547 15
      vertex 19.8607318957226 1.249531338633336 15
    endloop
  endfacet
  facet normal 0.9995065603657315 0.031410759078129354 0
    outer loop
      vertex 19.8607318957226 1.249531338633336 0
      vertex 19.8607318957226 1.249531338633336 15
      vertex 19.9 0 15
    endloop
  endfacet
  facet normal 0.9876883405951378 0.15643446504022965 0
    outer loop
      vertex 19.547516289500905 3.7288881602559196 0
      vertex 19.547516289500905 3.7288881602559196 15
      vertex 19.743082556158107 2.4941313479296547 15
    endloop
  endfacet
  facet normal 0.9759167619387469 0.21814324139654465 0
    outer loop
      vertex 19.274804906459757 4.94892875458061 0
      vertex 19.274804906459757 4.94892875458061 15
      vertex 19.547516289500905 3.7288881602559196 15
    endloop
  endfacet
  facet normal 0.9602936856769428 0.2789911060392301 0
    outer loop
      vertex 18.926024674273553 6.149438188061453 0
      vertex 18.926024674273553 6.149438188061453 15
      vertex 19.274804906459757 4.94892875458061 15
    endloop
  endfacet
  facet normal 0.9408807689542259 0.33873792024529026 0
    outer loop
      vertex 18.5025520691762 7.325678598425092 0
      vertex 18.5025520691762 7.325678598425092 15
      vertex 18.926024674273553 6.149438188061453 15
    endloop
  endfacet
  facet normal 0.9177546256839819 0.39714789063477884 0
    outer loop
      vertex 18.00605834407379 8.473007902144944 0
      vertex 18.00605834407379 8.473007902144944 15
      vertex 18.5025520691762 7.325678598425092 15
    endloop
  endfacet
  facet normal -0.5269426790899753 -0.7753726062793612 -0.3480355360951378
    outer loop
      vertex -11.696926520620215 -16.099438188061452 15
      vertex -10.662953220082034 -16.802125717490096 15
      vertex -17.62870155480899 -27.77838874901629 50
    endloop
  endfacet
  facet normal -0.42560762271302766 -0.8353019915596605 -0.3480355360951378
    outer loop
      vertex -14.008138692490883 -29.768810026132044 50
      vertex -9.586898114624136 -17.438502932872883 15
      vertex -8.473007902144941 -18.00605834407379 15
    endloop
  endfacet
  facet normal -0.4772168293043191 -0.8069295901401202 -0.3480355360951379
    outer loop
      vertex -10.662953220082034 -16.802125717490096 15
      vertex -9.586898114624136 -17.438502932872883 15
      vertex -15.849695877946436 -28.83048977344311 50
    endloop
  endfacet
  facet normal -0.7032151318128914 -0.6199675346373774 -0.3480355360951378
    outer loop
      vertex -14.506475685686091 -13.6224874079809 15
      vertex -25.349885687323468 -20.971249262731888 50
      vertex -15.333213531238208 -12.684737395998923 15
    endloop
  endfacet
  facet normal -0.8353019915596605 -0.42560762271302766 -0.3480355360951379
    outer loop
      vertex -18.00605834407379 -8.473007902144941 15
      vertex -17.438502932872883 -9.586898114624136 15
      vertex -29.768810026132044 -14.008138692490883 50
    endloop
  endfacet
  facet normal -0.7753726062793612 -0.5269426790899753 -0.3480355360951378
    outer loop
      vertex -16.099438188061452 -11.696926520620215 15
      vertex -27.77838874901629 -17.62870155480899 50
      vertex -16.802125717490096 -10.662953220082034 15
    endloop
  endfacet
  facet normal -0.7407555809756659 -0.5745889268584747 -0.3480355360951379
    outer loop
      vertex -15.333213531238208 -12.684737395998923 15
      vertex -26.61665911493577 -19.338134800422367 50
      vertex -16.099438188061452 -11.696926520620215 15
    endloop
  endfacet
  facet normal -0.8069295901401202 -0.4772168293043191 -0.3480355360951379
    outer loop
      vertex -16.802125717490096 -10.662953220082034 15
      vertex -28.83048977344311 -15.849695877946436 50
      vertex -17.438502932872883 -9.586898114624136 15
    endloop
  endfacet
  facet normal -0.5745889268584747 -0.7407555809756659 -0.3480355360951379
    outer loop
      vertex -12.684737395998923 -15.333213531238208 15
      vertex -11.696926520620215 -16.099438188061452 15
      vertex -19.338134800422367 -26.61665911493577 50
    endloop
  endfacet
  facet normal -0.6199675346373774 -0.7032151318128914 -0.3480355360951378
    outer loop
      vertex -12.684737395998923 -15.333213531238208 15
      vertex -20.971249262731888 -25.349885687323468 50
      vertex -13.6224874079809 -14.506475685686091 15
    endloop
  endfacet
  facet normal -0.6628994137932881 -0.6628994137932881 -0.3480355360951379
    outer loop
      vertex -14.506475685686091 -13.6224874079809 15
      vertex -13.6224874079809 -14.506475685686091 15
      vertex -23.98306784216444 -22.52159978505385 50
    endloop
  endfacet
  facet normal -0.9259393905009807 -0.14665439213894066 -0.3480355360951379
    outer loop
      vertex -19.743082556158107 -2.4941313479296507 15
      vertex -19.5475162895009 -3.7288881602559236 15
      vertex -30 -3.7898813533832394 42.834259180750934
    endloop
  endfacet
  facet normal -0.9333207660982215 -0.08822478781385004 -0.3480355360951379
    outer loop
      vertex -19.743082556158107 -2.4941313479296507 15
      vertex -30 -1.8874400176094899 42.35200244036148
      vertex -19.8607318957226 -1.2495313386333342 15
    endloop
  endfacet
  facet normal -0.9370187510253711 -0.02944700055733297 -0.3480355360951379
    outer loop
      vertex -19.8607318957226 -1.2495313386333342 15
      vertex -30 0 42.19230769230769
      vertex -19.9 0 15
    endloop
  endfacet
  facet normal -0.8603778376316943 -0.37231873727651665 -0.3480355360951378
    outer loop
      vertex -18.00605834407379 -8.473007902144941 15
      vertex -30.589646385723473 -12.1112977833259 50
      vertex -18.502552069176204 -7.325678598425089 15
    endloop
  endfacet
  facet normal -0.8820581654478422 -0.3175604798802221 -0.3480355360951379
    outer loop
      vertex -18.502552069176204 -7.325678598425089 15
      vertex -31.28975938611055 -10.166659114935769 50
      vertex -18.926024674273553 -6.149438188061453 15
    endloop
  endfacet
  facet normal -0.9002574126590093 -0.26154895634943087 -0.3480355360951379
    outer loop
      vertex -18.926024674273553 -6.149438188061453 15
      vertex -31.86638600113196 -8.181897287723725 50
      vertex -19.274804906459757 -4.948928754580611 15
    endloop
  endfacet
  facet normal -0.914903755150902 -0.20450521857827553 -0.3480355360951379
    outer loop
      vertex -19.274804906459757 -4.948928754580611 15
      vertex -30 -5.722806066557009 43.64875043081497
      vertex -19.5475162895009 -3.7288881602559236 15
    endloop
  endfacet
  facet normal -0.6628994137932881 -0.6628994137932881 -0.3480355360951379
    outer loop
      vertex -13.6224874079809 -14.506475685686091 15
      vertex -22.52159978505385 -23.98306784216444 50
      vertex -23.98306784216444 -22.52159978505385 50
    endloop
  endfacet
  facet normal -0.6199675346373772 -0.7032151318128915 -0.3480355360951379
    outer loop
      vertex -13.6224874079809 -14.506475685686091 15
      vertex -20.971249262731888 -25.349885687323468 50
      vertex -22.52159978505385 -23.98306784216444 50
    endloop
  endfacet
  facet normal -0.42560762271302754 -0.8353019915596607 -0.3480355360951379
    outer loop
      vertex -14.008138692490883 -29.768810026132044 50
      vertex -15.849695877946436 -28.83048977344311 50
      vertex -9.586898114624136 -17.438502932872883 15
    endloop
  endfacet
  facet normal -0.3723187372765162 -0.8603778376316945 -0.3480355360951379
    outer loop
      vertex -14.008138692490883 -29.768810026132044 50
      vertex -8.473007902144941 -18.00605834407379 15
      vertex -12.1112977833259 -30.589646385723473 50
    endloop
  endfacet
  facet normal -0.5745889268584766 -0.7407555809756645 -0.34803553609513777
    outer loop
      vertex -12.684737395998923 -15.333213531238208 15
      vertex -19.338134800422367 -26.61665911493577 50
      vertex -20.971249262731888 -25.349885687323468 50
    endloop
  endfacet
  facet normal -0.5269426790899737 -0.7753726062793621 -0.34803553609513793
    outer loop
      vertex -11.696926520620215 -16.099438188061452 15
      vertex -17.62870155480899 -27.77838874901629 50
      vertex -19.338134800422367 -26.61665911493577 50
    endloop
  endfacet
  facet normal -0.4772168293043195 -0.8069295901401199 -0.34803553609513777
    outer loop
      vertex -10.662953220082034 -16.802125717490096 15
      vertex -15.849695877946436 -28.83048977344311 50
      vertex -17.62870155480899 -27.77838874901629 50
    endloop
  endfacet
  facet normal -0.8353019915596608 -0.42560762271302727 -0.34803553609513804
    outer loop
      vertex -17.438502932872883 -9.586898114624136 15
      vertex -28.83048977344311 -15.849695877946436 50
      vertex -29.768810026132044 -14.008138692490883 50
    endloop
  endfacet
  facet normal -0.8603778376316944 -0.3723187372765165 -0.34803553609513793
    outer loop
      vertex -18.00605834407379 -8.473007902144941 15
      vertex -29.768810026132044 -14.008138692490883 50
      vertex -30.589646385723473 -12.1112977833259 50
    endloop
  endfacet
  facet normal -0.9149037551509018 -0.204505218578276 -0.34803553609513793
    outer loop
      vertex -19.274804906459757 -4.948928754580611 15
      vertex -30 -6 43.811629217801354
      vertex -30 -5.722806066557009 43.64875043081497
    endloop
  endfacet
  facet normal -0.914903755150902 -0.20450521857827578 -0.3480355360951379
    outer loop
      vertex -19.274804906459757 -4.948928754580611 15
      vertex -31.86638600113196 -8.181897287723725 50
      vertex -30 -6 43.811629217801354
    endloop
  endfacet
  facet normal -0.8820581654478417 -0.3175604798802241 -0.34803553609513777
    outer loop
      vertex -18.502552069176204 -7.325678598425089 15
      vertex -30.589646385723473 -12.1112977833259 50
      vertex -31.28975938611055 -10.166659114935769 50
    endloop
  endfacet
  facet normal -0.9002574126590095 -0.2615489563494297 -0.3480355360951378
    outer loop
      vertex -18.926024674273553 -6.149438188061453 15
      vertex -31.28975938611055 -10.166659114935769 50
      vertex -31.86638600113196 -8.181897287723725 50
    endloop
  endfacet
  facet normal -0.9259393905009807 -0.1466543921389413 -0.3480355360951379
    outer loop
      vertex -19.5475162895009 -3.7288881602559236 15
      vertex -30 -5.722806066557009 43.64875043081497
      vertex -30 -3.7898813533832394 42.834259180750934
    endloop
  endfacet
  facet normal -0.9333207660982215 -0.0882247878138497 -0.34803553609513793
    outer loop
      vertex -19.743082556158107 -2.4941313479296507 15
      vertex -30 -3.7898813533832394 42.834259180750934
      vertex -30 -1.8874400176094899 42.35200244036148
    endloop
  endfacet
  facet normal -0.9370187510253711 -0.02944700055733245 -0.3480355360951379
    outer loop
      vertex -19.8607318957226 -1.2495313386333342 15
      vertex -30 -1.8874400176094899 42.35200244036148
      vertex -30 0 42.19230769230769
    endloop
  endfacet
  facet normal -0.9149037551509022 -0.20450521857827508 -0.34803553609513777
    outer loop
      vertex -30 -6 43.811629217801354
      vertex -31.86638600113196 -8.181897287723725 50
      vertex -32.31725054897385 -6.164845249870346 50
    endloop
  endfacet
  facet normal -0.9149037551509017 -0.20450521857827722 -0.3480355360951377
    outer loop
      vertex -30 -6 43.811629217801354
      vertex -32.31725054897385 -6.164845249870346 50
      vertex -31.453101486679024 -6 47.63149204472425
    endloop
  endfacet
  facet normal -0.7407555809756645 -0.5745889268584766 -0.34803553609513777
    outer loop
      vertex -15.333213531238208 -12.684737395998923 15
      vertex -25.349885687323468 -20.971249262731888 50
      vertex -26.61665911493577 -19.338134800422367 50
    endloop
  endfacet
  facet normal -0.7753726062793621 -0.5269426790899737 -0.34803553609513793
    outer loop
      vertex -16.099438188061452 -11.696926520620215 15
      vertex -26.61665911493577 -19.338134800422367 50
      vertex -27.77838874901629 -17.62870155480899 50
    endloop
  endfacet
  facet normal -0.7032151318128915 -0.6199675346373772 -0.3480355360951379
    outer loop
      vertex -14.506475685686091 -13.6224874079809 15
      vertex -23.98306784216444 -22.52159978505385 50
      vertex -25.349885687323468 -20.971249262731888 50
    endloop
  endfacet
  facet normal -0.8069295901401199 -0.4772168293043195 -0.34803553609513777
    outer loop
      vertex -16.802125717490096 -10.662953220082034 15
      vertex -27.77838874901629 -17.62870155480899 50
      vertex -28.83048977344311 -15.849695877946436 50
    endloop
  endfacet
  facet normal -0.9259393905009813 -0.1466543921389378 -0.3480355360951376
    outer loop
      vertex -31.453101486679024 -6 47.63149204472425
      vertex -32.31725054897385 -6.164845249870346 50
      vertex -32.343359471614725 -6 50
    endloop
  endfacet
  facet normal -0.9370187510253711 0.02944700055733297 -0.34803553609513793
    outer loop
      vertex -19.9 0 15
      vertex -30 0 42.19230769230769
      vertex -19.8607318957226 1.2495313386333342 15
    endloop
  endfacet
  facet normal -0.9333207660982215 0.08822478781385004 -0.3480355360951379
    outer loop
      vertex -19.8607318957226 1.2495313386333342 15
      vertex -30 1.8874400176094899 42.35200244036148
      vertex -19.743082556158107 2.4941313479296507 15
    endloop
  endfacet
  facet normal -0.9259393905009807 0.14665439213894066 -0.3480355360951379
    outer loop
      vertex -19.743082556158107 2.4941313479296507 15
      vertex -30 3.7898813533832394 42.834259180750934
      vertex -19.5475162895009 3.7288881602559236 15
    endloop
  endfacet
  facet normal -0.914903755150902 0.20450521857827553 -0.34803553609513793
    outer loop
      vertex -19.5475162895009 3.7288881602559236 15
      vertex -30 5.722806066557009 43.64875043081497
      vertex -19.274804906459757 4.948928754580611 15
    endloop
  endfacet
  facet normal -0.9002574126590093 0.26154895634943087 -0.3480355360951379
    outer loop
      vertex -19.274804906459757 4.948928754580611 15
      vertex -31.86638600113196 8.181897287723725 50
      vertex -18.926024674273553 6.149438188061453 15
    endloop
  endfacet
  facet normal -0.8820581654478422 0.3175604798802221 -0.3480355360951379
    outer loop
      vertex -18.926024674273553 6.149438188061453 15
      vertex -31.28975938611055 10.166659114935769 50
      vertex -18.502552069176204 7.325678598425089 15
    endloop
  endfacet
  facet normal -0.8603778376316943 0.37231873727651665 -0.3480355360951378
    outer loop
      vertex -18.502552069176204 7.325678598425089 15
      vertex -30.589646385723473 12.1112977833259 50
      vertex -18.00605834407379 8.473007902144941 15
    endloop
  endfacet
  facet normal -0.8353019915596605 0.42560762271302766 -0.3480355360951379
    outer loop
      vertex -18.00605834407379 8.473007902144941 15
      vertex -29.768810026132044 14.008138692490883 50
      vertex -17.438502932872883 9.586898114624136 15
    endloop
  endfacet
  facet normal -0.8069295901401202 0.4772168293043191 -0.3480355360951378
    outer loop
      vertex -17.438502932872883 9.586898114624136 15
      vertex -28.83048977344311 15.849695877946436 50
      vertex -16.802125717490096 10.662953220082034 15
    endloop
  endfacet
  facet normal -0.7753726062793612 0.5269426790899753 -0.3480355360951378
    outer loop
      vertex -16.802125717490096 10.662953220082034 15
      vertex -27.77838874901629 17.62870155480899 50
      vertex -16.099438188061452 11.696926520620215 15
    endloop
  endfacet
  facet normal -0.7407555809756659 0.5745889268584747 -0.3480355360951379
    outer loop
      vertex -16.099438188061452 11.696926520620215 15
      vertex -26.61665911493577 19.338134800422367 50
      vertex -15.333213531238208 12.684737395998923 15
    endloop
  endfacet
  facet normal -0.7032151318128914 0.6199675346373774 -0.3480355360951378
    outer loop
      vertex -15.333213531238208 12.684737395998923 15
      vertex -25.349885687323468 20.971249262731888 50
      vertex -14.506475685686091 13.6224874079809 15
    endloop
  endfacet
  facet normal -0.6628994137932881 0.6628994137932881 -0.3480355360951379
    outer loop
      vertex -14.506475685686091 13.6224874079809 15
      vertex -23.98306784216444 22.52159978505385 50
      vertex -13.6224874079809 14.506475685686091 15
    endloop
  endfacet
  facet normal -0.6199675346373774 0.7032151318128914 -0.3480355360951378
    outer loop
      vertex -13.6224874079809 14.506475685686091 15
      vertex -20.971249262731888 25.349885687323468 50
      vertex -12.684737395998923 15.333213531238208 15
    endloop
  endfacet
  facet normal -0.5745889268584747 0.7407555809756659 -0.3480355360951379
    outer loop
      vertex -12.684737395998923 15.333213531238208 15
      vertex -19.338134800422367 26.61665911493577 50
      vertex -11.696926520620215 16.099438188061452 15
    endloop
  endfacet
  facet normal -0.5269426790899753 0.7753726062793612 -0.3480355360951378
    outer loop
      vertex -11.696926520620215 16.099438188061452 15
      vertex -17.62870155480899 27.77838874901629 50
      vertex -10.662953220082034 16.802125717490096 15
    endloop
  endfacet
  facet normal -0.4772168293043179 0.8069295901401209 -0.3480355360951379
    outer loop
      vertex -10.662953220082034 16.802125717490096 15
      vertex -15.849695877946429 28.830489773443112 50
      vertex -9.586898114624132 17.438502932872883 15
    endloop
  endfacet
  facet normal -0.42560762271302827 0.8353019915596603 -0.3480355360951377
    outer loop
      vertex -14.008138692490892 29.76881002613204 50
      vertex -8.473007902144946 18.006058344073786 15
      vertex -9.586898114624132 17.438502932872883 15
    endloop
  endfacet
  facet normal -0.9370187510253711 0.02944700055733245 -0.3480355360951379
    outer loop
      vertex -19.8607318957226 1.2495313386333342 15
      vertex -30 0 42.19230769230769
      vertex -30 1.8874400176094899 42.35200244036148
    endloop
  endfacet
  facet normal -0.9333207660982215 0.0882247878138497 -0.34803553609513793
    outer loop
      vertex -19.743082556158107 2.4941313479296507 15
      vertex -30 1.8874400176094899 42.35200244036148
      vertex -30 3.7898813533832394 42.834259180750934
    endloop
  endfacet
  facet normal -0.9259393905009807 0.1466543921389413 -0.3480355360951379
    outer loop
      vertex -19.5475162895009 3.7288881602559236 15
      vertex -30 3.7898813533832394 42.834259180750934
      vertex -30 5.722806066557009 43.64875043081497
    endloop
  endfacet
  facet normal -0.9149037551509018 0.204505218578276 -0.34803553609513793
    outer loop
      vertex -19.274804906459757 4.948928754580611 15
      vertex -30 5.722806066557009 43.64875043081497
      vertex -30 6 43.811629217801354
    endloop
  endfacet
  facet normal -0.914903755150902 0.20450521857827578 -0.3480355360951379
    outer loop
      vertex -19.274804906459757 4.948928754580611 15
      vertex -30 6 43.811629217801354
      vertex -31.86638600113196 8.181897287723725 50
    endloop
  endfacet
  facet normal -0.9002574126590095 0.2615489563494297 -0.3480355360951378
    outer loop
      vertex -18.926024674273553 6.149438188061453 15
      vertex -31.86638600113196 8.181897287723725 50
      vertex -31.28975938611055 10.166659114935769 50
    endloop
  endfacet
  facet normal -0.8820581654478417 0.3175604798802241 -0.34803553609513777
    outer loop
      vertex -18.502552069176204 7.325678598425089 15
      vertex -31.28975938611055 10.166659114935769 50
      vertex -30.589646385723473 12.1112977833259 50
    endloop
  endfacet
  facet normal -0.914903755150902 0.20450521857827542 -0.3480355360951378
    outer loop
      vertex -30 6 43.811629217801354
      vertex -31.453101486679024 6 47.63149204472425
      vertex -31.86638600113196 8.181897287723725 50
    endloop
  endfacet
  facet normal -0.8603778376316944 0.3723187372765165 -0.34803553609513793
    outer loop
      vertex -18.00605834407379 8.473007902144941 15
      vertex -30.589646385723473 12.1112977833259 50
      vertex -29.768810026132044 14.008138692490883 50
    endloop
  endfacet
  facet normal -0.8353019915596608 0.42560762271302727 -0.34803553609513804
    outer loop
      vertex -17.438502932872883 9.586898114624136 15
      vertex -29.768810026132044 14.008138692490883 50
      vertex -28.83048977344311 15.849695877946436 50
    endloop
  endfacet
  facet normal -0.8069295901401199 0.4772168293043195 -0.34803553609513777
    outer loop
      vertex -16.802125717490096 10.662953220082034 15
      vertex -28.83048977344311 15.849695877946436 50
      vertex -27.77838874901629 17.62870155480899 50
    endloop
  endfacet
  facet normal -0.7753726062793621 0.5269426790899737 -0.34803553609513793
    outer loop
      vertex -16.099438188061452 11.696926520620215 15
      vertex -27.77838874901629 17.62870155480899 50
      vertex -26.61665911493577 19.338134800422367 50
    endloop
  endfacet
  facet normal -0.7407555809756645 0.5745889268584766 -0.34803553609513777
    outer loop
      vertex -15.333213531238208 12.684737395998923 15
      vertex -26.61665911493577 19.338134800422367 50
      vertex -25.349885687323468 20.971249262731888 50
    endloop
  endfacet
  facet normal -0.7032151318128915 0.6199675346373772 -0.3480355360951379
    outer loop
      vertex -14.506475685686091 13.6224874079809 15
      vertex -25.349885687323468 20.971249262731888 50
      vertex -23.98306784216444 22.52159978505385 50
    endloop
  endfacet
  facet normal -0.9259393905009813 0.1466543921389378 -0.3480355360951376
    outer loop
      vertex -31.453101486679024 6 47.63149204472425
      vertex -32.343359471614725 6 50
      vertex -32.31725054897385 6.164845249870346 50
    endloop
  endfacet
  facet normal -0.9149037551509022 0.20450521857827517 -0.3480355360951376
    outer loop
      vertex -31.453101486679024 6 47.63149204472425
      vertex -32.31725054897385 6.164845249870346 50
      vertex -31.86638600113196 8.181897287723725 50
    endloop
  endfacet
  facet normal -0.6628994137932881 0.6628994137932881 -0.3480355360951379
    outer loop
      vertex -13.6224874079809 14.506475685686091 15
      vertex -23.98306784216444 22.52159978505385 50
      vertex -22.52159978505385 23.98306784216444 50
    endloop
  endfacet
  facet normal -0.6199675346373772 0.7032151318128915 -0.3480355360951379
    outer loop
      vertex -13.6224874079809 14.506475685686091 15
      vertex -22.52159978505385 23.98306784216444 50
      vertex -20.971249262731888 25.349885687323468 50
    endloop
  endfacet
  facet normal -0.5745889268584766 0.7407555809756645 -0.34803553609513777
    outer loop
      vertex -12.684737395998923 15.333213531238208 15
      vertex -20.971249262731888 25.349885687323468 50
      vertex -19.338134800422367 26.61665911493577 50
    endloop
  endfacet
  facet normal -0.5269426790899737 0.7753726062793621 -0.34803553609513793
    outer loop
      vertex -11.696926520620215 16.099438188061452 15
      vertex -19.338134800422367 26.61665911493577 50
      vertex -17.62870155480899 27.77838874901629 50
    endloop
  endfacet
  facet normal -0.47721682930431913 0.8069295901401201 -0.3480355360951378
    outer loop
      vertex -10.662953220082034 16.802125717490096 15
      vertex -17.62870155480899 27.77838874901629 50
      vertex -15.849695877946429 28.830489773443112 50
    endloop
  endfacet
  facet normal -0.4256076227130279 0.8353019915596602 -0.3480355360951379
    outer loop
      vertex -15.849695877946429 28.830489773443112 50
      vertex -14.008138692490892 29.76881002613204 50
      vertex -9.586898114624132 17.438502932872883 15
    endloop
  endfacet
  facet normal -0.37231873727651604 0.8603778376316945 -0.3480355360951379
    outer loop
      vertex -14.008138692490892 29.76881002613204 50
      vertex -12.1112977833259 30.589646385723473 50
      vertex -8.473007902144946 18.006058344073786 15
    endloop
  endfacet
  facet normal -0.3723187372765173 -0.860377837631694 -0.3480355360951377
    outer loop
      vertex -12.1112977833259 -30.589646385723473 50
      vertex -8.473007902144941 -18.00605834407379 15
      vertex -7.325678598425089 -18.502552069176204 15
    endloop
  endfacet
  facet normal -0.3175604798802221 -0.8820581654478422 -0.3480355360951379
    outer loop
      vertex -7.325678598425089 -18.502552069176204 15
      vertex -6.149438188061453 -18.926024674273553 15
      vertex -10.166659114935769 -31.28975938611055 50
    endloop
  endfacet
  facet normal -0.26154895634943087 -0.9002574126590093 -0.3480355360951379
    outer loop
      vertex -6.149438188061453 -18.926024674273553 15
      vertex -4.948928754580611 -19.274804906459757 15
      vertex -8.181897287723725 -31.86638600113196 50
    endloop
  endfacet
  facet normal -0.20450521857827553 -0.914903755150902 -0.3480355360951378
    outer loop
      vertex -4.948928754580611 -19.274804906459757 15
      vertex -3.7288881602559236 -19.5475162895009 15
      vertex -6.164845249870346 -32.31725054897385 50
    endloop
  endfacet
  facet normal -0.14665439213894071 -0.9259393905009808 -0.34803553609513793
    outer loop
      vertex -3.7288881602559236 -19.5475162895009 15
      vertex -2.4941313479296507 -19.743082556158107 15
      vertex -4.123463384265603 -32.64057367324632 50
    endloop
  endfacet
  facet normal -0.08822478781385072 -0.9333207660982215 -0.34803553609513804
    outer loop
      vertex -1.2495313386333438 -19.8607318957226 15
      vertex -2.065808092514423 -32.835079365290134 50
      vertex -2.4941313479296507 -19.743082556158107 15
    endloop
  endfacet
  facet normal -0.02944700055733274 -0.9370187510253711 -0.3480355360951378
    outer loop
      vertex -1.2495313386333438 -19.8607318957226 15
      vertex 0 -19.9 15
      vertex 0 -32.9 50
    endloop
  endfacet
  facet normal 0.02944700055733274 -0.9370187510253711 -0.3480355360951378
    outer loop
      vertex 0 -19.9 15
      vertex 1.2495313386333438 -19.8607318957226 15
      vertex 0 -32.9 50
    endloop
  endfacet
  facet normal 0.08822478781385072 -0.9333207660982215 -0.34803553609513804
    outer loop
      vertex 1.2495313386333438 -19.8607318957226 15
      vertex 2.4941313479296507 -19.743082556158107 15
      vertex 2.065808092514423 -32.835079365290134 50
    endloop
  endfacet
  facet normal 0.14665439213894071 -0.9259393905009808 -0.34803553609513793
    outer loop
      vertex 2.4941313479296507 -19.743082556158107 15
      vertex 3.7288881602559236 -19.5475162895009 15
      vertex 4.123463384265603 -32.64057367324632 50
    endloop
  endfacet
  facet normal 0.20450521857827428 -0.9149037551509024 -0.3480355360951378
    outer loop
      vertex 3.7288881602559236 -19.5475162895009 15
      vertex 4.948928754580603 -19.27480490645976 15
      vertex 6.164845249870346 -32.31725054897385 50
    endloop
  endfacet
  facet normal 0.2615489563494317 -0.900257412659009 -0.34803553609513777
    outer loop
      vertex 4.948928754580603 -19.27480490645976 15
      vertex 6.149438188061453 -18.926024674273553 15
      vertex 8.18189728772371 -31.866386001131964 50
    endloop
  endfacet
  facet normal 0.31756047988022457 -0.8820581654478414 -0.3480355360951379
    outer loop
      vertex 6.149438188061453 -18.926024674273553 15
      vertex 7.325678598425099 -18.502552069176197 15
      vertex 10.166659114935769 -31.28975938611055 50
    endloop
  endfacet
  facet normal 0.3723187372765148 -0.8603778376316951 -0.3480355360951379
    outer loop
      vertex 7.325678598425099 -18.502552069176197 15
      vertex 8.473007902144941 -18.00605834407379 15
      vertex 12.111297783325918 -30.589646385723466 50
    endloop
  endfacet
  facet normal 0.42560762271302766 -0.8353019915596605 -0.3480355360951379
    outer loop
      vertex 8.473007902144941 -18.00605834407379 15
      vertex 9.586898114624136 -17.438502932872883 15
      vertex 14.008138692490883 -29.768810026132044 50
    endloop
  endfacet
  facet normal 0.4772168293043187 -0.8069295901401206 -0.34803553609513793
    outer loop
      vertex 9.586898114624136 -17.438502932872883 15
      vertex 10.662953220082024 -16.802125717490103 15
      vertex 15.849695877946436 -28.83048977344311 50
    endloop
  endfacet
  facet normal 0.5269426790899753 -0.7753726062793612 -0.3480355360951378
    outer loop
      vertex 10.662953220082024 -16.802125717490103 15
      vertex 11.696926520620215 -16.099438188061452 15
      vertex 17.628701554808973 -27.7783887490163 50
    endloop
  endfacet
  facet normal 0.5745889268584755 -0.7407555809756653 -0.34803553609513793
    outer loop
      vertex 11.696926520620215 -16.099438188061452 15
      vertex 12.68473739599893 -15.3332135312382 15
      vertex 19.338134800422367 -26.61665911493577 50
    endloop
  endfacet
  facet normal 0.6199675346373771 -0.7032151318128919 -0.3480355360951378
    outer loop
      vertex 12.68473739599893 -15.3332135312382 15
      vertex 13.6224874079809 -14.506475685686091 15
      vertex 20.9712492627319 -25.349885687323457 50
    endloop
  endfacet
  facet normal 0.6628994137932881 -0.6628994137932881 -0.3480355360951379
    outer loop
      vertex 13.6224874079809 -14.506475685686091 15
      vertex 14.506475685686091 -13.6224874079809 15
      vertex 23.98306784216444 -22.52159978505385 50
    endloop
  endfacet
  facet normal 0.7032151318128917 -0.619967534637377 -0.3480355360951378
    outer loop
      vertex 14.506475685686091 -13.6224874079809 15
      vertex 15.3332135312382 -12.68473739599893 15
      vertex 25.349885687323457 -20.9712492627319 50
    endloop
  endfacet
  facet normal 0.7407555809756653 -0.5745889268584755 -0.34803553609513793
    outer loop
      vertex 15.3332135312382 -12.68473739599893 15
      vertex 16.099438188061452 -11.696926520620215 15
      vertex 26.61665911493577 -19.338134800422367 50
    endloop
  endfacet
  facet normal 0.7753726062793612 -0.5269426790899753 -0.3480355360951378
    outer loop
      vertex 16.099438188061452 -11.696926520620215 15
      vertex 16.802125717490103 -10.662953220082024 15
      vertex 27.7783887490163 -17.628701554808973 50
    endloop
  endfacet
  facet normal 0.8069295901401206 -0.4772168293043187 -0.34803553609513793
    outer loop
      vertex 16.802125717490103 -10.662953220082024 15
      vertex 17.438502932872883 -9.586898114624136 15
      vertex 28.83048977344311 -15.849695877946436 50
    endloop
  endfacet
  facet normal 0.8353019915596606 -0.4256076227130277 -0.3480355360951378
    outer loop
      vertex 17.438502932872883 -9.586898114624136 15
      vertex 18.00605834407379 -8.473007902144941 15
      vertex 29.500000000000004 -13.881646295761414 49.2001573127679
    endloop
  endfacet
  facet normal 0.9149037551509024 -0.20450521857827425 -0.3480355360951378
    outer loop
      vertex 19.27480490645976 -4.948928754580603 15
      vertex 19.5475162895009 -3.7288881602559236 15
      vertex 29.500000000000004 -5.627425965447726 42.27832253901935
    endloop
  endfacet
  facet normal 0.9259393905009808 -0.1466543921389407 -0.34803553609513793
    outer loop
      vertex 19.5475162895009 -3.7288881602559236 15
      vertex 19.743082556158107 -2.4941313479296507 15
      vertex 29.500000000000004 -3.726716664160186 41.47740614312304
    endloop
  endfacet
  facet normal 0.9333207660982215 -0.08822478781385072 -0.34803553609513793
    outer loop
      vertex 19.743082556158107 -2.4941313479296507 15
      vertex 19.8607318957226 -1.2495313386333438 15
      vertex 29.500000000000004 -1.8559826839826796 41.003187015073415
    endloop
  endfacet
  facet normal 0.9370187510253711 -0.029447000557332743 -0.3480355360951379
    outer loop
      vertex 19.8607318957226 -1.2495313386333438 15
      vertex 19.9 0 15
      vertex 29.500000000000004 0 40.84615384615386
    endloop
  endfacet
  facet normal 0.8603778376316951 -0.3723187372765148 -0.34803553609513793
    outer loop
      vertex 18.00605834407379 -8.473007902144941 15
      vertex 18.502552069176197 -7.325678598425099 15
      vertex 29.500000000000004 -11.679876259532794 46.844764961574704
    endloop
  endfacet
  facet normal 0.8820581654478413 -0.3175604798802245 -0.3480355360951379
    outer loop
      vertex 18.502552069176197 -7.325678598425099 15
      vertex 18.926024674273553 -6.149438188061453 15
      vertex 29.500000000000004 -9.585131038870736 44.933442040462396
    endloop
  endfacet
  facet normal 0.900257412659009 -0.26154895634943176 -0.34803553609513793
    outer loop
      vertex 18.926024674273553 -6.149438188061453 15
      vertex 19.27480490645976 -4.948928754580603 15
      vertex 29.500000000000004 -7.57431263084793 43.42231055680027
    endloop
  endfacet
  facet normal 0.9333207660982215 -0.08822478781385035 -0.3480355360951379
    outer loop
      vertex 19.743082556158107 -2.4941313479296507 15
      vertex 29.500000000000004 -1.8559826839826796 41.003187015073415
      vertex 29.500000000000004 -3.726716664160186 41.47740614312304
    endloop
  endfacet
  facet normal 0.9370187510253711 -0.029447000557331442 -0.3480355360951379
    outer loop
      vertex 19.8607318957226 -1.2495313386333438 15
      vertex 29.500000000000004 0 40.84615384615386
      vertex 29.500000000000004 -1.8559826839826796 41.003187015073415
    endloop
  endfacet
  facet normal -0.2615489563494297 -0.9002574126590095 -0.3480355360951378
    outer loop
      vertex -6.149438188061453 -18.926024674273553 15
      vertex -8.181897287723725 -31.86638600113196 50
      vertex -10.166659114935769 -31.28975938611055 50
    endloop
  endfacet
  facet normal -0.31756047988022357 -0.8820581654478417 -0.3480355360951378
    outer loop
      vertex -12.1112977833259 -30.589646385723473 50
      vertex -7.325678598425089 -18.502552069176204 15
      vertex -10.166659114935769 -31.28975938611055 50
    endloop
  endfacet
  facet normal -0.20450521857827506 -0.9149037551509022 -0.3480355360951379
    outer loop
      vertex -4.948928754580611 -19.274804906459757 15
      vertex -6.164845249870346 -32.31725054897385 50
      vertex -8.181897287723725 -31.86638600113196 50
    endloop
  endfacet
  facet normal -0.14665439213894205 -0.9259393905009806 -0.34803553609513793
    outer loop
      vertex -3.7288881602559236 -19.5475162895009 15
      vertex -4.123463384265603 -32.64057367324632 50
      vertex -6.164845249870346 -32.31725054897385 50
    endloop
  endfacet
  facet normal -0.08822478781385096 -0.9333207660982213 -0.3480355360951379
    outer loop
      vertex -2.4941313479296507 -19.743082556158107 15
      vertex -2.065808092514423 -32.835079365290134 50
      vertex -4.123463384265603 -32.64057367324632 50
    endloop
  endfacet
  facet normal -0.029447000557330683 -0.9370187510253712 -0.34803553609513793
    outer loop
      vertex -1.2495313386333438 -19.8607318957226 15
      vertex 0 -32.9 50
      vertex -2.065808092514423 -32.835079365290134 50
    endloop
  endfacet
  facet normal 0.029447000557330683 -0.9370187510253712 -0.34803553609513793
    outer loop
      vertex 1.2495313386333438 -19.8607318957226 15
      vertex 2.065808092514423 -32.835079365290134 50
      vertex 0 -32.9 50
    endloop
  endfacet
  facet normal 0.08822478781385096 -0.9333207660982213 -0.3480355360951379
    outer loop
      vertex 2.4941313479296507 -19.743082556158107 15
      vertex 4.123463384265603 -32.64057367324632 50
      vertex 2.065808092514423 -32.835079365290134 50
    endloop
  endfacet
  facet normal 0.14665439213894205 -0.9259393905009806 -0.34803553609513793
    outer loop
      vertex 3.7288881602559236 -19.5475162895009 15
      vertex 6.164845249870346 -32.31725054897385 50
      vertex 4.123463384265603 -32.64057367324632 50
    endloop
  endfacet
  facet normal 0.204505218578275 -0.9149037551509022 -0.3480355360951377
    outer loop
      vertex 4.948928754580603 -19.27480490645976 15
      vertex 8.18189728772371 -31.866386001131964 50
      vertex 6.164845249870346 -32.31725054897385 50
    endloop
  endfacet
  facet normal 0.2615489563494293 -0.9002574126590096 -0.3480355360951379
    outer loop
      vertex 6.149438188061453 -18.926024674273553 15
      vertex 10.166659114935769 -31.28975938611055 50
      vertex 8.18189728772371 -31.866386001131964 50
    endloop
  endfacet
  facet normal 0.31756047988022407 -0.8820581654478414 -0.3480355360951378
    outer loop
      vertex 7.325678598425099 -18.502552069176197 15
      vertex 12.111297783325918 -30.589646385723466 50
      vertex 10.166659114935769 -31.28975938611055 50
    endloop
  endfacet
  facet normal 0.37231873727651627 -0.8603778376316945 -0.34803553609513793
    outer loop
      vertex 8.473007902144941 -18.00605834407379 15
      vertex 14.008138692490883 -29.768810026132044 50
      vertex 12.111297783325918 -30.589646385723466 50
    endloop
  endfacet
  facet normal 0.42560762271302727 -0.8353019915596608 -0.34803553609513804
    outer loop
      vertex 9.586898114624136 -17.438502932872883 15
      vertex 15.849695877946436 -28.83048977344311 50
      vertex 14.008138692490883 -29.768810026132044 50
    endloop
  endfacet
  facet normal 0.47721682930431913 -0.8069295901401202 -0.3480355360951378
    outer loop
      vertex 10.662953220082024 -16.802125717490103 15
      vertex 17.628701554808973 -27.7783887490163 50
      vertex 15.849695877946436 -28.83048977344311 50
    endloop
  endfacet
  facet normal 0.5269426790899735 -0.7753726062793623 -0.3480355360951378
    outer loop
      vertex 11.696926520620215 -16.099438188061452 15
      vertex 19.338134800422367 -26.61665911493577 50
      vertex 17.628701554808973 -27.7783887490163 50
    endloop
  endfacet
  facet normal 0.5745889268584772 -0.7407555809756641 -0.3480355360951378
    outer loop
      vertex 12.68473739599893 -15.3332135312382 15
      vertex 20.9712492627319 -25.349885687323457 50
      vertex 19.338134800422367 -26.61665911493577 50
    endloop
  endfacet
  facet normal 0.6199675346373764 -0.7032151318128922 -0.348035536095138
    outer loop
      vertex 13.6224874079809 -14.506475685686091 15
      vertex 22.52159978505385 -23.98306784216444 50
      vertex 20.9712492627319 -25.349885687323457 50
    endloop
  endfacet
  facet normal 0.6628994137932881 -0.6628994137932881 -0.3480355360951379
    outer loop
      vertex 13.6224874079809 -14.506475685686091 15
      vertex 23.98306784216444 -22.52159978505385 50
      vertex 22.52159978505385 -23.98306784216444 50
    endloop
  endfacet
  facet normal 0.7032151318128922 -0.6199675346373764 -0.348035536095138
    outer loop
      vertex 14.506475685686091 -13.6224874079809 15
      vertex 25.349885687323457 -20.9712492627319 50
      vertex 23.98306784216444 -22.52159978505385 50
    endloop
  endfacet
  facet normal 0.7407555809756641 -0.5745889268584772 -0.3480355360951378
    outer loop
      vertex 15.3332135312382 -12.68473739599893 15
      vertex 26.61665911493577 -19.338134800422367 50
      vertex 25.349885687323457 -20.9712492627319 50
    endloop
  endfacet
  facet normal 0.7753726062793623 -0.5269426790899735 -0.3480355360951378
    outer loop
      vertex 16.099438188061452 -11.696926520620215 15
      vertex 27.7783887490163 -17.628701554808973 50
      vertex 26.61665911493577 -19.338134800422367 50
    endloop
  endfacet
  facet normal 0.8069295901401202 -0.47721682930431913 -0.3480355360951378
    outer loop
      vertex 16.802125717490103 -10.662953220082024 15
      vertex 28.83048977344311 -15.849695877946436 50
      vertex 27.7783887490163 -17.628701554808973 50
    endloop
  endfacet
  facet normal 0.8353019915596601 -0.42560762271302827 -0.3480355360951378
    outer loop
      vertex 17.438502932872883 -9.586898114624136 15
      vertex 29.5 -14.37216046910445 49.8
      vertex 28.83048977344311 -15.849695877946436 50
    endloop
  endfacet
  facet normal 0.8353019915596629 -0.4256076227130226 -0.34803553609513826
    outer loop
      vertex 17.438502932872883 -9.586898114624136 15
      vertex 29.500000000000004 -13.881646295761414 49.2001573127679
      vertex 29.5 -14.37216046910445 49.8
    endloop
  endfacet
  facet normal 0.8603778376316941 -0.37231873727651743 -0.3480355360951378
    outer loop
      vertex 18.00605834407379 -8.473007902144941 15
      vertex 29.500000000000004 -11.679876259532794 46.844764961574704
      vertex 29.500000000000004 -13.881646295761414 49.2001573127679
    endloop
  endfacet
  facet normal 0.9002574126590094 -0.26154895634943043 -0.3480355360951379
    outer loop
      vertex 18.926024674273553 -6.149438188061453 15
      vertex 29.500000000000004 -7.57431263084793 43.42231055680027
      vertex 29.500000000000004 -9.585131038870736 44.933442040462396
    endloop
  endfacet
  facet normal 0.8820581654478417 -0.31756047988022335 -0.34803553609513793
    outer loop
      vertex 18.502552069176197 -7.325678598425099 15
      vertex 29.500000000000004 -9.585131038870736 44.933442040462396
      vertex 29.500000000000004 -11.679876259532794 46.844764961574704
    endloop
  endfacet
  facet normal 0.9149037551509022 -0.20450521857827478 -0.3480355360951379
    outer loop
      vertex 19.27480490645976 -4.948928754580603 15
      vertex 29.500000000000004 -5.627425965447726 42.27832253901935
      vertex 29.500000000000004 -7.57431263084793 43.42231055680027
    endloop
  endfacet
  facet normal 0.9259393905009806 -0.14665439213894202 -0.3480355360951379
    outer loop
      vertex 19.5475162895009 -3.7288881602559236 15
      vertex 29.500000000000004 -3.726716664160186 41.47740614312304
      vertex 29.500000000000004 -5.627425965447726 42.27832253901935
    endloop
  endfacet
  facet normal 0.8353019915596622 -0.42560762271302816 -0.34803553609513316
    outer loop
      vertex 28.83048977344311 -15.849695877946436 50
      vertex 29.5 -14.37216046910445 49.8
      vertex 29.5 -14.535708073762747 50
    endloop
  endfacet
  facet normal 0.6628994137932881 0.6628994137932881 -0.34803553609513793
    outer loop
      vertex 13.622487407980906 14.50647568568609 15
      vertex 23.983067842164438 22.52159978505386 50
      vertex 14.50647568568609 13.622487407980906 15
    endloop
  endfacet
  facet normal 0.6199675346373745 0.7032151318128939 -0.3480355360951379
    outer loop
      vertex 13.622487407980906 14.50647568568609 15
      vertex 12.684737395998924 15.333213531238203 15
      vertex 20.97124926273189 25.34988568732346 50
    endloop
  endfacet
  facet normal 0.5745889268584767 0.7407555809756643 -0.34803553609513793
    outer loop
      vertex 11.696926520620215 16.099438188061452 15
      vertex 19.338134800422367 26.61665911493577 50
      vertex 12.684737395998924 15.333213531238203 15
    endloop
  endfacet
  facet normal -0.3723187372765179 0.8603778376316938 -0.3480355360951378
    outer loop
      vertex -12.1112977833259 30.589646385723473 50
      vertex -7.325678598425089 18.502552069176204 15
      vertex -8.473007902144946 18.006058344073786 15
    endloop
  endfacet
  facet normal -0.3175604798802221 0.8820581654478422 -0.3480355360951379
    outer loop
      vertex -7.325678598425089 18.502552069176204 15
      vertex -10.166659114935769 31.28975938611055 50
      vertex -6.149438188061453 18.926024674273553 15
    endloop
  endfacet
  facet normal -0.26154895634943087 0.9002574126590093 -0.3480355360951379
    outer loop
      vertex -6.149438188061453 18.926024674273553 15
      vertex -8.181897287723725 31.86638600113196 50
      vertex -4.948928754580611 19.274804906459757 15
    endloop
  endfacet
  facet normal -0.2045052185782773 0.9149037551509016 -0.3480355360951379
    outer loop
      vertex -4.948928754580611 19.274804906459757 15
      vertex -6.164845249870338 32.31725054897386 50
      vertex -3.7288881602559187 19.547516289500905 15
    endloop
  endfacet
  facet normal -0.1466543921389392 0.9259393905009811 -0.34803553609513804
    outer loop
      vertex -3.7288881602559187 19.547516289500905 15
      vertex -4.1234633842656105 32.64057367324632 50
      vertex -2.494131347929655 19.743082556158107 15
    endloop
  endfacet
  facet normal -0.08822478781384972 0.9333207660982215 -0.34803553609513793
    outer loop
      vertex -2.494131347929655 19.743082556158107 15
      vertex -2.065808092514407 32.835079365290134 50
      vertex -1.2495313386333342 19.8607318957226 15
    endloop
  endfacet
  facet normal -0.029447000557332962 0.9370187510253711 -0.3480355360951378
    outer loop
      vertex -1.2495313386333342 19.8607318957226 15
      vertex 0 32.9 50
      vertex 0 19.9 15
    endloop
  endfacet
  facet normal 0.029447000557332962 0.9370187510253711 -0.3480355360951378
    outer loop
      vertex 0 19.9 15
      vertex 0 32.9 50
      vertex 1.2495313386333342 19.8607318957226 15
    endloop
  endfacet
  facet normal 0.08822478781384972 0.9333207660982215 -0.34803553609513793
    outer loop
      vertex 2.494131347929655 19.743082556158107 15
      vertex 1.2495313386333342 19.8607318957226 15
      vertex 2.065808092514407 32.835079365290134 50
    endloop
  endfacet
  facet normal 0.1466543921389392 0.9259393905009811 -0.348035536095138
    outer loop
      vertex 2.494131347929655 19.743082556158107 15
      vertex 4.1234633842656105 32.64057367324632 50
      vertex 3.7288881602559187 19.547516289500905 15
    endloop
  endfacet
  facet normal 0.2045052185782773 0.9149037551509016 -0.3480355360951379
    outer loop
      vertex 3.7288881602559187 19.547516289500905 15
      vertex 6.164845249870338 32.31725054897386 50
      vertex 4.948928754580611 19.274804906459757 15
    endloop
  endfacet
  facet normal 0.26154895634943087 0.9002574126590093 -0.3480355360951379
    outer loop
      vertex 4.948928754580611 19.274804906459757 15
      vertex 8.181897287723725 31.86638600113196 50
      vertex 6.149438188061453 18.926024674273553 15
    endloop
  endfacet
  facet normal 0.42560762271302827 0.8353019915596601 -0.3480355360951379
    outer loop
      vertex 8.473007902144946 18.006058344073786 15
      vertex 14.008138692490892 29.76881002613204 50
      vertex 9.586898114624132 17.438502932872883 15
    endloop
  endfacet
  facet normal 0.3175604798802221 0.8820581654478422 -0.3480355360951379
    outer loop
      vertex 6.149438188061453 18.926024674273553 15
      vertex 10.166659114935769 31.28975938611055 50
      vertex 7.325678598425089 18.502552069176204 15
    endloop
  endfacet
  facet normal 0.3723187372765175 0.8603778376316941 -0.3480355360951379
    outer loop
      vertex 7.325678598425089 18.502552069176204 15
      vertex 12.1112977833259 30.589646385723473 50
      vertex 8.473007902144946 18.006058344073786 15
    endloop
  endfacet
  facet normal 0.47721682930431647 0.8069295901401218 -0.3480355360951379
    outer loop
      vertex 10.662953220082033 16.8021257174901 15
      vertex 9.586898114624132 17.438502932872883 15
      vertex 15.849695877946429 28.830489773443112 50
    endloop
  endfacet
  facet normal 0.5269426790899765 0.7753726062793604 -0.3480355360951378
    outer loop
      vertex 10.662953220082033 16.8021257174901 15
      vertex 17.628701554808988 27.778388749016294 50
      vertex 11.696926520620215 16.099438188061452 15
    endloop
  endfacet
  facet normal 0.937018751025371 0.02944700055733292 -0.34803553609513777
    outer loop
      vertex 19.9 0 15
      vertex 19.8607318957226 1.249531338633336 15
      vertex 29.500000000000004 0 40.84615384615386
    endloop
  endfacet
  facet normal 0.9333207660982215 0.08822478781384989 -0.34803553609513793
    outer loop
      vertex 19.8607318957226 1.249531338633336 15
      vertex 19.743082556158107 2.4941313479296547 15
      vertex 29.500000000000004 1.855982683982668 41.003187015073415
    endloop
  endfacet
  facet normal 0.9259393905009811 0.14665439213893902 -0.348035536095138
    outer loop
      vertex 19.743082556158107 2.4941313479296547 15
      vertex 19.547516289500905 3.7288881602559196 15
      vertex 29.500000000000004 3.7267166641601914 41.47740614312304
    endloop
  endfacet
  facet normal 0.9149037551509016 0.20450521857827755 -0.3480355360951379
    outer loop
      vertex 19.547516289500905 3.7288881602559196 15
      vertex 19.274804906459757 4.94892875458061 15
      vertex 29.500000000000004 5.627425965447719 42.278322539019335
    endloop
  endfacet
  facet normal 0.9002574126590092 0.2615489563494307 -0.3480355360951378
    outer loop
      vertex 19.274804906459757 4.94892875458061 15
      vertex 18.926024674273553 6.149438188061453 15
      vertex 29.500000000000004 7.574312630847943 43.422310556800284
    endloop
  endfacet
  facet normal 0.8820581654478415 0.31756047988022384 -0.3480355360951379
    outer loop
      vertex 18.926024674273553 6.149438188061453 15
      vertex 18.5025520691762 7.325678598425092 15
      vertex 29.500000000000004 9.585131038870736 44.933442040462396
    endloop
  endfacet
  facet normal 0.8603778376316954 0.3723187372765142 -0.3480355360951379
    outer loop
      vertex 18.00605834407379 8.473007902144944 15
      vertex 29.500000000000004 11.67987625953278 46.8447649615747
      vertex 18.5025520691762 7.325678598425092 15
    endloop
  endfacet
  facet normal 0.9370187510253711 0.02944700055733162 -0.3480355360951378
    outer loop
      vertex 19.8607318957226 1.249531338633336 15
      vertex 29.500000000000004 1.855982683982668 41.003187015073415
      vertex 29.500000000000004 0 40.84615384615386
    endloop
  endfacet
  facet normal 0.9333207660982216 0.08822478781384956 -0.348035536095138
    outer loop
      vertex 19.743082556158107 2.4941313479296547 15
      vertex 29.500000000000004 3.7267166641601914 41.47740614312304
      vertex 29.500000000000004 1.855982683982668 41.003187015073415
    endloop
  endfacet
  facet normal 0.8069295901401213 0.4772168293043171 -0.348035536095138
    outer loop
      vertex 17.438502932872883 9.586898114624134 15
      vertex 16.8021257174901 10.662953220082033 15
      vertex 28.830489773443112 15.849695877946434 50
    endloop
  endfacet
  facet normal 0.7407555809756643 0.5745889268584767 -0.34803553609513793
    outer loop
      vertex 16.099438188061452 11.696926520620215 15
      vertex 15.333213531238203 12.684737395998924 15
      vertex 26.61665911493577 19.338134800422367 50
    endloop
  endfacet
  facet normal 0.7753726062793604 0.5269426790899765 -0.3480355360951378
    outer loop
      vertex 16.099438188061452 11.696926520620215 15
      vertex 27.778388749016294 17.628701554808988 50
      vertex 16.8021257174901 10.662953220082033 15
    endloop
  endfacet
  facet normal 0.8353019915596596 0.4256076227130293 -0.3480355360951378
    outer loop
      vertex 18.00605834407379 8.473007902144944 15
      vertex 17.438502932872883 9.586898114624134 15
      vertex 29.500000000000004 13.88164629576142 49.2001573127679
    endloop
  endfacet
  facet normal 0.7032151318128939 0.6199675346373745 -0.3480355360951379
    outer loop
      vertex 15.333213531238203 12.684737395998924 15
      vertex 14.50647568568609 13.622487407980906 15
      vertex 25.34988568732346 20.97124926273189 50
    endloop
  endfacet
  facet normal -0.31756047988022357 0.8820581654478417 -0.3480355360951378
    outer loop
      vertex -12.1112977833259 30.589646385723473 50
      vertex -10.166659114935769 31.28975938611055 50
      vertex -7.325678598425089 18.502552069176204 15
    endloop
  endfacet
  facet normal -0.2615489563494297 0.9002574126590095 -0.3480355360951378
    outer loop
      vertex -6.149438188061453 18.926024674273553 15
      vertex -10.166659114935769 31.28975938611055 50
      vertex -8.181897287723725 31.86638600113196 50
    endloop
  endfacet
  facet normal -0.20450521857827778 0.9149037551509015 -0.3480355360951379
    outer loop
      vertex -4.948928754580611 19.274804906459757 15
      vertex -8.181897287723725 31.86638600113196 50
      vertex -6.164845249870338 32.31725054897386 50
    endloop
  endfacet
  facet normal -0.1466543921389402 0.9259393905009808 -0.3480355360951379
    outer loop
      vertex -3.7288881602559187 19.547516289500905 15
      vertex -6.164845249870338 32.31725054897386 50
      vertex -4.1234633842656105 32.64057367324632 50
    endloop
  endfacet
  facet normal -0.08822478781384999 0.9333207660982216 -0.34803553609513793
    outer loop
      vertex -2.494131347929655 19.743082556158107 15
      vertex -4.1234633842656105 32.64057367324632 50
      vertex -2.065808092514407 32.835079365290134 50
    endloop
  endfacet
  facet normal -0.029447000557330915 0.9370187510253712 -0.34803553609513793
    outer loop
      vertex -1.2495313386333342 19.8607318957226 15
      vertex -2.065808092514407 32.835079365290134 50
      vertex 0 32.9 50
    endloop
  endfacet
  facet normal 0.029447000557330915 0.9370187510253712 -0.34803553609513793
    outer loop
      vertex 1.2495313386333342 19.8607318957226 15
      vertex 0 32.9 50
      vertex 2.065808092514407 32.835079365290134 50
    endloop
  endfacet
  facet normal 0.08822478781384999 0.9333207660982216 -0.34803553609513793
    outer loop
      vertex 2.494131347929655 19.743082556158107 15
      vertex 2.065808092514407 32.835079365290134 50
      vertex 4.1234633842656105 32.64057367324632 50
    endloop
  endfacet
  facet normal 0.1466543921389402 0.9259393905009808 -0.3480355360951379
    outer loop
      vertex 3.7288881602559187 19.547516289500905 15
      vertex 4.1234633842656105 32.64057367324632 50
      vertex 6.164845249870338 32.31725054897386 50
    endloop
  endfacet
  facet normal 0.20450521857827778 0.9149037551509015 -0.3480355360951379
    outer loop
      vertex 4.948928754580611 19.274804906459757 15
      vertex 6.164845249870338 32.31725054897386 50
      vertex 8.181897287723725 31.86638600113196 50
    endloop
  endfacet
  facet normal 0.3175604798802241 0.8820581654478417 -0.34803553609513777
    outer loop
      vertex 7.325678598425089 18.502552069176204 15
      vertex 10.166659114935769 31.28975938611055 50
      vertex 12.1112977833259 30.589646385723473 50
    endloop
  endfacet
  facet normal 0.2615489563494297 0.9002574126590095 -0.3480355360951378
    outer loop
      vertex 6.149438188061453 18.926024674273553 15
      vertex 8.181897287723725 31.86638600113196 50
      vertex 10.166659114935769 31.28975938611055 50
    endloop
  endfacet
  facet normal 0.5269426790899745 0.7753726062793616 -0.348035536095138
    outer loop
      vertex 11.696926520620215 16.099438188061452 15
      vertex 17.628701554808988 27.778388749016294 50
      vertex 19.338134800422367 26.61665911493577 50
    endloop
  endfacet
  facet normal 0.47721682930431875 0.8069295901401204 -0.3480355360951379
    outer loop
      vertex 10.662953220082033 16.8021257174901 15
      vertex 15.849695877946429 28.830489773443112 50
      vertex 17.628701554808988 27.778388749016294 50
    endloop
  endfacet
  facet normal 0.5745889268584776 0.7407555809756635 -0.3480355360951379
    outer loop
      vertex 12.684737395998924 15.333213531238203 15
      vertex 19.338134800422367 26.61665911493577 50
      vertex 20.97124926273189 25.34988568732346 50
    endloop
  endfacet
  facet normal 0.3723187372765161 0.8603778376316945 -0.34803553609513777
    outer loop
      vertex 8.473007902144946 18.006058344073786 15
      vertex 12.1112977833259 30.589646385723473 50
      vertex 14.008138692490892 29.76881002613204 50
    endloop
  endfacet
  facet normal 0.42560762271302766 0.8353019915596605 -0.3480355360951379
    outer loop
      vertex 9.586898114624132 17.438502932872883 15
      vertex 14.008138692490892 29.76881002613204 50
      vertex 15.849695877946429 28.830489773443112 50
    endloop
  endfacet
  facet normal 0.9259393905009807 0.1466543921389409 -0.3480355360951378
    outer loop
      vertex 19.547516289500905 3.7288881602559196 15
      vertex 29.500000000000004 5.627425965447719 42.278322539019335
      vertex 29.500000000000004 3.7267166641601914 41.47740614312304
    endloop
  endfacet
  facet normal 0.9149037551509018 0.20450521857827667 -0.34803553609513793
    outer loop
      vertex 19.274804906459757 4.94892875458061 15
      vertex 29.500000000000004 7.574312630847943 43.422310556800284
      vertex 29.500000000000004 5.627425965447719 42.278322539019335
    endloop
  endfacet
  facet normal 0.9002574126590094 0.26154895634943015 -0.3480355360951378
    outer loop
      vertex 18.926024674273553 6.149438188061453 15
      vertex 29.500000000000004 9.585131038870736 44.933442040462396
      vertex 29.500000000000004 7.574312630847943 43.422310556800284
    endloop
  endfacet
  facet normal 0.8820581654478413 0.3175604798802246 -0.3480355360951378
    outer loop
      vertex 18.5025520691762 7.325678598425092 15
      vertex 29.500000000000004 11.67987625953278 46.8447649615747
      vertex 29.500000000000004 9.585131038870736 44.933442040462396
    endloop
  endfacet
  facet normal 0.8069295901401198 0.47721682930431986 -0.3480355360951379
    outer loop
      vertex 16.8021257174901 10.662953220082033 15
      vertex 27.778388749016294 17.628701554808988 50
      vertex 28.830489773443112 15.849695877946434 50
    endloop
  endfacet
  facet normal 0.7032151318128934 0.6199675346373753 -0.34803553609513765
    outer loop
      vertex 14.50647568568609 13.622487407980906 15
      vertex 23.983067842164438 22.52159978505386 50
      vertex 25.34988568732346 20.97124926273189 50
    endloop
  endfacet
  facet normal 0.7753726062793616 0.5269426790899745 -0.348035536095138
    outer loop
      vertex 16.099438188061452 11.696926520620215 15
      vertex 26.61665911493577 19.338134800422367 50
      vertex 27.778388749016294 17.628701554808988 50
    endloop
  endfacet
  facet normal 0.7407555809756635 0.5745889268584776 -0.3480355360951379
    outer loop
      vertex 15.333213531238203 12.684737395998924 15
      vertex 25.34988568732346 20.97124926273189 50
      vertex 26.61665911493577 19.338134800422367 50
    endloop
  endfacet
  facet normal 0.8603778376316952 0.37231873727651466 -0.3480355360951379
    outer loop
      vertex 18.00605834407379 8.473007902144944 15
      vertex 29.500000000000004 13.88164629576142 49.2001573127679
      vertex 29.500000000000004 11.67987625953278 46.8447649615747
    endloop
  endfacet
  facet normal 0.8353019915596619 0.4256076227130248 -0.348035536095138
    outer loop
      vertex 17.438502932872883 9.586898114624134 15
      vertex 29.500000000000004 14.372160469104449 49.8
      vertex 29.500000000000004 13.88164629576142 49.2001573127679
    endloop
  endfacet
  facet normal 0.8353019915596601 0.42560762271302827 -0.3480355360951378
    outer loop
      vertex 17.438502932872883 9.586898114624134 15
      vertex 28.830489773443112 15.849695877946434 50
      vertex 29.500000000000004 14.372160469104449 49.8
    endloop
  endfacet
  facet normal 0.8353019915596608 0.4256076227130279 -0.34803553609513704
    outer loop
      vertex 29.500000000000004 14.372160469104449 49.8
      vertex 28.830489773443112 15.849695877946434 50
      vertex 29.5 14.535708073762754 50
    endloop
  endfacet
  facet normal 0.6199675346373753 0.7032151318128934 -0.34803553609513765
    outer loop
      vertex 13.622487407980906 14.50647568568609 15
      vertex 20.97124926273189 25.34988568732346 50
      vertex 22.52159978505386 23.983067842164438 50
    endloop
  endfacet
  facet normal 0.6628994137932884 0.6628994137932878 -0.3480355360951378
    outer loop
      vertex 13.622487407980906 14.50647568568609 15
      vertex 22.52159978505386 23.983067842164438 50
      vertex 23.983067842164438 22.52159978505386 50
    endloop
  endfacet
  facet normal -0.5305395024366839 -0.4677334893312969 -0.7069322593517751
    outer loop
      vertex -25.441005097007267 -23.890693996911228 52
      vertex -26.890912172875048 -22.24609724222927 52
      vertex -25.349885687323468 -20.971249262731888 50
    endloop
  endfacet
  facet normal -0.5588618327152174 -0.43349767314483123 -0.7069322593517752
    outer loop
      vertex -25.349885687323468 -20.971249262731888 50
      vertex -26.890912172875048 -22.24609724222927 52
      vertex -26.61665911493577 -19.338134800422367 50
    endloop
  endfacet
  facet normal -0.5588618327152189 -0.43349767314483045 -0.7069322593517742
    outer loop
      vertex -26.890912172875048 -22.24609724222927 52
      vertex -28.234693103685665 -20.51370530500731 52
      vertex -26.61665911493577 -19.338134800422367 50
    endloop
  endfacet
  facet normal -0.32109897266475496 -0.6301922170587594 -0.7069322593517743
    outer loop
      vertex -14.859697275621027 -31.57846413106408 52
      vertex -15.849695877946436 -28.83048977344311 50
      vertex -14.008138692490883 -29.768810026132044 50
    endloop
  endfacet
  facet normal -0.32109897266475457 -0.6301922170587594 -0.7069322593517745
    outer loop
      vertex -16.813203226149867 -30.583103133530834 52
      vertex -15.849695877946436 -28.83048977344311 50
      vertex -14.859697275621027 -31.57846413106408 52
    endloop
  endfacet
  facet normal -0.28089526047783553 -0.6491106479860617 -0.7069322593517741
    outer loop
      vertex -12.847546888695257 -32.44919935749997 52
      vertex -14.008138692490883 -29.768810026132044 50
      vertex -12.1112977833259 -30.589646385723473 50
    endloop
  endfacet
  facet normal -0.2395829830266459 -0.66546733573621 -0.7069322593517743
    outer loop
      vertex -10.784693103685663 -33.191872418700854 52
      vertex -12.1112977833259 -30.589646385723473 50
      vertex -10.166659114935769 -31.28975938611055 50
    endloop
  endfacet
  facet normal -0.28089526047783514 -0.6491106479860617 -0.7069322593517743
    outer loop
      vertex -14.859697275621027 -31.57846413106408 52
      vertex -14.008138692490883 -29.768810026132044 50
      vertex -12.847546888695257 -32.44919935749997 52
    endloop
  endfacet
  facet normal -0.2395829830266463 -0.6654673357362101 -0.7069322593517741
    outer loop
      vertex -12.847546888695257 -32.44919935749997 52
      vertex -12.1112977833259 -30.589646385723473 50
      vertex -10.784693103685663 -33.191872418700854 52
    endloop
  endfacet
  facet normal -0.4677334893312968 -0.530539502436684 -0.7069322593517752
    outer loop
      vertex -22.24609724222927 -26.890912172875048 52
      vertex -22.52159978505385 -23.98306784216444 50
      vertex -20.971249262731888 -25.349885687323468 50
    endloop
  endfacet
  facet normal -0.46773348933129694 -0.530539502436684 -0.7069322593517751
    outer loop
      vertex -23.890693996911228 -25.441005097007267 52
      vertex -22.52159978505385 -23.98306784216444 50
      vertex -22.24609724222927 -26.890912172875048 52
    endloop
  endfacet
  facet normal -0.39755103968870936 -0.5849785906597098 -0.7069322593517756
    outer loop
      vertex -18.700355144766988 -29.467044600020323 52
      vertex -19.338134800422367 -26.61665911493577 50
      vertex -17.62870155480899 -27.77838874901629 50
    endloop
  endfacet
  facet normal -0.39755103968871197 -0.5849785906597095 -0.7069322593517743
    outer loop
      vertex -20.51370530500731 -28.234693103685665 52
      vertex -19.338134800422367 -26.61665911493577 50
      vertex -18.700355144766988 -29.467044600020323 52
    endloop
  endfacet
  facet normal -0.4334976731448318 -0.558861832715218 -0.7069322593517742
    outer loop
      vertex -20.51370530500731 -28.234693103685665 52
      vertex -20.971249262731888 -25.349885687323468 50
      vertex -19.338134800422367 -26.61665911493577 50
    endloop
  endfacet
  facet normal -0.43349767314482995 -0.5588618327152184 -0.7069322593517752
    outer loop
      vertex -22.24609724222927 -26.890912172875048 52
      vertex -20.971249262731888 -25.349885687323468 50
      vertex -20.51370530500731 -28.234693103685665 52
    endloop
  endfacet
  facet normal -0.5001233751224765 -0.5001233751224765 -0.706932259351775
    outer loop
      vertex -23.890693996911228 -25.441005097007267 52
      vertex -23.98306784216444 -22.52159978505385 50
      vertex -22.52159978505385 -23.98306784216444 50
    endloop
  endfacet
  facet normal -0.530539502436684 -0.4677334893312968 -0.7069322593517751
    outer loop
      vertex -25.441005097007267 -23.890693996911228 52
      vertex -25.349885687323468 -20.971249262731888 50
      vertex -23.98306784216444 -22.52159978505385 50
    endloop
  endfacet
  facet normal -0.5001233751224765 -0.5001233751224765 -0.706932259351775
    outer loop
      vertex -25.441005097007267 -23.890693996911228 52
      vertex -23.98306784216444 -22.52159978505385 50
      vertex -23.890693996911228 -25.441005097007267 52
    endloop
  endfacet
  facet normal -0.3600354539027345 -0.6087867053581635 -0.7069322593517745
    outer loop
      vertex -16.813203226149867 -30.583103133530834 52
      vertex -17.62870155480899 -27.77838874901629 50
      vertex -15.849695877946436 -28.83048977344311 50
    endloop
  endfacet
  facet normal -0.36003545390273245 -0.6087867053581636 -0.7069322593517755
    outer loop
      vertex -16.813203226149867 -30.583103133530834 52
      vertex -18.700355144766988 -29.467044600020323 52
      vertex -17.62870155480899 -27.77838874901629 50
    endloop
  endfacet
  facet normal -0.6654673357362099 -0.2395829830266462 -0.7069322593517743
    outer loop
      vertex -32.44919935749997 -12.847546888695257 52
      vertex -33.191872418700854 -10.784693103685663 52
      vertex -31.28975938611055 -10.166659114935769 50
    endloop
  endfacet
  facet normal -0.6087867053581626 -0.36003545390273395 -0.7069322593517755
    outer loop
      vertex -29.467044600020323 -18.700355144766988 52
      vertex -28.83048977344311 -15.849695877946436 50
      vertex -27.77838874901629 -17.62870155480899 50
    endloop
  endfacet
  facet normal -0.6301922170587593 -0.3210989726647549 -0.7069322593517744
    outer loop
      vertex -28.83048977344311 -15.849695877946436 50
      vertex -30.583103133530834 -16.813203226149867 52
      vertex -29.768810026132044 -14.008138692490883 50
    endloop
  endfacet
  facet normal -0.6301922170587597 -0.32109897266475473 -0.7069322593517744
    outer loop
      vertex -30.583103133530834 -16.813203226149867 52
      vertex -31.57846413106408 -14.859697275621027 52
      vertex -29.768810026132044 -14.008138692490883 50
    endloop
  endfacet
  facet normal -0.6087867053581644 -0.36003545390273295 -0.7069322593517745
    outer loop
      vertex -29.467044600020323 -18.700355144766988 52
      vertex -30.583103133530834 -16.813203226149867 52
      vertex -28.83048977344311 -15.849695877946436 50
    endloop
  endfacet
  facet normal -0.5849785906597108 -0.39755103968871003 -0.7069322593517743
    outer loop
      vertex -28.234693103685665 -20.51370530500731 52
      vertex -27.77838874901629 -17.62870155480899 50
      vertex -26.61665911493577 -19.338134800422367 50
    endloop
  endfacet
  facet normal -0.5849785906597085 -0.3975510396887113 -0.7069322593517755
    outer loop
      vertex -28.234693103685665 -20.51370530500731 52
      vertex -29.467044600020323 -18.700355144766988 52
      vertex -27.77838874901629 -17.62870155480899 50
    endloop
  endfacet
  facet normal -0.6491106479860616 -0.2808952604778355 -0.7069322593517743
    outer loop
      vertex -31.57846413106408 -14.859697275621027 52
      vertex -30.589646385723473 -12.1112977833259 50
      vertex -29.768810026132044 -14.008138692490883 50
    endloop
  endfacet
  facet normal -0.6491106479860619 -0.28089526047783525 -0.7069322593517742
    outer loop
      vertex -32.44919935749997 -12.847546888695257 52
      vertex -30.589646385723473 -12.1112977833259 50
      vertex -31.57846413106408 -14.859697275621027 52
    endloop
  endfacet
  facet normal -0.6654673357362102 -0.239582983026646 -0.7069322593517742
    outer loop
      vertex -32.44919935749997 -12.847546888695257 52
      vertex -31.28975938611055 -10.166659114935769 50
      vertex -30.589646385723473 -12.1112977833259 50
    endloop
  endfacet
  facet normal -0.6902476369981815 -0.15428862662627127 -0.7069322593517755
    outer loop
      vertex -33.803552323389226 -8.679277062053433 52
      vertex -32.31725054897385 -6.164845249870346 50
      vertex -31.86638600113196 -8.181897287723725 50
    endloop
  endfacet
  facet normal -0.6791977279353117 -0.19732518099650778 -0.7069322593517753
    outer loop
      vertex -33.191872418700854 -10.784693103685663 52
      vertex -33.803552323389226 -8.679277062053433 52
      vertex -31.86638600113196 -8.181897287723725 50
    endloop
  endfacet
  facet normal -0.6985734539819689 -0.11064316553451105 -0.7069322593517747
    outer loop
      vertex -32.31725054897385 -6.164845249870346 50
      vertex -34.36729054234797 -6 52
      vertex -32.343359471614725 -6 50
    endloop
  endfacet
  facet normal -0.690247636998182 -0.1542886266262705 -0.706932259351775
    outer loop
      vertex -33.803552323389226 -8.679277062053433 52
      vertex -34.28182505043123 -6.539607879041796 52
      vertex -32.31725054897385 -6.164845249870346 50
    endloop
  endfacet
  facet normal -0.6985734539819689 -0.11064316553450987 -0.7069322593517748
    outer loop
      vertex -32.31725054897385 -6.164845249870346 50
      vertex -34.28182505043123 -6.539607879041796 52
      vertex -34.36729054234797 -6 52
    endloop
  endfacet
  facet normal -0.6791977279353134 -0.1973251809965062 -0.7069322593517743
    outer loop
      vertex -33.191872418700854 -10.784693103685663 52
      vertex -31.86638600113196 -8.181897287723725 50
      vertex -31.28975938611055 -10.166659114935769 50
    endloop
  endfacet
  facet normal -0.6985734539819687 0.11064316553451102 -0.7069322593517748
    outer loop
      vertex -32.343359471614725 6 50
      vertex -34.28182505043123 6.539607879041796 52
      vertex -32.31725054897385 6.164845249870346 50
    endloop
  endfacet
  facet normal -0.6985734539819689 0.11064316553450987 -0.7069322593517748
    outer loop
      vertex -32.343359471614725 6 50
      vertex -34.36729054234797 6 52
      vertex -34.28182505043123 6.539607879041796 52
    endloop
  endfacet
  facet normal -0.690247636998182 0.1542886266262705 -0.7069322593517748
    outer loop
      vertex -32.31725054897385 6.164845249870346 50
      vertex -34.28182505043123 6.539607879041796 52
      vertex -33.803552323389226 8.679277062053433 52
    endloop
  endfacet
  facet normal -0.6902476369981815 0.15428862662627127 -0.7069322593517755
    outer loop
      vertex -32.31725054897385 6.164845249870346 50
      vertex -33.803552323389226 8.679277062053433 52
      vertex -31.86638600113196 8.181897287723725 50
    endloop
  endfacet
  facet normal -0.6791977279353117 0.19732518099650778 -0.7069322593517753
    outer loop
      vertex -33.803552323389226 8.679277062053433 52
      vertex -33.191872418700854 10.784693103685663 52
      vertex -31.86638600113196 8.181897287723725 50
    endloop
  endfacet
  facet normal -0.6791977279353134 0.1973251809965062 -0.7069322593517743
    outer loop
      vertex -31.86638600113196 8.181897287723725 50
      vertex -33.191872418700854 10.784693103685663 52
      vertex -31.28975938611055 10.166659114935769 50
    endloop
  endfacet
  facet normal -0.6654673357362099 0.2395829830266462 -0.7069322593517743
    outer loop
      vertex -33.191872418700854 10.784693103685663 52
      vertex -32.44919935749997 12.847546888695257 52
      vertex -31.28975938611055 10.166659114935769 50
    endloop
  endfacet
  facet normal -0.6654673357362102 0.239582983026646 -0.7069322593517742
    outer loop
      vertex -32.44919935749997 12.847546888695257 52
      vertex -30.589646385723473 12.1112977833259 50
      vertex -31.28975938611055 10.166659114935769 50
    endloop
  endfacet
  facet normal -0.6491106479860614 0.2808952604778354 -0.7069322593517743
    outer loop
      vertex -30.589646385723473 12.1112977833259 50
      vertex -31.57846413106408 14.859697275621027 52
      vertex -29.768810026132044 14.008138692490883 50
    endloop
  endfacet
  facet normal -0.6491106479860619 0.28089526047783525 -0.7069322593517742
    outer loop
      vertex -32.44919935749997 12.847546888695257 52
      vertex -31.57846413106408 14.859697275621027 52
      vertex -30.589646385723473 12.1112977833259 50
    endloop
  endfacet
  facet normal -0.6301922170587593 0.3210989726647549 -0.7069322593517744
    outer loop
      vertex -29.768810026132044 14.008138692490883 50
      vertex -30.583103133530834 16.813203226149867 52
      vertex -28.83048977344311 15.849695877946436 50
    endloop
  endfacet
  facet normal -0.6301922170587597 0.32109897266475473 -0.7069322593517744
    outer loop
      vertex -29.768810026132044 14.008138692490883 50
      vertex -31.57846413106408 14.859697275621027 52
      vertex -30.583103133530834 16.813203226149867 52
    endloop
  endfacet
  facet normal -0.6087867053581644 0.36003545390273295 -0.7069322593517745
    outer loop
      vertex -28.83048977344311 15.849695877946436 50
      vertex -30.583103133530834 16.813203226149867 52
      vertex -29.467044600020323 18.700355144766988 52
    endloop
  endfacet
  facet normal -0.6087867053581626 0.36003545390273395 -0.7069322593517755
    outer loop
      vertex -28.83048977344311 15.849695877946436 50
      vertex -29.467044600020323 18.700355144766988 52
      vertex -27.77838874901629 17.62870155480899 50
    endloop
  endfacet
  facet normal -0.5849785906597108 0.39755103968871003 -0.7069322593517743
    outer loop
      vertex -27.77838874901629 17.62870155480899 50
      vertex -28.234693103685665 20.51370530500731 52
      vertex -26.61665911493577 19.338134800422367 50
    endloop
  endfacet
  facet normal -0.5849785906597085 0.3975510396887113 -0.7069322593517755
    outer loop
      vertex -29.467044600020323 18.700355144766988 52
      vertex -28.234693103685665 20.51370530500731 52
      vertex -27.77838874901629 17.62870155480899 50
    endloop
  endfacet
  facet normal -0.5588618327152174 0.4334976731448313 -0.7069322593517752
    outer loop
      vertex -26.61665911493577 19.338134800422367 50
      vertex -26.890912172875048 22.24609724222927 52
      vertex -25.349885687323468 20.971249262731888 50
    endloop
  endfacet
  facet normal -0.5588618327152189 0.43349767314483045 -0.7069322593517742
    outer loop
      vertex -26.61665911493577 19.338134800422367 50
      vertex -28.234693103685665 20.51370530500731 52
      vertex -26.890912172875048 22.24609724222927 52
    endloop
  endfacet
  facet normal -0.5305395024366839 0.4677334893312969 -0.7069322593517751
    outer loop
      vertex -25.349885687323468 20.971249262731888 50
      vertex -26.890912172875048 22.24609724222927 52
      vertex -25.441005097007267 23.890693996911228 52
    endloop
  endfacet
  facet normal -0.530539502436684 0.4677334893312968 -0.7069322593517751
    outer loop
      vertex -25.349885687323468 20.971249262731888 50
      vertex -25.441005097007267 23.890693996911228 52
      vertex -23.98306784216444 22.52159978505385 50
    endloop
  endfacet
  facet normal -0.5001233751224765 0.5001233751224765 -0.706932259351775
    outer loop
      vertex -23.98306784216444 22.52159978505385 50
      vertex -23.890693996911228 25.441005097007267 52
      vertex -22.52159978505385 23.98306784216444 50
    endloop
  endfacet
  facet normal -0.5001233751224765 0.5001233751224765 -0.706932259351775
    outer loop
      vertex -25.441005097007267 23.890693996911228 52
      vertex -23.890693996911228 25.441005097007267 52
      vertex -23.98306784216444 22.52159978505385 50
    endloop
  endfacet
  facet normal -0.4677334893312968 0.530539502436684 -0.7069322593517751
    outer loop
      vertex -22.52159978505385 23.98306784216444 50
      vertex -22.24609724222927 26.890912172875048 52
      vertex -20.971249262731888 25.349885687323468 50
    endloop
  endfacet
  facet normal -0.46773348933129694 0.530539502436684 -0.7069322593517751
    outer loop
      vertex -22.52159978505385 23.98306784216444 50
      vertex -23.890693996911228 25.441005097007267 52
      vertex -22.24609724222927 26.890912172875048 52
    endloop
  endfacet
  facet normal -0.4334976731448318 0.558861832715218 -0.7069322593517742
    outer loop
      vertex -20.971249262731888 25.349885687323468 50
      vertex -20.51370530500731 28.234693103685665 52
      vertex -19.338134800422367 26.61665911493577 50
    endloop
  endfacet
  facet normal -0.43349767314482995 0.5588618327152184 -0.7069322593517752
    outer loop
      vertex -22.24609724222927 26.890912172875048 52
      vertex -20.51370530500731 28.234693103685665 52
      vertex -20.971249262731888 25.349885687323468 50
    endloop
  endfacet
  facet normal -0.39755103968870936 0.5849785906597098 -0.7069322593517755
    outer loop
      vertex -19.338134800422367 26.61665911493577 50
      vertex -18.700355144766988 29.467044600020323 52
      vertex -17.62870155480899 27.77838874901629 50
    endloop
  endfacet
  facet normal -0.39755103968871197 0.5849785906597095 -0.7069322593517743
    outer loop
      vertex -19.338134800422367 26.61665911493577 50
      vertex -20.51370530500731 28.234693103685665 52
      vertex -18.700355144766988 29.467044600020323 52
    endloop
  endfacet
  facet normal -0.36003545390273434 0.6087867053581636 -0.7069322593517745
    outer loop
      vertex -17.62870155480899 27.77838874901629 50
      vertex -16.81320322614986 30.583103133530837 52
      vertex -15.849695877946429 28.830489773443112 50
    endloop
  endfacet
  facet normal -0.36003545390273234 0.6087867053581637 -0.7069322593517755
    outer loop
      vertex -18.700355144766988 29.467044600020323 52
      vertex -16.81320322614986 30.583103133530837 52
      vertex -17.62870155480899 27.77838874901629 50
    endloop
  endfacet
  facet normal -0.32109897266475523 0.6301922170587593 -0.7069322593517745
    outer loop
      vertex -15.849695877946429 28.830489773443112 50
      vertex -14.859697275621038 31.578464131064077 52
      vertex -14.008138692490892 29.76881002613204 50
    endloop
  endfacet
  facet normal -0.32109897266475507 0.6301922170587592 -0.7069322593517745
    outer loop
      vertex -15.849695877946429 28.830489773443112 50
      vertex -16.81320322614986 30.583103133530837 52
      vertex -14.859697275621038 31.578464131064077 52
    endloop
  endfacet
  facet normal -0.2808952604778355 0.6491106479860618 -0.7069322593517742
    outer loop
      vertex -14.008138692490892 29.76881002613204 50
      vertex -12.847546888695257 32.44919935749997 52
      vertex -12.1112977833259 30.589646385723473 50
    endloop
  endfacet
  facet normal -0.2395829830266459 0.66546733573621 -0.7069322593517743
    outer loop
      vertex -12.1112977833259 30.589646385723473 50
      vertex -10.784693103685663 33.191872418700854 52
      vertex -10.166659114935769 31.28975938611055 50
    endloop
  endfacet
  facet normal -0.28089526047783475 0.6491106479860616 -0.7069322593517744
    outer loop
      vertex -14.859697275621038 31.578464131064077 52
      vertex -12.847546888695257 32.44919935749997 52
      vertex -14.008138692490892 29.76881002613204 50
    endloop
  endfacet
  facet normal -0.23958298302664627 0.66546733573621 -0.7069322593517742
    outer loop
      vertex -12.1112977833259 30.589646385723473 50
      vertex -12.847546888695257 32.44919935749997 52
      vertex -10.784693103685663 33.191872418700854 52
    endloop
  endfacet
  facet normal -0.19732518099650587 -0.6791977279353123 -0.7069322593517754
    outer loop
      vertex -8.679277062053433 -33.803552323389226 52
      vertex -10.166659114935769 -31.28975938611055 50
      vertex -8.181897287723725 -31.86638600113196 50
    endloop
  endfacet
  facet normal -0.19732518099650811 -0.6791977279353127 -0.7069322593517744
    outer loop
      vertex -10.784693103685663 -33.191872418700854 52
      vertex -10.166659114935769 -31.28975938611055 50
      vertex -8.679277062053433 -33.803552323389226 52
    endloop
  endfacet
  facet normal -0.15428862662627038 -0.6902476369981816 -0.7069322593517754
    outer loop
      vertex -8.679277062053433 -33.803552323389226 52
      vertex -8.181897287723725 -31.86638600113196 50
      vertex -6.539607879041796 -34.28182505043123 52
    endloop
  endfacet
  facet normal -0.15428862662627135 -0.6902476369981819 -0.7069322593517748
    outer loop
      vertex -8.181897287723725 -31.86638600113196 50
      vertex -6.164845249870346 -32.31725054897385 50
      vertex -6.539607879041796 -34.28182505043123 52
    endloop
  endfacet
  facet normal -0.11064316553451396 -0.6985734539819684 -0.7069322593517747
    outer loop
      vertex -6.164845249870346 -32.31725054897385 50
      vertex -4.123463384265603 -32.64057367324632 50
      vertex -4.374129851394212 -34.62480307587528 52
    endloop
  endfacet
  facet normal -0.11064316553451353 -0.6985734539819682 -0.7069322593517748
    outer loop
      vertex -6.164845249870346 -32.31725054897385 50
      vertex -4.374129851394212 -34.62480307587528 52
      vertex -6.539607879041796 -34.28182505043123 52
    endloop
  endfacet
  facet normal -0.06656104641644267 -0.7041423206907418 -0.7069322593517748
    outer loop
      vertex -4.123463384265603 -32.64057367324632 50
      vertex -2.1913891315730503 -34.83113282214668 52
      vertex -4.374129851394212 -34.62480307587528 52
    endloop
  endfacet
  facet normal -0.06656104641644231 -0.7041423206907416 -0.706932259351775
    outer loop
      vertex -4.123463384265603 -32.64057367324632 50
      vertex -2.065808092514423 -32.835079365290134 50
      vertex -2.1913891315730503 -34.83113282214668 52
    endloop
  endfacet
  facet normal -0.02221624125701553 -0.7069322593517748 -0.7069322593517748
    outer loop
      vertex 0 -34.9 52
      vertex -2.065808092514423 -32.835079365290134 50
      vertex 0 -32.9 50
    endloop
  endfacet
  facet normal -0.022216241257015417 -0.7069322593517747 -0.7069322593517748
    outer loop
      vertex -2.1913891315730503 -34.83113282214668 52
      vertex -2.065808092514423 -32.835079365290134 50
      vertex 0 -34.9 52
    endloop
  endfacet
  facet normal 0.02221624125701553 -0.7069322593517748 -0.7069322593517748
    outer loop
      vertex 0 -34.9 52
      vertex 0 -32.9 50
      vertex 2.065808092514423 -32.835079365290134 50
    endloop
  endfacet
  facet normal 0.06656104641644231 -0.7041423206907416 -0.706932259351775
    outer loop
      vertex 2.1913891315730503 -34.83113282214668 52
      vertex 2.065808092514423 -32.835079365290134 50
      vertex 4.123463384265603 -32.64057367324632 50
    endloop
  endfacet
  facet normal 0.022216241257015417 -0.7069322593517747 -0.7069322593517748
    outer loop
      vertex 0 -34.9 52
      vertex 2.065808092514423 -32.835079365290134 50
      vertex 2.1913891315730503 -34.83113282214668 52
    endloop
  endfacet
  facet normal 0.06656104641644267 -0.7041423206907418 -0.7069322593517748
    outer loop
      vertex 2.1913891315730503 -34.83113282214668 52
      vertex 4.123463384265603 -32.64057367324632 50
      vertex 4.374129851394212 -34.62480307587528 52
    endloop
  endfacet
  facet normal 0.11064316553451396 -0.6985734539819684 -0.7069322593517747
    outer loop
      vertex 4.123463384265603 -32.64057367324632 50
      vertex 6.164845249870346 -32.31725054897385 50
      vertex 4.374129851394212 -34.62480307587528 52
    endloop
  endfacet
  facet normal 0.1542886266262712 -0.6902476369981819 -0.706932259351775
    outer loop
      vertex 6.164845249870346 -32.31725054897385 50
      vertex 8.18189728772371 -31.866386001131964 50
      vertex 6.539607879041796 -34.28182505043123 52
    endloop
  endfacet
  facet normal 0.11064316553451353 -0.6985734539819682 -0.7069322593517748
    outer loop
      vertex 6.164845249870346 -32.31725054897385 50
      vertex 6.539607879041796 -34.28182505043123 52
      vertex 4.374129851394212 -34.62480307587528 52
    endloop
  endfacet
  facet normal 0.19732518099650587 -0.6791977279353129 -0.7069322593517748
    outer loop
      vertex 8.67927706205342 -33.803552323389226 52
      vertex 8.18189728772371 -31.866386001131964 50
      vertex 10.166659114935769 -31.28975938611055 50
    endloop
  endfacet
  facet normal 0.15428862662627152 -0.690247636998182 -0.7069322593517748
    outer loop
      vertex 6.539607879041796 -34.28182505043123 52
      vertex 8.18189728772371 -31.866386001131964 50
      vertex 8.67927706205342 -33.803552323389226 52
    endloop
  endfacet
  facet normal 0.1973251809965069 -0.6791977279353132 -0.7069322593517743
    outer loop
      vertex 8.67927706205342 -33.803552323389226 52
      vertex 10.166659114935769 -31.28975938611055 50
      vertex 10.784693103685663 -33.191872418700854 52
    endloop
  endfacet
  facet normal 0.23958298302664613 -0.6654673357362099 -0.7069322593517743
    outer loop
      vertex 10.784693103685663 -33.191872418700854 52
      vertex 10.166659114935769 -31.28975938611055 50
      vertex 12.111297783325918 -30.589646385723466 50
    endloop
  endfacet
  facet normal 0.2808952604778357 -0.6491106479860616 -0.7069322593517741
    outer loop
      vertex 12.847546888695275 -32.449199357499964 52
      vertex 12.111297783325918 -30.589646385723466 50
      vertex 14.008138692490883 -29.768810026132044 50
    endloop
  endfacet
  facet normal 0.23958298302664652 -0.6654673357362101 -0.7069322593517742
    outer loop
      vertex 10.784693103685663 -33.191872418700854 52
      vertex 12.111297783325918 -30.589646385723466 50
      vertex 12.847546888695275 -32.449199357499964 52
    endloop
  endfacet
  facet normal 0.28089526047783536 -0.6491106479860617 -0.7069322593517744
    outer loop
      vertex 12.847546888695275 -32.449199357499964 52
      vertex 14.008138692490883 -29.768810026132044 50
      vertex 14.859697275621027 -31.57846413106408 52
    endloop
  endfacet
  facet normal 0.32109897266475496 -0.6301922170587594 -0.7069322593517743
    outer loop
      vertex 14.008138692490883 -29.768810026132044 50
      vertex 15.849695877946436 -28.83048977344311 50
      vertex 14.859697275621027 -31.57846413106408 52
    endloop
  endfacet
  facet normal 0.32109897266475457 -0.6301922170587594 -0.7069322593517745
    outer loop
      vertex 14.859697275621027 -31.57846413106408 52
      vertex 15.849695877946436 -28.83048977344311 50
      vertex 16.813203226149867 -30.583103133530834 52
    endloop
  endfacet
  facet normal 0.3600354539027344 -0.6087867053581635 -0.7069322593517745
    outer loop
      vertex 16.813203226149867 -30.583103133530834 52
      vertex 15.849695877946436 -28.83048977344311 50
      vertex 17.628701554808973 -27.7783887490163 50
    endloop
  endfacet
  facet normal 0.3600354539027331 -0.6087867053581636 -0.7069322593517752
    outer loop
      vertex 16.813203226149867 -30.583103133530834 52
      vertex 17.628701554808973 -27.7783887490163 50
      vertex 18.700355144766966 -29.467044600020333 52
    endloop
  endfacet
  facet normal 0.3975510396887092 -0.5849785906597103 -0.7069322593517753
    outer loop
      vertex 17.628701554808973 -27.7783887490163 50
      vertex 19.338134800422367 -26.61665911493577 50
      vertex 18.700355144766966 -29.467044600020333 52
    endloop
  endfacet
  facet normal 0.39755103968871114 -0.5849785906597101 -0.7069322593517743
    outer loop
      vertex 18.700355144766966 -29.467044600020333 52
      vertex 19.338134800422367 -26.61665911493577 50
      vertex 20.51370530500731 -28.234693103685665 52
    endloop
  endfacet
  facet normal 0.4334976731448323 -0.5588618327152177 -0.7069322593517742
    outer loop
      vertex 20.51370530500731 -28.234693103685665 52
      vertex 19.338134800422367 -26.61665911493577 50
      vertex 20.9712492627319 -25.349885687323457 50
    endloop
  endfacet
  facet normal 0.43349767314483045 -0.558861832715218 -0.7069322593517751
    outer loop
      vertex 20.51370530500731 -28.234693103685665 52
      vertex 20.9712492627319 -25.349885687323457 50
      vertex 22.24609724222928 -26.890912172875037 52
    endloop
  endfacet
  facet normal 0.4677334893312966 -0.5305395024366842 -0.7069322593517752
    outer loop
      vertex 20.9712492627319 -25.349885687323457 50
      vertex 22.52159978505385 -23.98306784216444 50
      vertex 22.24609724222928 -26.890912172875037 52
    endloop
  endfacet
  facet normal 0.4677334893312967 -0.5305395024366841 -0.7069322593517751
    outer loop
      vertex 22.24609724222928 -26.890912172875037 52
      vertex 22.52159978505385 -23.98306784216444 50
      vertex 23.890693996911228 -25.441005097007267 52
    endloop
  endfacet
  facet normal 0.5001233751224765 -0.5001233751224765 -0.706932259351775
    outer loop
      vertex 23.890693996911228 -25.441005097007267 52
      vertex 22.52159978505385 -23.98306784216444 50
      vertex 23.98306784216444 -22.52159978505385 50
    endloop
  endfacet
  facet normal 0.5305395024366842 -0.4677334893312966 -0.7069322593517751
    outer loop
      vertex 23.98306784216444 -22.52159978505385 50
      vertex 25.349885687323457 -20.9712492627319 50
      vertex 25.441005097007267 -23.890693996911228 52
    endloop
  endfacet
  facet normal 0.5001233751224764 -0.5001233751224764 -0.7069322593517751
    outer loop
      vertex 23.890693996911228 -25.441005097007267 52
      vertex 23.98306784216444 -22.52159978505385 50
      vertex 25.441005097007267 -23.890693996911228 52
    endloop
  endfacet
  facet normal 0.5305395024366841 -0.46773348933129666 -0.7069322593517751
    outer loop
      vertex 25.441005097007267 -23.890693996911228 52
      vertex 25.349885687323457 -20.9712492627319 50
      vertex 26.890912172875037 -22.24609724222928 52
    endloop
  endfacet
  facet normal 0.5588618327152169 -0.4334976731448318 -0.7069322593517752
    outer loop
      vertex 25.349885687323457 -20.9712492627319 50
      vertex 26.61665911493577 -19.338134800422367 50
      vertex 26.890912172875037 -22.24609724222928 52
    endloop
  endfacet
  facet normal 0.5588618327152186 -0.43349767314483095 -0.7069322593517742
    outer loop
      vertex 26.890912172875037 -22.24609724222928 52
      vertex 26.61665911493577 -19.338134800422367 50
      vertex 28.234693103685665 -20.51370530500731 52
    endloop
  endfacet
  facet normal 0.584978590659711 -0.39755103968870975 -0.7069322593517743
    outer loop
      vertex 28.234693103685665 -20.51370530500731 52
      vertex 26.61665911493577 -19.338134800422367 50
      vertex 27.7783887490163 -17.628701554808973 50
    endloop
  endfacet
  facet normal 0.6087867053581629 -0.36003545390273406 -0.7069322593517752
    outer loop
      vertex 27.7783887490163 -17.628701554808973 50
      vertex 28.83048977344311 -15.849695877946436 50
      vertex 29.467044600020333 -18.700355144766966 52
    endloop
  endfacet
  facet normal 0.5849785906597094 -0.39755103968871064 -0.7069322593517751
    outer loop
      vertex 28.234693103685665 -20.51370530500731 52
      vertex 27.7783887490163 -17.628701554808973 50
      vertex 29.467044600020333 -18.700355144766966 52
    endloop
  endfacet
  facet normal 0.6087867053581715 -0.3600354539027304 -0.7069322593517697
    outer loop
      vertex 29.5 -18.64463060664189 52
      vertex 29.467044600020333 -18.700355144766966 52
      vertex 29.5 -16.217762239686724 50.76401360597112
    endloop
  endfacet
  facet normal 0.6087867053581663 -0.3600354539027322 -0.7069322593517735
    outer loop
      vertex 29.467044600020333 -18.700355144766966 52
      vertex 28.83048977344311 -15.849695877946436 50
      vertex 29.5 -16.217762239686724 50.76401360597112
    endloop
  endfacet
  facet normal 0.6301922170587604 -0.3210989726647553 -0.7069322593517734
    outer loop
      vertex 29.5 -16.217762239686724 50.76401360597112
      vertex 28.83048977344311 -15.849695877946436 50
      vertex 29.5 -14.535708073762747 50
    endloop
  endfacet
  facet normal -0.19732518099650587 0.6791977279353123 -0.7069322593517754
    outer loop
      vertex -10.166659114935769 31.28975938611055 50
      vertex -8.679277062053433 33.803552323389226 52
      vertex -8.181897287723725 31.86638600113196 50
    endloop
  endfacet
  facet normal -0.19732518099650811 0.6791977279353127 -0.7069322593517744
    outer loop
      vertex -10.784693103685663 33.191872418700854 52
      vertex -8.679277062053433 33.803552323389226 52
      vertex -10.166659114935769 31.28975938611055 50
    endloop
  endfacet
  facet normal -0.154288626626272 0.6902476369981813 -0.7069322593517754
    outer loop
      vertex -8.181897287723725 31.86638600113196 50
      vertex -8.679277062053433 33.803552323389226 52
      vertex -6.539607879041787 34.28182505043124 52
    endloop
  endfacet
  facet normal -0.1542886266262731 0.6902476369981816 -0.706932259351775
    outer loop
      vertex -8.181897287723725 31.86638600113196 50
      vertex -6.539607879041787 34.28182505043124 52
      vertex -6.164845249870338 32.31725054897386 50
    endloop
  endfacet
  facet normal -0.1106431655345124 0.6985734539819687 -0.7069322593517748
    outer loop
      vertex -6.164845249870338 32.31725054897386 50
      vertex -4.374129851394219 34.62480307587528 52
      vertex -4.1234633842656105 32.64057367324632 50
    endloop
  endfacet
  facet normal -0.11064316553451212 0.6985734539819686 -0.7069322593517748
    outer loop
      vertex -6.164845249870338 32.31725054897386 50
      vertex -6.539607879041787 34.28182505043124 52
      vertex -4.374129851394219 34.62480307587528 52
    endloop
  endfacet
  facet normal -0.06656104641644194 0.7041423206907417 -0.7069322593517747
    outer loop
      vertex -4.1234633842656105 32.64057367324632 50
      vertex -4.374129851394219 34.62480307587528 52
      vertex -2.1913891315730334 34.83113282214668 52
    endloop
  endfacet
  facet normal -0.06656104641644156 0.7041423206907416 -0.7069322593517748
    outer loop
      vertex -4.1234633842656105 32.64057367324632 50
      vertex -2.1913891315730334 34.83113282214668 52
      vertex -2.065808092514407 32.835079365290134 50
    endloop
  endfacet
  facet normal -0.0222162412570157 0.7069322593517748 -0.7069322593517748
    outer loop
      vertex -2.065808092514407 32.835079365290134 50
      vertex 0 34.9 52
      vertex 0 32.9 50
    endloop
  endfacet
  facet normal -0.022216241257015587 0.7069322593517747 -0.706932259351775
    outer loop
      vertex -2.065808092514407 32.835079365290134 50
      vertex -2.1913891315730334 34.83113282214668 52
      vertex 0 34.9 52
    endloop
  endfacet
  facet normal 0.0222162412570157 0.7069322593517748 -0.7069322593517748
    outer loop
      vertex 0 32.9 50
      vertex 0 34.9 52
      vertex 2.065808092514407 32.835079365290134 50
    endloop
  endfacet
  facet normal 0.06656104641644156 0.7041423206907416 -0.7069322593517748
    outer loop
      vertex 2.065808092514407 32.835079365290134 50
      vertex 2.1913891315730334 34.83113282214668 52
      vertex 4.1234633842656105 32.64057367324632 50
    endloop
  endfacet
  facet normal 0.022216241257015587 0.7069322593517747 -0.706932259351775
    outer loop
      vertex 2.065808092514407 32.835079365290134 50
      vertex 0 34.9 52
      vertex 2.1913891315730334 34.83113282214668 52
    endloop
  endfacet
  facet normal 0.06656104641644194 0.7041423206907417 -0.7069322593517747
    outer loop
      vertex 2.1913891315730334 34.83113282214668 52
      vertex 4.374129851394219 34.62480307587528 52
      vertex 4.1234633842656105 32.64057367324632 50
    endloop
  endfacet
  facet normal 0.36003545390273395 0.6087867053581638 -0.7069322593517745
    outer loop
      vertex 15.849695877946429 28.830489773443112 50
      vertex 16.81320322614986 30.583103133530837 52
      vertex 17.628701554808988 27.778388749016294 50
    endloop
  endfacet
  facet normal 0.36003545390273195 0.6087867053581639 -0.7069322593517755
    outer loop
      vertex 17.628701554808988 27.778388749016294 50
      vertex 16.81320322614986 30.583103133530837 52
      vertex 18.700355144766984 29.467044600020326 52
    endloop
  endfacet
  facet normal 0.1106431655345124 0.6985734539819687 -0.7069322593517747
    outer loop
      vertex 4.1234633842656105 32.64057367324632 50
      vertex 4.374129851394219 34.62480307587528 52
      vertex 6.164845249870338 32.31725054897386 50
    endloop
  endfacet
  facet normal 0.1542886266262731 0.6902476369981816 -0.706932259351775
    outer loop
      vertex 6.164845249870338 32.31725054897386 50
      vertex 6.539607879041787 34.28182505043124 52
      vertex 8.181897287723725 31.86638600113196 50
    endloop
  endfacet
  facet normal 0.11064316553451212 0.6985734539819686 -0.7069322593517748
    outer loop
      vertex 6.164845249870338 32.31725054897386 50
      vertex 4.374129851394219 34.62480307587528 52
      vertex 6.539607879041787 34.28182505043124 52
    endloop
  endfacet
  facet normal 0.19732518099650587 0.6791977279353123 -0.7069322593517754
    outer loop
      vertex 8.181897287723725 31.86638600113196 50
      vertex 8.679277062053433 33.803552323389226 52
      vertex 10.166659114935769 31.28975938611055 50
    endloop
  endfacet
  facet normal 0.154288626626272 0.6902476369981813 -0.7069322593517754
    outer loop
      vertex 6.539607879041787 34.28182505043124 52
      vertex 8.679277062053433 33.803552323389226 52
      vertex 8.181897287723725 31.86638600113196 50
    endloop
  endfacet
  facet normal 0.19732518099650811 0.6791977279353127 -0.7069322593517744
    outer loop
      vertex 10.166659114935769 31.28975938611055 50
      vertex 8.679277062053433 33.803552323389226 52
      vertex 10.784693103685663 33.191872418700854 52
    endloop
  endfacet
  facet normal 0.2395829830266459 0.66546733573621 -0.7069322593517743
    outer loop
      vertex 10.166659114935769 31.28975938611055 50
      vertex 10.784693103685663 33.191872418700854 52
      vertex 12.1112977833259 30.589646385723473 50
    endloop
  endfacet
  facet normal 0.2808952604778355 0.6491106479860618 -0.7069322593517742
    outer loop
      vertex 12.1112977833259 30.589646385723473 50
      vertex 12.847546888695257 32.44919935749997 52
      vertex 14.008138692490892 29.76881002613204 50
    endloop
  endfacet
  facet normal 0.23958298302664627 0.66546733573621 -0.7069322593517742
    outer loop
      vertex 10.784693103685663 33.191872418700854 52
      vertex 12.847546888695257 32.44919935749997 52
      vertex 12.1112977833259 30.589646385723473 50
    endloop
  endfacet
  facet normal 0.28089526047783475 0.6491106479860616 -0.7069322593517744
    outer loop
      vertex 14.008138692490892 29.76881002613204 50
      vertex 12.847546888695257 32.44919935749997 52
      vertex 14.859697275621038 31.578464131064077 52
    endloop
  endfacet
  facet normal 0.32109897266475523 0.6301922170587593 -0.7069322593517745
    outer loop
      vertex 15.849695877946429 28.830489773443112 50
      vertex 14.008138692490892 29.76881002613204 50
      vertex 14.859697275621038 31.578464131064077 52
    endloop
  endfacet
  facet normal 0.32109897266475507 0.6301922170587592 -0.7069322593517745
    outer loop
      vertex 15.849695877946429 28.830489773443112 50
      vertex 14.859697275621038 31.578464131064077 52
      vertex 16.81320322614986 30.583103133530837 52
    endloop
  endfacet
  facet normal 0.6087867053581625 0.3600354539027342 -0.7069322593517754
    outer loop
      vertex 27.778388749016294 17.628701554808988 50
      vertex 29.467044600020326 18.700355144766984 52
      vertex 28.830489773443112 15.849695877946434 50
    endloop
  endfacet
  facet normal 0.5849785906597106 0.3975510396887103 -0.7069322593517742
    outer loop
      vertex 26.61665911493577 19.338134800422367 50
      vertex 28.234693103685665 20.51370530500731 52
      vertex 27.778388749016294 17.628701554808988 50
    endloop
  endfacet
  facet normal 0.5849785906597083 0.3975510396887115 -0.7069322593517754
    outer loop
      vertex 27.778388749016294 17.628701554808988 50
      vertex 28.234693103685665 20.51370530500731 52
      vertex 29.467044600020326 18.700355144766984 52
    endloop
  endfacet
  facet normal 0.6301922170587597 0.32109897266475534 -0.7069322593517741
    outer loop
      vertex 29.5 14.535708073762754 50
      vertex 28.830489773443112 15.849695877946434 50
      vertex 29.5 16.217762239686717 50.764013605971115
    endloop
  endfacet
  facet normal 0.6087867053581651 0.36003545390273256 -0.7069322593517741
    outer loop
      vertex 28.830489773443112 15.849695877946434 50
      vertex 29.467044600020326 18.700355144766984 52
      vertex 29.5 16.217762239686717 50.764013605971115
    endloop
  endfacet
  facet normal 0.6087867053581607 0.3600354539027341 -0.7069322593517772
    outer loop
      vertex 29.5 16.217762239686717 50.764013605971115
      vertex 29.467044600020326 18.700355144766984 52
      vertex 29.5 18.644630606641897 52
    endloop
  endfacet
  facet normal 0.5305395024366852 0.4677334893312956 -0.7069322593517751
    outer loop
      vertex 23.983067842164438 22.52159978505386 50
      vertex 25.441005097007263 23.890693996911235 52
      vertex 25.34988568732346 20.97124926273189 50
    endloop
  endfacet
  facet normal 0.5001233751224765 0.5001233751224765 -0.706932259351775
    outer loop
      vertex 22.52159978505386 23.983067842164438 50
      vertex 23.890693996911235 25.441005097007263 52
      vertex 23.983067842164438 22.52159978505386 50
    endloop
  endfacet
  facet normal 0.5001233751224765 0.5001233751224765 -0.7069322593517751
    outer loop
      vertex 23.983067842164438 22.52159978505386 50
      vertex 23.890693996911235 25.441005097007263 52
      vertex 25.441005097007263 23.890693996911235 52
    endloop
  endfacet
  facet normal 0.43349767314483273 0.5588618327152174 -0.7069322593517743
    outer loop
      vertex 19.338134800422367 26.61665911493577 50
      vertex 20.51370530500731 28.234693103685665 52
      vertex 20.97124926273189 25.34988568732346 50
    endloop
  endfacet
  facet normal 0.43349767314483084 0.5588618327152177 -0.7069322593517752
    outer loop
      vertex 20.97124926273189 25.34988568732346 50
      vertex 20.51370530500731 28.234693103685665 52
      vertex 22.246097242229272 26.89091217287504 52
    endloop
  endfacet
  facet normal 0.3975510396887096 0.5849785906597095 -0.7069322593517755
    outer loop
      vertex 17.628701554808988 27.778388749016294 50
      vertex 18.700355144766984 29.467044600020326 52
      vertex 19.338134800422367 26.61665911493577 50
    endloop
  endfacet
  facet normal 0.39755103968871214 0.5849785906597093 -0.7069322593517743
    outer loop
      vertex 19.338134800422367 26.61665911493577 50
      vertex 18.700355144766984 29.467044600020326 52
      vertex 20.51370530500731 28.234693103685665 52
    endloop
  endfacet
  facet normal 0.46773348933129544 0.530539502436685 -0.7069322593517752
    outer loop
      vertex 22.52159978505386 23.983067842164438 50
      vertex 20.97124926273189 25.34988568732346 50
      vertex 22.246097242229272 26.89091217287504 52
    endloop
  endfacet
  facet normal 0.46773348933129577 0.530539502436685 -0.706932259351775
    outer loop
      vertex 22.52159978505386 23.983067842164438 50
      vertex 22.246097242229272 26.89091217287504 52
      vertex 23.890693996911235 25.441005097007263 52
    endloop
  endfacet
  facet normal 0.5588618327152166 0.4334976731448321 -0.7069322593517751
    outer loop
      vertex 26.61665911493577 19.338134800422367 50
      vertex 25.34988568732346 20.97124926273189 50
      vertex 26.89091217287504 22.246097242229272 52
    endloop
  endfacet
  facet normal 0.5588618327152185 0.43349767314483145 -0.7069322593517743
    outer loop
      vertex 26.61665911493577 19.338134800422367 50
      vertex 26.89091217287504 22.246097242229272 52
      vertex 28.234693103685665 20.51370530500731 52
    endloop
  endfacet
  facet normal 0.530539502436685 0.46773348933129566 -0.7069322593517752
    outer loop
      vertex 25.34988568732346 20.97124926273189 50
      vertex 25.441005097007263 23.890693996911235 52
      vertex 26.89091217287504 22.246097242229272 52
    endloop
  endfacet
  facet normal -0.7501110696304589 -0.6613118653236526 0
    outer loop
      vertex -25.441005097007267 -23.890693996911228 52
      vertex -26.890912172875048 -22.24609724222927 65
      vertex -26.890912172875048 -22.24609724222927 52
    endloop
  endfacet
  facet normal -0.7901550123756912 -0.6129070536529754 0
    outer loop
      vertex -26.890912172875048 -22.24609724222927 52
      vertex -28.234693103685665 -20.51370530500731 65
      vertex -28.234693103685665 -20.51370530500731 52
    endloop
  endfacet
  facet normal -0.8270805742745612 -0.5620833778521314 0
    outer loop
      vertex -28.234693103685665 -20.51370530500731 52
      vertex -28.234693103685665 -20.51370530500731 65
      vertex -29.467044600020323 -18.700355144766988 65
    endloop
  endfacet
  facet normal -0.7501110696304589 -0.6613118653236526 0
    outer loop
      vertex -25.441005097007267 -23.890693996911228 52
      vertex -25.441005097007267 -23.890693996911228 65
      vertex -26.890912172875048 -22.24609724222927 65
    endloop
  endfacet
  facet normal -0.7901550123756912 -0.6129070536529754 0
    outer loop
      vertex -26.890912172875048 -22.24609724222927 52
      vertex -26.890912172875048 -22.24609724222927 65
      vertex -28.234693103685665 -20.51370530500731 65
    endloop
  endfacet
  facet normal 0 0 1
    outer loop
      vertex -26.890912172875048 -22.24609724222927 65
      vertex -27.440657578815486 -17.414370836817394 65
      vertex -28.234693103685665 -20.51370530500731 65
    endloop
  endfacet
  facet normal 0 0 1
    outer loop
      vertex -25.441005097007267 -23.890693996911228 65
      vertex -26.293052317185793 -19.103020699505375 65
      vertex -26.890912172875048 -22.24609724222927 65
    endloop
  endfacet
  facet normal 0 0 1
    outer loop
      vertex -25.441005097007267 -23.890693996911228 65
      vertex -25.041680390213156 -20.716279666832413 65
      vertex -26.293052317185793 -19.103020699505375 65
    endloop
  endfacet
  facet normal -0.5090414157503702 -0.8607420270039443 0
    outer loop
      vertex -16.813203226149867 -30.583103133530834 52
      vertex -16.813203226149867 -30.583103133530834 65
      vertex -18.700355144766988 -29.467044600020323 52
    endloop
  endfacet
  facet normal -0.45399049973954625 -0.8910065241883681 0
    outer loop
      vertex -16.813203226149867 -30.583103133530834 52
      vertex -14.859697275621027 -31.57846413106408 52
      vertex -14.859697275621027 -31.57846413106408 65
    endloop
  endfacet
  facet normal -0.33873792024529037 -0.9408807689542259 0
    outer loop
      vertex -12.847546888695257 -32.44919935749997 52
      vertex -10.784693103685663 -33.191872418700854 52
      vertex -10.784693103685663 -33.191872418700854 65
    endloop
  endfacet
  facet normal -0.3971478906347806 -0.9177546256839811 0
    outer loop
      vertex -14.859697275621027 -31.57846413106408 52
      vertex -12.847546888695257 -32.44919935749997 52
      vertex -12.847546888695257 -32.44919935749997 65
    endloop
  endfacet
  facet normal -0.5090414157503702 -0.8607420270039443 0
    outer loop
      vertex -16.813203226149867 -30.583103133530834 65
      vertex -18.700355144766988 -29.467044600020323 65
      vertex -18.700355144766988 -29.467044600020323 52
    endloop
  endfacet
  facet normal -0.45399049973954625 -0.8910065241883681 0
    outer loop
      vertex -16.813203226149867 -30.583103133530834 52
      vertex -14.859697275621027 -31.57846413106408 65
      vertex -16.813203226149867 -30.583103133530834 65
    endloop
  endfacet
  facet normal -0.33873792024529037 -0.9408807689542259 0
    outer loop
      vertex -12.847546888695257 -32.44919935749997 52
      vertex -10.784693103685663 -33.191872418700854 65
      vertex -12.847546888695257 -32.44919935749997 65
    endloop
  endfacet
  facet normal -0.3971478906347806 -0.9177546256839811 0
    outer loop
      vertex -14.859697275621027 -31.57846413106408 52
      vertex -12.847546888695257 -32.44919935749997 65
      vertex -14.859697275621027 -31.57846413106408 65
    endloop
  endfacet
  facet normal 0 0 1
    outer loop
      vertex -16.813203226149867 -30.583103133530834 65
      vertex -14.859697275621027 -31.57846413106408 65
      vertex -15.65699440830575 -28.47996710142556 65
    endloop
  endfacet
  facet normal 0 0 1
    outer loop
      vertex -14.859697275621027 -31.57846413106408 65
      vertex -13.837826975864854 -29.406879205145636 65
      vertex -15.65699440830575 -28.47996710142556 65
    endloop
  endfacet
  facet normal 0 0 1
    outer loop
      vertex -14.859697275621027 -31.57846413106408 65
      vertex -12.847546888695257 -32.44919935749997 65
      vertex -13.837826975864854 -29.406879205145636 65
    endloop
  endfacet
  facet normal 0 0 1
    outer loop
      vertex -12.847546888695257 -32.44919935749997 65
      vertex -11.96404796225203 -30.217735791368174 65
      vertex -13.837826975864854 -29.406879205145636 65
    endloop
  endfacet
  facet normal 0 0 1
    outer loop
      vertex -12.847546888695257 -32.44919935749997 65
      vertex -10.784693103685663 -33.191872418700854 65
      vertex -11.96404796225203 -30.217735791368174 65
    endloop
  endfacet
  facet normal 0 0 1
    outer loop
      vertex -10.784693103685663 -33.191872418700854 65
      vertex -10.04305231718579 -30.90933677959249 65
      vertex -11.96404796225203 -30.217735791368174 65
    endloop
  endfacet
  facet normal -0.6613118653236526 -0.7501110696304589 0
    outer loop
      vertex -23.890693996911228 -25.441005097007267 52
      vertex -22.24609724222927 -26.890912172875048 52
      vertex -22.24609724222927 -26.890912172875048 65
    endloop
  endfacet
  facet normal -0.6129070536529754 -0.7901550123756912 0
    outer loop
      vertex -22.24609724222927 -26.890912172875048 52
      vertex -20.51370530500731 -28.234693103685665 52
      vertex -20.51370530500731 -28.234693103685665 65
    endloop
  endfacet
  facet normal -0.5620833778521314 -0.8270805742745612 0
    outer loop
      vertex -20.51370530500731 -28.234693103685665 52
      vertex -18.700355144766988 -29.467044600020323 52
      vertex -18.700355144766988 -29.467044600020323 65
    endloop
  endfacet
  facet normal -0.7071067811865476 -0.7071067811865476 0
    outer loop
      vertex -25.441005097007267 -23.890693996911228 52
      vertex -23.890693996911228 -25.441005097007267 52
      vertex -25.441005097007267 -23.890693996911228 65
    endloop
  endfacet
  facet normal -0.6129070536529754 -0.7901550123756912 0
    outer loop
      vertex -22.24609724222927 -26.890912172875048 52
      vertex -20.51370530500731 -28.234693103685665 65
      vertex -22.24609724222927 -26.890912172875048 65
    endloop
  endfacet
  facet normal -0.7071067811865476 -0.7071067811865476 0
    outer loop
      vertex -25.441005097007267 -23.890693996911228 65
      vertex -23.890693996911228 -25.441005097007267 52
      vertex -23.890693996911228 -25.441005097007267 65
    endloop
  endfacet
  facet normal -0.6613118653236526 -0.7501110696304589 0
    outer loop
      vertex -23.890693996911228 -25.441005097007267 52
      vertex -22.24609724222927 -26.890912172875048 65
      vertex -23.890693996911228 -25.441005097007267 65
    endloop
  endfacet
  facet normal -0.5620833778521314 -0.8270805742745612 0
    outer loop
      vertex -20.51370530500731 -28.234693103685665 52
      vertex -18.700355144766988 -29.467044600020323 65
      vertex -20.51370530500731 -28.234693103685665 65
    endloop
  endfacet
  facet normal 0 0 1
    outer loop
      vertex -23.890693996911228 -25.441005097007267 65
      vertex -22.24609724222927 -26.890912172875048 65
      vertex -23.691480391195878 -22.247780942682375 65
    endloop
  endfacet
  facet normal 0 0 1
    outer loop
      vertex -22.24609724222927 -26.890912172875048 65
      vertex -20.716279666832413 -25.041680390213156 65
      vertex -22.247780942682375 -23.691480391195878 65
    endloop
  endfacet
  facet normal 0 0 1
    outer loop
      vertex -20.51370530500731 -28.234693103685665 65
      vertex -18.700355144766988 -29.467044600020323 65
      vertex -19.103020699505375 -26.293052317185793 65
    endloop
  endfacet
  facet normal 0 0 1
    outer loop
      vertex -18.700355144766988 -29.467044600020323 65
      vertex -17.414370836817394 -27.440657578815486 65
      vertex -19.103020699505375 -26.293052317185793 65
    endloop
  endfacet
  facet normal 0 0 1
    outer loop
      vertex -22.24609724222927 -26.890912172875048 65
      vertex -20.51370530500731 -28.234693103685665 65
      vertex -20.716279666832413 -25.041680390213156 65
    endloop
  endfacet
  facet normal 0 0 1
    outer loop
      vertex -20.51370530500731 -28.234693103685665 65
      vertex -19.103020699505375 -26.293052317185793 65
      vertex -20.716279666832413 -25.041680390213156 65
    endloop
  endfacet
  facet normal 0 0 1
    outer loop
      vertex -25.441005097007267 -23.890693996911228 65
      vertex -23.890693996911228 -25.441005097007267 65
      vertex -25.041680390213156 -20.716279666832413 65
    endloop
  endfacet
  facet normal 0 0 1
    outer loop
      vertex -23.890693996911228 -25.441005097007267 65
      vertex -23.691480391195878 -22.247780942682375 65
      vertex -25.041680390213156 -20.716279666832413 65
    endloop
  endfacet
  facet normal 0 0 1
    outer loop
      vertex -22.24609724222927 -26.890912172875048 65
      vertex -22.247780942682375 -23.691480391195878 65
      vertex -23.691480391195878 -22.247780942682375 65
    endloop
  endfacet
  facet normal 0 0 1
    outer loop
      vertex -16.813203226149867 -30.583103133530834 65
      vertex -17.414370836817394 -27.440657578815486 65
      vertex -18.700355144766988 -29.467044600020323 65
    endloop
  endfacet
  facet normal 0 0 1
    outer loop
      vertex -16.813203226149867 -30.583103133530834 65
      vertex -15.65699440830575 -28.47996710142556 65
      vertex -17.414370836817394 -27.440657578815486 65
    endloop
  endfacet
  facet normal -0.917754625683981 -0.3971478906347805 0
    outer loop
      vertex -32.44919935749997 -12.847546888695257 52
      vertex -31.57846413106408 -14.859697275621027 52
      vertex -32.44919935749997 -12.847546888695257 55.8
    endloop
  endfacet
  facet normal -0.9408807689542259 -0.3387379202452901 0
    outer loop
      vertex -32.44919935749997 -12.847546888695257 52
      vertex -32.44919935749997 -12.847546888695257 55.8
      vertex -32.5 -12.706442675903892 55.8
    endloop
  endfacet
  facet normal -0.9408807689542259 -0.33873792024529037 0
    outer loop
      vertex -32.44919935749997 -12.847546888695257 52
      vertex -33.191872418700854 -10.784693103685663 65
      vertex -33.191872418700854 -10.784693103685663 52
    endloop
  endfacet
  facet normal -0.8607420270039443 -0.5090414157503701 0
    outer loop
      vertex -29.467044600020323 -18.700355144766988 52
      vertex -30.583103133530834 -16.813203226149867 55.8
      vertex -30.583103133530834 -16.813203226149867 52
    endloop
  endfacet
  facet normal -0.8607420270039443 -0.5090414157503703 1.0813356006844291e-16
    outer loop
      vertex -29.467044600020323 -18.700355144766988 52
      vertex -29.5 -18.644630606641893 55.8
      vertex -30.583103133530834 -16.813203226149867 55.8
    endloop
  endfacet
  facet normal -0.8270805742745612 -0.5620833778521314 0
    outer loop
      vertex -28.234693103685665 -20.51370530500731 52
      vertex -29.467044600020323 -18.700355144766988 65
      vertex -29.467044600020323 -18.700355144766988 52
    endloop
  endfacet
  facet normal -0.8910065241883682 -0.45399049973954636 0
    outer loop
      vertex -30.583103133530834 -16.813203226149867 52
      vertex -30.583103133530834 -16.813203226149867 55.8
      vertex -31.57846413106408 -14.859697275621027 55.8
    endloop
  endfacet
  facet normal -0.8910065241883682 -0.45399049973954636 0
    outer loop
      vertex -30.583103133530834 -16.813203226149867 52
      vertex -31.57846413106408 -14.859697275621027 55.8
      vertex -31.57846413106408 -14.859697275621027 52
    endloop
  endfacet
  facet normal -0.917754625683981 -0.3971478906347805 0
    outer loop
      vertex -31.57846413106408 -14.859697275621027 52
      vertex -31.57846413106408 -14.859697275621027 55.8
      vertex -32.44919935749997 -12.847546888695257 55.8
    endloop
  endfacet
  facet normal -0.9177546256839813 -0.3971478906347806 0
    outer loop
      vertex -32.44919935749997 -12.847546888695257 65
      vertex -32.44919935749997 -12.847546888695257 58.8
      vertex -31.57846413106408 -14.859697275621027 58.8
    endloop
  endfacet
  facet normal -0.940880768954226 -0.33873792024529004 0
    outer loop
      vertex -32.44919935749997 -12.847546888695257 65
      vertex -32.5 -12.706442675903892 58.8
      vertex -32.44919935749997 -12.847546888695257 58.8
    endloop
  endfacet
  facet normal -0.9408807689542258 -0.3387379202452905 1.95713708369493e-17
    outer loop
      vertex -32.44919935749997 -12.847546888695257 52
      vertex -32.5 -12.706442675903892 55.8
      vertex -33.191872418700854 -10.784693103685663 65
    endloop
  endfacet
  facet normal -0.9408807689542258 -0.3387379202452905 0
    outer loop
      vertex -33.191872418700854 -10.784693103685663 65
      vertex -32.5 -12.706442675903892 55.8
      vertex -32.5 -12.706442675903892 58.8
    endloop
  endfacet
  facet normal -0.9602936856769421 -0.2789911060392322 0
    outer loop
      vertex -33.191872418700854 -10.784693103685663 52
      vertex -33.191872418700854 -10.784693103685663 65
      vertex -33.803552323389226 -8.679277062053433 65
    endloop
  endfacet
  facet normal -0.9408807689542259 -0.33873792024529037 -9.188343198268915e-18
    outer loop
      vertex -32.44919935749997 -12.847546888695257 65
      vertex -33.191872418700854 -10.784693103685663 65
      vertex -32.5 -12.706442675903892 58.8
    endloop
  endfacet
  facet normal -0.8607420270039474 -0.5090414157503649 0
    outer loop
      vertex -29.467044600020323 -18.700355144766988 52
      vertex -29.467044600020323 -18.700355144766988 65
      vertex -29.5 -18.644630606641893 55.8
    endloop
  endfacet
  facet normal -0.8607420270039474 -0.5090414157503649 0
    outer loop
      vertex -29.467044600020323 -18.700355144766988 65
      vertex -29.5 -18.644630606641893 58.8
      vertex -29.5 -18.644630606641893 55.8
    endloop
  endfacet
  facet normal -0.8607420270039442 -0.5090414157503703 0
    outer loop
      vertex -30.583103133530834 -16.813203226149867 65
      vertex -30.583103133530834 -16.813203226149867 58.8
      vertex -29.5 -18.644630606641893 58.8
    endloop
  endfacet
  facet normal -0.8910065241883681 -0.45399049973954625 0
    outer loop
      vertex -31.57846413106408 -14.859697275621027 65
      vertex -31.57846413106408 -14.859697275621027 58.8
      vertex -30.583103133530834 -16.813203226149867 58.8
    endloop
  endfacet
  facet normal -0.8607420270039443 -0.5090414157503702 -6.431840238788229e-17
    outer loop
      vertex -29.467044600020323 -18.700355144766988 65
      vertex -30.583103133530834 -16.813203226149867 65
      vertex -29.5 -18.644630606641893 58.8
    endloop
  endfacet
  facet normal 0 0 1
    outer loop
      vertex -28.234693103685665 -20.51370530500731 65
      vertex -28.47996710142556 -15.65699440830575 65
      vertex -29.467044600020323 -18.700355144766988 65
    endloop
  endfacet
  facet normal -0.8910065241883681 -0.45399049973954625 0
    outer loop
      vertex -30.583103133530834 -16.813203226149867 65
      vertex -31.57846413106408 -14.859697275621027 65
      vertex -30.583103133530834 -16.813203226149867 58.8
    endloop
  endfacet
  facet normal 0 0 1
    outer loop
      vertex -29.467044600020323 -18.700355144766988 65
      vertex -30.217735791368174 -11.96404796225203 65
      vertex -30.583103133530834 -16.813203226149867 65
    endloop
  endfacet
  facet normal 0 0 1
    outer loop
      vertex -29.467044600020323 -18.700355144766988 65
      vertex -28.47996710142556 -15.65699440830575 65
      vertex -29.406879205145636 -13.837826975864854 65
    endloop
  endfacet
  facet normal 0 0 1
    outer loop
      vertex -26.890912172875048 -22.24609724222927 65
      vertex -26.293052317185793 -19.103020699505375 65
      vertex -27.440657578815486 -17.414370836817394 65
    endloop
  endfacet
  facet normal 0 0 1
    outer loop
      vertex -28.234693103685665 -20.51370530500731 65
      vertex -27.440657578815486 -17.414370836817394 65
      vertex -28.47996710142556 -15.65699440830575 65
    endloop
  endfacet
  facet normal -0.9177546256839813 -0.3971478906347806 0
    outer loop
      vertex -32.44919935749997 -12.847546888695257 65
      vertex -31.57846413106408 -14.859697275621027 58.8
      vertex -31.57846413106408 -14.859697275621027 65
    endloop
  endfacet
  facet normal 0 0 1
    outer loop
      vertex -30.583103133530834 -16.813203226149867 65
      vertex -30.90933677959249 -10.04305231718579 65
      vertex -31.57846413106408 -14.859697275621027 65
    endloop
  endfacet
  facet normal 0 0 1
    outer loop
      vertex -30.583103133530834 -16.813203226149867 65
      vertex -30.217735791368174 -11.96404796225203 65
      vertex -30.90933677959249 -10.04305231718579 65
    endloop
  endfacet
  facet normal 0 0 1
    outer loop
      vertex -29.467044600020323 -18.700355144766988 65
      vertex -29.406879205145636 -13.837826975864854 65
      vertex -30.217735791368174 -11.96404796225203 65
    endloop
  endfacet
  facet normal 0 0 1
    outer loop
      vertex -32.44919935749997 -12.847546888695257 65
      vertex -31.57846413106408 -14.859697275621027 65
      vertex -31.92433564868238 -6.089892724036057 65
    endloop
  endfacet
  facet normal 0 0 1
    outer loop
      vertex -31.57846413106408 -14.859697275621027 65
      vertex -30.90933677959249 -10.04305231718579 65
      vertex -31.47895273668051 -8.082421332857782 65
    endloop
  endfacet
  facet normal -0.9602936856769421 -0.2789911060392322 0
    outer loop
      vertex -33.191872418700854 -10.784693103685663 52
      vertex -33.803552323389226 -8.679277062053433 65
      vertex -33.803552323389226 -8.679277062053433 52
    endloop
  endfacet
  facet normal -0.9759167619387478 -0.2181432413965409 0
    outer loop
      vertex -33.803552323389226 -8.679277062053433 52
      vertex -34.28182505043123 -6.539607879041796 65
      vertex -34.28182505043123 -6.539607879041796 52
    endloop
  endfacet
  facet normal -0.9876883405951382 -0.15643446504022746 0
    outer loop
      vertex -34.28182505043123 -6.539607879041796 52
      vertex -34.36729054234797 -6 63
      vertex -34.36729054234797 -6 52
    endloop
  endfacet
  facet normal -0.9759167619387478 -0.2181432413965409 0
    outer loop
      vertex -33.803552323389226 -8.679277062053433 52
      vertex -33.803552323389226 -8.679277062053433 65
      vertex -34.28182505043123 -6.539607879041796 65
    endloop
  endfacet
  facet normal -0.9876883405951383 -0.15643446504022746 0
    outer loop
      vertex -34.28182505043123 -6.539607879041796 52
      vertex -34.28182505043123 -6.539607879041796 65
      vertex -34.36729054234797 -6 63
    endloop
  endfacet
  facet normal 0 0 1
    outer loop
      vertex -32.44919935749997 -12.847546888695257 65
      vertex -34.83031885542971 -2.2 65
      vertex -33.191872418700854 -10.784693103685663 65
    endloop
  endfacet
  facet normal 0 0 1
    outer loop
      vertex -32.44919935749997 -12.847546888695257 65
      vertex -31.92433564868238 -6.089892724036057 65
      vertex -32.243727792720534 -4.073330090839882 65
    endloop
  endfacet
  facet normal -0.9876883405951374 -0.15643446504023265 -1.4368526908048424e-15
    outer loop
      vertex -34.36729054234797 -6 63
      vertex -34.28182505043123 -6.539607879041796 65
      vertex -34.62480307587528 -4.374129851394212 65
    endloop
  endfacet
  facet normal 0 0 1
    outer loop
      vertex -33.803552323389226 -8.679277062053433 65
      vertex -34.83031885542971 -2.2 65
      vertex -34.28182505043123 -6.539607879041796 65
    endloop
  endfacet
  facet normal 0 0 1
    outer loop
      vertex -33.191872418700854 -10.784693103685663 65
      vertex -34.83031885542971 -2.2 65
      vertex -33.803552323389226 -8.679277062053433 65
    endloop
  endfacet
  facet normal 0 0 1
    outer loop
      vertex -32.44919935749997 -12.847546888695257 65
      vertex -32.243727792720534 -4.073330090839882 65
      vertex -32.42080962329051 -2.2 65
    endloop
  endfacet
  facet normal 0 0 1
    outer loop
      vertex -32.44919935749997 -12.847546888695257 65
      vertex -32.42080962329051 -2.2 65
      vertex -34.83031885542971 -2.2 65
    endloop
  endfacet
  facet normal -0.9876883405951371 -0.15643446504023437 0
    outer loop
      vertex -34.36729054234797 -6 63
      vertex -34.62480307587528 -4.374129851394212 65
      vertex -34.62480307587528 -4.374129851394212 63
    endloop
  endfacet
  facet normal 0 0 1
    outer loop
      vertex -34.28182505043123 -6.539607879041796 65
      vertex -34.83031885542971 -2.2 65
      vertex -34.62480307587528 -4.374129851394212 65
    endloop
  endfacet
  facet normal -0.9955619646030799 -0.0941083133185153 0
    outer loop
      vertex -34.62480307587528 -4.374129851394212 63
      vertex -34.62480307587528 -4.374129851394212 65
      vertex -34.83031885542971 -2.2 63
    endloop
  endfacet
  facet normal -0.9955619646030799 -0.0941083133185153 0
    outer loop
      vertex -34.62480307587528 -4.374129851394212 65
      vertex -34.83031885542971 -2.2 65
      vertex -34.83031885542971 -2.2 63
    endloop
  endfacet
  facet normal 0 0 1
    outer loop
      vertex -31.57846413106408 -14.859697275621027 65
      vertex -31.47895273668051 -8.082421332857782 65
      vertex -31.92433564868238 -6.089892724036057 65
    endloop
  endfacet
  facet normal -0.9876883405951382 0.15643446504022746 0
    outer loop
      vertex -34.36729054234797 6 52
      vertex -34.36729054234797 6 63
      vertex -34.28182505043123 6.539607879041796 52
    endloop
  endfacet
  facet normal -0.9759167619387478 0.2181432413965409 0
    outer loop
      vertex -34.28182505043123 6.539607879041796 52
      vertex -33.803552323389226 8.679277062053433 65
      vertex -33.803552323389226 8.679277062053433 52
    endloop
  endfacet
  facet normal -0.9955619646030799 0.0941083133185153 0
    outer loop
      vertex -34.62480307587528 4.374129851394212 63
      vertex -34.83031885542971 2.2 63
      vertex -34.83031885542971 2.2 65
    endloop
  endfacet
  facet normal 0 0 1
    outer loop
      vertex -34.62480307587528 4.374129851394212 65
      vertex -34.83031885542971 2.2 65
      vertex -32.42080962329051 2.2 65
    endloop
  endfacet
  facet normal -0.9955619646030799 0.0941083133185153 0
    outer loop
      vertex -34.62480307587528 4.374129851394212 63
      vertex -34.83031885542971 2.2 65
      vertex -34.62480307587528 4.374129851394212 65
    endloop
  endfacet
  facet normal -0.9876883405951371 0.15643446504023437 0
    outer loop
      vertex -34.62480307587528 4.374129851394212 63
      vertex -34.62480307587528 4.374129851394212 65
      vertex -34.36729054234797 6 63
    endloop
  endfacet
  facet normal 0 0 1
    outer loop
      vertex -34.62480307587528 4.374129851394212 65
      vertex -32.42080962329051 2.2 65
      vertex -34.28182505043123 6.539607879041796 65
    endloop
  endfacet
  facet normal -0.9876883405951383 0.15643446504022746 0
    outer loop
      vertex -34.28182505043123 6.539607879041796 52
      vertex -34.36729054234797 6 63
      vertex -34.28182505043123 6.539607879041796 65
    endloop
  endfacet
  facet normal -0.9759167619387478 0.2181432413965409 0
    outer loop
      vertex -34.28182505043123 6.539607879041796 52
      vertex -34.28182505043123 6.539607879041796 65
      vertex -33.803552323389226 8.679277062053433 65
    endloop
  endfacet
  facet normal -0.9602936856769421 0.2789911060392322 0
    outer loop
      vertex -33.803552323389226 8.679277062053433 52
      vertex -33.803552323389226 8.679277062053433 65
      vertex -33.191872418700854 10.784693103685663 65
    endloop
  endfacet
  facet normal -0.9876883405951374 0.15643446504023265 -1.4431824383414275e-15
    outer loop
      vertex -34.62480307587528 4.374129851394212 65
      vertex -34.28182505043123 6.539607879041796 65
      vertex -34.36729054234797 6 63
    endloop
  endfacet
  facet normal 0 0 1
    outer loop
      vertex -34.28182505043123 6.539607879041796 65
      vertex -32.42080962329051 2.2 65
      vertex -33.803552323389226 8.679277062053433 65
    endloop
  endfacet
  facet normal 0 0 1
    outer loop
      vertex -33.803552323389226 8.679277062053433 65
      vertex -32.42080962329051 2.2 65
      vertex -33.191872418700854 10.784693103685663 65
    endloop
  endfacet
  facet normal 0 0 1
    outer loop
      vertex -32.44919935749997 12.847546888695257 65
      vertex -32.42080962329051 2.2 65
      vertex -32.243727792720534 4.073330090839882 65
    endloop
  endfacet
  facet normal 0 0 1
    outer loop
      vertex -32.44919935749997 12.847546888695257 65
      vertex -32.243727792720534 4.073330090839882 65
      vertex -31.92433564868238 6.089892724036057 65
    endloop
  endfacet
  facet normal 0 0 1
    outer loop
      vertex -33.191872418700854 10.784693103685663 65
      vertex -32.42080962329051 2.2 65
      vertex -32.44919935749997 12.847546888695257 65
    endloop
  endfacet
  facet normal 0 0 1
    outer loop
      vertex -32.44919935749997 12.847546888695257 65
      vertex -31.92433564868238 6.089892724036057 65
      vertex -31.47895273668051 8.082421332857782 65
    endloop
  endfacet
  facet normal -0.9408807689542259 0.3387379202452904 2.6651568575095834e-17
    outer loop
      vertex -33.191872418700854 10.784693103685663 52
      vertex -32.5 12.706442675903892 55.8
      vertex -32.44919935749997 12.847546888695257 52
    endloop
  endfacet
  facet normal -0.9602936856769421 0.2789911060392322 0
    outer loop
      vertex -33.803552323389226 8.679277062053433 52
      vertex -33.191872418700854 10.784693103685663 65
      vertex -33.191872418700854 10.784693103685663 52
    endloop
  endfacet
  facet normal -0.9408807689542259 0.33873792024529037 0
    outer loop
      vertex -33.191872418700854 10.784693103685663 52
      vertex -32.5 12.706442675903892 58.8
      vertex -32.5 12.706442675903892 55.8
    endloop
  endfacet
  facet normal -0.9408807689542259 0.3387379202452901 0
    outer loop
      vertex -32.44919935749997 12.847546888695257 52
      vertex -32.5 12.706442675903892 55.8
      vertex -32.44919935749997 12.847546888695257 55.8
    endloop
  endfacet
  facet normal -0.917754625683981 0.3971478906347805 0
    outer loop
      vertex -32.44919935749997 12.847546888695257 52
      vertex -32.44919935749997 12.847546888695257 55.8
      vertex -31.57846413106408 14.859697275621027 55.8
    endloop
  endfacet
  facet normal -0.917754625683981 0.3971478906347805 0
    outer loop
      vertex -32.44919935749997 12.847546888695257 52
      vertex -31.57846413106408 14.859697275621027 55.8
      vertex -31.57846413106408 14.859697275621027 52
    endloop
  endfacet
  facet normal -0.8910065241883682 0.45399049973954636 0
    outer loop
      vertex -31.57846413106408 14.859697275621027 52
      vertex -31.57846413106408 14.859697275621027 55.8
      vertex -30.583103133530834 16.813203226149867 55.8
    endloop
  endfacet
  facet normal -0.8910065241883682 0.45399049973954636 0
    outer loop
      vertex -31.57846413106408 14.859697275621027 52
      vertex -30.583103133530834 16.813203226149867 55.8
      vertex -30.583103133530834 16.813203226149867 52
    endloop
  endfacet
  facet normal -0.8607420270039443 0.5090414157503701 1.0660627430038314e-16
    outer loop
      vertex -30.583103133530834 16.813203226149867 52
      vertex -29.5 18.644630606641893 55.8
      vertex -29.467044600020323 18.700355144766988 52
    endloop
  endfacet
  facet normal -0.8607420270039442 0.5090414157503704 0
    outer loop
      vertex -30.583103133530834 16.813203226149867 52
      vertex -30.583103133530834 16.813203226149867 55.8
      vertex -29.5 18.644630606641893 55.8
    endloop
  endfacet
  facet normal -0.9408807689542258 0.33873792024529037 -1.9069926026959232e-17
    outer loop
      vertex -33.191872418700854 10.784693103685663 52
      vertex -32.44919935749997 12.847546888695257 65
      vertex -32.5 12.706442675903892 58.8
    endloop
  endfacet
  facet normal -0.9408807689542259 0.33873792024529037 0
    outer loop
      vertex -33.191872418700854 10.784693103685663 52
      vertex -33.191872418700854 10.784693103685663 65
      vertex -32.44919935749997 12.847546888695257 65
    endloop
  endfacet
  facet normal -0.940880768954226 0.33873792024529004 0
    outer loop
      vertex -32.44919935749997 12.847546888695257 65
      vertex -32.44919935749997 12.847546888695257 58.8
      vertex -32.5 12.706442675903892 58.8
    endloop
  endfacet
  facet normal -0.9177546256839813 0.3971478906347806 0
    outer loop
      vertex -32.44919935749997 12.847546888695257 65
      vertex -31.57846413106408 14.859697275621027 65
      vertex -32.44919935749997 12.847546888695257 58.8
    endloop
  endfacet
  facet normal -0.9177546256839813 0.3971478906347806 0
    outer loop
      vertex -31.57846413106408 14.859697275621027 65
      vertex -31.57846413106408 14.859697275621027 58.8
      vertex -32.44919935749997 12.847546888695257 58.8
    endloop
  endfacet
  facet normal 0 0 1
    outer loop
      vertex -31.57846413106408 14.859697275621027 65
      vertex -31.47895273668051 8.082421332857782 65
      vertex -30.90933677959249 10.04305231718579 65
    endloop
  endfacet
  facet normal 0 0 1
    outer loop
      vertex -32.44919935749997 12.847546888695257 65
      vertex -31.47895273668051 8.082421332857782 65
      vertex -31.57846413106408 14.859697275621027 65
    endloop
  endfacet
  facet normal 0 0 1
    outer loop
      vertex -31.57846413106408 14.859697275621027 65
      vertex -30.90933677959249 10.04305231718579 65
      vertex -30.217735791368174 11.96404796225203 65
    endloop
  endfacet
  facet normal 0 0 1
    outer loop
      vertex -31.57846413106408 14.859697275621027 65
      vertex -30.217735791368174 11.96404796225203 65
      vertex -30.583103133530834 16.813203226149867 65
    endloop
  endfacet
  facet normal 0 0 1
    outer loop
      vertex -30.583103133530834 16.813203226149867 65
      vertex -30.217735791368174 11.96404796225203 65
      vertex -29.406879205145636 13.837826975864854 65
    endloop
  endfacet
  facet normal -0.8910065241883681 0.45399049973954625 0
    outer loop
      vertex -30.583103133530834 16.813203226149867 65
      vertex -30.583103133530834 16.813203226149867 58.8
      vertex -31.57846413106408 14.859697275621027 58.8
    endloop
  endfacet
  facet normal -0.8607420270039474 0.5090414157503649 0
    outer loop
      vertex -29.467044600020323 18.700355144766988 52
      vertex -29.5 18.644630606641893 55.8
      vertex -29.467044600020323 18.700355144766988 65
    endloop
  endfacet
  facet normal -0.8607420270039442 0.5090414157503703 -6.627540778388427e-17
    outer loop
      vertex -29.467044600020323 18.700355144766988 65
      vertex -29.5 18.644630606641893 58.8
      vertex -30.583103133530834 16.813203226149867 58.8
    endloop
  endfacet
  facet normal -0.8607420270039474 0.5090414157503649 0
    outer loop
      vertex -29.467044600020323 18.700355144766988 65
      vertex -29.5 18.644630606641893 55.8
      vertex -29.5 18.644630606641893 58.8
    endloop
  endfacet
  facet normal -0.8270805742745612 0.5620833778521314 0
    outer loop
      vertex -29.467044600020323 18.700355144766988 52
      vertex -29.467044600020323 18.700355144766988 65
      vertex -28.234693103685665 20.51370530500731 65
    endloop
  endfacet
  facet normal -0.8910065241883681 0.45399049973954625 0
    outer loop
      vertex -31.57846413106408 14.859697275621027 65
      vertex -30.583103133530834 16.813203226149867 65
      vertex -31.57846413106408 14.859697275621027 58.8
    endloop
  endfacet
  facet normal 0 0 1
    outer loop
      vertex -29.467044600020323 18.700355144766988 65
      vertex -29.406879205145636 13.837826975864854 65
      vertex -28.47996710142556 15.65699440830575 65
    endloop
  endfacet
  facet normal 0 0 1
    outer loop
      vertex -30.583103133530834 16.813203226149867 65
      vertex -29.406879205145636 13.837826975864854 65
      vertex -29.467044600020323 18.700355144766988 65
    endloop
  endfacet
  facet normal -0.8607420270039443 0.5090414157503702 0
    outer loop
      vertex -30.583103133530834 16.813203226149867 65
      vertex -29.467044600020323 18.700355144766988 65
      vertex -30.583103133530834 16.813203226149867 58.8
    endloop
  endfacet
  facet normal 0 0 1
    outer loop
      vertex -29.467044600020323 18.700355144766988 65
      vertex -28.47996710142556 15.65699440830575 65
      vertex -27.440657578815486 17.414370836817394 65
    endloop
  endfacet
  facet normal 0 0 1
    outer loop
      vertex -29.467044600020323 18.700355144766988 65
      vertex -27.440657578815486 17.414370836817394 65
      vertex -28.234693103685665 20.51370530500731 65
    endloop
  endfacet
  facet normal 0 0 1
    outer loop
      vertex -28.234693103685665 20.51370530500731 65
      vertex -27.440657578815486 17.414370836817394 65
      vertex -26.293052317185793 19.103020699505375 65
    endloop
  endfacet
  facet normal -0.8270805742745612 0.5620833778521314 0
    outer loop
      vertex -29.467044600020323 18.700355144766988 52
      vertex -28.234693103685665 20.51370530500731 65
      vertex -28.234693103685665 20.51370530500731 52
    endloop
  endfacet
  facet normal -0.7901550123756912 0.6129070536529754 0
    outer loop
      vertex -28.234693103685665 20.51370530500731 52
      vertex -26.890912172875048 22.24609724222927 65
      vertex -26.890912172875048 22.24609724222927 52
    endloop
  endfacet
  facet normal -0.7501110696304589 0.6613118653236526 0
    outer loop
      vertex -26.890912172875048 22.24609724222927 52
      vertex -25.441005097007267 23.890693996911228 65
      vertex -25.441005097007267 23.890693996911228 52
    endloop
  endfacet
  facet normal -0.7901550123756912 0.6129070536529754 0
    outer loop
      vertex -28.234693103685665 20.51370530500731 52
      vertex -28.234693103685665 20.51370530500731 65
      vertex -26.890912172875048 22.24609724222927 65
    endloop
  endfacet
  facet normal -0.7501110696304589 0.6613118653236526 0
    outer loop
      vertex -26.890912172875048 22.24609724222927 52
      vertex -26.890912172875048 22.24609724222927 65
      vertex -25.441005097007267 23.890693996911228 65
    endloop
  endfacet
  facet normal 0 0 1
    outer loop
      vertex -28.234693103685665 20.51370530500731 65
      vertex -26.293052317185793 19.103020699505375 65
      vertex -26.890912172875048 22.24609724222927 65
    endloop
  endfacet
  facet normal 0 0 1
    outer loop
      vertex -26.890912172875048 22.24609724222927 65
      vertex -26.293052317185793 19.103020699505375 65
      vertex -25.041680390213156 20.716279666832413 65
    endloop
  endfacet
  facet normal 0 0 1
    outer loop
      vertex -26.890912172875048 22.24609724222927 65
      vertex -25.041680390213156 20.716279666832413 65
      vertex -25.441005097007267 23.890693996911228 65
    endloop
  endfacet
  facet normal -0.7071067811865476 0.7071067811865476 0
    outer loop
      vertex -25.441005097007267 23.890693996911228 52
      vertex -23.890693996911228 25.441005097007267 65
      vertex -23.890693996911228 25.441005097007267 52
    endloop
  endfacet
  facet normal -0.6613118653236526 0.7501110696304589 0
    outer loop
      vertex -23.890693996911228 25.441005097007267 52
      vertex -23.890693996911228 25.441005097007267 65
      vertex -22.24609724222927 26.890912172875048 52
    endloop
  endfacet
  facet normal -0.6129070536529754 0.7901550123756912 0
    outer loop
      vertex -22.24609724222927 26.890912172875048 52
      vertex -22.24609724222927 26.890912172875048 65
      vertex -20.51370530500731 28.234693103685665 52
    endloop
  endfacet
  facet normal -0.5620833778521314 0.8270805742745612 0
    outer loop
      vertex -20.51370530500731 28.234693103685665 52
      vertex -20.51370530500731 28.234693103685665 65
      vertex -18.700355144766988 29.467044600020323 52
    endloop
  endfacet
  facet normal -0.7071067811865476 0.7071067811865476 0
    outer loop
      vertex -25.441005097007267 23.890693996911228 52
      vertex -25.441005097007267 23.890693996911228 65
      vertex -23.890693996911228 25.441005097007267 65
    endloop
  endfacet
  facet normal 0 0 1
    outer loop
      vertex -25.441005097007267 23.890693996911228 65
      vertex -25.041680390213156 20.716279666832413 65
      vertex -23.691480391195878 22.247780942682375 65
    endloop
  endfacet
  facet normal 0 0 1
    outer loop
      vertex -25.441005097007267 23.890693996911228 65
      vertex -23.691480391195878 22.247780942682375 65
      vertex -23.890693996911228 25.441005097007267 65
    endloop
  endfacet
  facet normal 0 0 1
    outer loop
      vertex -23.890693996911228 25.441005097007267 65
      vertex -23.691480391195878 22.247780942682375 65
      vertex -22.247780942682375 23.691480391195878 65
    endloop
  endfacet
  facet normal 0 0 1
    outer loop
      vertex -23.890693996911228 25.441005097007267 65
      vertex -22.247780942682375 23.691480391195878 65
      vertex -20.716279666832413 25.041680390213156 65
    endloop
  endfacet
  facet normal -0.6613118653236526 0.7501110696304589 0
    outer loop
      vertex -22.24609724222927 26.890912172875048 52
      vertex -23.890693996911228 25.441005097007267 65
      vertex -22.24609724222927 26.890912172875048 65
    endloop
  endfacet
  facet normal -0.6129070536529754 0.7901550123756912 0
    outer loop
      vertex -20.51370530500731 28.234693103685665 52
      vertex -22.24609724222927 26.890912172875048 65
      vertex -20.51370530500731 28.234693103685665 65
    endloop
  endfacet
  facet normal -0.5620833778521314 0.8270805742745612 0
    outer loop
      vertex -18.700355144766988 29.467044600020323 52
      vertex -20.51370530500731 28.234693103685665 65
      vertex -18.700355144766988 29.467044600020323 65
    endloop
  endfacet
  facet normal 0 0 1
    outer loop
      vertex -23.890693996911228 25.441005097007267 65
      vertex -20.716279666832413 25.041680390213156 65
      vertex -22.24609724222927 26.890912172875048 65
    endloop
  endfacet
  facet normal 0 0 1
    outer loop
      vertex -22.24609724222927 26.890912172875048 65
      vertex -20.716279666832413 25.041680390213156 65
      vertex -19.103020699505375 26.293052317185793 65
    endloop
  endfacet
  facet normal 0 0 1
    outer loop
      vertex -22.24609724222927 26.890912172875048 65
      vertex -19.103020699505375 26.293052317185793 65
      vertex -20.51370530500731 28.234693103685665 65
    endloop
  endfacet
  facet normal 0 0 1
    outer loop
      vertex -20.51370530500731 28.234693103685665 65
      vertex -19.103020699505375 26.293052317185793 65
      vertex -17.414370836817394 27.440657578815486 65
    endloop
  endfacet
  facet normal 0 0 1
    outer loop
      vertex -20.51370530500731 28.234693103685665 65
      vertex -17.414370836817394 27.440657578815486 65
      vertex -18.700355144766988 29.467044600020323 65
    endloop
  endfacet
  facet normal 0 0 1
    outer loop
      vertex -18.700355144766988 29.467044600020323 65
      vertex -17.414370836817394 27.440657578815486 65
      vertex -15.656994408305744 28.479967101425565 65
    endloop
  endfacet
  facet normal 0 0 1
    outer loop
      vertex -18.700355144766988 29.467044600020323 65
      vertex -15.656994408305744 28.479967101425565 65
      vertex -16.81320322614986 30.583103133530837 65
    endloop
  endfacet
  facet normal 0 0 1
    outer loop
      vertex -16.81320322614986 30.583103133530837 65
      vertex -15.656994408305744 28.479967101425565 65
      vertex -13.837826975864862 29.406879205145632 65
    endloop
  endfacet
  facet normal -0.50904141575037 0.8607420270039444 0
    outer loop
      vertex -18.700355144766988 29.467044600020323 52
      vertex -18.700355144766988 29.467044600020323 65
      vertex -16.81320322614986 30.583103133530837 52
    endloop
  endfacet
  facet normal -0.45399049973954697 0.8910065241883678 0
    outer loop
      vertex -16.81320322614986 30.583103133530837 52
      vertex -16.81320322614986 30.583103133530837 65
      vertex -14.859697275621038 31.578464131064077 52
    endloop
  endfacet
  facet normal -0.3971478906347802 0.9177546256839814 0
    outer loop
      vertex -14.859697275621038 31.578464131064077 52
      vertex -14.859697275621038 31.578464131064077 65
      vertex -12.847546888695257 32.44919935749997 52
    endloop
  endfacet
  facet normal -0.33873792024529037 0.9408807689542259 0
    outer loop
      vertex -12.847546888695257 32.44919935749997 52
      vertex -12.847546888695257 32.44919935749997 65
      vertex -10.784693103685663 33.191872418700854 52
    endloop
  endfacet
  facet normal -0.50904141575037 0.8607420270039444 0
    outer loop
      vertex -18.700355144766988 29.467044600020323 65
      vertex -16.81320322614986 30.583103133530837 65
      vertex -16.81320322614986 30.583103133530837 52
    endloop
  endfacet
  facet normal -0.45399049973954697 0.8910065241883678 0
    outer loop
      vertex -14.859697275621038 31.578464131064077 52
      vertex -16.81320322614986 30.583103133530837 65
      vertex -14.859697275621038 31.578464131064077 65
    endloop
  endfacet
  facet normal -0.3971478906347802 0.9177546256839814 0
    outer loop
      vertex -12.847546888695257 32.44919935749997 52
      vertex -14.859697275621038 31.578464131064077 65
      vertex -12.847546888695257 32.44919935749997 65
    endloop
  endfacet
  facet normal -0.33873792024529037 0.9408807689542259 0
    outer loop
      vertex -10.784693103685663 33.191872418700854 52
      vertex -12.847546888695257 32.44919935749997 65
      vertex -10.784693103685663 33.191872418700854 65
    endloop
  endfacet
  facet normal 0 0 1
    outer loop
      vertex -16.81320322614986 30.583103133530837 65
      vertex -13.837826975864862 29.406879205145632 65
      vertex -14.859697275621038 31.578464131064077 65
    endloop
  endfacet
  facet normal 0 0 1
    outer loop
      vertex -14.859697275621038 31.578464131064077 65
      vertex -13.837826975864862 29.406879205145632 65
      vertex -11.96404796225203 30.217735791368174 65
    endloop
  endfacet
  facet normal 0 0 1
    outer loop
      vertex -14.859697275621038 31.578464131064077 65
      vertex -11.96404796225203 30.217735791368174 65
      vertex -12.847546888695257 32.44919935749997 65
    endloop
  endfacet
  facet normal 0 0 1
    outer loop
      vertex -12.847546888695257 32.44919935749997 65
      vertex -11.96404796225203 30.217735791368174 65
      vertex -10.04305231718579 30.90933677959249 65
    endloop
  endfacet
  facet normal 0 0 1
    outer loop
      vertex -12.847546888695257 32.44919935749997 65
      vertex -10.04305231718579 30.90933677959249 65
      vertex -10.784693103685663 33.191872418700854 65
    endloop
  endfacet
  facet normal -0.2789911060392322 -0.9602936856769421 0
    outer loop
      vertex -10.784693103685663 -33.191872418700854 52
      vertex -8.679277062053433 -33.803552323389226 52
      vertex -8.679277062053433 -33.803552323389226 65
    endloop
  endfacet
  facet normal -0.2181432413965409 -0.9759167619387478 0
    outer loop
      vertex -8.679277062053433 -33.803552323389226 52
      vertex -6.539607879041796 -34.28182505043123 52
      vertex -6.539607879041796 -34.28182505043123 65
    endloop
  endfacet
  facet normal -0.15643446504023265 -0.9876883405951373 0
    outer loop
      vertex -6.539607879041796 -34.28182505043123 52
      vertex -4.374129851394212 -34.62480307587528 52
      vertex -4.374129851394212 -34.62480307587528 65
    endloop
  endfacet
  facet normal -0.09410831331851481 -0.9955619646030799 0
    outer loop
      vertex -4.374129851394212 -34.62480307587528 52
      vertex -2.1913891315730503 -34.83113282214668 52
      vertex -2.1913891315730503 -34.83113282214668 65
    endloop
  endfacet
  facet normal -0.03141075907812721 -0.9995065603657315 0
    outer loop
      vertex -2.1913891315730503 -34.83113282214668 52
      vertex 0 -34.9 52
      vertex 0 -34.9 65
    endloop
  endfacet
  facet normal 0.03141075907812721 -0.9995065603657315 0
    outer loop
      vertex 0 -34.9 52
      vertex 2.1913891315730503 -34.83113282214668 52
      vertex 2.1913891315730503 -34.83113282214668 65
    endloop
  endfacet
  facet normal 0.09410831331851481 -0.9955619646030799 0
    outer loop
      vertex 2.1913891315730503 -34.83113282214668 52
      vertex 4.374129851394212 -34.62480307587528 52
      vertex 4.374129851394212 -34.62480307587528 65
    endloop
  endfacet
  facet normal -0.09410831331851481 -0.9955619646030799 0
    outer loop
      vertex -4.374129851394212 -34.62480307587528 52
      vertex -2.1913891315730503 -34.83113282214668 65
      vertex -4.374129851394212 -34.62480307587528 65
    endloop
  endfacet
  facet normal -0.2789911060392322 -0.9602936856769421 0
    outer loop
      vertex -10.784693103685663 -33.191872418700854 52
      vertex -8.679277062053433 -33.803552323389226 65
      vertex -10.784693103685663 -33.191872418700854 65
    endloop
  endfacet
  facet normal -0.2181432413965409 -0.9759167619387478 0
    outer loop
      vertex -8.679277062053433 -33.803552323389226 52
      vertex -6.539607879041796 -34.28182505043123 65
      vertex -8.679277062053433 -33.803552323389226 65
    endloop
  endfacet
  facet normal -0.15643446504023265 -0.9876883405951373 0
    outer loop
      vertex -6.539607879041796 -34.28182505043123 52
      vertex -4.374129851394212 -34.62480307587528 65
      vertex -6.539607879041796 -34.28182505043123 65
    endloop
  endfacet
  facet normal 0 0 1
    outer loop
      vertex -10.784693103685663 -33.191872418700854 65
      vertex -8.679277062053433 -33.803552323389226 65
      vertex -10.04305231718579 -30.90933677959249 65
    endloop
  endfacet
  facet normal 0 0 1
    outer loop
      vertex -8.679277062053433 -33.803552323389226 65
      vertex -6.539607879041796 -34.28182505043123 65
      vertex -8.082421332857782 -31.47895273668051 65
    endloop
  endfacet
  facet normal 0 0 1
    outer loop
      vertex -8.679277062053433 -33.803552323389226 65
      vertex -8.082421332857782 -31.47895273668051 65
      vertex -10.04305231718579 -30.90933677959249 65
    endloop
  endfacet
  facet normal 0 0 1
    outer loop
      vertex -6.539607879041796 -34.28182505043123 65
      vertex -4.374129851394212 -34.62480307587528 65
      vertex -6.089892724036057 -31.92433564868238 65
    endloop
  endfacet
  facet normal 0 0 1
    outer loop
      vertex -6.539607879041796 -34.28182505043123 65
      vertex -6.089892724036057 -31.92433564868238 65
      vertex -8.082421332857782 -31.47895273668051 65
    endloop
  endfacet
  facet normal 0 0 1
    outer loop
      vertex -4.374129851394212 -34.62480307587528 65
      vertex -2.1913891315730503 -34.83113282214668 65
      vertex -4.073330090839882 -32.243727792720534 65
    endloop
  endfacet
  facet normal 0 0 1
    outer loop
      vertex -4.374129851394212 -34.62480307587528 65
      vertex -4.073330090839882 -32.243727792720534 65
      vertex -6.089892724036057 -31.92433564868238 65
    endloop
  endfacet
  facet normal -0.03141075907812721 -0.9995065603657315 0
    outer loop
      vertex -2.1913891315730503 -34.83113282214668 52
      vertex 0 -34.9 65
      vertex -2.1913891315730503 -34.83113282214668 65
    endloop
  endfacet
  facet normal 0.03141075907812721 -0.9995065603657315 0
    outer loop
      vertex 0 -34.9 52
      vertex 2.1913891315730503 -34.83113282214668 65
      vertex 0 -34.9 65
    endloop
  endfacet
  facet normal 0.09410831331851481 -0.9955619646030799 0
    outer loop
      vertex 2.1913891315730503 -34.83113282214668 52
      vertex 4.374129851394212 -34.62480307587528 65
      vertex 2.1913891315730503 -34.83113282214668 65
    endloop
  endfacet
  facet normal 0 0 1
    outer loop
      vertex -2.1913891315730503 -34.83113282214668 65
      vertex -2.040691884702697 -32.435868673918826 65
      vertex -4.073330090839882 -32.243727792720534 65
    endloop
  endfacet
  facet normal 0 0 1
    outer loop
      vertex -2.1913891315730503 -34.83113282214668 65
      vertex 0 -34.9 65
      vertex -2.040691884702697 -32.435868673918826 65
    endloop
  endfacet
  facet normal 0 0 1
    outer loop
      vertex 0 -34.9 65
      vertex 0 -32.5 65
      vertex -2.040691884702697 -32.435868673918826 65
    endloop
  endfacet
  facet normal 0 0 1
    outer loop
      vertex 0 -34.9 65
      vertex 2.1913891315730503 -34.83113282214668 65
      vertex 0 -32.5 65
    endloop
  endfacet
  facet normal 0 0 1
    outer loop
      vertex 2.1913891315730503 -34.83113282214668 65
      vertex 2.040691884702697 -32.435868673918826 65
      vertex 0 -32.5 65
    endloop
  endfacet
  facet normal 0 0 1
    outer loop
      vertex 2.1913891315730503 -34.83113282214668 65
      vertex 4.374129851394212 -34.62480307587528 65
      vertex 2.040691884702697 -32.435868673918826 65
    endloop
  endfacet
  facet normal 0 0 1
    outer loop
      vertex 4.374129851394212 -34.62480307587528 65
      vertex 4.073330090839882 -32.243727792720534 65
      vertex 2.040691884702697 -32.435868673918826 65
    endloop
  endfacet
  facet normal 0.15643446504023265 -0.9876883405951373 0
    outer loop
      vertex 4.374129851394212 -34.62480307587528 52
      vertex 6.539607879041796 -34.28182505043123 52
      vertex 6.539607879041796 -34.28182505043123 65
    endloop
  endfacet
  facet normal 0.2181432413965423 -0.9759167619387474 0
    outer loop
      vertex 6.539607879041796 -34.28182505043123 52
      vertex 8.67927706205342 -33.803552323389226 52
      vertex 8.67927706205342 -33.803552323389226 65
    endloop
  endfacet
  facet normal 0.2789911060392305 -0.9602936856769426 0
    outer loop
      vertex 8.67927706205342 -33.803552323389226 52
      vertex 10.784693103685663 -33.191872418700854 52
      vertex 10.784693103685663 -33.191872418700854 65
    endloop
  endfacet
  facet normal 0.33873792024529065 -0.9408807689542258 0
    outer loop
      vertex 10.784693103685663 -33.191872418700854 52
      vertex 12.847546888695275 -32.449199357499964 52
      vertex 12.847546888695275 -32.449199357499964 65
    endloop
  endfacet
  facet normal 0.3971478906347808 -0.917754625683981 0
    outer loop
      vertex 12.847546888695275 -32.449199357499964 52
      vertex 14.859697275621027 -31.57846413106408 52
      vertex 14.859697275621027 -31.57846413106408 65
    endloop
  endfacet
  facet normal 0.45399049973954625 -0.8910065241883681 0
    outer loop
      vertex 14.859697275621027 -31.57846413106408 52
      vertex 16.813203226149867 -30.583103133530834 52
      vertex 16.813203226149867 -30.583103133530834 65
    endloop
  endfacet
  facet normal 0.15643446504023265 -0.9876883405951373 0
    outer loop
      vertex 4.374129851394212 -34.62480307587528 52
      vertex 6.539607879041796 -34.28182505043123 65
      vertex 4.374129851394212 -34.62480307587528 65
    endloop
  endfacet
  facet normal 0.2181432413965423 -0.9759167619387474 0
    outer loop
      vertex 6.539607879041796 -34.28182505043123 52
      vertex 8.67927706205342 -33.803552323389226 65
      vertex 6.539607879041796 -34.28182505043123 65
    endloop
  endfacet
  facet normal 0.2789911060392305 -0.9602936856769426 0
    outer loop
      vertex 8.67927706205342 -33.803552323389226 52
      vertex 10.784693103685663 -33.191872418700854 65
      vertex 8.67927706205342 -33.803552323389226 65
    endloop
  endfacet
  facet normal 0 0 1
    outer loop
      vertex 4.374129851394212 -34.62480307587528 65
      vertex 6.539607879041796 -34.28182505043123 65
      vertex 4.073330090839882 -32.243727792720534 65
    endloop
  endfacet
  facet normal 0 0 1
    outer loop
      vertex 6.539607879041796 -34.28182505043123 65
      vertex 6.089892724036057 -31.92433564868238 65
      vertex 4.073330090839882 -32.243727792720534 65
    endloop
  endfacet
  facet normal 0 0 1
    outer loop
      vertex 6.539607879041796 -34.28182505043123 65
      vertex 8.67927706205342 -33.803552323389226 65
      vertex 6.089892724036057 -31.92433564868238 65
    endloop
  endfacet
  facet normal 0 0 1
    outer loop
      vertex 8.67927706205342 -33.803552323389226 65
      vertex 8.08242133285777 -31.478952736680515 65
      vertex 6.089892724036057 -31.92433564868238 65
    endloop
  endfacet
  facet normal 0 0 1
    outer loop
      vertex 8.67927706205342 -33.803552323389226 65
      vertex 10.784693103685663 -33.191872418700854 65
      vertex 8.08242133285777 -31.478952736680515 65
    endloop
  endfacet
  facet normal 0 0 1
    outer loop
      vertex 10.784693103685663 -33.191872418700854 65
      vertex 10.04305231718579 -30.90933677959249 65
      vertex 8.08242133285777 -31.478952736680515 65
    endloop
  endfacet
  facet normal 0.33873792024529065 -0.9408807689542258 0
    outer loop
      vertex 10.784693103685663 -33.191872418700854 52
      vertex 12.847546888695275 -32.449199357499964 65
      vertex 10.784693103685663 -33.191872418700854 65
    endloop
  endfacet
  facet normal 0.3971478906347808 -0.917754625683981 0
    outer loop
      vertex 12.847546888695275 -32.449199357499964 52
      vertex 14.859697275621027 -31.57846413106408 65
      vertex 12.847546888695275 -32.449199357499964 65
    endloop
  endfacet
  facet normal 0.45399049973954625 -0.8910065241883681 0
    outer loop
      vertex 14.859697275621027 -31.57846413106408 52
      vertex 16.813203226149867 -30.583103133530834 65
      vertex 14.859697275621027 -31.57846413106408 65
    endloop
  endfacet
  facet normal 0.5090414157503709 -0.8607420270039439 0
    outer loop
      vertex 16.813203226149867 -30.583103133530834 52
      vertex 18.700355144766966 -29.467044600020333 65
      vertex 16.813203226149867 -30.583103133530834 65
    endloop
  endfacet
  facet normal 0 0 1
    outer loop
      vertex 10.784693103685663 -33.191872418700854 65
      vertex 12.847546888695275 -32.449199357499964 65
      vertex 10.04305231718579 -30.90933677959249 65
    endloop
  endfacet
  facet normal 0 0 1
    outer loop
      vertex 12.847546888695275 -32.449199357499964 65
      vertex 11.964047962252046 -30.217735791368167 65
      vertex 10.04305231718579 -30.90933677959249 65
    endloop
  endfacet
  facet normal 0 0 1
    outer loop
      vertex 12.847546888695275 -32.449199357499964 65
      vertex 14.859697275621027 -31.57846413106408 65
      vertex 11.964047962252046 -30.217735791368167 65
    endloop
  endfacet
  facet normal 0 0 1
    outer loop
      vertex 14.859697275621027 -31.57846413106408 65
      vertex 13.837826975864854 -29.406879205145636 65
      vertex 11.964047962252046 -30.217735791368167 65
    endloop
  endfacet
  facet normal 0 0 1
    outer loop
      vertex 14.859697275621027 -31.57846413106408 65
      vertex 16.813203226149867 -30.583103133530834 65
      vertex 13.837826975864854 -29.406879205145636 65
    endloop
  endfacet
  facet normal 0 0 1
    outer loop
      vertex 16.813203226149867 -30.583103133530834 65
      vertex 15.65699440830575 -28.47996710142556 65
      vertex 13.837826975864854 -29.406879205145636 65
    endloop
  endfacet
  facet normal 0 0 1
    outer loop
      vertex 16.813203226149867 -30.583103133530834 65
      vertex 18.700355144766966 -29.467044600020333 65
      vertex 15.65699440830575 -28.47996710142556 65
    endloop
  endfacet
  facet normal 0 0 1
    outer loop
      vertex 18.700355144766966 -29.467044600020333 65
      vertex 17.414370836817376 -27.440657578815497 65
      vertex 15.65699440830575 -28.47996710142556 65
    endloop
  endfacet
  facet normal 0.5090414157503709 -0.8607420270039439 0
    outer loop
      vertex 16.813203226149867 -30.583103133530834 52
      vertex 18.700355144766966 -29.467044600020333 52
      vertex 18.700355144766966 -29.467044600020333 65
    endloop
  endfacet
  facet normal 0.612907053652976 -0.7901550123756907 -1.5990941145057388e-16
    outer loop
      vertex 20.51370530500731 -28.234693103685665 52
      vertex 22.24609724222928 -26.890912172875037 52
      vertex 21.700000000000003 -27.314508614712985 55.8
    endloop
  endfacet
  facet normal 0.5620833778521301 -0.827080574274562 0
    outer loop
      vertex 18.700355144766966 -29.467044600020333 52
      vertex 20.51370530500731 -28.234693103685665 52
      vertex 20.51370530500731 -28.234693103685665 65
    endloop
  endfacet
  facet normal 0.6129070536529757 -0.7901550123756911 0
    outer loop
      vertex 20.51370530500731 -28.234693103685665 52
      vertex 21.700000000000003 -27.314508614712985 55.8
      vertex 21.700000000000003 -27.314508614712985 58.8
    endloop
  endfacet
  facet normal 0.6613118653236524 -0.7501110696304593 0
    outer loop
      vertex 22.24609724222928 -26.890912172875037 52
      vertex 23.890693996911228 -25.441005097007267 52
      vertex 22.24609724222928 -26.890912172875037 55.8
    endloop
  endfacet
  facet normal 0.6129070536529768 -0.7901550123756902 0
    outer loop
      vertex 22.24609724222928 -26.890912172875037 52
      vertex 22.24609724222928 -26.890912172875037 55.8
      vertex 21.700000000000003 -27.314508614712985 55.8
    endloop
  endfacet
  facet normal 0.6613118653236524 -0.7501110696304593 0
    outer loop
      vertex 23.890693996911228 -25.441005097007267 52
      vertex 23.890693996911228 -25.441005097007267 55.8
      vertex 22.24609724222928 -26.890912172875037 55.8
    endloop
  endfacet
  facet normal 0.7071067811865476 -0.7071067811865476 0
    outer loop
      vertex 23.890693996911228 -25.441005097007267 52
      vertex 25.441005097007267 -23.890693996911228 52
      vertex 23.890693996911228 -25.441005097007267 55.8
    endloop
  endfacet
  facet normal 0.7071067811865476 -0.7071067811865476 0
    outer loop
      vertex 25.441005097007267 -23.890693996911228 52
      vertex 25.441005097007267 -23.890693996911228 55.8
      vertex 23.890693996911228 -25.441005097007267 55.8
    endloop
  endfacet
  facet normal 0.7501110696304593 -0.6613118653236524 0
    outer loop
      vertex 25.441005097007267 -23.890693996911228 52
      vertex 26.890912172875037 -22.24609724222928 52
      vertex 25.441005097007267 -23.890693996911228 55.8
    endloop
  endfacet
  facet normal 0.7501110696304593 -0.6613118653236524 0
    outer loop
      vertex 26.890912172875037 -22.24609724222928 52
      vertex 26.890912172875037 -22.24609724222928 55.8
      vertex 25.441005097007267 -23.890693996911228 55.8
    endloop
  endfacet
  facet normal 0.7901550123756907 -0.612907053652976 0
    outer loop
      vertex 26.890912172875037 -22.24609724222928 52
      vertex 28.234693103685665 -20.51370530500731 52
      vertex 26.890912172875037 -22.24609724222928 55.8
    endloop
  endfacet
  facet normal 0.7901550123756907 -0.612907053652976 0
    outer loop
      vertex 28.234693103685665 -20.51370530500731 52
      vertex 28.234693103685665 -20.51370530500731 55.8
      vertex 26.890912172875037 -22.24609724222928 55.8
    endloop
  endfacet
  facet normal 0.8270805742745622 -0.5620833778521303 0
    outer loop
      vertex 28.234693103685665 -20.51370530500731 52
      vertex 29.467044600020333 -18.700355144766966 52
      vertex 28.234693103685665 -20.51370530500731 55.8
    endloop
  endfacet
  facet normal 0.6129070536529745 -0.790155012375692 2.890783759698051e-16
    outer loop
      vertex 20.51370530500731 -28.234693103685665 52
      vertex 21.700000000000003 -27.314508614712985 58.8
      vertex 22.24609724222928 -26.890912172875037 65
    endloop
  endfacet
  facet normal 0.5620833778521301 -0.827080574274562 0
    outer loop
      vertex 18.700355144766966 -29.467044600020333 52
      vertex 20.51370530500731 -28.234693103685665 65
      vertex 18.700355144766966 -29.467044600020333 65
    endloop
  endfacet
  facet normal 0.612907053652976 -0.7901550123756906 0
    outer loop
      vertex 20.51370530500731 -28.234693103685665 52
      vertex 22.24609724222928 -26.890912172875037 65
      vertex 20.51370530500731 -28.234693103685665 65
    endloop
  endfacet
  facet normal 0.6129070536529768 -0.7901550123756902 0
    outer loop
      vertex 22.24609724222928 -26.890912172875037 65
      vertex 21.700000000000003 -27.314508614712985 58.8
      vertex 22.24609724222928 -26.890912172875037 58.8
    endloop
  endfacet
  facet normal 0.6613118653236523 -0.7501110696304591 0
    outer loop
      vertex 22.24609724222928 -26.890912172875037 65
      vertex 22.24609724222928 -26.890912172875037 58.8
      vertex 23.890693996911228 -25.441005097007267 58.8
    endloop
  endfacet
  facet normal 0.7071067811865476 -0.7071067811865476 0
    outer loop
      vertex 23.890693996911228 -25.441005097007267 65
      vertex 23.890693996911228 -25.441005097007267 58.8
      vertex 25.441005097007267 -23.890693996911228 58.8
    endloop
  endfacet
  facet normal 0 0 1
    outer loop
      vertex 18.700355144766966 -29.467044600020333 65
      vertex 20.51370530500731 -28.234693103685665 65
      vertex 17.414370836817376 -27.440657578815497 65
    endloop
  endfacet
  facet normal 0 0 1
    outer loop
      vertex 20.51370530500731 -28.234693103685665 65
      vertex 19.103020699505375 -26.293052317185793 65
      vertex 17.414370836817376 -27.440657578815497 65
    endloop
  endfacet
  facet normal 0 0 1
    outer loop
      vertex 20.51370530500731 -28.234693103685665 65
      vertex 22.24609724222928 -26.890912172875037 65
      vertex 19.103020699505375 -26.293052317185793 65
    endloop
  endfacet
  facet normal 0 0 1
    outer loop
      vertex 22.24609724222928 -26.890912172875037 65
      vertex 20.716279666832424 -25.041680390213145 65
      vertex 19.103020699505375 -26.293052317185793 65
    endloop
  endfacet
  facet normal 0.6613118653236523 -0.7501110696304591 0
    outer loop
      vertex 22.24609724222928 -26.890912172875037 65
      vertex 23.890693996911228 -25.441005097007267 58.8
      vertex 23.890693996911228 -25.441005097007267 65
    endloop
  endfacet
  facet normal 0 0 1
    outer loop
      vertex 22.24609724222928 -26.890912172875037 65
      vertex 23.890693996911228 -25.441005097007267 65
      vertex 20.716279666832424 -25.041680390213145 65
    endloop
  endfacet
  facet normal 0.7071067811865476 -0.7071067811865476 0
    outer loop
      vertex 23.890693996911228 -25.441005097007267 65
      vertex 25.441005097007267 -23.890693996911228 58.8
      vertex 25.441005097007267 -23.890693996911228 65
    endloop
  endfacet
  facet normal 0 0 1
    outer loop
      vertex 23.890693996911228 -25.441005097007267 65
      vertex 22.247780942682375 -23.691480391195878 65
      vertex 20.716279666832424 -25.041680390213145 65
    endloop
  endfacet
  facet normal 0 0 1
    outer loop
      vertex 23.890693996911228 -25.441005097007267 65
      vertex 23.691480391195878 -22.247780942682375 65
      vertex 22.247780942682375 -23.691480391195878 65
    endloop
  endfacet
  facet normal 0 0 1
    outer loop
      vertex 23.890693996911228 -25.441005097007267 65
      vertex 25.441005097007267 -23.890693996911228 65
      vertex 23.691480391195878 -22.247780942682375 65
    endloop
  endfacet
  facet normal 0 0 1
    outer loop
      vertex 25.441005097007267 -23.890693996911228 65
      vertex 25.041680390213145 -20.716279666832424 65
      vertex 23.691480391195878 -22.247780942682375 65
    endloop
  endfacet
  facet normal 0.7501110696304591 -0.6613118653236523 0
    outer loop
      vertex 25.441005097007267 -23.890693996911228 65
      vertex 25.441005097007267 -23.890693996911228 58.8
      vertex 26.890912172875037 -22.24609724222928 58.8
    endloop
  endfacet
  facet normal 0.7901550123756909 -0.612907053652976 0
    outer loop
      vertex 26.890912172875037 -22.24609724222928 65
      vertex 26.890912172875037 -22.24609724222928 58.8
      vertex 28.234693103685665 -20.51370530500731 58.8
    endloop
  endfacet
  facet normal 0.8270805742745622 -0.5620833778521303 0
    outer loop
      vertex 28.234693103685665 -20.51370530500731 65
      vertex 28.234693103685665 -20.51370530500731 58.8
      vertex 29.467044600020333 -18.700355144766966 58.8
    endloop
  endfacet
  facet normal 0.7501110696304591 -0.6613118653236523 0
    outer loop
      vertex 25.441005097007267 -23.890693996911228 65
      vertex 26.890912172875037 -22.24609724222928 58.8
      vertex 26.890912172875037 -22.24609724222928 65
    endloop
  endfacet
  facet normal 0 0 1
    outer loop
      vertex 25.441005097007267 -23.890693996911228 65
      vertex 26.890912172875037 -22.24609724222928 65
      vertex 25.041680390213145 -20.716279666832424 65
    endloop
  endfacet
  facet normal 0.7901550123756909 -0.612907053652976 0
    outer loop
      vertex 26.890912172875037 -22.24609724222928 65
      vertex 28.234693103685665 -20.51370530500731 58.8
      vertex 28.234693103685665 -20.51370530500731 65
    endloop
  endfacet
  facet normal 0 0 1
    outer loop
      vertex 26.890912172875037 -22.24609724222928 65
      vertex 26.293052317185793 -19.103020699505375 65
      vertex 25.041680390213145 -20.716279666832424 65
    endloop
  endfacet
  facet normal 0 0 1
    outer loop
      vertex 26.890912172875037 -22.24609724222928 65
      vertex 28.234693103685665 -20.51370530500731 65
      vertex 26.293052317185793 -19.103020699505375 65
    endloop
  endfacet
  facet normal 0.8607420270039484 -0.5090414157503631 0
    outer loop
      vertex 29.5 -18.64463060664189 52
      vertex 29.467044600020333 -18.700355144766966 55.8
      vertex 29.467044600020333 -18.700355144766966 52
    endloop
  endfacet
  facet normal 0.8270805742745622 -0.5620833778521303 0
    outer loop
      vertex 29.467044600020333 -18.700355144766966 52
      vertex 29.467044600020333 -18.700355144766966 55.8
      vertex 28.234693103685665 -20.51370530500731 55.8
    endloop
  endfacet
  facet normal 0.8607420270039484 -0.5090414157503631 0
    outer loop
      vertex 29.5 -18.64463060664189 52
      vertex 29.5 -18.64463060664189 55.8
      vertex 29.467044600020333 -18.700355144766966 55.8
    endloop
  endfacet
  facet normal 0.8607420270039484 -0.5090414157503632 0
    outer loop
      vertex 29.467044600020333 -18.700355144766966 65
      vertex 29.467044600020333 -18.700355144766966 58.8
      vertex 29.5 -18.64463060664189 58.8
    endloop
  endfacet
  facet normal 0 0 1
    outer loop
      vertex 28.234693103685665 -20.51370530500731 65
      vertex 27.440657578815497 -17.414370836817376 65
      vertex 26.293052317185793 -19.103020699505375 65
    endloop
  endfacet
  facet normal 0 0 1
    outer loop
      vertex 28.234693103685665 -20.51370530500731 65
      vertex 29.467044600020333 -18.700355144766966 65
      vertex 27.440657578815497 -17.414370836817376 65
    endloop
  endfacet
  facet normal 0 0 1
    outer loop
      vertex 29.467044600020333 -18.700355144766966 65
      vertex 28.47996710142556 -15.65699440830575 65
      vertex 27.440657578815497 -17.414370836817376 65
    endloop
  endfacet
  facet normal 0.8270805742745622 -0.5620833778521303 0
    outer loop
      vertex 28.234693103685665 -20.51370530500731 65
      vertex 29.467044600020333 -18.700355144766966 58.8
      vertex 29.467044600020333 -18.700355144766966 65
    endloop
  endfacet
  facet normal 0.8607420270039484 -0.5090414157503632 0
    outer loop
      vertex 29.467044600020333 -18.700355144766966 65
      vertex 29.5 -18.64463060664189 58.8
      vertex 29.5 -18.64463060664189 65
    endloop
  endfacet
  facet normal 0 0 1
    outer loop
      vertex 29.467044600020333 -18.700355144766966 65
      vertex 29.5 -18.64463060664189 65
      vertex 29.406879205145636 -13.837826975864854 65
    endloop
  endfacet
  facet normal 0 0 1
    outer loop
      vertex 29.467044600020333 -18.700355144766966 65
      vertex 29.406879205145636 -13.837826975864854 65
      vertex 28.47996710142556 -15.65699440830575 65
    endloop
  endfacet
  facet normal 0 0 1
    outer loop
      vertex 29.5 -18.64463060664189 65
      vertex 29.5 -13.622637515615263 65
      vertex 29.406879205145636 -13.837826975864854 65
    endloop
  endfacet
  facet normal -0.2789911060392322 0.9602936856769421 0
    outer loop
      vertex -10.784693103685663 33.191872418700854 52
      vertex -10.784693103685663 33.191872418700854 65
      vertex -8.679277062053433 33.803552323389226 52
    endloop
  endfacet
  facet normal -0.2181432413965431 0.9759167619387472 0
    outer loop
      vertex -8.679277062053433 33.803552323389226 52
      vertex -8.679277062053433 33.803552323389226 65
      vertex -6.539607879041787 34.28182505043124 52
    endloop
  endfacet
  facet normal -0.15643446504023062 0.9876883405951378 0
    outer loop
      vertex -6.539607879041787 34.28182505043124 52
      vertex -6.539607879041787 34.28182505043124 65
      vertex -4.374129851394219 34.62480307587528 52
    endloop
  endfacet
  facet normal -0.09410831331851378 0.9955619646030801 0
    outer loop
      vertex -4.374129851394219 34.62480307587528 52
      vertex -4.374129851394219 34.62480307587528 65
      vertex -2.1913891315730334 34.83113282214668 52
    endloop
  endfacet
  facet normal -0.03141075907812745 0.9995065603657317 0
    outer loop
      vertex -2.1913891315730334 34.83113282214668 52
      vertex -2.1913891315730334 34.83113282214668 65
      vertex 0 34.9 52
    endloop
  endfacet
  facet normal 0.03141075907812745 0.9995065603657317 0
    outer loop
      vertex 0 34.9 52
      vertex 0 34.9 65
      vertex 2.1913891315730334 34.83113282214668 52
    endloop
  endfacet
  facet normal 0.09410831331851378 0.9955619646030801 0
    outer loop
      vertex 2.1913891315730334 34.83113282214668 52
      vertex 2.1913891315730334 34.83113282214668 65
      vertex 4.374129851394219 34.62480307587528 52
    endloop
  endfacet
  facet normal -0.2789911060392322 0.9602936856769421 0
    outer loop
      vertex -10.784693103685663 33.191872418700854 65
      vertex -8.679277062053433 33.803552323389226 65
      vertex -8.679277062053433 33.803552323389226 52
    endloop
  endfacet
  facet normal -0.2181432413965431 0.9759167619387472 0
    outer loop
      vertex -6.539607879041787 34.28182505043124 52
      vertex -8.679277062053433 33.803552323389226 65
      vertex -6.539607879041787 34.28182505043124 65
    endloop
  endfacet
  facet normal -0.15643446504023062 0.9876883405951378 0
    outer loop
      vertex -4.374129851394219 34.62480307587528 52
      vertex -6.539607879041787 34.28182505043124 65
      vertex -4.374129851394219 34.62480307587528 65
    endloop
  endfacet
  facet normal 0 0 1
    outer loop
      vertex -10.784693103685663 33.191872418700854 65
      vertex -10.04305231718579 30.90933677959249 65
      vertex -8.082421332857782 31.47895273668051 65
    endloop
  endfacet
  facet normal 0 0 1
    outer loop
      vertex -10.784693103685663 33.191872418700854 65
      vertex -8.082421332857782 31.47895273668051 65
      vertex -8.679277062053433 33.803552323389226 65
    endloop
  endfacet
  facet normal 0 0 1
    outer loop
      vertex -8.679277062053433 33.803552323389226 65
      vertex -8.082421332857782 31.47895273668051 65
      vertex -6.089892724036049 31.924335648682383 65
    endloop
  endfacet
  facet normal 0 0 1
    outer loop
      vertex -8.679277062053433 33.803552323389226 65
      vertex -6.089892724036049 31.924335648682383 65
      vertex -6.539607879041787 34.28182505043124 65
    endloop
  endfacet
  facet normal 0 0 1
    outer loop
      vertex -6.539607879041787 34.28182505043124 65
      vertex -6.089892724036049 31.924335648682383 65
      vertex -4.07333009083989 32.243727792720534 65
    endloop
  endfacet
  facet normal 0 0 1
    outer loop
      vertex -4.374129851394219 34.62480307587528 65
      vertex -4.07333009083989 32.243727792720534 65
      vertex -2.0406918847026816 32.435868673918826 65
    endloop
  endfacet
  facet normal 0 0 1
    outer loop
      vertex -6.539607879041787 34.28182505043124 65
      vertex -4.07333009083989 32.243727792720534 65
      vertex -4.374129851394219 34.62480307587528 65
    endloop
  endfacet
  facet normal 0 0 1
    outer loop
      vertex -4.374129851394219 34.62480307587528 65
      vertex -2.0406918847026816 32.435868673918826 65
      vertex -2.1913891315730334 34.83113282214668 65
    endloop
  endfacet
  facet normal 0 0 1
    outer loop
      vertex -2.1913891315730334 34.83113282214668 65
      vertex -2.0406918847026816 32.435868673918826 65
      vertex 0 32.5 65
    endloop
  endfacet
  facet normal 0 0 1
    outer loop
      vertex -2.1913891315730334 34.83113282214668 65
      vertex 0 32.5 65
      vertex 0 34.9 65
    endloop
  endfacet
  facet normal 0 0 1
    outer loop
      vertex 0 34.9 65
      vertex 0 32.5 65
      vertex 2.0406918847026816 32.435868673918826 65
    endloop
  endfacet
  facet normal 0 0 1
    outer loop
      vertex 0 34.9 65
      vertex 2.0406918847026816 32.435868673918826 65
      vertex 2.1913891315730334 34.83113282214668 65
    endloop
  endfacet
  facet normal 0 0 1
    outer loop
      vertex 2.1913891315730334 34.83113282214668 65
      vertex 2.0406918847026816 32.435868673918826 65
      vertex 4.07333009083989 32.243727792720534 65
    endloop
  endfacet
  facet normal 0 0 1
    outer loop
      vertex 2.1913891315730334 34.83113282214668 65
      vertex 4.07333009083989 32.243727792720534 65
      vertex 4.374129851394219 34.62480307587528 65
    endloop
  endfacet
  facet normal -0.09410831331851378 0.9955619646030801 0
    outer loop
      vertex -2.1913891315730334 34.83113282214668 52
      vertex -4.374129851394219 34.62480307587528 65
      vertex -2.1913891315730334 34.83113282214668 65
    endloop
  endfacet
  facet normal -0.03141075907812745 0.9995065603657317 0
    outer loop
      vertex 0 34.9 52
      vertex -2.1913891315730334 34.83113282214668 65
      vertex 0 34.9 65
    endloop
  endfacet
  facet normal 0.03141075907812745 0.9995065603657317 0
    outer loop
      vertex 2.1913891315730334 34.83113282214668 52
      vertex 0 34.9 65
      vertex 2.1913891315730334 34.83113282214668 65
    endloop
  endfacet
  facet normal 0.09410831331851378 0.9955619646030801 0
    outer loop
      vertex 2.1913891315730334 34.83113282214668 65
      vertex 4.374129851394219 34.62480307587528 65
      vertex 4.374129851394219 34.62480307587528 52
    endloop
  endfacet
  facet normal 0 0 1
    outer loop
      vertex 16.81320322614986 30.583103133530837 65
      vertex 15.656994408305744 28.479967101425565 65
      vertex 17.41437083681739 27.44065757881549 65
    endloop
  endfacet
  facet normal 0 0 1
    outer loop
      vertex 16.81320322614986 30.583103133530837 65
      vertex 17.41437083681739 27.44065757881549 65
      vertex 18.700355144766984 29.467044600020326 65
    endloop
  endfacet
  facet normal 0.15643446504023062 0.9876883405951378 0
    outer loop
      vertex 4.374129851394219 34.62480307587528 52
      vertex 4.374129851394219 34.62480307587528 65
      vertex 6.539607879041787 34.28182505043124 52
    endloop
  endfacet
  facet normal 0.2181432413965431 0.9759167619387472 0
    outer loop
      vertex 6.539607879041787 34.28182505043124 52
      vertex 6.539607879041787 34.28182505043124 65
      vertex 8.679277062053433 33.803552323389226 52
    endloop
  endfacet
  facet normal 0.2789911060392322 0.9602936856769421 0
    outer loop
      vertex 8.679277062053433 33.803552323389226 52
      vertex 8.679277062053433 33.803552323389226 65
      vertex 10.784693103685663 33.191872418700854 52
    endloop
  endfacet
  facet normal 0.3971478906347802 0.9177546256839814 0
    outer loop
      vertex 12.847546888695257 32.44919935749997 52
      vertex 12.847546888695257 32.44919935749997 65
      vertex 14.859697275621038 31.578464131064077 52
    endloop
  endfacet
  facet normal 0.33873792024529037 0.9408807689542259 0
    outer loop
      vertex 10.784693103685663 33.191872418700854 52
      vertex 10.784693103685663 33.191872418700854 65
      vertex 12.847546888695257 32.44919935749997 52
    endloop
  endfacet
  facet normal 0.45399049973954697 0.8910065241883678 0
    outer loop
      vertex 14.859697275621038 31.578464131064077 52
      vertex 14.859697275621038 31.578464131064077 65
      vertex 16.81320322614986 30.583103133530837 52
    endloop
  endfacet
  facet normal 0.5090414157503694 0.8607420270039448 0
    outer loop
      vertex 16.81320322614986 30.583103133530837 52
      vertex 16.81320322614986 30.583103133530837 65
      vertex 18.700355144766984 29.467044600020326 52
    endloop
  endfacet
  facet normal 0.15643446504023062 0.9876883405951378 0
    outer loop
      vertex 6.539607879041787 34.28182505043124 52
      vertex 4.374129851394219 34.62480307587528 65
      vertex 6.539607879041787 34.28182505043124 65
    endloop
  endfacet
  facet normal 0.2181432413965431 0.9759167619387472 0
    outer loop
      vertex 8.679277062053433 33.803552323389226 52
      vertex 6.539607879041787 34.28182505043124 65
      vertex 8.679277062053433 33.803552323389226 65
    endloop
  endfacet
  facet normal 0.2789911060392322 0.9602936856769421 0
    outer loop
      vertex 10.784693103685663 33.191872418700854 52
      vertex 8.679277062053433 33.803552323389226 65
      vertex 10.784693103685663 33.191872418700854 65
    endloop
  endfacet
  facet normal 0 0 1
    outer loop
      vertex 4.374129851394219 34.62480307587528 65
      vertex 4.07333009083989 32.243727792720534 65
      vertex 6.089892724036049 31.924335648682383 65
    endloop
  endfacet
  facet normal 0 0 1
    outer loop
      vertex 6.539607879041787 34.28182505043124 65
      vertex 6.089892724036049 31.924335648682383 65
      vertex 8.082421332857782 31.47895273668051 65
    endloop
  endfacet
  facet normal 0 0 1
    outer loop
      vertex 4.374129851394219 34.62480307587528 65
      vertex 6.089892724036049 31.924335648682383 65
      vertex 6.539607879041787 34.28182505043124 65
    endloop
  endfacet
  facet normal 0 0 1
    outer loop
      vertex 8.679277062053433 33.803552323389226 65
      vertex 8.082421332857782 31.47895273668051 65
      vertex 10.04305231718579 30.90933677959249 65
    endloop
  endfacet
  facet normal 0 0 1
    outer loop
      vertex 6.539607879041787 34.28182505043124 65
      vertex 8.082421332857782 31.47895273668051 65
      vertex 8.679277062053433 33.803552323389226 65
    endloop
  endfacet
  facet normal 0 0 1
    outer loop
      vertex 8.679277062053433 33.803552323389226 65
      vertex 10.04305231718579 30.90933677959249 65
      vertex 10.784693103685663 33.191872418700854 65
    endloop
  endfacet
  facet normal 0.3971478906347802 0.9177546256839814 0
    outer loop
      vertex 14.859697275621038 31.578464131064077 52
      vertex 12.847546888695257 32.44919935749997 65
      vertex 14.859697275621038 31.578464131064077 65
    endloop
  endfacet
  facet normal 0.33873792024529037 0.9408807689542259 0
    outer loop
      vertex 12.847546888695257 32.44919935749997 52
      vertex 10.784693103685663 33.191872418700854 65
      vertex 12.847546888695257 32.44919935749997 65
    endloop
  endfacet
  facet normal 0.45399049973954697 0.8910065241883678 0
    outer loop
      vertex 16.81320322614986 30.583103133530837 52
      vertex 14.859697275621038 31.578464131064077 65
      vertex 16.81320322614986 30.583103133530837 65
    endloop
  endfacet
  facet normal 0 0 1
    outer loop
      vertex 10.784693103685663 33.191872418700854 65
      vertex 10.04305231718579 30.90933677959249 65
      vertex 11.96404796225203 30.217735791368174 65
    endloop
  endfacet
  facet normal 0 0 1
    outer loop
      vertex 10.784693103685663 33.191872418700854 65
      vertex 11.96404796225203 30.217735791368174 65
      vertex 12.847546888695257 32.44919935749997 65
    endloop
  endfacet
  facet normal 0 0 1
    outer loop
      vertex 12.847546888695257 32.44919935749997 65
      vertex 11.96404796225203 30.217735791368174 65
      vertex 13.837826975864862 29.406879205145632 65
    endloop
  endfacet
  facet normal 0 0 1
    outer loop
      vertex 12.847546888695257 32.44919935749997 65
      vertex 13.837826975864862 29.406879205145632 65
      vertex 14.859697275621038 31.578464131064077 65
    endloop
  endfacet
  facet normal 0 0 1
    outer loop
      vertex 14.859697275621038 31.578464131064077 65
      vertex 13.837826975864862 29.406879205145632 65
      vertex 15.656994408305744 28.479967101425565 65
    endloop
  endfacet
  facet normal 0 0 1
    outer loop
      vertex 14.859697275621038 31.578464131064077 65
      vertex 15.656994408305744 28.479967101425565 65
      vertex 16.81320322614986 30.583103133530837 65
    endloop
  endfacet
  facet normal 0.8607420270039431 0.5090414157503723 0
    outer loop
      vertex 29.467044600020326 18.700355144766984 52
      vertex 29.5 18.644630606641897 55.8
      vertex 29.5 18.644630606641897 52
    endloop
  endfacet
  facet normal 0.827080574274561 0.5620833778521318 0
    outer loop
      vertex 29.467044600020326 18.700355144766984 52
      vertex 28.234693103685665 20.51370530500731 52
      vertex 29.467044600020326 18.700355144766984 55.8
    endloop
  endfacet
  facet normal 0.8607420270039431 0.5090414157503723 0
    outer loop
      vertex 29.467044600020326 18.700355144766984 52
      vertex 29.467044600020326 18.700355144766984 55.8
      vertex 29.5 18.644630606641897 55.8
    endloop
  endfacet
  facet normal 0.860742027003943 0.5090414157503723 0
    outer loop
      vertex 29.5 18.644630606641897 65
      vertex 29.5 18.644630606641897 58.8
      vertex 29.467044600020326 18.700355144766984 58.8
    endloop
  endfacet
  facet normal 0.827080574274561 0.5620833778521318 0
    outer loop
      vertex 29.467044600020326 18.700355144766984 65
      vertex 29.467044600020326 18.700355144766984 58.8
      vertex 28.234693103685665 20.51370530500731 58.8
    endloop
  endfacet
  facet normal 0 0 1
    outer loop
      vertex 26.89091217287504 22.246097242229272 65
      vertex 26.293052317185793 19.103020699505375 65
      vertex 27.44065757881549 17.41437083681739 65
    endloop
  endfacet
  facet normal 0 0 1
    outer loop
      vertex 28.234693103685665 20.51370530500731 65
      vertex 27.44065757881549 17.41437083681739 65
      vertex 28.479967101425565 15.656994408305748 65
    endloop
  endfacet
  facet normal 0 0 1
    outer loop
      vertex 29.467044600020326 18.700355144766984 65
      vertex 28.234693103685665 20.51370530500731 65
      vertex 28.479967101425565 15.656994408305748 65
    endloop
  endfacet
  facet normal 0 0 1
    outer loop
      vertex 29.467044600020326 18.700355144766984 65
      vertex 29.406879205145636 13.83782697586486 65
      vertex 29.5 13.622637515615269 65
    endloop
  endfacet
  facet normal 0 0 1
    outer loop
      vertex 29.467044600020326 18.700355144766984 65
      vertex 28.479967101425565 15.656994408305748 65
      vertex 29.406879205145636 13.83782697586486 65
    endloop
  endfacet
  facet normal 0 0 1
    outer loop
      vertex 29.467044600020326 18.700355144766984 65
      vertex 29.5 13.622637515615269 65
      vertex 29.5 18.644630606641897 65
    endloop
  endfacet
  facet normal 0.860742027003943 0.5090414157503723 0
    outer loop
      vertex 29.467044600020326 18.700355144766984 65
      vertex 29.5 18.644630606641897 65
      vertex 29.467044600020326 18.700355144766984 58.8
    endloop
  endfacet
  facet normal 0.7071067811865476 0.7071067811865476 0
    outer loop
      vertex 23.890693996911235 25.441005097007263 52
      vertex 25.441005097007263 23.890693996911235 55.8
      vertex 25.441005097007263 23.890693996911235 52
    endloop
  endfacet
  facet normal 0.6129070536529754 0.7901550123756912 9.300185907892409e-16
    outer loop
      vertex 20.51370530500731 28.234693103685665 52
      vertex 21.700000000000003 27.31450861471298 55.8
      vertex 22.246097242229272 26.89091217287504 55.8
    endloop
  endfacet
  facet normal 0.5620833778521317 0.8270805742745609 0
    outer loop
      vertex 18.700355144766984 29.467044600020326 52
      vertex 18.700355144766984 29.467044600020326 65
      vertex 20.51370530500731 28.234693103685665 52
    endloop
  endfacet
  facet normal 0.6613118653236509 0.7501110696304605 0
    outer loop
      vertex 22.246097242229272 26.89091217287504 52
      vertex 23.890693996911235 25.441005097007263 55.8
      vertex 23.890693996911235 25.441005097007263 52
    endloop
  endfacet
  facet normal 0.6613118653236509 0.7501110696304605 0
    outer loop
      vertex 22.246097242229272 26.89091217287504 52
      vertex 22.246097242229272 26.89091217287504 55.8
      vertex 23.890693996911235 25.441005097007263 55.8
    endloop
  endfacet
  facet normal 0.7071067811865476 0.7071067811865476 0
    outer loop
      vertex 23.890693996911235 25.441005097007263 52
      vertex 23.890693996911235 25.441005097007263 55.8
      vertex 25.441005097007263 23.890693996911235 55.8
    endloop
  endfacet
  facet normal 0.6129070536529766 0.7901550123756903 0
    outer loop
      vertex 20.51370530500731 28.234693103685665 52
      vertex 22.246097242229272 26.89091217287504 55.8
      vertex 22.246097242229272 26.89091217287504 52
    endloop
  endfacet
  facet normal 0.827080574274561 0.5620833778521318 0
    outer loop
      vertex 28.234693103685665 20.51370530500731 52
      vertex 28.234693103685665 20.51370530500731 55.8
      vertex 29.467044600020326 18.700355144766984 55.8
    endloop
  endfacet
  facet normal 0.7901550123756903 0.6129070536529766 0
    outer loop
      vertex 26.89091217287504 22.246097242229272 52
      vertex 28.234693103685665 20.51370530500731 55.8
      vertex 28.234693103685665 20.51370530500731 52
    endloop
  endfacet
  facet normal 0.7901550123756903 0.6129070536529766 0
    outer loop
      vertex 26.89091217287504 22.246097242229272 52
      vertex 26.89091217287504 22.246097242229272 55.8
      vertex 28.234693103685665 20.51370530500731 55.8
    endloop
  endfacet
  facet normal 0.7501110696304605 0.6613118653236509 0
    outer loop
      vertex 26.89091217287504 22.246097242229272 52
      vertex 25.441005097007263 23.890693996911235 52
      vertex 26.89091217287504 22.246097242229272 55.8
    endloop
  endfacet
  facet normal 0.7501110696304605 0.6613118653236509 0
    outer loop
      vertex 25.441005097007263 23.890693996911235 52
      vertex 25.441005097007263 23.890693996911235 55.8
      vertex 26.89091217287504 22.246097242229272 55.8
    endloop
  endfacet
  facet normal 0.7071067811865475 0.7071067811865475 0
    outer loop
      vertex 25.441005097007263 23.890693996911235 65
      vertex 25.441005097007263 23.890693996911235 58.8
      vertex 23.890693996911235 25.441005097007263 58.8
    endloop
  endfacet
  facet normal 0 0 1
    outer loop
      vertex 22.246097242229272 26.89091217287504 65
      vertex 22.247780942682382 23.691480391195874 65
      vertex 23.691480391195874 22.247780942682382 65
    endloop
  endfacet
  facet normal 0 0 1
    outer loop
      vertex 23.890693996911235 25.441005097007263 65
      vertex 23.691480391195874 22.247780942682382 65
      vertex 25.04168039021315 20.716279666832417 65
    endloop
  endfacet
  facet normal 0 0 1
    outer loop
      vertex 23.890693996911235 25.441005097007263 65
      vertex 25.04168039021315 20.716279666832417 65
      vertex 25.441005097007263 23.890693996911235 65
    endloop
  endfacet
  facet normal 0.6129070536529772 0.7901550123756897 0
    outer loop
      vertex 20.51370530500731 28.234693103685665 52
      vertex 20.51370530500731 28.234693103685665 65
      vertex 21.700000000000003 27.31450861471298 55.8
    endloop
  endfacet
  facet normal 0.6129070536529773 0.7901550123756897 0
    outer loop
      vertex 20.51370530500731 28.234693103685665 65
      vertex 21.700000000000003 27.31450861471298 58.8
      vertex 21.700000000000003 27.31450861471298 55.8
    endloop
  endfacet
  facet normal 0.5620833778521317 0.8270805742745609 0
    outer loop
      vertex 20.51370530500731 28.234693103685665 52
      vertex 18.700355144766984 29.467044600020326 65
      vertex 20.51370530500731 28.234693103685665 65
    endloop
  endfacet
  facet normal 0.6613118653236509 0.7501110696304604 0
    outer loop
      vertex 23.890693996911235 25.441005097007263 65
      vertex 23.890693996911235 25.441005097007263 58.8
      vertex 22.246097242229272 26.89091217287504 58.8
    endloop
  endfacet
  facet normal 0.6129070536529753 0.7901550123756913 0
    outer loop
      vertex 22.246097242229272 26.89091217287504 65
      vertex 22.246097242229272 26.89091217287504 58.8
      vertex 21.700000000000003 27.31450861471298 58.8
    endloop
  endfacet
  facet normal 0 0 1
    outer loop
      vertex 20.51370530500731 28.234693103685665 65
      vertex 19.103020699505375 26.293052317185793 65
      vertex 20.716279666832417 25.04168039021315 65
    endloop
  endfacet
  facet normal 0 0 1
    outer loop
      vertex 20.51370530500731 28.234693103685665 65
      vertex 20.716279666832417 25.04168039021315 65
      vertex 22.246097242229272 26.89091217287504 65
    endloop
  endfacet
  facet normal 0.6129070536529767 0.7901550123756904 -1.7968315587725819e-16
    outer loop
      vertex 20.51370530500731 28.234693103685665 65
      vertex 22.246097242229272 26.89091217287504 65
      vertex 21.700000000000003 27.31450861471298 58.8
    endloop
  endfacet
  facet normal 0 0 1
    outer loop
      vertex 18.700355144766984 29.467044600020326 65
      vertex 17.41437083681739 27.44065757881549 65
      vertex 19.103020699505375 26.293052317185793 65
    endloop
  endfacet
  facet normal 0 0 1
    outer loop
      vertex 18.700355144766984 29.467044600020326 65
      vertex 19.103020699505375 26.293052317185793 65
      vertex 20.51370530500731 28.234693103685665 65
    endloop
  endfacet
  facet normal 0.6613118653236509 0.7501110696304604 0
    outer loop
      vertex 22.246097242229272 26.89091217287504 65
      vertex 23.890693996911235 25.441005097007263 65
      vertex 22.246097242229272 26.89091217287504 58.8
    endloop
  endfacet
  facet normal 0.7071067811865475 0.7071067811865475 0
    outer loop
      vertex 23.890693996911235 25.441005097007263 65
      vertex 25.441005097007263 23.890693996911235 65
      vertex 23.890693996911235 25.441005097007263 58.8
    endloop
  endfacet
  facet normal 0 0 1
    outer loop
      vertex 22.246097242229272 26.89091217287504 65
      vertex 20.716279666832417 25.04168039021315 65
      vertex 22.247780942682382 23.691480391195874 65
    endloop
  endfacet
  facet normal 0 0 1
    outer loop
      vertex 22.246097242229272 26.89091217287504 65
      vertex 23.691480391195874 22.247780942682382 65
      vertex 23.890693996911235 25.441005097007263 65
    endloop
  endfacet
  facet normal 0.7901550123756904 0.6129070536529767 0
    outer loop
      vertex 28.234693103685665 20.51370530500731 65
      vertex 28.234693103685665 20.51370530500731 58.8
      vertex 26.89091217287504 22.246097242229272 58.8
    endloop
  endfacet
  facet normal 0.7501110696304604 0.6613118653236509 0
    outer loop
      vertex 26.89091217287504 22.246097242229272 65
      vertex 26.89091217287504 22.246097242229272 58.8
      vertex 25.441005097007263 23.890693996911235 58.8
    endloop
  endfacet
  facet normal 0.827080574274561 0.5620833778521318 0
    outer loop
      vertex 29.467044600020326 18.700355144766984 65
      vertex 28.234693103685665 20.51370530500731 58.8
      vertex 28.234693103685665 20.51370530500731 65
    endloop
  endfacet
  facet normal 0.7901550123756904 0.6129070536529767 0
    outer loop
      vertex 26.89091217287504 22.246097242229272 65
      vertex 28.234693103685665 20.51370530500731 65
      vertex 26.89091217287504 22.246097242229272 58.8
    endloop
  endfacet
  facet normal 0 0 1
    outer loop
      vertex 25.441005097007263 23.890693996911235 65
      vertex 25.04168039021315 20.716279666832417 65
      vertex 26.293052317185793 19.103020699505375 65
    endloop
  endfacet
  facet normal 0 0 1
    outer loop
      vertex 26.89091217287504 22.246097242229272 65
      vertex 25.441005097007263 23.890693996911235 65
      vertex 26.293052317185793 19.103020699505375 65
    endloop
  endfacet
  facet normal 0 0 1
    outer loop
      vertex 26.89091217287504 22.246097242229272 65
      vertex 27.44065757881549 17.41437083681739 65
      vertex 28.234693103685665 20.51370530500731 65
    endloop
  endfacet
  facet normal 0.7501110696304604 0.6613118653236509 0
    outer loop
      vertex 26.89091217287504 22.246097242229272 65
      vertex 25.441005097007263 23.890693996911235 58.8
      vertex 25.441005097007263 23.890693996911235 65
    endloop
  endfacet
  facet normal 0.5090414157503694 0.8607420270039448 0
    outer loop
      vertex 16.81320322614986 30.583103133530837 65
      vertex 18.700355144766984 29.467044600020326 65
      vertex 18.700355144766984 29.467044600020326 52
    endloop
  endfacet
  facet normal -1 1.70885698836003e-16 -2.306956934286037e-16
    outer loop
      vertex 29.500000000000004 -39.59999999999999 49.8
      vertex 29.5 -39.6 65.2
      vertex 29.500000000000004 -31.5 55.8
    endloop
  endfacet
  facet normal -1 -2.763602950714163e-16 3.730863983464114e-16
    outer loop
      vertex 29.500000000000004 -39.59999999999999 49.8
      vertex 29.500000000000004 -31.5 55.8
      vertex 29.5 -18.64463060664189 55.8
    endloop
  endfacet
  facet normal -1 4.3860662701240745e-16 0
    outer loop
      vertex 29.5 -39.6 65.2
      vertex 29.500000000000004 -31.5 58.8
      vertex 29.500000000000004 -31.5 55.8
    endloop
  endfacet
  facet normal -1 -5.3628147921071e-18 -5.618988247838383e-16
    outer loop
      vertex 29.5 -39.6 65.2
      vertex 29.5 -18.64463060664189 65
      vertex 29.500000000000004 -31.5 58.8
    endloop
  endfacet
  facet normal -1 -1.4056188535743348e-16 -2.759942947766493e-16
    outer loop
      vertex 29.500000000000004 -39.59999999999999 49.8
      vertex 29.5 -18.64463060664189 52
      vertex 29.5 -16.217762239686724 50.76401360597112
    endloop
  endfacet
  facet normal -1 -1.6953715356249223e-16 0
    outer loop
      vertex 29.500000000000004 -39.59999999999999 49.8
      vertex 29.5 -18.64463060664189 55.8
      vertex 29.5 -18.64463060664189 52
    endloop
  endfacet
  facet normal -1 -1.40825125926841e-16 -1.1515806010518845e-16
    outer loop
      vertex 29.500000000000004 -39.59999999999999 49.8
      vertex 29.5 -14.535708073762747 50
      vertex 29.5 -14.37216046910445 49.8
    endloop
  endfacet
  facet normal -1 -1.3929690924282799e-16 -3.0667640557842224e-16
    outer loop
      vertex 29.500000000000004 -39.59999999999999 49.8
      vertex 29.5 -16.217762239686724 50.76401360597112
      vertex 29.5 -14.535708073762747 50
    endloop
  endfacet
  facet normal 0 0 1
    outer loop
      vertex 29.5 -39.6 65.2
      vertex 31.900000000000002 -37.2 65.2
      vertex 31.900000000000002 -2.2 65.2
    endloop
  endfacet
  facet normal -1 -2.763602950714163e-16 0
    outer loop
      vertex 29.5 -18.64463060664189 65
      vertex 29.5 -18.64463060664189 58.8
      vertex 29.500000000000004 -31.5 58.8
    endloop
  endfacet
  facet normal -1 0 0
    outer loop
      vertex 29.5 -39.6 65.2
      vertex 29.5 -13.622637515615263 65.1
      vertex 29.5 -18.64463060664189 65
    endloop
  endfacet
  facet normal -8.262124834419769e-16 -1 0
    outer loop
      vertex 29.500000000000004 -39.59999999999999 49.8
      vertex 46.7 -39.6 49.8
      vertex 46.7 -39.6 65.2
    endloop
  endfacet
  facet normal 1 0 0
    outer loop
      vertex 46.7 -39.6 49.8
      vertex 46.7 -32 54.8
      vertex 46.7 -32 59.8
    endloop
  endfacet
  facet normal 0 -1 -9.227827737144153e-16
    outer loop
      vertex 29.500000000000004 -39.59999999999999 49.8
      vertex 46.7 -39.6 65.2
      vertex 29.5 -39.6 65.2
    endloop
  endfacet
  facet normal 0 0 1
    outer loop
      vertex 29.5 -39.6 65.2
      vertex 44.300000000000004 -37.2 65.2
      vertex 31.900000000000002 -37.2 65.2
    endloop
  endfacet
  facet normal 1 0 0
    outer loop
      vertex 46.7 -39.6 49.8
      vertex 46.7 -32 59.8
      vertex 46.7 -39.6 65.2
    endloop
  endfacet
  facet normal 0 0 1
    outer loop
      vertex 29.5 -39.6 65.2
      vertex 46.7 -39.6 65.2
      vertex 44.300000000000004 -37.2 65.2
    endloop
  endfacet
  facet normal -1 0 0
    outer loop
      vertex 29.5 -39.6 65.2
      vertex 29.5 -2.2 65.2
      vertex 29.5 -13.622637515615263 65.1
    endloop
  endfacet
  facet normal -1 0 0
    outer loop
      vertex 29.5 -18.64463060664189 65
      vertex 29.5 -13.622637515615263 65.1
      vertex 29.5 -13.622637515615263 65
    endloop
  endfacet
  facet normal 0 0 1
    outer loop
      vertex 29.5 -39.6 65.2
      vertex 31.900000000000002 -2.2 65.2
      vertex 29.5 -2.2 65.2
    endloop
  endfacet
  facet normal -1 0 0
    outer loop
      vertex 29.5 -2.2 65.2
      vertex 29.5 -2.2 65.1
      vertex 29.5 -13.622637515615263 65.1
    endloop
  endfacet
  facet normal 1 0 0
    outer loop
      vertex 46.7 -39.6 49.8
      vertex 46.7 39.6 49.8
      vertex 46.7 -32 54.8
    endloop
  endfacet
  facet normal 1 0 0
    outer loop
      vertex 46.7 -39.6 65.2
      vertex 46.7 -32 59.8
      vertex 46.7 32 59.8
    endloop
  endfacet
  facet normal 0 0 1
    outer loop
      vertex 46.7 -39.6 65.2
      vertex 46.7 39.6 65.2
      vertex 44.300000000000004 -37.2 65.2
    endloop
  endfacet
  facet normal -1 0 0
    outer loop
      vertex 29.5 39.6 65.2
      vertex 29.5 2.2 65.1
      vertex 29.5 2.2 65.2
    endloop
  endfacet
  facet normal 0 0 1
    outer loop
      vertex 29.5 2.2 65.2
      vertex 31.900000000000002 2.2 65.2
      vertex 31.900000000000002 37.2 65.2
    endloop
  endfacet
  facet normal -1 0 0
    outer loop
      vertex 29.5 18.644630606641897 65
      vertex 29.5 13.622637515615269 65
      vertex 29.5 13.622637515615269 65.1
    endloop
  endfacet
  facet normal -1 0 0
    outer loop
      vertex 29.5 39.6 65.2
      vertex 29.5 13.622637515615269 65.1
      vertex 29.5 2.2 65.1
    endloop
  endfacet
  facet normal 1 0 0
    outer loop
      vertex 46.7 39.6 49.8
      vertex 46.7 32 54.8
      vertex 46.7 -32 54.8
    endloop
  endfacet
  facet normal 1 0 0
    outer loop
      vertex 46.7 -39.6 65.2
      vertex 46.7 32 59.8
      vertex 46.7 39.6 65.2
    endloop
  endfacet
  facet normal 0 0 1
    outer loop
      vertex 46.7 39.6 65.2
      vertex 44.300000000000004 37.2 65.2
      vertex 44.300000000000004 -37.2 65.2
    endloop
  endfacet
  facet normal -1 -1.4082512592684091e-16 -1.764841033389706e-14
    outer loop
      vertex 29.500000000000004 14.372160469104449 49.8
      vertex 29.5 14.535708073762754 50
      vertex 29.5 39.6 49.8
    endloop
  endfacet
  facet normal -1 0 0
    outer loop
      vertex 29.5 14.535708073762754 50
      vertex 29.5 16.217762239686717 50.764013605971115
      vertex 29.5 39.6 49.8
    endloop
  endfacet
  facet normal -1 0 0
    outer loop
      vertex 29.5 18.644630606641897 52
      vertex 29.5 18.644630606641897 55.8
      vertex 29.5 31.5 55.8
    endloop
  endfacet
  facet normal -1 0 0
    outer loop
      vertex 29.5 16.217762239686717 50.764013605971115
      vertex 29.5 18.644630606641897 52
      vertex 29.5 39.6 49.8
    endloop
  endfacet
  facet normal -1 0 0
    outer loop
      vertex 29.5 18.644630606641897 65
      vertex 29.5 13.622637515615269 65.1
      vertex 29.5 39.6 65.2
    endloop
  endfacet
  facet normal -1 0 0
    outer loop
      vertex 29.5 18.644630606641897 65
      vertex 29.5 39.6 65.2
      vertex 29.5 18.644630606641897 58.8
    endloop
  endfacet
  facet normal 0 0 1
    outer loop
      vertex 29.5 39.6 65.2
      vertex 29.5 2.2 65.2
      vertex 31.900000000000002 37.2 65.2
    endloop
  endfacet
  facet normal -1 0 0
    outer loop
      vertex 29.5 18.644630606641897 52
      vertex 29.5 31.5 55.8
      vertex 29.5 39.6 49.8
    endloop
  endfacet
  facet normal -1 0 0
    outer loop
      vertex 29.5 39.6 49.8
      vertex 29.5 31.5 55.8
      vertex 29.5 31.5 58.8
    endloop
  endfacet
  facet normal -1 0 0
    outer loop
      vertex 29.5 39.6 65.2
      vertex 29.5 31.5 58.8
      vertex 29.5 18.644630606641897 58.8
    endloop
  endfacet
  facet normal -1 0 0
    outer loop
      vertex 29.5 39.6 49.8
      vertex 29.5 31.5 58.8
      vertex 29.5 39.6 65.2
    endloop
  endfacet
  facet normal 0 1 0
    outer loop
      vertex 29.5 39.6 49.8
      vertex 29.5 39.6 65.2
      vertex 46.7 39.6 49.8
    endloop
  endfacet
  facet normal 1 0 0
    outer loop
      vertex 46.7 39.6 49.8
      vertex 46.7 39.6 65.2
      vertex 46.7 32 54.8
    endloop
  endfacet
  facet normal 0 0 1
    outer loop
      vertex 29.5 39.6 65.2
      vertex 31.900000000000002 37.2 65.2
      vertex 44.300000000000004 37.2 65.2
    endloop
  endfacet
  facet normal 1 0 0
    outer loop
      vertex 46.7 39.6 65.2
      vertex 46.7 32 59.8
      vertex 46.7 32 54.8
    endloop
  endfacet
  facet normal 0 1 0
    outer loop
      vertex 29.5 39.6 65.2
      vertex 46.7 39.6 65.2
      vertex 46.7 39.6 49.8
    endloop
  endfacet
  facet normal 0 0 1
    outer loop
      vertex 29.5 39.6 65.2
      vertex 44.300000000000004 37.2 65.2
      vertex 46.7 39.6 65.2
    endloop
  endfacet
  facet normal -1 -1.40825125926841e-16 1.3521928410786249e-31
    outer loop
      vertex 29.500000000000004 -39.6 35
      vertex 29.500000000000004 -39.59999999999999 49.8
      vertex 29.5 -14.37216046910445 49.8
    endloop
  endfacet
  facet normal -1 2.2529616047594897e-15 -4.080409967090665e-15
    outer loop
      vertex 29.500000000000004 -39.6 35
      vertex 29.5 -14.37216046910445 49.8
      vertex 29.500000000000004 -13.881646295761414 49.2001573127679
    endloop
  endfacet
  facet normal -1 0 0
    outer loop
      vertex 29.500000000000004 -39.6 35
      vertex 29.500000000000004 -11.679876259532794 46.844764961574704
      vertex 29.500000000000004 -9.585131038870736 44.933442040462396
    endloop
  endfacet
  facet normal -1 0 0
    outer loop
      vertex 29.500000000000004 -39.6 35
      vertex 29.500000000000004 -13.881646295761414 49.2001573127679
      vertex 29.500000000000004 -11.679876259532794 46.844764961574704
    endloop
  endfacet
  facet normal -8.262124834419769e-16 -1 9.601928861622978e-16
    outer loop
      vertex 29.500000000000004 -39.6 35
      vertex 46.7 -39.6 49.8
      vertex 29.500000000000004 -39.59999999999999 49.8
    endloop
  endfacet
  facet normal -1 0 0
    outer loop
      vertex 29.500000000000004 -39.6 35
      vertex 29.500000000000004 -7.57431263084793 43.42231055680027
      vertex 29.500000000000004 -5.627425965447726 42.27832253901935
    endloop
  endfacet
  facet normal -1 0 0
    outer loop
      vertex 29.500000000000004 -39.6 35
      vertex 29.500000000000004 -5.627425965447726 42.27832253901935
      vertex 29.500000000000004 -3.726716664160186 41.47740614312304
    endloop
  endfacet
  facet normal -1 0 0
    outer loop
      vertex 29.500000000000004 -39.6 35
      vertex 29.500000000000004 -3.726716664160186 41.47740614312304
      vertex 29.500000000000004 -1.8559826839826796 41.003187015073415
    endloop
  endfacet
  facet normal -1 0 0
    outer loop
      vertex 29.500000000000004 -39.6 35
      vertex 29.500000000000004 -9.585131038870736 44.933442040462396
      vertex 29.500000000000004 -7.57431263084793 43.42231055680027
    endloop
  endfacet
  facet normal -1 0 0
    outer loop
      vertex 29.500000000000004 -39.6 35
      vertex 29.500000000000004 -1.8559826839826796 41.003187015073415
      vertex 29.500000000000004 39.6 35
    endloop
  endfacet
  facet normal 0.6522419146504225 0 -0.7580108737829235
    outer loop
      vertex 29.500000000000004 -39.6 35
      vertex 46.7 39.6 49.8
      vertex 46.7 -39.6 49.8
    endloop
  endfacet
  facet normal -1 0 0
    outer loop
      vertex 29.500000000000004 -1.8559826839826796 41.003187015073415
      vertex 29.500000000000004 0 40.84615384615386
      vertex 29.500000000000004 39.6 35
    endloop
  endfacet
  facet normal -1 0 0
    outer loop
      vertex 29.500000000000004 0 40.84615384615386
      vertex 29.500000000000004 1.855982683982668 41.003187015073415
      vertex 29.500000000000004 39.6 35
    endloop
  endfacet
  facet normal -1 0 0
    outer loop
      vertex 29.500000000000004 1.855982683982668 41.003187015073415
      vertex 29.500000000000004 3.7267166641601914 41.47740614312304
      vertex 29.500000000000004 39.6 35
    endloop
  endfacet
  facet normal -1 0 0
    outer loop
      vertex 29.500000000000004 3.7267166641601914 41.47740614312304
      vertex 29.500000000000004 5.627425965447719 42.278322539019335
      vertex 29.500000000000004 39.6 35
    endloop
  endfacet
  facet normal -1 0 0
    outer loop
      vertex 29.500000000000004 5.627425965447719 42.278322539019335
      vertex 29.500000000000004 7.574312630847943 43.422310556800284
      vertex 29.500000000000004 39.6 35
    endloop
  endfacet
  facet normal -1 -1.5092829686309045e-16 2.0083586432091785e-16
    outer loop
      vertex 29.500000000000004 7.574312630847943 43.422310556800284
      vertex 29.500000000000004 9.585131038870736 44.933442040462396
      vertex 29.5 39.6 49.8
    endloop
  endfacet
  facet normal 0.6522419146504225 0 -0.7580108737829235
    outer loop
      vertex 29.500000000000004 -39.6 35
      vertex 29.500000000000004 39.6 35
      vertex 46.7 39.6 49.8
    endloop
  endfacet
  facet normal -1 -1.439436200087765e-16 1.577573348425624e-16
    outer loop
      vertex 29.500000000000004 9.585131038870736 44.933442040462396
      vertex 29.500000000000004 11.67987625953278 46.8447649615747
      vertex 29.5 39.6 49.8
    endloop
  endfacet
  facet normal -1 -1.412181178852952e-16 1.3200765484991705e-16
    outer loop
      vertex 29.500000000000004 11.67987625953278 46.8447649615747
      vertex 29.500000000000004 13.88164629576142 49.2001573127679
      vertex 29.5 39.6 49.8
    endloop
  endfacet
  facet normal -1 -6.312934511343927e-17 -2.400482215405744e-16
    outer loop
      vertex 29.500000000000004 7.574312630847943 43.422310556800284
      vertex 29.5 39.6 49.8
      vertex 29.500000000000004 39.6 35
    endloop
  endfacet
  facet normal 0 1 0
    outer loop
      vertex 29.500000000000004 39.6 35
      vertex 29.5 39.6 49.8
      vertex 46.7 39.6 49.8
    endloop
  endfacet
  facet normal -1 -1.408251259268409e-16 1.1515806010518934e-16
    outer loop
      vertex 29.500000000000004 13.88164629576142 49.2001573127679
      vertex 29.500000000000004 14.372160469104449 49.8
      vertex 29.5 39.6 49.8
    endloop
  endfacet
  facet normal 0.6129070536529762 0.7901550123756907 0
    outer loop
      vertex -11.15491982060207 -13.483981748576314 14.9
      vertex -10.28624191511828 -14.15779740156158 0
      vertex -11.15491982060207 -13.483981748576314 0
    endloop
  endfacet
  facet normal 0.6613118653236528 0.7501110696304588 0
    outer loop
      vertex -11.97957435375205 -12.756950979874704 14.9
      vertex -11.15491982060207 -13.483981748576314 0
      vertex -11.97957435375205 -12.756950979874704 0
    endloop
  endfacet
  facet normal 0.7071067811865475 0.7071067811865475 0
    outer loop
      vertex -12.756950979874704 -11.97957435375205 14.9
      vertex -11.97957435375205 -12.756950979874704 0
      vertex -12.756950979874704 -11.97957435375205 0
    endloop
  endfacet
  facet normal 0.7501110696304588 0.6613118653236528 0
    outer loop
      vertex -13.483981748576314 -11.15491982060207 14.9
      vertex -12.756950979874704 -11.97957435375205 0
      vertex -13.483981748576314 -11.15491982060207 0
    endloop
  endfacet
  facet normal 0.7901550123756907 0.6129070536529762 0
    outer loop
      vertex -14.15779740156158 -10.28624191511828 14.9
      vertex -13.483981748576314 -11.15491982060207 0
      vertex -14.15779740156158 -10.28624191511828 0
    endloop
  endfacet
  facet normal 0.8270805742745626 0.5620833778521294 0
    outer loop
      vertex -14.775738696285261 -9.376968912132444 14.9
      vertex -14.15779740156158 -10.28624191511828 14.9
      vertex -14.15779740156158 -10.28624191511828 0
    endloop
  endfacet
  facet normal 0.7071067811865475 0.7071067811865475 0
    outer loop
      vertex -12.756950979874704 -11.97957435375205 14.9
      vertex -11.97957435375205 -12.756950979874704 14.9
      vertex -11.97957435375205 -12.756950979874704 0
    endloop
  endfacet
  facet normal 0.6613118653236528 0.7501110696304588 0
    outer loop
      vertex -11.15491982060207 -13.483981748576314 14.9
      vertex -11.15491982060207 -13.483981748576314 0
      vertex -11.97957435375205 -12.756950979874704 14.9
    endloop
  endfacet
  facet normal 0.7501110696304588 0.6613118653236528 0
    outer loop
      vertex -12.756950979874704 -11.97957435375205 14.9
      vertex -12.756950979874704 -11.97957435375205 0
      vertex -13.483981748576314 -11.15491982060207 14.9
    endloop
  endfacet
  facet normal 0.7901550123756907 0.6129070536529762 0
    outer loop
      vertex -14.15779740156158 -10.28624191511828 14.9
      vertex -13.483981748576314 -11.15491982060207 14.9
      vertex -13.483981748576314 -11.15491982060207 0
    endloop
  endfacet
  facet normal 0.8607420270039441 0.5090414157503708 0
    outer loop
      vertex -15.33536690076761 -8.430689296780018 14.9
      vertex -14.775738696285261 -9.376968912132444 0
      vertex -15.33536690076761 -8.430689296780018 0
    endloop
  endfacet
  facet normal 0.8270805742745626 0.5620833778521294 0
    outer loop
      vertex -14.775738696285261 -9.376968912132444 14.9
      vertex -14.15779740156158 -10.28624191511828 0
      vertex -14.775738696285261 -9.376968912132444 0
    endloop
  endfacet
  facet normal 0.8910065241883677 0.45399049973954714 0
    outer loop
      vertex -15.834473418155342 -7.451137602388767 14.9
      vertex -15.33536690076761 -8.430689296780018 0
      vertex -15.834473418155342 -7.451137602388767 0
    endloop
  endfacet
  facet normal 0.917754625683981 0.39714789063478095 0
    outer loop
      vertex -16.2710885030444 -6.4421796719818625 14.9
      vertex -15.834473418155342 -7.451137602388767 0
      vertex -16.2710885030444 -6.4421796719818625 0
    endloop
  endfacet
  facet normal 0.9408807689542261 0.3387379202452897 0
    outer loop
      vertex -16.643489035165185 -5.407797401561579 14.9
      vertex -16.2710885030444 -6.4421796719818625 0
      vertex -16.643489035165185 -5.407797401561579 0
    endloop
  endfacet
  facet normal 0.960293685676943 0.2789911060392295 0
    outer loop
      vertex -16.950205319751042 -4.35207302538496 14.9
      vertex -16.643489035165185 -5.407797401561579 0
      vertex -16.950205319751042 -4.35207302538496 0
    endloop
  endfacet
  facet normal 0.975916761938747 0.21814324139654442 0
    outer loop
      vertex -17.19002688775205 -3.2791730052501844 14.9
      vertex -16.950205319751042 -4.35207302538496 0
      vertex -17.19002688775205 -3.2791730052501844 0
    endloop
  endfacet
  facet normal 0.9876883405951374 0.15643446504023256 0
    outer loop
      vertex -17.362007273003364 -2.193331587375321 14.9
      vertex -17.19002688775205 -3.2791730052501844 0
      vertex -17.362007273003364 -2.193331587375321 0
    endloop
  endfacet
  facet normal 0.9955619646030802 0.09410831331851287 0
    outer loop
      vertex -17.465467747494753 -1.0988340917629824 14.9
      vertex -17.362007273003364 -2.193331587375321 0
      vertex -17.465467747494753 -1.0988340917629824 0
    endloop
  endfacet
  facet normal 0.9995065603657316 0.03141075907812809 0
    outer loop
      vertex -17.5 0 14.9
      vertex -17.465467747494753 -1.0988340917629824 0
      vertex -17.5 0 0
    endloop
  endfacet
  facet normal 0.8607420270039441 0.5090414157503708 0
    outer loop
      vertex -15.33536690076761 -8.430689296780018 14.9
      vertex -14.775738696285261 -9.376968912132444 14.9
      vertex -14.775738696285261 -9.376968912132444 0
    endloop
  endfacet
  facet normal 0.8910065241883677 0.45399049973954714 0
    outer loop
      vertex -15.33536690076761 -8.430689296780018 14.9
      vertex -15.33536690076761 -8.430689296780018 0
      vertex -15.834473418155342 -7.451137602388767 14.9
    endloop
  endfacet
  facet normal 0.9408807689542261 0.3387379202452897 0
    outer loop
      vertex -16.643489035165185 -5.407797401561579 14.9
      vertex -16.2710885030444 -6.4421796719818625 14.9
      vertex -16.2710885030444 -6.4421796719818625 0
    endloop
  endfacet
  facet normal 0.960293685676943 0.2789911060392295 0
    outer loop
      vertex -16.643489035165185 -5.407797401561579 14.9
      vertex -16.643489035165185 -5.407797401561579 0
      vertex -16.950205319751042 -4.35207302538496 14.9
    endloop
  endfacet
  facet normal 0.917754625683981 0.39714789063478095 0
    outer loop
      vertex -15.834473418155342 -7.451137602388767 14.9
      vertex -15.834473418155342 -7.451137602388767 0
      vertex -16.2710885030444 -6.4421796719818625 14.9
    endloop
  endfacet
  facet normal 0.975916761938747 0.21814324139654442 0
    outer loop
      vertex -16.950205319751042 -4.35207302538496 14.9
      vertex -16.950205319751042 -4.35207302538496 0
      vertex -17.19002688775205 -3.2791730052501844 14.9
    endloop
  endfacet
  facet normal 0.9876883405951374 0.15643446504023256 0
    outer loop
      vertex -17.19002688775205 -3.2791730052501844 14.9
      vertex -17.19002688775205 -3.2791730052501844 0
      vertex -17.362007273003364 -2.193331587375321 14.9
    endloop
  endfacet
  facet normal 0.9955619646030802 0.09410831331851287 0
    outer loop
      vertex -17.362007273003364 -2.193331587375321 14.9
      vertex -17.362007273003364 -2.193331587375321 0
      vertex -17.465467747494753 -1.0988340917629824 14.9
    endloop
  endfacet
  facet normal 0.9995065603657316 0.03141075907812809 0
    outer loop
      vertex -17.465467747494753 -1.0988340917629824 14.9
      vertex -17.465467747494753 -1.0988340917629824 0
      vertex -17.5 0 14.9
    endloop
  endfacet
  facet normal 0.9995065603657316 -0.03141075907812809 0
    outer loop
      vertex -17.465467747494753 1.0988340917629824 14.9
      vertex -17.5 0 0
      vertex -17.465467747494753 1.0988340917629824 0
    endloop
  endfacet
  facet normal 0.9955619646030802 -0.09410831331851287 0
    outer loop
      vertex -17.362007273003364 2.193331587375321 14.9
      vertex -17.465467747494753 1.0988340917629824 0
      vertex -17.362007273003364 2.193331587375321 0
    endloop
  endfacet
  facet normal 0.9876883405951374 -0.15643446504023256 0
    outer loop
      vertex -17.19002688775205 3.2791730052501844 14.9
      vertex -17.362007273003364 2.193331587375321 0
      vertex -17.19002688775205 3.2791730052501844 0
    endloop
  endfacet
  facet normal 0.975916761938747 -0.21814324139654442 0
    outer loop
      vertex -16.950205319751042 4.35207302538496 14.9
      vertex -17.19002688775205 3.2791730052501844 0
      vertex -16.950205319751042 4.35207302538496 0
    endloop
  endfacet
  facet normal 0.960293685676943 -0.2789911060392295 0
    outer loop
      vertex -16.643489035165185 5.407797401561579 14.9
      vertex -16.950205319751042 4.35207302538496 0
      vertex -16.643489035165185 5.407797401561579 0
    endloop
  endfacet
  facet normal 0.9408807689542261 -0.3387379202452897 0
    outer loop
      vertex -16.2710885030444 6.4421796719818625 14.9
      vertex -16.643489035165185 5.407797401561579 0
      vertex -16.2710885030444 6.4421796719818625 0
    endloop
  endfacet
  facet normal 0.917754625683981 -0.39714789063478095 0
    outer loop
      vertex -15.834473418155342 7.451137602388767 14.9
      vertex -16.2710885030444 6.4421796719818625 0
      vertex -15.834473418155342 7.451137602388767 0
    endloop
  endfacet
  facet normal 0.8910065241883677 -0.45399049973954714 0
    outer loop
      vertex -15.33536690076761 8.430689296780018 14.9
      vertex -15.834473418155342 7.451137602388767 0
      vertex -15.33536690076761 8.430689296780018 0
    endloop
  endfacet
  facet normal 0.8607420270039441 -0.5090414157503708 0
    outer loop
      vertex -14.775738696285261 9.376968912132444 14.9
      vertex -15.33536690076761 8.430689296780018 0
      vertex -14.775738696285261 9.376968912132444 0
    endloop
  endfacet
  facet normal 0.9995065603657316 -0.03141075907812809 0
    outer loop
      vertex -17.5 0 14.9
      vertex -17.5 0 0
      vertex -17.465467747494753 1.0988340917629824 14.9
    endloop
  endfacet
  facet normal 0.9955619646030802 -0.09410831331851287 0
    outer loop
      vertex -17.465467747494753 1.0988340917629824 14.9
      vertex -17.465467747494753 1.0988340917629824 0
      vertex -17.362007273003364 2.193331587375321 14.9
    endloop
  endfacet
  facet normal 0.9876883405951374 -0.15643446504023256 0
    outer loop
      vertex -17.362007273003364 2.193331587375321 14.9
      vertex -17.362007273003364 2.193331587375321 0
      vertex -17.19002688775205 3.2791730052501844 14.9
    endloop
  endfacet
  facet normal 0.975916761938747 -0.21814324139654442 0
    outer loop
      vertex -17.19002688775205 3.2791730052501844 14.9
      vertex -17.19002688775205 3.2791730052501844 0
      vertex -16.950205319751042 4.35207302538496 14.9
    endloop
  endfacet
  facet normal 0.960293685676943 -0.2789911060392295 0
    outer loop
      vertex -16.950205319751042 4.35207302538496 14.9
      vertex -16.950205319751042 4.35207302538496 0
      vertex -16.643489035165185 5.407797401561579 14.9
    endloop
  endfacet
  facet normal 0.9408807689542261 -0.3387379202452897 0
    outer loop
      vertex -16.643489035165185 5.407797401561579 14.9
      vertex -16.643489035165185 5.407797401561579 0
      vertex -16.2710885030444 6.4421796719818625 14.9
    endloop
  endfacet
  facet normal 0.917754625683981 -0.39714789063478095 0
    outer loop
      vertex -16.2710885030444 6.4421796719818625 14.9
      vertex -16.2710885030444 6.4421796719818625 0
      vertex -15.834473418155342 7.451137602388767 14.9
    endloop
  endfacet
  facet normal 0.8910065241883677 -0.45399049973954714 0
    outer loop
      vertex -15.834473418155342 7.451137602388767 14.9
      vertex -15.834473418155342 7.451137602388767 0
      vertex -15.33536690076761 8.430689296780018 14.9
    endloop
  endfacet
  facet normal 0.8607420270039441 -0.5090414157503708 0
    outer loop
      vertex -15.33536690076761 8.430689296780018 14.9
      vertex -15.33536690076761 8.430689296780018 0
      vertex -14.775738696285261 9.376968912132444 14.9
    endloop
  endfacet
  facet normal 0.8270805742745626 -0.5620833778521294 0
    outer loop
      vertex -14.775738696285261 9.376968912132444 14.9
      vertex -14.775738696285261 9.376968912132444 0
      vertex -14.15779740156158 10.28624191511828 14.9
    endloop
  endfacet
  facet normal 0.8270805742745626 -0.5620833778521294 0
    outer loop
      vertex -14.15779740156158 10.28624191511828 14.9
      vertex -14.775738696285261 9.376968912132444 0
      vertex -14.15779740156158 10.28624191511828 0
    endloop
  endfacet
  facet normal 0.7901550123756907 -0.6129070536529762 0
    outer loop
      vertex -13.483981748576314 11.15491982060207 14.9
      vertex -14.15779740156158 10.28624191511828 0
      vertex -13.483981748576314 11.15491982060207 0
    endloop
  endfacet
  facet normal 0.7501110696304588 -0.6613118653236528 0
    outer loop
      vertex -12.756950979874704 11.97957435375205 14.9
      vertex -13.483981748576314 11.15491982060207 0
      vertex -12.756950979874704 11.97957435375205 0
    endloop
  endfacet
  facet normal 0.7071067811865475 -0.7071067811865475 0
    outer loop
      vertex -11.97957435375205 12.756950979874704 14.9
      vertex -12.756950979874704 11.97957435375205 0
      vertex -11.97957435375205 12.756950979874704 0
    endloop
  endfacet
  facet normal 0.6613118653236528 -0.7501110696304588 0
    outer loop
      vertex -11.15491982060207 13.483981748576314 14.9
      vertex -11.97957435375205 12.756950979874704 0
      vertex -11.15491982060207 13.483981748576314 0
    endloop
  endfacet
  facet normal 0.7901550123756907 -0.6129070536529762 0
    outer loop
      vertex -14.15779740156158 10.28624191511828 14.9
      vertex -14.15779740156158 10.28624191511828 0
      vertex -13.483981748576314 11.15491982060207 14.9
    endloop
  endfacet
  facet normal 0.7501110696304588 -0.6613118653236528 0
    outer loop
      vertex -13.483981748576314 11.15491982060207 14.9
      vertex -13.483981748576314 11.15491982060207 0
      vertex -12.756950979874704 11.97957435375205 14.9
    endloop
  endfacet
  facet normal 0.7071067811865475 -0.7071067811865475 0
    outer loop
      vertex -12.756950979874704 11.97957435375205 14.9
      vertex -12.756950979874704 11.97957435375205 0
      vertex -11.97957435375205 12.756950979874704 14.9
    endloop
  endfacet
  facet normal 0.6613118653236528 -0.7501110696304588 0
    outer loop
      vertex -11.97957435375205 12.756950979874704 14.9
      vertex -11.97957435375205 12.756950979874704 0
      vertex -11.15491982060207 13.483981748576314 14.9
    endloop
  endfacet
  facet normal 0.6129070536529762 -0.7901550123756907 0
    outer loop
      vertex -11.15491982060207 13.483981748576314 14.9
      vertex -11.15491982060207 13.483981748576314 0
      vertex -10.28624191511828 14.15779740156158 14.9
    endloop
  endfacet
  facet normal 0.5090414157503708 0.8607420270039441 0
    outer loop
      vertex -9.376968912132444 -14.775738696285261 14.9
      vertex -8.430689296780018 -15.33536690076761 0
      vertex -9.376968912132444 -14.775738696285261 0
    endloop
  endfacet
  facet normal 0.45399049973954714 0.8910065241883677 0
    outer loop
      vertex -8.430689296780018 -15.33536690076761 14.9
      vertex -7.451137602388767 -15.834473418155342 0
      vertex -8.430689296780018 -15.33536690076761 0
    endloop
  endfacet
  facet normal 0.39714789063478095 0.917754625683981 0
    outer loop
      vertex -7.451137602388767 -15.834473418155342 14.9
      vertex -6.4421796719818625 -16.2710885030444 0
      vertex -7.451137602388767 -15.834473418155342 0
    endloop
  endfacet
  facet normal 0.3387379202452897 0.9408807689542261 0
    outer loop
      vertex -6.4421796719818625 -16.2710885030444 14.9
      vertex -5.407797401561579 -16.643489035165185 0
      vertex -6.4421796719818625 -16.2710885030444 0
    endloop
  endfacet
  facet normal 0.2789911060392295 0.960293685676943 0
    outer loop
      vertex -5.407797401561579 -16.643489035165185 14.9
      vertex -4.35207302538496 -16.950205319751042 0
      vertex -5.407797401561579 -16.643489035165185 0
    endloop
  endfacet
  facet normal 0.21814324139654442 0.975916761938747 0
    outer loop
      vertex -4.35207302538496 -16.950205319751042 14.9
      vertex -3.2791730052501844 -17.19002688775205 0
      vertex -4.35207302538496 -16.950205319751042 0
    endloop
  endfacet
  facet normal 0.5620833778521294 0.8270805742745626 0
    outer loop
      vertex -10.28624191511828 -14.15779740156158 14.9
      vertex -9.376968912132444 -14.775738696285261 0
      vertex -10.28624191511828 -14.15779740156158 0
    endloop
  endfacet
  facet normal 0.09410831331851358 0.9955619646030801 0
    outer loop
      vertex -2.193331587375321 -17.362007273003364 14.9
      vertex -1.0988340917629908 -17.465467747494753 0
      vertex -2.193331587375321 -17.362007273003364 0
    endloop
  endfacet
  facet normal 0.03141075907812785 0.9995065603657316 0
    outer loop
      vertex -1.0988340917629908 -17.465467747494753 14.9
      vertex 0 -17.5 0
      vertex -1.0988340917629908 -17.465467747494753 0
    endloop
  endfacet
  facet normal 0.15643446504023256 0.9876883405951374 0
    outer loop
      vertex -3.2791730052501844 -17.19002688775205 14.9
      vertex -2.193331587375321 -17.362007273003364 0
      vertex -3.2791730052501844 -17.19002688775205 0
    endloop
  endfacet
  facet normal -0.03141075907812785 0.9995065603657316 0
    outer loop
      vertex 0 -17.5 14.9
      vertex 1.0988340917629908 -17.465467747494753 0
      vertex 0 -17.5 0
    endloop
  endfacet
  facet normal -0.09410831331851358 0.9955619646030801 0
    outer loop
      vertex 1.0988340917629908 -17.465467747494753 14.9
      vertex 2.193331587375321 -17.362007273003364 0
      vertex 1.0988340917629908 -17.465467747494753 0
    endloop
  endfacet
  facet normal -0.15643446504023256 0.9876883405951374 0
    outer loop
      vertex 2.193331587375321 -17.362007273003364 14.9
      vertex 3.2791730052501844 -17.19002688775205 0
      vertex 2.193331587375321 -17.362007273003364 0
    endloop
  endfacet
  facet normal -0.21814324139654273 0.9759167619387474 0
    outer loop
      vertex 3.2791730052501844 -17.19002688775205 14.9
      vertex 4.352073025384953 -16.950205319751046 0
      vertex 3.2791730052501844 -17.19002688775205 0
    endloop
  endfacet
  facet normal 0.5090414157503708 0.8607420270039441 0
    outer loop
      vertex -9.376968912132444 -14.775738696285261 14.9
      vertex -8.430689296780018 -15.33536690076761 14.9
      vertex -8.430689296780018 -15.33536690076761 0
    endloop
  endfacet
  facet normal 0.45399049973954714 0.8910065241883677 0
    outer loop
      vertex -8.430689296780018 -15.33536690076761 14.9
      vertex -7.451137602388767 -15.834473418155342 14.9
      vertex -7.451137602388767 -15.834473418155342 0
    endloop
  endfacet
  facet normal 0.39714789063478095 0.917754625683981 0
    outer loop
      vertex -7.451137602388767 -15.834473418155342 14.9
      vertex -6.4421796719818625 -16.2710885030444 14.9
      vertex -6.4421796719818625 -16.2710885030444 0
    endloop
  endfacet
  facet normal 0.3387379202452897 0.9408807689542261 0
    outer loop
      vertex -5.407797401561579 -16.643489035165185 14.9
      vertex -5.407797401561579 -16.643489035165185 0
      vertex -6.4421796719818625 -16.2710885030444 14.9
    endloop
  endfacet
  facet normal 0.2789911060392295 0.960293685676943 0
    outer loop
      vertex -5.407797401561579 -16.643489035165185 14.9
      vertex -4.35207302538496 -16.950205319751042 14.9
      vertex -4.35207302538496 -16.950205319751042 0
    endloop
  endfacet
  facet normal 0.21814324139654442 0.975916761938747 0
    outer loop
      vertex -4.35207302538496 -16.950205319751042 14.9
      vertex -3.2791730052501844 -17.19002688775205 14.9
      vertex -3.2791730052501844 -17.19002688775205 0
    endloop
  endfacet
  facet normal 0.6129070536529762 0.7901550123756907 0
    outer loop
      vertex -10.28624191511828 -14.15779740156158 14.9
      vertex -10.28624191511828 -14.15779740156158 0
      vertex -11.15491982060207 -13.483981748576314 14.9
    endloop
  endfacet
  facet normal 0.5620833778521294 0.8270805742745626 0
    outer loop
      vertex -10.28624191511828 -14.15779740156158 14.9
      vertex -9.376968912132444 -14.775738696285261 14.9
      vertex -9.376968912132444 -14.775738696285261 0
    endloop
  endfacet
  facet normal 0.09410831331851358 0.9955619646030801 0
    outer loop
      vertex -2.193331587375321 -17.362007273003364 14.9
      vertex -1.0988340917629908 -17.465467747494753 14.9
      vertex -1.0988340917629908 -17.465467747494753 0
    endloop
  endfacet
  facet normal 0.03141075907812785 0.9995065603657316 0
    outer loop
      vertex -1.0988340917629908 -17.465467747494753 14.9
      vertex 0 -17.5 14.9
      vertex 0 -17.5 0
    endloop
  endfacet
  facet normal 0.15643446504023256 0.9876883405951374 0
    outer loop
      vertex -3.2791730052501844 -17.19002688775205 14.9
      vertex -2.193331587375321 -17.362007273003364 14.9
      vertex -2.193331587375321 -17.362007273003364 0
    endloop
  endfacet
  facet normal -0.03141075907812785 0.9995065603657316 0
    outer loop
      vertex 0 -17.5 14.9
      vertex 1.0988340917629908 -17.465467747494753 14.9
      vertex 1.0988340917629908 -17.465467747494753 0
    endloop
  endfacet
  facet normal -0.09410831331851358 0.9955619646030801 0
    outer loop
      vertex 1.0988340917629908 -17.465467747494753 14.9
      vertex 2.193331587375321 -17.362007273003364 14.9
      vertex 2.193331587375321 -17.362007273003364 0
    endloop
  endfacet
  facet normal -0.15643446504023256 0.9876883405951374 0
    outer loop
      vertex 2.193331587375321 -17.362007273003364 14.9
      vertex 3.2791730052501844 -17.19002688775205 14.9
      vertex 3.2791730052501844 -17.19002688775205 0
    endloop
  endfacet
  facet normal -0.27899110603923083 0.9602936856769427 0
    outer loop
      vertex 4.352073025384953 -16.950205319751046 14.9
      vertex 5.407797401561579 -16.643489035165185 0
      vertex 4.352073025384953 -16.950205319751046 0
    endloop
  endfacet
  facet normal -0.33873792024529 0.940880768954226 0
    outer loop
      vertex 5.407797401561579 -16.643489035165185 14.9
      vertex 6.442179671981871 -16.271088503044396 0
      vertex 5.407797401561579 -16.643489035165185 0
    endloop
  endfacet
  facet normal -0.3971478906347811 0.9177546256839809 0
    outer loop
      vertex 6.442179671981871 -16.271088503044396 14.9
      vertex 7.451137602388767 -15.834473418155342 0
      vertex 6.442179671981871 -16.271088503044396 0
    endloop
  endfacet
  facet normal -0.45399049973954714 0.8910065241883677 0
    outer loop
      vertex 7.451137602388767 -15.834473418155342 14.9
      vertex 8.430689296780018 -15.33536690076761 0
      vertex 7.451137602388767 -15.834473418155342 0
    endloop
  endfacet
  facet normal -0.5090414157503701 0.8607420270039442 0
    outer loop
      vertex 8.430689296780018 -15.33536690076761 14.9
      vertex 9.376968912132433 -14.775738696285268 0
      vertex 8.430689296780018 -15.33536690076761 0
    endloop
  endfacet
  facet normal -0.5620833778521295 0.8270805742745628 0
    outer loop
      vertex 9.376968912132433 -14.775738696285268 14.9
      vertex 10.28624191511828 -14.15779740156158 0
      vertex 9.376968912132433 -14.775738696285268 0
    endloop
  endfacet
  facet normal -0.6129070536529768 0.7901550123756901 0
    outer loop
      vertex 10.28624191511828 -14.15779740156158 14.9
      vertex 11.154919820602075 -13.483981748576308 0
      vertex 10.28624191511828 -14.15779740156158 0
    endloop
  endfacet
  facet normal -0.6613118653236524 0.750111069630459 0
    outer loop
      vertex 11.154919820602075 -13.483981748576308 14.9
      vertex 11.97957435375205 -12.756950979874704 0
      vertex 11.154919820602075 -13.483981748576308 0
    endloop
  endfacet
  facet normal -0.7071067811865475 0.7071067811865475 0
    outer loop
      vertex 11.97957435375205 -12.756950979874704 14.9
      vertex 12.756950979874704 -11.97957435375205 0
      vertex 11.97957435375205 -12.756950979874704 0
    endloop
  endfacet
  facet normal -0.750111069630459 0.6613118653236524 0
    outer loop
      vertex 12.756950979874704 -11.97957435375205 14.9
      vertex 13.483981748576308 -11.154919820602075 0
      vertex 12.756950979874704 -11.97957435375205 0
    endloop
  endfacet
  facet normal -0.7901550123756901 0.6129070536529768 0
    outer loop
      vertex 13.483981748576308 -11.154919820602075 14.9
      vertex 14.15779740156158 -10.28624191511828 0
      vertex 13.483981748576308 -11.154919820602075 0
    endloop
  endfacet
  facet normal -0.8270805742745628 0.5620833778521295 0
    outer loop
      vertex 14.15779740156158 -10.28624191511828 14.9
      vertex 14.775738696285268 -9.376968912132433 0
      vertex 14.15779740156158 -10.28624191511828 0
    endloop
  endfacet
  facet normal -0.21814324139654273 0.9759167619387474 0
    outer loop
      vertex 3.2791730052501844 -17.19002688775205 14.9
      vertex 4.352073025384953 -16.950205319751046 14.9
      vertex 4.352073025384953 -16.950205319751046 0
    endloop
  endfacet
  facet normal -0.27899110603923083 0.9602936856769427 0
    outer loop
      vertex 4.352073025384953 -16.950205319751046 14.9
      vertex 5.407797401561579 -16.643489035165185 14.9
      vertex 5.407797401561579 -16.643489035165185 0
    endloop
  endfacet
  facet normal -0.33873792024529 0.940880768954226 0
    outer loop
      vertex 5.407797401561579 -16.643489035165185 14.9
      vertex 6.442179671981871 -16.271088503044396 14.9
      vertex 6.442179671981871 -16.271088503044396 0
    endloop
  endfacet
  facet normal -0.3971478906347811 0.9177546256839809 0
    outer loop
      vertex 6.442179671981871 -16.271088503044396 14.9
      vertex 7.451137602388767 -15.834473418155342 14.9
      vertex 7.451137602388767 -15.834473418155342 0
    endloop
  endfacet
  facet normal -0.45399049973954714 0.8910065241883677 0
    outer loop
      vertex 7.451137602388767 -15.834473418155342 14.9
      vertex 8.430689296780018 -15.33536690076761 14.9
      vertex 8.430689296780018 -15.33536690076761 0
    endloop
  endfacet
  facet normal -0.5090414157503701 0.8607420270039442 0
    outer loop
      vertex 8.430689296780018 -15.33536690076761 14.9
      vertex 9.376968912132433 -14.775738696285268 14.9
      vertex 9.376968912132433 -14.775738696285268 0
    endloop
  endfacet
  facet normal -0.5620833778521295 0.8270805742745628 0
    outer loop
      vertex 9.376968912132433 -14.775738696285268 14.9
      vertex 10.28624191511828 -14.15779740156158 14.9
      vertex 10.28624191511828 -14.15779740156158 0
    endloop
  endfacet
  facet normal -0.6129070536529768 0.7901550123756901 0
    outer loop
      vertex 10.28624191511828 -14.15779740156158 14.9
      vertex 11.154919820602075 -13.483981748576308 14.9
      vertex 11.154919820602075 -13.483981748576308 0
    endloop
  endfacet
  facet normal -0.6613118653236524 0.750111069630459 0
    outer loop
      vertex 11.154919820602075 -13.483981748576308 14.9
      vertex 11.97957435375205 -12.756950979874704 14.9
      vertex 11.97957435375205 -12.756950979874704 0
    endloop
  endfacet
  facet normal -0.7071067811865475 0.7071067811865475 0
    outer loop
      vertex 11.97957435375205 -12.756950979874704 14.9
      vertex 12.756950979874704 -11.97957435375205 14.9
      vertex 12.756950979874704 -11.97957435375205 0
    endloop
  endfacet
  facet normal -0.750111069630459 0.6613118653236524 0
    outer loop
      vertex 12.756950979874704 -11.97957435375205 14.9
      vertex 13.483981748576308 -11.154919820602075 14.9
      vertex 13.483981748576308 -11.154919820602075 0
    endloop
  endfacet
  facet normal -0.7901550123756901 0.6129070536529768 0
    outer loop
      vertex 13.483981748576308 -11.154919820602075 14.9
      vertex 14.15779740156158 -10.28624191511828 14.9
      vertex 14.15779740156158 -10.28624191511828 0
    endloop
  endfacet
  facet normal -0.8607420270039442 0.5090414157503701 0
    outer loop
      vertex 14.775738696285268 -9.376968912132433 14.9
      vertex 15.33536690076761 -8.430689296780018 0
      vertex 14.775738696285268 -9.376968912132433 0
    endloop
  endfacet
  facet normal -0.8910065241883677 0.45399049973954714 0
    outer loop
      vertex 15.33536690076761 -8.430689296780018 14.9
      vertex 15.834473418155342 -7.451137602388767 0
      vertex 15.33536690076761 -8.430689296780018 0
    endloop
  endfacet
  facet normal -0.9177546256839809 0.3971478906347811 0
    outer loop
      vertex 15.834473418155342 -7.451137602388767 14.9
      vertex 16.271088503044396 -6.442179671981871 0
      vertex 15.834473418155342 -7.451137602388767 0
    endloop
  endfacet
  facet normal -0.940880768954226 0.33873792024529 0
    outer loop
      vertex 16.271088503044396 -6.442179671981871 14.9
      vertex 16.643489035165185 -5.407797401561579 0
      vertex 16.271088503044396 -6.442179671981871 0
    endloop
  endfacet
  facet normal -0.9602936856769427 0.27899110603923083 0
    outer loop
      vertex 16.643489035165185 -5.407797401561579 14.9
      vertex 16.950205319751046 -4.352073025384953 0
      vertex 16.643489035165185 -5.407797401561579 0
    endloop
  endfacet
  facet normal -0.9759167619387474 0.21814324139654273 0
    outer loop
      vertex 16.950205319751046 -4.352073025384953 14.9
      vertex 17.19002688775205 -3.2791730052501844 0
      vertex 16.950205319751046 -4.352073025384953 0
    endloop
  endfacet
  facet normal -0.9876883405951374 0.15643446504023256 0
    outer loop
      vertex 17.19002688775205 -3.2791730052501844 14.9
      vertex 17.362007273003364 -2.193331587375321 0
      vertex 17.19002688775205 -3.2791730052501844 0
    endloop
  endfacet
  facet normal -0.9955619646030801 0.09410831331851358 0
    outer loop
      vertex 17.362007273003364 -2.193331587375321 14.9
      vertex 17.465467747494753 -1.0988340917629908 0
      vertex 17.362007273003364 -2.193331587375321 0
    endloop
  endfacet
  facet normal -0.9995065603657316 0.03141075907812785 0
    outer loop
      vertex 17.465467747494753 -1.0988340917629908 14.9
      vertex 17.5 0 0
      vertex 17.465467747494753 -1.0988340917629908 0
    endloop
  endfacet
  facet normal -0.8270805742745628 0.5620833778521295 0
    outer loop
      vertex 14.15779740156158 -10.28624191511828 14.9
      vertex 14.775738696285268 -9.376968912132433 14.9
      vertex 14.775738696285268 -9.376968912132433 0
    endloop
  endfacet
  facet normal -0.8607420270039442 0.5090414157503701 0
    outer loop
      vertex 14.775738696285268 -9.376968912132433 14.9
      vertex 15.33536690076761 -8.430689296780018 14.9
      vertex 15.33536690076761 -8.430689296780018 0
    endloop
  endfacet
  facet normal -0.8910065241883677 0.45399049973954714 0
    outer loop
      vertex 15.33536690076761 -8.430689296780018 14.9
      vertex 15.834473418155342 -7.451137602388767 14.9
      vertex 15.834473418155342 -7.451137602388767 0
    endloop
  endfacet
  facet normal -0.9177546256839809 0.3971478906347811 0
    outer loop
      vertex 15.834473418155342 -7.451137602388767 14.9
      vertex 16.271088503044396 -6.442179671981871 14.9
      vertex 16.271088503044396 -6.442179671981871 0
    endloop
  endfacet
  facet normal -0.940880768954226 0.33873792024529 0
    outer loop
      vertex 16.271088503044396 -6.442179671981871 14.9
      vertex 16.643489035165185 -5.407797401561579 14.9
      vertex 16.643489035165185 -5.407797401561579 0
    endloop
  endfacet
  facet normal -0.9602936856769427 0.27899110603923083 0
    outer loop
      vertex 16.643489035165185 -5.407797401561579 14.9
      vertex 16.950205319751046 -4.352073025384953 14.9
      vertex 16.950205319751046 -4.352073025384953 0
    endloop
  endfacet
  facet normal -0.9759167619387474 0.21814324139654273 0
    outer loop
      vertex 16.950205319751046 -4.352073025384953 14.9
      vertex 17.19002688775205 -3.2791730052501844 14.9
      vertex 17.19002688775205 -3.2791730052501844 0
    endloop
  endfacet
  facet normal -0.9876883405951374 0.15643446504023256 0
    outer loop
      vertex 17.19002688775205 -3.2791730052501844 14.9
      vertex 17.362007273003364 -2.193331587375321 14.9
      vertex 17.362007273003364 -2.193331587375321 0
    endloop
  endfacet
  facet normal -0.9955619646030801 0.09410831331851358 0
    outer loop
      vertex 17.362007273003364 -2.193331587375321 14.9
      vertex 17.465467747494753 -1.0988340917629908 14.9
      vertex 17.465467747494753 -1.0988340917629908 0
    endloop
  endfacet
  facet normal -0.9995065603657316 0.03141075907812785 0
    outer loop
      vertex 17.465467747494753 -1.0988340917629908 14.9
      vertex 17.5 0 14.9
      vertex 17.5 0 0
    endloop
  endfacet
  facet normal 0.6129070536529762 -0.7901550123756907 0
    outer loop
      vertex -10.28624191511828 14.15779740156158 14.9
      vertex -11.15491982060207 13.483981748576314 0
      vertex -10.28624191511828 14.15779740156158 0
    endloop
  endfacet
  facet normal 0.5620833778521294 -0.8270805742745626 0
    outer loop
      vertex -9.376968912132444 14.775738696285261 14.9
      vertex -10.28624191511828 14.15779740156158 0
      vertex -9.376968912132444 14.775738696285261 0
    endloop
  endfacet
  facet normal 0.5090414157503712 -0.8607420270039436 0
    outer loop
      vertex -8.430689296780017 15.335366900767612 14.9
      vertex -9.376968912132444 14.775738696285261 0
      vertex -8.430689296780017 15.335366900767612 0
    endloop
  endfacet
  facet normal 0.45399049973954725 -0.8910065241883677 0
    outer loop
      vertex -7.451137602388773 15.83447341815534 14.9
      vertex -8.430689296780017 15.335366900767612 0
      vertex -7.451137602388773 15.83447341815534 0
    endloop
  endfacet
  facet normal 0.3971478906347806 -0.9177546256839813 0
    outer loop
      vertex -6.4421796719818625 16.2710885030444 14.9
      vertex -7.451137602388773 15.83447341815534 0
      vertex -6.4421796719818625 16.2710885030444 0
    endloop
  endfacet
  facet normal 0.3387379202452897 -0.9408807689542261 0
    outer loop
      vertex -5.407797401561579 16.643489035165185 14.9
      vertex -6.4421796719818625 16.2710885030444 0
      vertex -5.407797401561579 16.643489035165185 0
    endloop
  endfacet
  facet normal 0.2789911060392295 -0.960293685676943 0
    outer loop
      vertex -4.35207302538496 16.950205319751042 14.9
      vertex -5.407797401561579 16.643489035165185 0
      vertex -4.35207302538496 16.950205319751042 0
    endloop
  endfacet
  facet normal 0.2181432413965436 -0.9759167619387471 0
    outer loop
      vertex -3.27917300525018 17.19002688775205 14.9
      vertex -4.35207302538496 16.950205319751042 0
      vertex -3.27917300525018 17.19002688775205 0
    endloop
  endfacet
  facet normal 0.15643446504023376 -0.9876883405951373 0
    outer loop
      vertex -2.193331587375325 17.362007273003364 14.9
      vertex -3.27917300525018 17.19002688775205 0
      vertex -2.193331587375325 17.362007273003364 0
    endloop
  endfacet
  facet normal 0.09410831331851252 -0.9955619646030802 0
    outer loop
      vertex -1.0988340917629824 17.465467747494753 14.9
      vertex -2.193331587375325 17.362007273003364 0
      vertex -1.0988340917629824 17.465467747494753 0
    endloop
  endfacet
  facet normal 0.03141075907812809 -0.9995065603657316 0
    outer loop
      vertex 0 17.5 14.9
      vertex -1.0988340917629824 17.465467747494753 0
      vertex 0 17.5 0
    endloop
  endfacet
  facet normal -0.15643446504023376 -0.9876883405951373 0
    outer loop
      vertex 3.27917300525018 17.19002688775205 14.9
      vertex 2.193331587375325 17.362007273003364 0
      vertex 3.27917300525018 17.19002688775205 0
    endloop
  endfacet
  facet normal -0.03141075907812809 -0.9995065603657316 0
    outer loop
      vertex 1.0988340917629824 17.465467747494753 14.9
      vertex 0 17.5 0
      vertex 1.0988340917629824 17.465467747494753 0
    endloop
  endfacet
  facet normal -0.09410831331851252 -0.9955619646030802 0
    outer loop
      vertex 2.193331587375325 17.362007273003364 14.9
      vertex 1.0988340917629824 17.465467747494753 0
      vertex 2.193331587375325 17.362007273003364 0
    endloop
  endfacet
  facet normal 0.5620833778521294 -0.8270805742745626 0
    outer loop
      vertex -10.28624191511828 14.15779740156158 14.9
      vertex -10.28624191511828 14.15779740156158 0
      vertex -9.376968912132444 14.775738696285261 14.9
    endloop
  endfacet
  facet normal 0.5090414157503712 -0.8607420270039436 0
    outer loop
      vertex -9.376968912132444 14.775738696285261 14.9
      vertex -9.376968912132444 14.775738696285261 0
      vertex -8.430689296780017 15.335366900767612 14.9
    endloop
  endfacet
  facet normal 0.45399049973954725 -0.8910065241883677 0
    outer loop
      vertex -8.430689296780017 15.335366900767612 14.9
      vertex -8.430689296780017 15.335366900767612 0
      vertex -7.451137602388773 15.83447341815534 14.9
    endloop
  endfacet
  facet normal 0.3971478906347806 -0.9177546256839813 0
    outer loop
      vertex -7.451137602388773 15.83447341815534 14.9
      vertex -7.451137602388773 15.83447341815534 0
      vertex -6.4421796719818625 16.2710885030444 14.9
    endloop
  endfacet
  facet normal 0.3387379202452897 -0.9408807689542261 0
    outer loop
      vertex -6.4421796719818625 16.2710885030444 14.9
      vertex -6.4421796719818625 16.2710885030444 0
      vertex -5.407797401561579 16.643489035165185 14.9
    endloop
  endfacet
  facet normal 0.2789911060392295 -0.960293685676943 0
    outer loop
      vertex -5.407797401561579 16.643489035165185 14.9
      vertex -5.407797401561579 16.643489035165185 0
      vertex -4.35207302538496 16.950205319751042 14.9
    endloop
  endfacet
  facet normal 0.2181432413965436 -0.9759167619387471 0
    outer loop
      vertex -4.35207302538496 16.950205319751042 14.9
      vertex -4.35207302538496 16.950205319751042 0
      vertex -3.27917300525018 17.19002688775205 14.9
    endloop
  endfacet
  facet normal 0.15643446504023376 -0.9876883405951373 0
    outer loop
      vertex -3.27917300525018 17.19002688775205 14.9
      vertex -3.27917300525018 17.19002688775205 0
      vertex -2.193331587375325 17.362007273003364 14.9
    endloop
  endfacet
  facet normal 0.09410831331851252 -0.9955619646030802 0
    outer loop
      vertex -2.193331587375325 17.362007273003364 14.9
      vertex -2.193331587375325 17.362007273003364 0
      vertex -1.0988340917629824 17.465467747494753 14.9
    endloop
  endfacet
  facet normal 0.03141075907812809 -0.9995065603657316 0
    outer loop
      vertex -1.0988340917629824 17.465467747494753 14.9
      vertex -1.0988340917629824 17.465467747494753 0
      vertex 0 17.5 14.9
    endloop
  endfacet
  facet normal -0.15643446504023376 -0.9876883405951373 0
    outer loop
      vertex 2.193331587375325 17.362007273003364 14.9
      vertex 2.193331587375325 17.362007273003364 0
      vertex 3.27917300525018 17.19002688775205 14.9
    endloop
  endfacet
  facet normal -0.2181432413965436 -0.9759167619387471 0
    outer loop
      vertex 3.27917300525018 17.19002688775205 14.9
      vertex 3.27917300525018 17.19002688775205 0
      vertex 4.35207302538496 16.950205319751042 14.9
    endloop
  endfacet
  facet normal -0.03141075907812809 -0.9995065603657316 0
    outer loop
      vertex 0 17.5 14.9
      vertex 0 17.5 0
      vertex 1.0988340917629824 17.465467747494753 14.9
    endloop
  endfacet
  facet normal -0.09410831331851252 -0.9955619646030802 0
    outer loop
      vertex 1.0988340917629824 17.465467747494753 14.9
      vertex 1.0988340917629824 17.465467747494753 0
      vertex 2.193331587375325 17.362007273003364 14.9
    endloop
  endfacet
  facet normal -0.9995065603657316 -0.03141075907812805 0
    outer loop
      vertex 17.5 0 14.9
      vertex 17.465467747494753 1.098834091762984 0
      vertex 17.5 0 0
    endloop
  endfacet
  facet normal -0.9955619646030802 -0.09410831331851269 0
    outer loop
      vertex 17.465467747494753 1.098834091762984 14.9
      vertex 17.362007273003364 2.1933315873753245 0
      vertex 17.465467747494753 1.098834091762984 0
    endloop
  endfacet
  facet normal -0.975916761938747 -0.2181432413965439 0
    outer loop
      vertex 17.19002688775205 3.279173005250181 14.9
      vertex 16.950205319751042 4.352073025384959 0
      vertex 17.19002688775205 3.279173005250181 0
    endloop
  endfacet
  facet normal -0.9876883405951373 -0.1564344650402336 0
    outer loop
      vertex 17.362007273003364 2.1933315873753245 14.9
      vertex 17.19002688775205 3.279173005250181 0
      vertex 17.362007273003364 2.1933315873753245 0
    endloop
  endfacet
  facet normal -0.9602936856769431 -0.27899110603922933 0
    outer loop
      vertex 16.950205319751042 4.352073025384959 14.9
      vertex 16.643489035165185 5.407797401561579 0
      vertex 16.950205319751042 4.352073025384959 0
    endloop
  endfacet
  facet normal -0.9177546256839813 -0.39714789063478 0
    outer loop
      vertex 16.2710885030444 6.442179671981864 14.9
      vertex 15.834473418155342 7.451137602388772 0
      vertex 16.2710885030444 6.442179671981864 0
    endloop
  endfacet
  facet normal -0.9408807689542263 -0.3387379202452892 0
    outer loop
      vertex 16.643489035165185 5.407797401561579 14.9
      vertex 16.2710885030444 6.442179671981864 0
      vertex 16.643489035165185 5.407797401561579 0
    endloop
  endfacet
  facet normal -0.8910065241883675 -0.4539904997395475 0
    outer loop
      vertex 15.834473418155342 7.451137602388772 14.9
      vertex 15.335366900767612 8.430689296780018 0
      vertex 15.834473418155342 7.451137602388772 0
    endloop
  endfacet
  facet normal -0.8607420270039443 -0.5090414157503703 0
    outer loop
      vertex 15.335366900767612 8.430689296780018 14.9
      vertex 14.775738696285265 9.376968912132442 0
      vertex 15.335366900767612 8.430689296780018 0
    endloop
  endfacet
  facet normal -0.8270805742745616 -0.5620833778521308 0
    outer loop
      vertex 14.775738696285265 9.376968912132442 14.9
      vertex 14.15779740156158 10.28624191511828 0
      vertex 14.775738696285265 9.376968912132442 0
    endloop
  endfacet
  facet normal -0.9995065603657316 -0.03141075907812805 0
    outer loop
      vertex 17.5 0 14.9
      vertex 17.465467747494753 1.098834091762984 14.9
      vertex 17.465467747494753 1.098834091762984 0
    endloop
  endfacet
  facet normal -0.9955619646030802 -0.09410831331851269 0
    outer loop
      vertex 17.465467747494753 1.098834091762984 14.9
      vertex 17.362007273003364 2.1933315873753245 14.9
      vertex 17.362007273003364 2.1933315873753245 0
    endloop
  endfacet
  facet normal -0.9876883405951373 -0.1564344650402336 0
    outer loop
      vertex 17.362007273003364 2.1933315873753245 14.9
      vertex 17.19002688775205 3.279173005250181 14.9
      vertex 17.19002688775205 3.279173005250181 0
    endloop
  endfacet
  facet normal -0.975916761938747 -0.2181432413965439 0
    outer loop
      vertex 17.19002688775205 3.279173005250181 14.9
      vertex 16.950205319751042 4.352073025384959 14.9
      vertex 16.950205319751042 4.352073025384959 0
    endloop
  endfacet
  facet normal -0.9177546256839813 -0.39714789063478 0
    outer loop
      vertex 16.2710885030444 6.442179671981864 14.9
      vertex 15.834473418155342 7.451137602388772 14.9
      vertex 15.834473418155342 7.451137602388772 0
    endloop
  endfacet
  facet normal -0.9602936856769431 -0.27899110603922933 0
    outer loop
      vertex 16.950205319751042 4.352073025384959 14.9
      vertex 16.643489035165185 5.407797401561579 14.9
      vertex 16.643489035165185 5.407797401561579 0
    endloop
  endfacet
  facet normal -0.9408807689542263 -0.3387379202452892 0
    outer loop
      vertex 16.2710885030444 6.442179671981864 14.9
      vertex 16.2710885030444 6.442179671981864 0
      vertex 16.643489035165185 5.407797401561579 14.9
    endloop
  endfacet
  facet normal -0.8910065241883675 -0.4539904997395475 0
    outer loop
      vertex 15.834473418155342 7.451137602388772 14.9
      vertex 15.335366900767612 8.430689296780018 14.9
      vertex 15.335366900767612 8.430689296780018 0
    endloop
  endfacet
  facet normal -0.8607420270039443 -0.5090414157503703 0
    outer loop
      vertex 15.335366900767612 8.430689296780018 14.9
      vertex 14.775738696285265 9.376968912132442 14.9
      vertex 14.775738696285265 9.376968912132442 0
    endloop
  endfacet
  facet normal -0.5620833778521308 -0.8270805742745616 0
    outer loop
      vertex 10.28624191511828 14.15779740156158 14.9
      vertex 9.376968912132442 14.775738696285265 0
      vertex 10.28624191511828 14.15779740156158 0
    endloop
  endfacet
  facet normal -0.2181432413965436 -0.9759167619387471 0
    outer loop
      vertex 4.35207302538496 16.950205319751042 14.9
      vertex 3.27917300525018 17.19002688775205 0
      vertex 4.35207302538496 16.950205319751042 0
    endloop
  endfacet
  facet normal -0.2789911060392295 -0.960293685676943 0
    outer loop
      vertex 5.407797401561579 16.643489035165185 14.9
      vertex 4.35207302538496 16.950205319751042 0
      vertex 5.407797401561579 16.643489035165185 0
    endloop
  endfacet
  facet normal -0.3971478906347806 -0.9177546256839813 0
    outer loop
      vertex 7.451137602388773 15.83447341815534 14.9
      vertex 6.4421796719818625 16.2710885030444 0
      vertex 7.451137602388773 15.83447341815534 0
    endloop
  endfacet
  facet normal -0.3387379202452897 -0.9408807689542261 0
    outer loop
      vertex 6.4421796719818625 16.2710885030444 14.9
      vertex 5.407797401561579 16.643489035165185 0
      vertex 6.4421796719818625 16.2710885030444 0
    endloop
  endfacet
  facet normal -0.45399049973954725 -0.8910065241883677 0
    outer loop
      vertex 8.430689296780017 15.335366900767612 14.9
      vertex 7.451137602388773 15.83447341815534 0
      vertex 8.430689296780017 15.335366900767612 0
    endloop
  endfacet
  facet normal -0.5090414157503695 -0.8607420270039446 0
    outer loop
      vertex 9.376968912132442 14.775738696285265 14.9
      vertex 8.430689296780017 15.335366900767612 0
      vertex 9.376968912132442 14.775738696285265 0
    endloop
  endfacet
  facet normal -0.7071067811865475 -0.7071067811865475 0
    outer loop
      vertex 12.756950979874702 11.979574353752053 14.9
      vertex 11.979574353752053 12.756950979874702 0
      vertex 12.756950979874702 11.979574353752053 0
    endloop
  endfacet
  facet normal -0.7901550123756897 -0.6129070536529774 0
    outer loop
      vertex 14.15779740156158 10.28624191511828 14.9
      vertex 13.48398174857631 11.154919820602071 0
      vertex 14.15779740156158 10.28624191511828 0
    endloop
  endfacet
  facet normal -0.7501110696304603 -0.661311865323651 0
    outer loop
      vertex 13.48398174857631 11.154919820602071 14.9
      vertex 12.756950979874702 11.979574353752053 0
      vertex 13.48398174857631 11.154919820602071 0
    endloop
  endfacet
  facet normal -0.661311865323651 -0.7501110696304603 0
    outer loop
      vertex 11.979574353752053 12.756950979874702 14.9
      vertex 11.154919820602071 13.48398174857631 0
      vertex 11.979574353752053 12.756950979874702 0
    endloop
  endfacet
  facet normal -0.6129070536529774 -0.7901550123756897 0
    outer loop
      vertex 11.154919820602071 13.48398174857631 14.9
      vertex 10.28624191511828 14.15779740156158 0
      vertex 11.154919820602071 13.48398174857631 0
    endloop
  endfacet
  facet normal -0.5620833778521308 -0.8270805742745616 0
    outer loop
      vertex 9.376968912132442 14.775738696285265 14.9
      vertex 9.376968912132442 14.775738696285265 0
      vertex 10.28624191511828 14.15779740156158 14.9
    endloop
  endfacet
  facet normal -0.6129070536529774 -0.7901550123756897 0
    outer loop
      vertex 11.154919820602071 13.48398174857631 14.9
      vertex 10.28624191511828 14.15779740156158 14.9
      vertex 10.28624191511828 14.15779740156158 0
    endloop
  endfacet
  facet normal -0.2789911060392295 -0.960293685676943 0
    outer loop
      vertex 4.35207302538496 16.950205319751042 14.9
      vertex 4.35207302538496 16.950205319751042 0
      vertex 5.407797401561579 16.643489035165185 14.9
    endloop
  endfacet
  facet normal -0.3387379202452897 -0.9408807689542261 0
    outer loop
      vertex 5.407797401561579 16.643489035165185 14.9
      vertex 5.407797401561579 16.643489035165185 0
      vertex 6.4421796719818625 16.2710885030444 14.9
    endloop
  endfacet
  facet normal -0.3971478906347806 -0.9177546256839813 0
    outer loop
      vertex 6.4421796719818625 16.2710885030444 14.9
      vertex 6.4421796719818625 16.2710885030444 0
      vertex 7.451137602388773 15.83447341815534 14.9
    endloop
  endfacet
  facet normal -0.45399049973954725 -0.8910065241883677 0
    outer loop
      vertex 7.451137602388773 15.83447341815534 14.9
      vertex 7.451137602388773 15.83447341815534 0
      vertex 8.430689296780017 15.335366900767612 14.9
    endloop
  endfacet
  facet normal -0.5090414157503695 -0.8607420270039446 0
    outer loop
      vertex 8.430689296780017 15.335366900767612 14.9
      vertex 8.430689296780017 15.335366900767612 0
      vertex 9.376968912132442 14.775738696285265 14.9
    endloop
  endfacet
  facet normal -0.8270805742745616 -0.5620833778521308 0
    outer loop
      vertex 14.15779740156158 10.28624191511828 14.9
      vertex 14.15779740156158 10.28624191511828 0
      vertex 14.775738696285265 9.376968912132442 14.9
    endloop
  endfacet
  facet normal -0.7901550123756897 -0.6129070536529774 0
    outer loop
      vertex 13.48398174857631 11.154919820602071 14.9
      vertex 13.48398174857631 11.154919820602071 0
      vertex 14.15779740156158 10.28624191511828 14.9
    endloop
  endfacet
  facet normal -0.7501110696304603 -0.661311865323651 0
    outer loop
      vertex 13.48398174857631 11.154919820602071 14.9
      vertex 12.756950979874702 11.979574353752053 14.9
      vertex 12.756950979874702 11.979574353752053 0
    endloop
  endfacet
  facet normal -0.661311865323651 -0.7501110696304603 0
    outer loop
      vertex 11.154919820602071 13.48398174857631 14.9
      vertex 11.154919820602071 13.48398174857631 0
      vertex 11.979574353752053 12.756950979874702 14.9
    endloop
  endfacet
  facet normal -0.7071067811865475 -0.7071067811865475 0
    outer loop
      vertex 11.979574353752053 12.756950979874702 14.9
      vertex 11.979574353752053 12.756950979874702 0
      vertex 12.756950979874702 11.979574353752053 14.9
    endloop
  endfacet
  facet normal 0.775905274477114 0.5273046800233536 0.34629579764135615
    outer loop
      vertex -14.775738696285261 -9.376968912132444 14.9
      vertex -25.68963659695051 -16.303139131321178 49.9
      vertex -14.15779740156158 -10.28624191511828 14.9
    endloop
  endfacet
  facet normal 0.8074839374655385 0.4775446693986723 0.34629579764135615
    outer loop
      vertex -15.33536690076761 -8.430689296780018 14.9
      vertex -26.66262654338005 -14.657902981901623 49.9
      vertex -14.775738696285261 -9.376968912132444 14.9
    endloop
  endfacet
  facet normal 0.6203934421129135 0.7036982290152705 0.3462957976413562
    outer loop
      vertex -11.15491982060207 -13.483981748576314 14.9
      vertex -11.97957435375205 -12.756950979874704 14.9
      vertex -20.828123592318903 -22.1796988627367 49.9
    endloop
  endfacet
  facet normal 0.663354814762031 0.663354814762031 0.3462957976413561
    outer loop
      vertex -12.756950979874704 -11.97957435375205 14.9
      vertex -22.1796988627367 -20.828123592318903 49.9
      vertex -11.97957435375205 -12.756950979874704 14.9
    endloop
  endfacet
  facet normal 0.5273046800233536 0.775905274477114 0.34629579764135604
    outer loop
      vertex -10.28624191511828 -14.15779740156158 14.9
      vertex -17.88403423878519 -24.615261391351382 49.9
      vertex -9.376968912132444 -14.775738696285261 14.9
    endloop
  endfacet
  facet normal 0.4775446693986723 0.8074839374655385 0.3462957976413561
    outer loop
      vertex -9.376968912132444 -14.775738696285261 14.9
      vertex -16.303139131321178 -25.68963659695051 49.9
      vertex -8.430689296780018 -15.33536690076761 14.9
    endloop
  endfacet
  facet normal 0.5749836599785774 0.7412644678477288 0.34629579764135615
    outer loop
      vertex -10.28624191511828 -14.15779740156158 14.9
      vertex -11.15491982060207 -13.483981748576314 14.9
      vertex -19.394349233546777 -23.443740994683818 49.9
    endloop
  endfacet
  facet normal 0.7036982290152705 0.6203934421129135 0.3462957976413561
    outer loop
      vertex -12.756950979874704 -11.97957435375205 14.9
      vertex -13.483981748576314 -11.15491982060207 14.9
      vertex -23.443740994683818 -19.394349233546777 49.9
    endloop
  endfacet
  facet normal 0.7412644678477288 0.5749836599785774 0.3462957976413561
    outer loop
      vertex -14.15779740156158 -10.28624191511828 14.9
      vertex -24.615261391351382 -17.88403423878519 49.9
      vertex -13.483981748576314 -11.15491982060207 14.9
    endloop
  endfacet
  facet normal 0.860968903021993 0.3725745141109933 0.3462957976413561
    outer loop
      vertex -15.834473418155342 -7.451137602388767 14.9
      vertex -16.2710885030444 -6.4421796719818625 14.9
      vertex -28.289506147338557 -11.200607838786647 49.9
    endloop
  endfacet
  facet normal 0.8358758302571068 0.42590000813328166 0.34629579764135604
    outer loop
      vertex -15.33536690076761 -8.430689296780018 14.9
      vertex -15.834473418155342 -7.451137602388767 14.9
      vertex -27.530391283838263 -12.95481878597138 49.9
    endloop
  endfacet
  facet normal 0.8826641248659289 0.3177786386946117 0.3462957976413562
    outer loop
      vertex -16.643489035165185 -5.407797401561579 14.9
      vertex -28.93697525432129 -9.4021932095332 49.9
      vertex -16.2710885030444 -6.4421796719818625 14.9
    endloop
  endfacet
  facet normal 0.9008758746598985 0.26172863617055653 0.3462957976413562
    outer loop
      vertex -16.643489035165185 -5.407797401561579 14.9
      vertex -16.950205319751042 -4.35207302538496 14.9
      vertex -29.470243340021703 -7.566672419135214 49.9
    endloop
  endfacet
  facet normal 0.9265754955972552 0.14675514128860273 0.34629579764135615
    outer loop
      vertex -17.19002688775205 -3.2791730052501844 14.9
      vertex -17.362007273003364 -2.193331587375321 14.9
      vertex -30.186217190562665 -3.8134060553230014 49.9
    endloop
  endfacet
  facet normal 0.9339619420778424 0.08828539678860732 0.34629579764135615
    outer loop
      vertex -17.362007273003364 -2.193331587375321 14.9
      vertex -17.465467747494753 -1.0988340917629824 14.9
      vertex -30.366097333712464 -1.9104729095424577 49.9
    endloop
  endfacet
  facet normal 0.937662467459672 0.02946723016125255 0.34629579764135615
    outer loop
      vertex -17.465467747494753 -1.0988340917629824 14.9
      vertex -17.5 0 14.9
      vertex -30.426136363636363 0 49.9
    endloop
  endfacet
  facet normal 0.9155322789476238 0.2046457102919758 0.34629579764135615
    outer loop
      vertex -16.950205319751042 -4.35207302538496 14.9
      vertex -17.19002688775205 -3.2791730052501844 14.9
      vertex -29.88720583893254 -5.701289429582706 49.9
    endloop
  endfacet
  facet normal 0.5273046800233542 0.7759052744771134 0.3462957976413561
    outer loop
      vertex -9.376968912132444 -14.775738696285261 14.9
      vertex -17.88403423878519 -24.615261391351382 49.9
      vertex -16.303139131321178 -25.68963659695051 49.9
    endloop
  endfacet
  facet normal 0.5749836599785768 0.7412644678477293 0.3462957976413562
    outer loop
      vertex -10.28624191511828 -14.15779740156158 14.9
      vertex -19.394349233546777 -23.443740994683818 49.9
      vertex -17.88403423878519 -24.615261391351382 49.9
    endloop
  endfacet
  facet normal 0.477544669398673 0.8074839374655381 0.34629579764135626
    outer loop
      vertex -8.430689296780018 -15.33536690076761 14.9
      vertex -16.303139131321178 -25.68963659695051 49.9
      vertex -14.657902981901623 -26.66262654338005 49.9
    endloop
  endfacet
  facet normal 0.42590000813328066 0.8358758302571072 0.34629579764135604
    outer loop
      vertex -7.451137602388767 -15.834473418155342 14.9
      vertex -14.657902981901623 -26.66262654338005 49.9
      vertex -12.95481878597138 -27.530391283838263 49.9
    endloop
  endfacet
  facet normal 0.9008758746598982 0.2617286361705582 0.3462957976413561
    outer loop
      vertex -16.643489035165185 -5.407797401561579 14.9
      vertex -29.470243340021703 -7.566672419135214 49.9
      vertex -28.93697525432129 -9.4021932095332 49.9
    endloop
  endfacet
  facet normal 0.9155322789476245 0.20464571029197218 0.34629579764135626
    outer loop
      vertex -16.950205319751042 -4.35207302538496 14.9
      vertex -29.88720583893254 -5.701289429582706 49.9
      vertex -29.470243340021703 -7.566672419135214 49.9
    endloop
  endfacet
  facet normal 0.9265754955972552 0.14675514128860276 0.3462957976413562
    outer loop
      vertex -17.19002688775205 -3.2791730052501844 14.9
      vertex -30.186217190562665 -3.8134060553230014 49.9
      vertex -29.88720583893254 -5.701289429582706 49.9
    endloop
  endfacet
  facet normal 0.9339619420778426 0.08828539678860607 0.34629579764135615
    outer loop
      vertex -17.362007273003364 -2.193331587375321 14.9
      vertex -30.366097333712464 -1.9104729095424577 49.9
      vertex -30.186217190562665 -3.8134060553230014 49.9
    endloop
  endfacet
  facet normal 0.9376624674596722 0.029467230161254677 0.34629579764135615
    outer loop
      vertex -17.465467747494753 -1.0988340917629824 14.9
      vertex -30.426136363636363 0 49.9
      vertex -30.366097333712464 -1.9104729095424577 49.9
    endloop
  endfacet
  facet normal 0.6633548147620315 0.6633548147620307 0.34629579764135615
    outer loop
      vertex -11.97957435375205 -12.756950979874704 14.9
      vertex -22.1796988627367 -20.828123592318903 49.9
      vertex -20.828123592318903 -22.1796988627367 49.9
    endloop
  endfacet
  facet normal 0.7036982290152711 0.6203934421129124 0.34629579764135626
    outer loop
      vertex -12.756950979874704 -11.97957435375205 14.9
      vertex -23.443740994683818 -19.394349233546777 49.9
      vertex -22.1796988627367 -20.828123592318903 49.9
    endloop
  endfacet
  facet normal 0.7412644678477293 0.5749836599785768 0.3462957976413562
    outer loop
      vertex -13.483981748576314 -11.15491982060207 14.9
      vertex -24.615261391351382 -17.88403423878519 49.9
      vertex -23.443740994683818 -19.394349233546777 49.9
    endloop
  endfacet
  facet normal 0.7759052744771134 0.5273046800233544 0.3462957976413562
    outer loop
      vertex -14.15779740156158 -10.28624191511828 14.9
      vertex -25.68963659695051 -16.303139131321178 49.9
      vertex -24.615261391351382 -17.88403423878519 49.9
    endloop
  endfacet
  facet normal 0.8074839374655381 0.477544669398673 0.34629579764135626
    outer loop
      vertex -14.775738696285261 -9.376968912132444 14.9
      vertex -26.66262654338005 -14.657902981901623 49.9
      vertex -25.68963659695051 -16.303139131321178 49.9
    endloop
  endfacet
  facet normal 0.8609689030219931 0.3725745141109931 0.3462957976413562
    outer loop
      vertex -15.834473418155342 -7.451137602388767 14.9
      vertex -28.289506147338557 -11.200607838786647 49.9
      vertex -27.530391283838263 -12.95481878597138 49.9
    endloop
  endfacet
  facet normal 0.8358758302571072 0.42590000813328066 0.34629579764135593
    outer loop
      vertex -15.33536690076761 -8.430689296780018 14.9
      vertex -27.530391283838263 -12.95481878597138 49.9
      vertex -26.66262654338005 -14.657902981901623 49.9
    endloop
  endfacet
  facet normal 0.6203934421129133 0.7036982290152705 0.34629579764135615
    outer loop
      vertex -11.15491982060207 -13.483981748576314 14.9
      vertex -20.828123592318903 -22.1796988627367 49.9
      vertex -19.394349233546777 -23.443740994683818 49.9
    endloop
  endfacet
  facet normal 0.8826641248659284 0.3177786386946131 0.3462957976413561
    outer loop
      vertex -16.2710885030444 -6.4421796719818625 14.9
      vertex -28.93697525432129 -9.4021932095332 49.9
      vertex -28.289506147338557 -11.200607838786647 49.9
    endloop
  endfacet
  facet normal 0.937662467459672 -0.02946723016125255 0.34629579764135615
    outer loop
      vertex -17.5 0 14.9
      vertex -17.465467747494753 1.0988340917629824 14.9
      vertex -30.366097333712467 1.9104729095424577 49.9
    endloop
  endfacet
  facet normal 0.9339619420778424 -0.08828539678860732 0.3462957976413562
    outer loop
      vertex -17.465467747494753 1.0988340917629824 14.9
      vertex -17.362007273003364 2.193331587375321 14.9
      vertex -30.186217190562665 3.8134060553230014 49.9
    endloop
  endfacet
  facet normal 0.9265754955972553 -0.14675514128860276 0.34629579764135615
    outer loop
      vertex -17.362007273003364 2.193331587375321 14.9
      vertex -17.19002688775205 3.2791730052501844 14.9
      vertex -29.88720583893254 5.701289429582706 49.9
    endloop
  endfacet
  facet normal 0.9155322789476238 -0.2046457102919758 0.3462957976413563
    outer loop
      vertex -17.19002688775205 3.2791730052501844 14.9
      vertex -16.950205319751042 4.35207302538496 14.9
      vertex -29.470243340021703 7.566672419135214 49.9
    endloop
  endfacet
  facet normal 0.9008758746598985 -0.26172863617055653 0.34629579764135615
    outer loop
      vertex -16.950205319751042 4.35207302538496 14.9
      vertex -16.643489035165185 5.407797401561579 14.9
      vertex -28.93697525432129 9.4021932095332 49.9
    endloop
  endfacet
  facet normal 0.882664124865929 -0.31777863869461176 0.34629579764135615
    outer loop
      vertex -16.643489035165185 5.407797401561579 14.9
      vertex -16.2710885030444 6.4421796719818625 14.9
      vertex -28.289506147338557 11.200607838786647 49.9
    endloop
  endfacet
  facet normal 0.860968903021993 -0.3725745141109933 0.34629579764135604
    outer loop
      vertex -16.2710885030444 6.4421796719818625 14.9
      vertex -15.834473418155342 7.451137602388767 14.9
      vertex -27.530391283838263 12.95481878597138 49.9
    endloop
  endfacet
  facet normal 0.8358758302571068 -0.42590000813328166 0.3462957976413561
    outer loop
      vertex -15.834473418155342 7.451137602388767 14.9
      vertex -15.33536690076761 8.430689296780018 14.9
      vertex -26.66262654338005 14.657902981901623 49.9
    endloop
  endfacet
  facet normal 0.8074839374655385 -0.4775446693986723 0.3462957976413561
    outer loop
      vertex -15.33536690076761 8.430689296780018 14.9
      vertex -14.775738696285261 9.376968912132444 14.9
      vertex -25.68963659695051 16.303139131321178 49.9
    endloop
  endfacet
  facet normal 0.775905274477114 -0.5273046800233536 0.34629579764135604
    outer loop
      vertex -14.775738696285261 9.376968912132444 14.9
      vertex -14.15779740156158 10.28624191511828 14.9
      vertex -24.615261391351382 17.88403423878519 49.9
    endloop
  endfacet
  facet normal 0.7412644678477288 -0.5749836599785774 0.34629579764135615
    outer loop
      vertex -14.15779740156158 10.28624191511828 14.9
      vertex -13.483981748576314 11.15491982060207 14.9
      vertex -23.443740994683818 19.394349233546777 49.9
    endloop
  endfacet
  facet normal 0.7036982290152705 -0.6203934421129135 0.3462957976413562
    outer loop
      vertex -13.483981748576314 11.15491982060207 14.9
      vertex -12.756950979874704 11.97957435375205 14.9
      vertex -22.1796988627367 20.828123592318903 49.9
    endloop
  endfacet
  facet normal 0.663354814762031 -0.663354814762031 0.3462957976413561
    outer loop
      vertex -12.756950979874704 11.97957435375205 14.9
      vertex -11.97957435375205 12.756950979874704 14.9
      vertex -20.828123592318903 22.1796988627367 49.9
    endloop
  endfacet
  facet normal 0.6203934421129135 -0.7036982290152705 0.3462957976413561
    outer loop
      vertex -11.97957435375205 12.756950979874704 14.9
      vertex -11.15491982060207 13.483981748576314 14.9
      vertex -19.394349233546777 23.443740994683818 49.9
    endloop
  endfacet
  facet normal 0.5749836599785774 -0.7412644678477288 0.3462957976413561
    outer loop
      vertex -11.15491982060207 13.483981748576314 14.9
      vertex -10.28624191511828 14.15779740156158 14.9
      vertex -17.88403423878519 24.615261391351382 49.9
    endloop
  endfacet
  facet normal 0.5273046800233536 -0.775905274477114 0.3462957976413561
    outer loop
      vertex -10.28624191511828 14.15779740156158 14.9
      vertex -9.376968912132444 14.775738696285261 14.9
      vertex -16.303139131321178 25.68963659695051 49.9
    endloop
  endfacet
  facet normal 0.4775446693986728 -0.8074839374655383 0.3462957976413561
    outer loop
      vertex -9.376968912132444 14.775738696285261 14.9
      vertex -8.430689296780017 15.335366900767612 14.9
      vertex -14.657902981901618 26.662626543380053 49.9
    endloop
  endfacet
  facet normal 0.9376624674596722 -0.029467230161252286 0.34629579764135615
    outer loop
      vertex -17.5 0 14.9
      vertex -30.366097333712467 1.9104729095424577 49.9
      vertex -30.426136363636363 0 49.9
    endloop
  endfacet
  facet normal 0.9339619420778424 -0.08828539678860767 0.3462957976413562
    outer loop
      vertex -17.465467747494753 1.0988340917629824 14.9
      vertex -30.186217190562665 3.8134060553230014 49.9
      vertex -30.366097333712467 1.9104729095424577 49.9
    endloop
  endfacet
  facet normal 0.9265754955972553 -0.14675514128860273 0.34629579764135615
    outer loop
      vertex -17.362007273003364 2.193331587375321 14.9
      vertex -29.88720583893254 5.701289429582706 49.9
      vertex -30.186217190562665 3.8134060553230014 49.9
    endloop
  endfacet
  facet normal 0.9155322789476247 -0.20464571029197218 0.34629579764135615
    outer loop
      vertex -17.19002688775205 3.2791730052501844 14.9
      vertex -29.470243340021703 7.566672419135214 49.9
      vertex -29.88720583893254 5.701289429582706 49.9
    endloop
  endfacet
  facet normal 0.900875874659898 -0.2617286361705582 0.3462957976413563
    outer loop
      vertex -16.950205319751042 4.35207302538496 14.9
      vertex -28.93697525432129 9.4021932095332 49.9
      vertex -29.470243340021703 7.566672419135214 49.9
    endloop
  endfacet
  facet normal 0.8826641248659284 -0.31777863869461315 0.3462957976413562
    outer loop
      vertex -16.643489035165185 5.407797401561579 14.9
      vertex -28.289506147338557 11.200607838786647 49.9
      vertex -28.93697525432129 9.4021932095332 49.9
    endloop
  endfacet
  facet normal 0.860968903021993 -0.37257451411099385 0.34629579764135615
    outer loop
      vertex -16.2710885030444 6.4421796719818625 14.9
      vertex -27.530391283838263 12.95481878597138 49.9
      vertex -28.289506147338557 11.200607838786647 49.9
    endloop
  endfacet
  facet normal 0.8358758302571072 -0.42590000813328066 0.34629579764135604
    outer loop
      vertex -15.834473418155342 7.451137602388767 14.9
      vertex -26.66262654338005 14.657902981901623 49.9
      vertex -27.530391283838263 12.95481878597138 49.9
    endloop
  endfacet
  facet normal 0.8074839374655381 -0.477544669398673 0.34629579764135626
    outer loop
      vertex -15.33536690076761 8.430689296780018 14.9
      vertex -25.68963659695051 16.303139131321178 49.9
      vertex -26.66262654338005 14.657902981901623 49.9
    endloop
  endfacet
  facet normal 0.7759052744771134 -0.5273046800233542 0.3462957976413561
    outer loop
      vertex -14.775738696285261 9.376968912132444 14.9
      vertex -24.615261391351382 17.88403423878519 49.9
      vertex -25.68963659695051 16.303139131321178 49.9
    endloop
  endfacet
  facet normal 0.7412644678477293 -0.5749836599785768 0.3462957976413562
    outer loop
      vertex -14.15779740156158 10.28624191511828 14.9
      vertex -23.443740994683818 19.394349233546777 49.9
      vertex -24.615261391351382 17.88403423878519 49.9
    endloop
  endfacet
  facet normal 0.7036982290152705 -0.6203934421129133 0.34629579764135615
    outer loop
      vertex -13.483981748576314 11.15491982060207 14.9
      vertex -22.1796988627367 20.828123592318903 49.9
      vertex -23.443740994683818 19.394349233546777 49.9
    endloop
  endfacet
  facet normal 0.6633548147620307 -0.6633548147620315 0.34629579764135615
    outer loop
      vertex -12.756950979874704 11.97957435375205 14.9
      vertex -20.828123592318903 22.1796988627367 49.9
      vertex -22.1796988627367 20.828123592318903 49.9
    endloop
  endfacet
  facet normal 0.6203934421129124 -0.7036982290152711 0.34629579764135626
    outer loop
      vertex -11.97957435375205 12.756950979874704 14.9
      vertex -19.394349233546777 23.443740994683818 49.9
      vertex -20.828123592318903 22.1796988627367 49.9
    endloop
  endfacet
  facet normal 0.5749836599785768 -0.7412644678477293 0.3462957976413562
    outer loop
      vertex -11.15491982060207 13.483981748576314 14.9
      vertex -17.88403423878519 24.615261391351382 49.9
      vertex -19.394349233546777 23.443740994683818 49.9
    endloop
  endfacet
  facet normal 0.5273046800233544 -0.7759052744771134 0.3462957976413562
    outer loop
      vertex -10.28624191511828 14.15779740156158 14.9
      vertex -16.303139131321178 25.68963659695051 49.9
      vertex -17.88403423878519 24.615261391351382 49.9
    endloop
  endfacet
  facet normal 0.47754466939867307 -0.8074839374655379 0.34629579764135626
    outer loop
      vertex -9.376968912132444 14.775738696285261 14.9
      vertex -14.657902981901618 26.662626543380053 49.9
      vertex -16.303139131321178 25.68963659695051 49.9
    endloop
  endfacet
  facet normal 0.42590000813328105 -0.835875830257107 0.34629579764135604
    outer loop
      vertex -8.430689296780017 15.335366900767612 14.9
      vertex -12.954818785971389 27.53039128383826 49.9
      vertex -14.657902981901618 26.662626543380053 49.9
    endloop
  endfacet
  facet normal 0.3725745141109933 0.860968903021993 0.3462957976413561
    outer loop
      vertex -7.451137602388767 -15.834473418155342 14.9
      vertex -12.95481878597138 -27.530391283838263 49.9
      vertex -6.4421796719818625 -16.2710885030444 14.9
    endloop
  endfacet
  facet normal 0.31777863869461176 0.882664124865929 0.34629579764135615
    outer loop
      vertex -5.407797401561579 -16.643489035165185 14.9
      vertex -6.4421796719818625 -16.2710885030444 14.9
      vertex -11.200607838786647 -28.289506147338557 49.9
    endloop
  endfacet
  facet normal 0.26172863617055653 0.9008758746598985 0.34629579764135615
    outer loop
      vertex -5.407797401561579 -16.643489035165185 14.9
      vertex -9.4021932095332 -28.93697525432129 49.9
      vertex -4.35207302538496 -16.950205319751042 14.9
    endloop
  endfacet
  facet normal 0.2046457102919758 0.9155322789476238 0.3462957976413563
    outer loop
      vertex -4.35207302538496 -16.950205319751042 14.9
      vertex -7.566672419135214 -29.470243340021703 49.9
      vertex -3.2791730052501844 -17.19002688775205 14.9
    endloop
  endfacet
  facet normal 0.14675514128860276 0.9265754955972553 0.34629579764135615
    outer loop
      vertex -3.2791730052501844 -17.19002688775205 14.9
      vertex -5.701289429582706 -29.88720583893254 49.9
      vertex -2.193331587375321 -17.362007273003364 14.9
    endloop
  endfacet
  facet normal 0.08828539678860797 0.9339619420778423 0.3462957976413562
    outer loop
      vertex -2.193331587375321 -17.362007273003364 14.9
      vertex -1.9104729095424726 -30.366097333712467 49.9
      vertex -1.0988340917629908 -17.465467747494753 14.9
    endloop
  endfacet
  facet normal 0.029467230161252324 0.9376624674596721 0.3462957976413562
    outer loop
      vertex -1.0988340917629908 -17.465467747494753 14.9
      vertex -1.9104729095424726 -30.366097333712467 49.9
      vertex 0 -17.5 14.9
    endloop
  endfacet
  facet normal -0.029467230161252324 0.9376624674596721 0.3462957976413562
    outer loop
      vertex 0 -17.5 14.9
      vertex 0 -30.426136363636363 49.9
      vertex 1.0988340917629908 -17.465467747494753 14.9
    endloop
  endfacet
  facet normal -0.08828539678860797 0.9339619420778423 0.3462957976413562
    outer loop
      vertex 1.0988340917629908 -17.465467747494753 14.9
      vertex 1.9104729095424726 -30.366097333712467 49.9
      vertex 2.193331587375321 -17.362007273003364 14.9
    endloop
  endfacet
  facet normal -0.14675514128860276 0.9265754955972553 0.34629579764135615
    outer loop
      vertex 2.193331587375321 -17.362007273003364 14.9
      vertex 3.8134060553230014 -30.186217190562665 49.9
      vertex 3.2791730052501844 -17.19002688775205 14.9
    endloop
  endfacet
  facet normal -0.20464571029197423 0.9155322789476242 0.34629579764135615
    outer loop
      vertex 3.2791730052501844 -17.19002688775205 14.9
      vertex 5.701289429582706 -29.88720583893254 49.9
      vertex 4.352073025384953 -16.950205319751046 14.9
    endloop
  endfacet
  facet normal -0.26172863617055775 0.9008758746598984 0.3462957976413561
    outer loop
      vertex 4.352073025384953 -16.950205319751046 14.9
      vertex 7.566672419135202 -29.470243340021703 49.9
      vertex 5.407797401561579 -16.643489035165185 14.9
    endloop
  endfacet
  facet normal -0.317778638694612 0.8826641248659289 0.34629579764135615
    outer loop
      vertex 5.407797401561579 -16.643489035165185 14.9
      vertex 9.4021932095332 -28.93697525432129 49.9
      vertex 6.442179671981871 -16.271088503044396 14.9
    endloop
  endfacet
  facet normal -0.37257451411099357 0.860968903021993 0.3462957976413561
    outer loop
      vertex 6.442179671981871 -16.271088503044396 14.9
      vertex 11.200607838786661 -28.28950614733855 49.9
      vertex 7.451137602388767 -15.834473418155342 14.9
    endloop
  endfacet
  facet normal 0.42590000813328166 0.8358758302571068 0.3462957976413561
    outer loop
      vertex -8.430689296780018 -15.33536690076761 14.9
      vertex -14.657902981901623 -26.66262654338005 49.9
      vertex -7.451137602388767 -15.834473418155342 14.9
    endloop
  endfacet
  facet normal -0.42590000813328166 0.8358758302571068 0.34629579764135604
    outer loop
      vertex 7.451137602388767 -15.834473418155342 14.9
      vertex 12.95481878597138 -27.530391283838263 49.9
      vertex 8.430689296780018 -15.33536690076761 14.9
    endloop
  endfacet
  facet normal -0.4775446693986718 0.8074839374655387 0.34629579764135615
    outer loop
      vertex 8.430689296780018 -15.33536690076761 14.9
      vertex 14.657902981901623 -26.66262654338005 49.9
      vertex 9.376968912132433 -14.775738696285268 14.9
    endloop
  endfacet
  facet normal -0.5273046800233536 0.775905274477114 0.3462957976413561
    outer loop
      vertex 9.376968912132433 -14.775738696285268 14.9
      vertex 16.30313913132116 -25.68963659695052 49.9
      vertex 10.28624191511828 -14.15779740156158 14.9
    endloop
  endfacet
  facet normal -0.5749836599785781 0.7412644678477284 0.34629579764135615
    outer loop
      vertex 10.28624191511828 -14.15779740156158 14.9
      vertex 17.88403423878519 -24.615261391351382 49.9
      vertex 11.154919820602075 -13.483981748576308 14.9
    endloop
  endfacet
  facet normal -0.6203934421129131 0.7036982290152708 0.3462957976413561
    outer loop
      vertex 11.154919820602075 -13.483981748576308 14.9
      vertex 19.394349233546787 -23.443740994683807 49.9
      vertex 11.97957435375205 -12.756950979874704 14.9
    endloop
  endfacet
  facet normal -0.663354814762031 0.663354814762031 0.3462957976413561
    outer loop
      vertex 11.97957435375205 -12.756950979874704 14.9
      vertex 20.828123592318903 -22.1796988627367 49.9
      vertex 12.756950979874704 -11.97957435375205 14.9
    endloop
  endfacet
  facet normal -0.7036982290152708 0.6203934421129131 0.3462957976413561
    outer loop
      vertex 12.756950979874704 -11.97957435375205 14.9
      vertex 22.1796988627367 -20.828123592318903 49.9
      vertex 13.483981748576308 -11.154919820602075 14.9
    endloop
  endfacet
  facet normal -0.7412644678477284 0.5749836599785781 0.34629579764135615
    outer loop
      vertex 13.483981748576308 -11.154919820602075 14.9
      vertex 23.443740994683807 -19.394349233546787 49.9
      vertex 14.15779740156158 -10.28624191511828 14.9
    endloop
  endfacet
  facet normal -0.775905274477114 0.5273046800233536 0.3462957976413561
    outer loop
      vertex 14.15779740156158 -10.28624191511828 14.9
      vertex 24.615261391351382 -17.88403423878519 49.9
      vertex 14.775738696285268 -9.376968912132433 14.9
    endloop
  endfacet
  facet normal -0.8074839374655388 0.47754466939867185 0.3462957976413561
    outer loop
      vertex 14.775738696285268 -9.376968912132433 14.9
      vertex 25.68963659695052 -16.30313913132116 49.9
      vertex 15.33536690076761 -8.430689296780018 14.9
    endloop
  endfacet
  facet normal -0.8358758302571068 0.42590000813328166 0.3462957976413561
    outer loop
      vertex 15.33536690076761 -8.430689296780018 14.9
      vertex 26.66262654338005 -14.657902981901623 49.9
      vertex 15.834473418155342 -7.451137602388767 14.9
    endloop
  endfacet
  facet normal -0.860968903021993 0.37257451411099357 0.3462957976413561
    outer loop
      vertex 15.834473418155342 -7.451137602388767 14.9
      vertex 27.530391283838263 -12.95481878597138 49.9
      vertex 16.271088503044396 -6.442179671981871 14.9
    endloop
  endfacet
  facet normal -0.8826641248659289 0.317778638694612 0.34629579764135604
    outer loop
      vertex 16.271088503044396 -6.442179671981871 14.9
      vertex 28.28950614733855 -11.200607838786661 49.9
      vertex 16.643489035165185 -5.407797401561579 14.9
    endloop
  endfacet
  facet normal -0.9008758746598984 0.26172863617055775 0.3462957976413562
    outer loop
      vertex 16.643489035165185 -5.407797401561579 14.9
      vertex 28.93697525432129 -9.4021932095332 49.9
      vertex 16.950205319751046 -4.352073025384953 14.9
    endloop
  endfacet
  facet normal -0.9155322789476242 0.20464571029197423 0.34629579764135615
    outer loop
      vertex 16.950205319751046 -4.352073025384953 14.9
      vertex 29.470243340021703 -7.566672419135202 49.9
      vertex 17.19002688775205 -3.2791730052501844 14.9
    endloop
  endfacet
  facet normal -0.9265754955972553 0.14675514128860276 0.34629579764135615
    outer loop
      vertex 17.19002688775205 -3.2791730052501844 14.9
      vertex 29.88720583893254 -5.701289429582706 49.9
      vertex 17.362007273003364 -2.193331587375321 14.9
    endloop
  endfacet
  facet normal -0.9339619420778423 0.08828539678860797 0.34629579764135615
    outer loop
      vertex 17.362007273003364 -2.193331587375321 14.9
      vertex 30.186217190562665 -3.8134060553230014 49.9
      vertex 17.465467747494753 -1.0988340917629908 14.9
    endloop
  endfacet
  facet normal -0.9376624674596721 0.029467230161252324 0.3462957976413562
    outer loop
      vertex 17.465467747494753 -1.0988340917629908 14.9
      vertex 30.366097333712467 -1.9104729095424726 49.9
      vertex 17.5 0 14.9
    endloop
  endfacet
  facet normal 0.2617286361705582 0.900875874659898 0.3462957976413563
    outer loop
      vertex -4.35207302538496 -16.950205319751042 14.9
      vertex -9.4021932095332 -28.93697525432129 49.9
      vertex -7.566672419135214 -29.470243340021703 49.9
    endloop
  endfacet
  facet normal 0.20464571029197218 0.9155322789476247 0.34629579764135615
    outer loop
      vertex -3.2791730052501844 -17.19002688775205 14.9
      vertex -7.566672419135214 -29.470243340021703 49.9
      vertex -5.701289429582706 -29.88720583893254 49.9
    endloop
  endfacet
  facet normal 0.14675514128860273 0.9265754955972553 0.34629579764135615
    outer loop
      vertex -2.193331587375321 -17.362007273003364 14.9
      vertex -5.701289429582706 -29.88720583893254 49.9
      vertex -3.8134060553230014 -30.186217190562665 49.9
    endloop
  endfacet
  facet normal 0.37257451411099385 0.860968903021993 0.34629579764135615
    outer loop
      vertex -6.4421796719818625 -16.2710885030444 14.9
      vertex -12.95481878597138 -27.530391283838263 49.9
      vertex -11.200607838786647 -28.289506147338557 49.9
    endloop
  endfacet
  facet normal 0.31777863869461315 0.8826641248659284 0.3462957976413562
    outer loop
      vertex -5.407797401561579 -16.643489035165185 14.9
      vertex -11.200607838786647 -28.289506147338557 49.9
      vertex -9.4021932095332 -28.93697525432129 49.9
    endloop
  endfacet
  facet normal 0.08828539678860833 0.9339619420778423 0.34629579764135615
    outer loop
      vertex -2.193331587375321 -17.362007273003364 14.9
      vertex -3.8134060553230014 -30.186217190562665 49.9
      vertex -1.9104729095424726 -30.366097333712467 49.9
    endloop
  endfacet
  facet normal 0.029467230161252057 0.9376624674596722 0.34629579764135615
    outer loop
      vertex 0 -17.5 14.9
      vertex -1.9104729095424726 -30.366097333712467 49.9
      vertex 0 -30.426136363636363 49.9
    endloop
  endfacet
  facet normal -0.029467230161252855 0.9376624674596721 0.34629579764135615
    outer loop
      vertex 1.0988340917629908 -17.465467747494753 14.9
      vertex 0 -30.426136363636363 49.9
      vertex 1.9104729095424726 -30.366097333712467 49.9
    endloop
  endfacet
  facet normal -0.08828539678860833 0.9339619420778423 0.34629579764135615
    outer loop
      vertex 2.193331587375321 -17.362007273003364 14.9
      vertex 1.9104729095424726 -30.366097333712467 49.9
      vertex 3.8134060553230014 -30.186217190562665 49.9
    endloop
  endfacet
  facet normal -0.14675514128860276 0.9265754955972552 0.3462957976413562
    outer loop
      vertex 3.2791730052501844 -17.19002688775205 14.9
      vertex 3.8134060553230014 -30.186217190562665 49.9
      vertex 5.701289429582706 -29.88720583893254 49.9
    endloop
  endfacet
  facet normal -0.20464571029197354 0.9155322789476243 0.34629579764135615
    outer loop
      vertex 4.352073025384953 -16.950205319751046 14.9
      vertex 5.701289429582706 -29.88720583893254 49.9
      vertex 7.566672419135202 -29.470243340021703 49.9
    endloop
  endfacet
  facet normal -0.26172863617055653 0.9008758746598987 0.3462957976413561
    outer loop
      vertex 5.407797401561579 -16.643489035165185 14.9
      vertex 7.566672419135202 -29.470243340021703 49.9
      vertex 9.4021932095332 -28.93697525432129 49.9
    endloop
  endfacet
  facet normal -0.31777863869461453 0.8826641248659282 0.34629579764135615
    outer loop
      vertex 6.442179671981871 -16.271088503044396 14.9
      vertex 9.4021932095332 -28.93697525432129 49.9
      vertex 11.200607838786661 -28.28950614733855 49.9
    endloop
  endfacet
  facet normal -0.3725745141109929 0.8609689030219932 0.34629579764135615
    outer loop
      vertex 7.451137602388767 -15.834473418155342 14.9
      vertex 11.200607838786661 -28.28950614733855 49.9
      vertex 12.95481878597138 -27.530391283838263 49.9
    endloop
  endfacet
  facet normal -0.42590000813328066 0.8358758302571072 0.34629579764135593
    outer loop
      vertex 8.430689296780018 -15.33536690076761 14.9
      vertex 12.95481878597138 -27.530391283838263 49.9
      vertex 14.657902981901623 -26.66262654338005 49.9
    endloop
  endfacet
  facet normal -0.4775446693986732 0.8074839374655381 0.346295797641356
    outer loop
      vertex 9.376968912132433 -14.775738696285268 14.9
      vertex 14.657902981901623 -26.66262654338005 49.9
      vertex 16.30313913132116 -25.68963659695052 49.9
    endloop
  endfacet
  facet normal -0.5273046800233536 0.775905274477114 0.34629579764135615
    outer loop
      vertex 10.28624191511828 -14.15779740156158 14.9
      vertex 16.30313913132116 -25.68963659695052 49.9
      vertex 17.88403423878519 -24.615261391351382 49.9
    endloop
  endfacet
  facet normal -0.5749836599785778 0.7412644678477285 0.3462957976413562
    outer loop
      vertex 11.154919820602075 -13.483981748576308 14.9
      vertex 17.88403423878519 -24.615261391351382 49.9
      vertex 19.394349233546787 -23.443740994683807 49.9
    endloop
  endfacet
  facet normal -0.6203934421129125 0.7036982290152711 0.34629579764135626
    outer loop
      vertex 11.97957435375205 -12.756950979874704 14.9
      vertex 19.394349233546787 -23.443740994683807 49.9
      vertex 20.828123592318903 -22.1796988627367 49.9
    endloop
  endfacet
  facet normal -0.6633548147620307 0.6633548147620315 0.34629579764135615
    outer loop
      vertex 12.756950979874704 -11.97957435375205 14.9
      vertex 20.828123592318903 -22.1796988627367 49.9
      vertex 22.1796988627367 -20.828123592318903 49.9
    endloop
  endfacet
  facet normal -0.7036982290152709 0.620393442112913 0.3462957976413561
    outer loop
      vertex 13.483981748576308 -11.154919820602075 14.9
      vertex 22.1796988627367 -20.828123592318903 49.9
      vertex 23.443740994683807 -19.394349233546787 49.9
    endloop
  endfacet
  facet normal -0.7412644678477288 0.5749836599785777 0.34629579764135593
    outer loop
      vertex 14.15779740156158 -10.28624191511828 14.9
      vertex 23.443740994683807 -19.394349233546787 49.9
      vertex 24.615261391351382 -17.88403423878519 49.9
    endloop
  endfacet
  facet normal -0.7759052744771141 0.5273046800233534 0.34629579764135604
    outer loop
      vertex 14.775738696285268 -9.376968912132433 14.9
      vertex 24.615261391351382 -17.88403423878519 49.9
      vertex 25.68963659695052 -16.30313913132116 49.9
    endloop
  endfacet
  facet normal -0.8074839374655383 0.4775446693986726 0.3462957976413565
    outer loop
      vertex 15.33536690076761 -8.430689296780018 14.9
      vertex 25.68963659695052 -16.30313913132116 49.9
      vertex 26.66262654338005 -14.657902981901623 49.9
    endloop
  endfacet
  facet normal -0.8358758302571072 0.42590000813328066 0.34629579764135604
    outer loop
      vertex 15.834473418155342 -7.451137602388767 14.9
      vertex 26.66262654338005 -14.657902981901623 49.9
      vertex 27.530391283838263 -12.95481878597138 49.9
    endloop
  endfacet
  facet normal -0.8609689030219931 0.3725745141109936 0.346295797641356
    outer loop
      vertex 16.271088503044396 -6.442179671981871 14.9
      vertex 27.530391283838263 -12.95481878597138 49.9
      vertex 28.28950614733855 -11.200607838786661 49.9
    endloop
  endfacet
  facet normal -0.8826641248659284 0.3177786386946137 0.34629579764135615
    outer loop
      vertex 16.643489035165185 -5.407797401561579 14.9
      vertex 28.28950614733855 -11.200607838786661 49.9
      vertex 28.93697525432129 -9.4021932095332 49.9
    endloop
  endfacet
  facet normal -0.9008758746598987 0.2617286361705566 0.34629579764135615
    outer loop
      vertex 16.950205319751046 -4.352073025384953 14.9
      vertex 28.93697525432129 -9.4021932095332 49.9
      vertex 29.470243340021703 -7.566672419135202 49.9
    endloop
  endfacet
  facet normal -0.9155322789476243 0.20464571029197345 0.3462957976413561
    outer loop
      vertex 17.19002688775205 -3.2791730052501844 14.9
      vertex 29.470243340021703 -7.566672419135202 49.9
      vertex 29.88720583893254 -5.701289429582706 49.9
    endloop
  endfacet
  facet normal -0.9265754955972553 0.14675514128860273 0.34629579764135615
    outer loop
      vertex 17.362007273003364 -2.193331587375321 14.9
      vertex 29.88720583893254 -5.701289429582706 49.9
      vertex 30.186217190562665 -3.8134060553230014 49.9
    endloop
  endfacet
  facet normal -0.9339619420778423 0.08828539678860833 0.3462957976413562
    outer loop
      vertex 17.465467747494753 -1.0988340917629908 14.9
      vertex 30.186217190562665 -3.8134060553230014 49.9
      vertex 30.366097333712467 -1.9104729095424726 49.9
    endloop
  endfacet
  facet normal -0.9376624674596722 0.029467230161252307 0.34629579764135615
    outer loop
      vertex 30.366097333712467 -1.9104729095424726 49.9
      vertex 30.426136363636363 0 49.9
      vertex 17.5 0 14.9
    endloop
  endfacet
  facet normal 0.4259000081332817 -0.8358758302571068 0.34629579764135615
    outer loop
      vertex -8.430689296780017 15.335366900767612 14.9
      vertex -7.451137602388773 15.83447341815534 14.9
      vertex -12.954818785971389 27.53039128383826 49.9
    endloop
  endfacet
  facet normal -0.4259000081332817 -0.8358758302571068 0.3462957976413562
    outer loop
      vertex 7.451137602388773 15.83447341815534 14.9
      vertex 8.430689296780017 15.335366900767612 14.9
      vertex 14.657902981901618 26.662626543380053 49.9
    endloop
  endfacet
  facet normal -0.7412644678477278 -0.5749836599785786 0.3462957976413561
    outer loop
      vertex 13.48398174857631 11.154919820602071 14.9
      vertex 14.15779740156158 10.28624191511828 14.9
      vertex 24.615261391351382 17.88403423878519 49.9
    endloop
  endfacet
  facet normal -0.7036982290152719 -0.6203934421129118 0.3462957976413561
    outer loop
      vertex 13.48398174857631 11.154919820602071 14.9
      vertex 23.44374099468381 19.39434923354678 49.9
      vertex 12.756950979874702 11.979574353752053 14.9
    endloop
  endfacet
  facet normal -0.5749836599785786 -0.7412644678477278 0.3462957976413561
    outer loop
      vertex 11.154919820602071 13.48398174857631 14.9
      vertex 19.39434923354678 23.44374099468381 49.9
      vertex 10.28624191511828 14.15779740156158 14.9
    endloop
  endfacet
  facet normal -0.527304680023355 -0.775905274477113 0.3462957976413561
    outer loop
      vertex 9.376968912132442 14.775738696285265 14.9
      vertex 10.28624191511828 14.15779740156158 14.9
      vertex 17.88403423878519 24.615261391351382 49.9
    endloop
  endfacet
  facet normal -0.47754466939867124 -0.8074839374655391 0.34629579764135604
    outer loop
      vertex 8.430689296780017 15.335366900767612 14.9
      vertex 9.376968912132442 14.775738696285265 14.9
      vertex 16.303139131321174 25.689636596950514 49.9
    endloop
  endfacet
  facet normal -0.663354814762031 -0.663354814762031 0.34629579764135615
    outer loop
      vertex 11.979574353752053 12.756950979874702 14.9
      vertex 12.756950979874702 11.979574353752053 14.9
      vertex 22.179698862736696 20.82812359231891 49.9
    endloop
  endfacet
  facet normal -0.6203934421129118 -0.7036982290152719 0.34629579764135615
    outer loop
      vertex 11.154919820602071 13.48398174857631 14.9
      vertex 11.979574353752053 12.756950979874702 14.9
      vertex 20.82812359231891 22.179698862736696 49.9
    endloop
  endfacet
  facet normal 0.37257451411099296 -0.8609689030219931 0.3462957976413561
    outer loop
      vertex -7.451137602388773 15.83447341815534 14.9
      vertex -6.4421796719818625 16.2710885030444 14.9
      vertex -11.200607838786647 28.289506147338557 49.9
    endloop
  endfacet
  facet normal 0.3177786386946117 -0.8826641248659289 0.3462957976413562
    outer loop
      vertex -6.4421796719818625 16.2710885030444 14.9
      vertex -5.407797401561579 16.643489035165185 14.9
      vertex -9.4021932095332 28.93697525432129 49.9
    endloop
  endfacet
  facet normal 0.26172863617055653 -0.9008758746598985 0.3462957976413562
    outer loop
      vertex -5.407797401561579 16.643489035165185 14.9
      vertex -4.35207302538496 16.950205319751042 14.9
      vertex -7.566672419135214 29.470243340021703 49.9
    endloop
  endfacet
  facet normal 0.204645710291975 -0.9155322789476239 0.34629579764135615
    outer loop
      vertex -4.35207302538496 16.950205319751042 14.9
      vertex -3.27917300525018 17.19002688775205 14.9
      vertex -5.701289429582699 29.887205838932545 49.9
    endloop
  endfacet
  facet normal 0.14675514128860384 -0.926575495597255 0.34629579764135615
    outer loop
      vertex -3.27917300525018 17.19002688775205 14.9
      vertex -2.193331587375325 17.362007273003364 14.9
      vertex -3.813406055323008 30.186217190562665 49.9
    endloop
  endfacet
  facet normal 0.08828539678860699 -0.9339619420778424 0.3462957976413562
    outer loop
      vertex -2.193331587375325 17.362007273003364 14.9
      vertex -1.0988340917629824 17.465467747494753 14.9
      vertex -1.9104729095424577 30.366097333712467 49.9
    endloop
  endfacet
  facet normal 0.02946723016125255 -0.937662467459672 0.34629579764135615
    outer loop
      vertex -1.0988340917629824 17.465467747494753 14.9
      vertex 0 17.5 14.9
      vertex 0 30.426136363636363 49.9
    endloop
  endfacet
  facet normal -0.02946723016125255 -0.937662467459672 0.34629579764135615
    outer loop
      vertex 0 17.5 14.9
      vertex 1.0988340917629824 17.465467747494753 14.9
      vertex 1.9104729095424577 30.366097333712467 49.9
    endloop
  endfacet
  facet normal -0.08828539678860699 -0.9339619420778424 0.3462957976413562
    outer loop
      vertex 1.0988340917629824 17.465467747494753 14.9
      vertex 2.193331587375325 17.362007273003364 14.9
      vertex 1.9104729095424577 30.366097333712467 49.9
    endloop
  endfacet
  facet normal -0.14675514128860384 -0.926575495597255 0.3462957976413562
    outer loop
      vertex 2.193331587375325 17.362007273003364 14.9
      vertex 3.27917300525018 17.19002688775205 14.9
      vertex 5.701289429582699 29.887205838932545 49.9
    endloop
  endfacet
  facet normal -0.204645710291975 -0.9155322789476239 0.34629579764135626
    outer loop
      vertex 3.27917300525018 17.19002688775205 14.9
      vertex 4.35207302538496 16.950205319751042 14.9
      vertex 7.566672419135214 29.470243340021703 49.9
    endloop
  endfacet
  facet normal -0.26172863617055653 -0.9008758746598985 0.34629579764135615
    outer loop
      vertex 4.35207302538496 16.950205319751042 14.9
      vertex 5.407797401561579 16.643489035165185 14.9
      vertex 9.4021932095332 28.93697525432129 49.9
    endloop
  endfacet
  facet normal -0.31777863869461176 -0.882664124865929 0.34629579764135615
    outer loop
      vertex 5.407797401561579 16.643489035165185 14.9
      vertex 6.4421796719818625 16.2710885030444 14.9
      vertex 11.200607838786647 28.289506147338557 49.9
    endloop
  endfacet
  facet normal -0.37257451411099296 -0.8609689030219931 0.3462957976413561
    outer loop
      vertex 6.4421796719818625 16.2710885030444 14.9
      vertex 7.451137602388773 15.83447341815534 14.9
      vertex 12.954818785971389 27.53039128383826 49.9
    endloop
  endfacet
  facet normal -0.926575495597255 -0.14675514128860367 0.3462957976413561
    outer loop
      vertex 17.362007273003364 2.1933315873753245 14.9
      vertex 30.186217190562665 3.813406055323007 49.9
      vertex 17.19002688775205 3.279173005250181 14.9
    endloop
  endfacet
  facet normal -0.9155322789476239 -0.20464571029197537 0.34629579764135626
    outer loop
      vertex 17.19002688775205 3.279173005250181 14.9
      vertex 29.887205838932545 5.701289429582701 49.9
      vertex 16.950205319751042 4.352073025384959 14.9
    endloop
  endfacet
  facet normal -0.9376624674596721 -0.02946723016125251 0.34629579764135615
    outer loop
      vertex 17.5 0 14.9
      vertex 30.426136363636363 0 49.9
      vertex 17.465467747494753 1.098834091762984 14.9
    endloop
  endfacet
  facet normal -0.9339619420778424 -0.08828539678860715 0.3462957976413561
    outer loop
      vertex 17.465467747494753 1.098834091762984 14.9
      vertex 30.366097333712464 1.9104729095424609 49.9
      vertex 17.362007273003364 2.1933315873753245 14.9
    endloop
  endfacet
  facet normal -0.9008758746598986 -0.26172863617055636 0.34629579764135626
    outer loop
      vertex 16.950205319751042 4.352073025384959 14.9
      vertex 29.470243340021703 7.566672419135212 49.9
      vertex 16.643489035165185 5.407797401561579 14.9
    endloop
  endfacet
  facet normal -0.882664124865929 -0.3177786386946112 0.34629579764135615
    outer loop
      vertex 16.2710885030444 6.442179671981864 14.9
      vertex 16.643489035165185 5.407797401561579 14.9
      vertex 28.93697525432129 9.4021932095332 49.9
    endloop
  endfacet
  facet normal -0.8358758302571068 -0.425900008133282 0.3462957976413561
    outer loop
      vertex 15.834473418155342 7.451137602388772 14.9
      vertex 27.530391283838263 12.954818785971387 49.9
      vertex 15.335366900767612 8.430689296780018 14.9
    endloop
  endfacet
  facet normal -0.8609689030219935 -0.3725745141109925 0.34629579764135604
    outer loop
      vertex 16.2710885030444 6.442179671981864 14.9
      vertex 28.289506147338553 11.20060783878665 49.9
      vertex 15.834473418155342 7.451137602388772 14.9
    endloop
  endfacet
  facet normal -0.8074839374655387 -0.4775446693986719 0.3462957976413562
    outer loop
      vertex 15.335366900767612 8.430689296780018 14.9
      vertex 26.662626543380053 14.657902981901621 49.9
      vertex 14.775738696285265 9.376968912132442 14.9
    endloop
  endfacet
  facet normal -0.775905274477113 -0.527304680023355 0.3462957976413561
    outer loop
      vertex 14.15779740156158 10.28624191511828 14.9
      vertex 14.775738696285265 9.376968912132442 14.9
      vertex 25.689636596950514 16.303139131321174 49.9
    endloop
  endfacet
  facet normal -0.6203934421129113 -0.7036982290152725 0.34629579764135593
    outer loop
      vertex 11.154919820602071 13.48398174857631 14.9
      vertex 20.82812359231891 22.179698862736696 49.9
      vertex 19.39434923354678 23.44374099468381 49.9
    endloop
  endfacet
  facet normal 0.37257451411099357 -0.8609689030219931 0.3462957976413561
    outer loop
      vertex -7.451137602388773 15.83447341815534 14.9
      vertex -11.200607838786647 28.289506147338557 49.9
      vertex -12.954818785971389 27.53039128383826 49.9
    endloop
  endfacet
  facet normal 0.3177786386946131 -0.8826641248659284 0.3462957976413561
    outer loop
      vertex -6.4421796719818625 16.2710885030444 14.9
      vertex -9.4021932095332 28.93697525432129 49.9
      vertex -11.200607838786647 28.289506147338557 49.9
    endloop
  endfacet
  facet normal 0.2617286361705582 -0.9008758746598982 0.3462957976413561
    outer loop
      vertex -5.407797401561579 16.643489035165185 14.9
      vertex -7.566672419135214 29.470243340021703 49.9
      vertex -9.4021932095332 28.93697525432129 49.9
    endloop
  endfacet
  facet normal 0.204645710291973 -0.9155322789476243 0.3462957976413563
    outer loop
      vertex -4.35207302538496 16.950205319751042 14.9
      vertex -5.701289429582699 29.887205838932545 49.9
      vertex -7.566672419135214 29.470243340021703 49.9
    endloop
  endfacet
  facet normal 0.1467551412886022 -0.9265754955972553 0.3462957976413562
    outer loop
      vertex -3.27917300525018 17.19002688775205 14.9
      vertex -3.813406055323008 30.186217190562665 49.9
      vertex -5.701289429582699 29.887205838932545 49.9
    endloop
  endfacet
  facet normal 0.08828539678860735 -0.9339619420778424 0.34629579764135615
    outer loop
      vertex -2.193331587375325 17.362007273003364 14.9
      vertex -1.9104729095424577 30.366097333712467 49.9
      vertex -3.813406055323008 30.186217190562665 49.9
    endloop
  endfacet
  facet normal 0.029467230161253084 -0.9376624674596722 0.34629579764135615
    outer loop
      vertex -1.0988340917629824 17.465467747494753 14.9
      vertex 0 30.426136363636363 49.9
      vertex -1.9104729095424577 30.366097333712467 49.9
    endloop
  endfacet
  facet normal -0.029467230161252286 -0.9376624674596722 0.34629579764135615
    outer loop
      vertex 0 17.5 14.9
      vertex 1.9104729095424577 30.366097333712467 49.9
      vertex 0 30.426136363636363 49.9
    endloop
  endfacet
  facet normal -0.08828539678860735 -0.9339619420778424 0.34629579764135615
    outer loop
      vertex 2.193331587375325 17.362007273003364 14.9
      vertex 3.813406055323008 30.186217190562665 49.9
      vertex 1.9104729095424577 30.366097333712467 49.9
    endloop
  endfacet
  facet normal -0.31777863869461315 -0.8826641248659284 0.3462957976413562
    outer loop
      vertex 5.407797401561579 16.643489035165185 14.9
      vertex 11.200607838786647 28.289506147338557 49.9
      vertex 9.4021932095332 28.93697525432129 49.9
    endloop
  endfacet
  facet normal -0.3725745141109935 -0.8609689030219929 0.34629579764135615
    outer loop
      vertex 6.4421796719818625 16.2710885030444 14.9
      vertex 12.954818785971389 27.53039128383826 49.9
      vertex 11.200607838786647 28.289506147338557 49.9
    endloop
  endfacet
  facet normal -0.1467551412886022 -0.9265754955972553 0.34629579764135615
    outer loop
      vertex 2.193331587375325 17.362007273003364 14.9
      vertex 5.701289429582699 29.887205838932545 49.9
      vertex 3.813406055323008 30.186217190562665 49.9
    endloop
  endfacet
  facet normal -0.204645710291973 -0.9155322789476243 0.34629579764135626
    outer loop
      vertex 3.27917300525018 17.19002688775205 14.9
      vertex 7.566672419135214 29.470243340021703 49.9
      vertex 5.701289429582699 29.887205838932545 49.9
    endloop
  endfacet
  facet normal -0.2617286361705582 -0.900875874659898 0.3462957976413563
    outer loop
      vertex 4.35207302538496 16.950205319751042 14.9
      vertex 9.4021932095332 28.93697525432129 49.9
      vertex 7.566672419135214 29.470243340021703 49.9
    endloop
  endfacet
  facet normal -0.4259000081332803 -0.8358758302571074 0.34629579764135593
    outer loop
      vertex 7.451137602388773 15.83447341815534 14.9
      vertex 14.657902981901618 26.662626543380053 49.9
      vertex 12.954818785971389 27.53039128383826 49.9
    endloop
  endfacet
  facet normal -0.4775446693986725 -0.8074839374655385 0.34629579764135615
    outer loop
      vertex 8.430689296780017 15.335366900767612 14.9
      vertex 16.303139131321174 25.689636596950514 49.9
      vertex 14.657902981901618 26.662626543380053 49.9
    endloop
  endfacet
  facet normal -0.5749836599785785 -0.7412644678477279 0.346295797641356
    outer loop
      vertex 10.28624191511828 14.15779740156158 14.9
      vertex 19.39434923354678 23.44374099468381 49.9
      vertex 17.88403423878519 24.615261391351382 49.9
    endloop
  endfacet
  facet normal -0.5273046800233545 -0.7759052744771132 0.34629579764135604
    outer loop
      vertex 9.376968912132442 14.775738696285265 14.9
      vertex 17.88403423878519 24.615261391351382 49.9
      vertex 16.303139131321174 25.689636596950514 49.9
    endloop
  endfacet
  facet normal -0.9008758746598982 -0.26172863617055797 0.3462957976413561
    outer loop
      vertex 16.643489035165185 5.407797401561579 14.9
      vertex 29.470243340021703 7.566672419135212 49.9
      vertex 28.93697525432129 9.4021932095332 49.9
    endloop
  endfacet
  facet normal -0.8826641248659283 -0.31777863869461404 0.34629579764135615
    outer loop
      vertex 16.2710885030444 6.442179671981864 14.9
      vertex 28.93697525432129 9.4021932095332 49.9
      vertex 28.289506147338553 11.20060783878665 49.9
    endloop
  endfacet
  facet normal -0.9376624674596721 -0.029467230161254625 0.34629579764135604
    outer loop
      vertex 17.465467747494753 1.098834091762984 14.9
      vertex 30.426136363636363 0 49.9
      vertex 30.366097333712464 1.9104729095424609 49.9
    endloop
  endfacet
  facet normal -0.9339619420778426 -0.08828539678860595 0.34629579764135615
    outer loop
      vertex 17.362007273003364 2.1933315873753245 14.9
      vertex 30.366097333712464 1.9104729095424609 49.9
      vertex 30.186217190562665 3.813406055323007 49.9
    endloop
  endfacet
  facet normal -0.9265754955972554 -0.14675514128860204 0.34629579764135626
    outer loop
      vertex 17.19002688775205 3.279173005250181 14.9
      vertex 30.186217190562665 3.813406055323007 49.9
      vertex 29.887205838932545 5.701289429582701 49.9
    endloop
  endfacet
  facet normal -0.9155322789476242 -0.20464571029197332 0.3462957976413563
    outer loop
      vertex 16.950205319751042 4.352073025384959 14.9
      vertex 29.887205838932545 5.701289429582701 49.9
      vertex 29.470243340021703 7.566672419135212 49.9
    endloop
  endfacet
  facet normal -0.7759052744771132 -0.5273046800233545 0.34629579764135615
    outer loop
      vertex 14.15779740156158 10.28624191511828 14.9
      vertex 25.689636596950514 16.303139131321174 49.9
      vertex 24.615261391351382 17.88403423878519 49.9
    endloop
  endfacet
  facet normal -0.835875830257107 -0.4259000081332812 0.3462957976413561
    outer loop
      vertex 15.335366900767612 8.430689296780018 14.9
      vertex 27.530391283838263 12.954818785971387 49.9
      vertex 26.662626543380053 14.657902981901621 49.9
    endloop
  endfacet
  facet normal -0.860968903021994 -0.3725745141109912 0.3462957976413562
    outer loop
      vertex 15.834473418155342 7.451137602388772 14.9
      vertex 28.289506147338553 11.20060783878665 49.9
      vertex 27.530391283838263 12.954818785971387 49.9
    endloop
  endfacet
  facet normal -0.8074839374655379 -0.47754466939867335 0.34629579764135615
    outer loop
      vertex 14.775738696285265 9.376968912132442 14.9
      vertex 26.662626543380053 14.657902981901621 49.9
      vertex 25.689636596950514 16.303139131321174 49.9
    endloop
  endfacet
  facet normal -0.7412644678477281 -0.5749836599785784 0.34629579764135593
    outer loop
      vertex 13.48398174857631 11.154919820602071 14.9
      vertex 24.615261391351382 17.88403423878519 49.9
      vertex 23.44374099468381 19.39434923354678 49.9
    endloop
  endfacet
  facet normal -0.7036982290152727 -0.6203934421129108 0.34629579764135626
    outer loop
      vertex 12.756950979874702 11.979574353752053 14.9
      vertex 23.44374099468381 19.39434923354678 49.9
      vertex 22.179698862736696 20.82812359231891 49.9
    endloop
  endfacet
  facet normal -0.6633548147620311 -0.6633548147620311 0.3462957976413562
    outer loop
      vertex 11.979574353752053 12.756950979874702 14.9
      vertex 22.179698862736696 20.82812359231891 49.9
      vertex 20.82812359231891 22.179698862736696 49.9
    endloop
  endfacet
  facet normal 0 0 1
    outer loop
      vertex -20.878686730825 -22.233543136353056 49.9
      vertex -22.1796988627367 -20.828123592318903 49.9
      vertex -22.233543136353056 -20.878686730825 49.9
    endloop
  endfacet
  facet normal 0 0 1
    outer loop
      vertex -23.500653904661576 -19.441431687335033 49.9
      vertex -22.233543136353056 -20.878686730825 49.9
      vertex -23.443740994683818 -19.394349233546777 49.9
    endloop
  endfacet
  facet normal 0 0 1
    outer loop
      vertex -23.443740994683818 -19.394349233546777 49.9
      vertex -22.233543136353056 -20.878686730825 49.9
      vertex -22.1796988627367 -20.828123592318903 49.9
    endloop
  endfacet
  facet normal 0 0 1
    outer loop
      vertex -20.828123592318903 -22.1796988627367 49.9
      vertex -19.441431687335033 -23.500653904661576 49.9
      vertex -19.394349233546777 -23.443740994683818 49.9
    endloop
  endfacet
  facet normal 0 0 1
    outer loop
      vertex -20.878686730825 -22.233543136353056 49.9
      vertex -19.441431687335033 -23.500653904661576 49.9
      vertex -20.828123592318903 -22.1796988627367 49.9
    endloop
  endfacet
  facet normal 0 0 1
    outer loop
      vertex -19.441431687335033 -23.500653904661576 49.9
      vertex -17.927450194920432 -24.675018328435897 49.9
      vertex -19.394349233546777 -23.443740994683818 49.9
    endloop
  endfacet
  facet normal 0 0 1
    outer loop
      vertex -19.394349233546777 -23.443740994683818 49.9
      vertex -17.927450194920432 -24.675018328435897 49.9
      vertex -17.88403423878519 -24.615261391351382 49.9
    endloop
  endfacet
  facet normal 0 0 1
    outer loop
      vertex -20.878686730825 -22.233543136353056 49.9
      vertex -20.828123592318903 -22.1796988627367 49.9
      vertex -22.1796988627367 -20.828123592318903 49.9
    endloop
  endfacet
  facet normal 0.7071067811865476 0.7071067811865476 0
    outer loop
      vertex -20.878686730825 -22.233543136353056 49.9
      vertex -22.233543136353056 -20.878686730825 49.9
      vertex -22.233543136353056 -20.878686730825 60.9
    endloop
  endfacet
  facet normal 0.7501110696304591 0.6613118653236525 0
    outer loop
      vertex -23.500653904661576 -19.441431687335033 49.9
      vertex -23.500653904661576 -19.441431687335033 60.9
      vertex -22.233543136353056 -20.878686730825 49.9
    endloop
  endfacet
  facet normal 0.6613118653236525 0.7501110696304591 0
    outer loop
      vertex -20.878686730825 -22.233543136353056 49.9
      vertex -20.878686730825 -22.233543136353056 60.9
      vertex -19.441431687335033 -23.500653904661576 49.9
    endloop
  endfacet
  facet normal 0.6129070536529765 0.7901550123756904 0
    outer loop
      vertex -19.441431687335033 -23.500653904661576 49.9
      vertex -19.441431687335033 -23.500653904661576 60.9
      vertex -17.927450194920432 -24.675018328435897 49.9
    endloop
  endfacet
  facet normal 0 0 1
    outer loop
      vertex -17.927450194920432 -24.675018328435897 49.9
      vertex -16.3427172468594 -25.752001727811457 49.9
      vertex -17.88403423878519 -24.615261391351382 49.9
    endloop
  endfacet
  facet normal 0 0 1
    outer loop
      vertex -17.88403423878519 -24.615261391351382 49.9
      vertex -16.3427172468594 -25.752001727811457 49.9
      vertex -16.303139131321178 -25.68963659695051 49.9
    endloop
  endfacet
  facet normal 0 0 1
    outer loop
      vertex -16.3427172468594 -25.752001727811457 49.9
      vertex -14.693487060102319 -26.727353741337836 49.9
      vertex -16.303139131321178 -25.68963659695051 49.9
    endloop
  endfacet
  facet normal 0 0 1
    outer loop
      vertex -16.303139131321178 -25.68963659695051 49.9
      vertex -14.693487060102319 -26.727353741337836 49.9
      vertex -14.657902981901623 -26.66262654338005 49.9
    endloop
  endfacet
  facet normal 0 0 1
    outer loop
      vertex -14.657902981901623 -26.66262654338005 49.9
      vertex -12.98626839273471 -27.597225100213596 49.9
      vertex -12.95481878597138 -27.530391283838263 49.9
    endloop
  endfacet
  facet normal 0 0 1
    outer loop
      vertex -11.227798856882675 -28.35818281959167 49.9
      vertex -11.200607838786647 -28.289506147338557 49.9
      vertex -12.95481878597138 -27.530391283838263 49.9
    endloop
  endfacet
  facet normal 0 0 1
    outer loop
      vertex -11.227798856882675 -28.35818281959167 49.9
      vertex -12.95481878597138 -27.530391283838263 49.9
      vertex -12.98626839273471 -27.597225100213596 49.9
    endloop
  endfacet
  facet normal 0 0 1
    outer loop
      vertex -14.693487060102319 -26.727353741337836 49.9
      vertex -12.98626839273471 -27.597225100213596 49.9
      vertex -14.657902981901623 -26.66262654338005 49.9
    endloop
  endfacet
  facet normal 0.56208337785213 0.8270805742745622 0
    outer loop
      vertex -17.927450194920432 -24.675018328435897 49.9
      vertex -17.927450194920432 -24.675018328435897 60.9
      vertex -16.3427172468594 -25.752001727811457 49.9
    endloop
  endfacet
  facet normal 0.5090414157503709 0.8607420270039439 0
    outer loop
      vertex -16.3427172468594 -25.752001727811457 49.9
      vertex -16.3427172468594 -25.752001727811457 60.9
      vertex -14.693487060102319 -26.727353741337836 49.9
    endloop
  endfacet
  facet normal 0.3971478906347816 0.9177546256839807 0
    outer loop
      vertex -11.227798856882675 -28.35818281959167 49.9
      vertex -12.98626839273471 -27.597225100213596 49.9
      vertex -12.98626839273471 -27.597225100213596 60.9
    endloop
  endfacet
  facet normal 0.4539904997395461 0.8910065241883682 0
    outer loop
      vertex -14.693487060102319 -26.727353741337836 49.9
      vertex -14.693487060102319 -26.727353741337836 60.9
      vertex -12.98626839273471 -27.597225100213596 49.9
    endloop
  endfacet
  facet normal 0.7501110696304591 0.6613118653236525 0
    outer loop
      vertex -22.233543136353056 -20.878686730825 49.9
      vertex -23.500653904661576 -19.441431687335033 60.9
      vertex -22.233543136353056 -20.878686730825 60.9
    endloop
  endfacet
  facet normal 0.6613118653236525 0.7501110696304591 0
    outer loop
      vertex -19.441431687335033 -23.500653904661576 49.9
      vertex -20.878686730825 -22.233543136353056 60.9
      vertex -19.441431687335033 -23.500653904661576 60.9
    endloop
  endfacet
  facet normal 0.6129070536529765 0.7901550123756904 0
    outer loop
      vertex -17.927450194920432 -24.675018328435897 49.9
      vertex -19.441431687335033 -23.500653904661576 60.9
      vertex -17.927450194920432 -24.675018328435897 60.9
    endloop
  endfacet
  facet normal 0.7071067811865476 0.7071067811865476 0
    outer loop
      vertex -20.878686730825 -22.233543136353056 49.9
      vertex -22.233543136353056 -20.878686730825 60.9
      vertex -20.878686730825 -22.233543136353056 60.9
    endloop
  endfacet
  facet normal 0.56208337785213 0.8270805742745622 0
    outer loop
      vertex -16.3427172468594 -25.752001727811457 49.9
      vertex -17.927450194920432 -24.675018328435897 60.9
      vertex -16.3427172468594 -25.752001727811457 60.9
    endloop
  endfacet
  facet normal 0.5090414157503709 0.8607420270039439 0
    outer loop
      vertex -16.3427172468594 -25.752001727811457 60.9
      vertex -14.693487060102319 -26.727353741337836 60.9
      vertex -14.693487060102319 -26.727353741337836 49.9
    endloop
  endfacet
  facet normal 0.4539904997395461 0.8910065241883682 0
    outer loop
      vertex -12.98626839273471 -27.597225100213596 49.9
      vertex -14.693487060102319 -26.727353741337836 60.9
      vertex -12.98626839273471 -27.597225100213596 60.9
    endloop
  endfacet
  facet normal 0.3971478906347816 0.9177546256839807 0
    outer loop
      vertex -11.227798856882675 -28.35818281959167 49.9
      vertex -12.98626839273471 -27.597225100213596 60.9
      vertex -11.227798856882675 -28.35818281959167 60.9
    endloop
  endfacet
  facet normal 0 0 1
    outer loop
      vertex -25.68963659695051 -16.303139131321178 49.9
      vertex -24.675018328435897 -17.927450194920432 49.9
      vertex -24.615261391351382 -17.88403423878519 49.9
    endloop
  endfacet
  facet normal 0 0 1
    outer loop
      vertex -25.752001727811457 -16.3427172468594 49.9
      vertex -24.675018328435897 -17.927450194920432 49.9
      vertex -25.68963659695051 -16.303139131321178 49.9
    endloop
  endfacet
  facet normal 0 0 1
    outer loop
      vertex -25.752001727811457 -16.3427172468594 49.9
      vertex -25.68963659695051 -16.303139131321178 49.9
      vertex -26.66262654338005 -14.657902981901623 49.9
    endloop
  endfacet
  facet normal 0 0 1
    outer loop
      vertex -25.752001727811457 -16.3427172468594 49.9
      vertex -26.66262654338005 -14.657902981901623 49.9
      vertex -26.727353741337836 -14.693487060102319 49.9
    endloop
  endfacet
  facet normal 0.8270805742745622 0.56208337785213 0
    outer loop
      vertex -25.752001727811457 -16.3427172468594 49.9
      vertex -25.752001727811457 -16.3427172468594 60.9
      vertex -24.675018328435897 -17.927450194920432 49.9
    endloop
  endfacet
  facet normal 0.8607420270039439 0.5090414157503709 0
    outer loop
      vertex -25.752001727811457 -16.3427172468594 49.9
      vertex -26.727353741337836 -14.693487060102319 49.9
      vertex -26.727353741337836 -14.693487060102319 60.9
    endloop
  endfacet
  facet normal 0 0 1
    outer loop
      vertex -28.35818281959167 -11.227798856882675 49.9
      vertex -28.93697525432129 -9.4021932095332 49.9
      vertex -29.007223747002183 -9.425018328435895 49.9
    endloop
  endfacet
  facet normal 0 0 1
    outer loop
      vertex -26.727353741337836 -14.693487060102319 49.9
      vertex -26.66262654338005 -14.657902981901623 49.9
      vertex -27.530391283838263 -12.95481878597138 49.9
    endloop
  endfacet
  facet normal 0 0 1
    outer loop
      vertex -28.289506147338557 -11.200607838786647 49.9
      vertex -27.597225100213596 -12.98626839273471 49.9
      vertex -27.530391283838263 -12.95481878597138 49.9
    endloop
  endfacet
  facet normal 0 0 1
    outer loop
      vertex -26.727353741337836 -14.693487060102319 49.9
      vertex -27.530391283838263 -12.95481878597138 49.9
      vertex -27.597225100213596 -12.98626839273471 49.9
    endloop
  endfacet
  facet normal 0 0 1
    outer loop
      vertex -28.35818281959167 -11.227798856882675 49.9
      vertex -27.597225100213596 -12.98626839273471 49.9
      vertex -28.289506147338557 -11.200607838786647 49.9
    endloop
  endfacet
  facet normal 0 0 1
    outer loop
      vertex -28.35818281959167 -11.227798856882675 49.9
      vertex -28.289506147338557 -11.200607838786647 49.9
      vertex -28.93697525432129 -9.4021932095332 49.9
    endloop
  endfacet
  facet normal 0.9408807689542257 0.3387379202452906 0
    outer loop
      vertex -28.35818281959167 -11.227798856882675 49.9
      vertex -29.007223747002183 -9.425018328435895 49.9
      vertex -29.007223747002183 -9.425018328435895 60.9
    endloop
  endfacet
  facet normal 0.8910065241883682 0.4539904997395461 0
    outer loop
      vertex -26.727353741337836 -14.693487060102319 49.9
      vertex -27.597225100213596 -12.98626839273471 49.9
      vertex -27.597225100213596 -12.98626839273471 60.9
    endloop
  endfacet
  facet normal 0.9177546256839807 0.3971478906347816 0
    outer loop
      vertex -28.35818281959167 -11.227798856882675 49.9
      vertex -28.35818281959167 -11.227798856882675 60.9
      vertex -27.597225100213596 -12.98626839273471 49.9
    endloop
  endfacet
  facet normal 0.8270805742745622 0.56208337785213 0
    outer loop
      vertex -25.752001727811457 -16.3427172468594 60.9
      vertex -24.675018328435897 -17.927450194920432 60.9
      vertex -24.675018328435897 -17.927450194920432 49.9
    endloop
  endfacet
  facet normal 0.8607420270039439 0.5090414157503709 0
    outer loop
      vertex -25.752001727811457 -16.3427172468594 49.9
      vertex -26.727353741337836 -14.693487060102319 60.9
      vertex -25.752001727811457 -16.3427172468594 60.9
    endloop
  endfacet
  facet normal 0.9408807689542257 0.3387379202452906 0
    outer loop
      vertex -28.35818281959167 -11.227798856882675 49.9
      vertex -29.007223747002183 -9.425018328435895 60.9
      vertex -28.35818281959167 -11.227798856882675 60.9
    endloop
  endfacet
  facet normal 0.8910065241883682 0.4539904997395461 0
    outer loop
      vertex -26.727353741337836 -14.693487060102319 49.9
      vertex -27.597225100213596 -12.98626839273471 60.9
      vertex -26.727353741337836 -14.693487060102319 60.9
    endloop
  endfacet
  facet normal 0.9177546256839807 0.3971478906347816 0
    outer loop
      vertex -27.597225100213596 -12.98626839273471 49.9
      vertex -28.35818281959167 -11.227798856882675 60.9
      vertex -27.597225100213596 -12.98626839273471 60.9
    endloop
  endfacet
  facet normal 0 0 1
    outer loop
      vertex -29.007223747002183 -9.425018328435895 49.9
      vertex -28.93697525432129 -9.4021932095332 49.9
      vertex -29.470243340021703 -7.566672419135214 49.9
    endloop
  endfacet
  facet normal 0 0 1
    outer loop
      vertex -29.007223747002183 -9.425018328435895 49.9
      vertex -29.470243340021703 -7.566672419135214 49.9
      vertex -29.54178641442325 -7.585041558528073 49.9
    endloop
  endfacet
  facet normal 0.9602936856769426 0.2789911060392306 -9.82086975390166e-18
    outer loop
      vertex -29.007223747002183 -9.425018328435895 49.9
      vertex -29.54178641442325 -7.585041558528073 49.9
      vertex -29.5 -7.7288713403709535 55.8
    endloop
  endfacet
  facet normal 0 0 1
    outer loop
      vertex -29.54178641442325 -7.585041558528073 49.9
      vertex -29.470243340021703 -7.566672419135214 49.9
      vertex -29.88720583893254 -5.701289429582706 49.9
    endloop
  endfacet
  facet normal 0 0 1
    outer loop
      vertex -29.54178641442325 -7.585041558528073 49.9
      vertex -29.88720583893254 -5.701289429582706 49.9
      vertex -29.959761147225002 -5.715130094864607 49.9
    endloop
  endfacet
  facet normal 0 0 1
    outer loop
      vertex -29.959761147225002 -5.715130094864607 49.9
      vertex -29.88720583893254 -5.701289429582706 49.9
      vertex -30.186217190562665 -3.8134060553230014 49.9
    endloop
  endfacet
  facet normal 0.9759167619387477 0.21814324139654154 0
    outer loop
      vertex -29.54178641442325 -7.585041558528073 49.9
      vertex -29.959761147225002 -5.715130094864607 49.9
      vertex -29.54178641442325 -7.585041558528073 55.8
    endloop
  endfacet
  facet normal 0.9876883405951375 0.15643446504023217 0
    outer loop
      vertex -29.959761147225002 -5.715130094864607 49.9
      vertex -30.259498390091576 -3.822663623711274 49.9
      vertex -29.959761147225002 -5.715130094864607 55.8
    endloop
  endfacet
  facet normal 0.9602936856769425 0.27899110603923094 0
    outer loop
      vertex -29.54178641442325 -7.585041558528073 49.9
      vertex -29.54178641442325 -7.585041558528073 55.8
      vertex -29.5 -7.7288713403709535 55.8
    endloop
  endfacet
  facet normal 0.9602936856769427 0.27899110603923066 0
    outer loop
      vertex -29.007223747002183 -9.425018328435895 49.9
      vertex -29.5 -7.7288713403709535 55.8
      vertex -29.5 -7.7288713403709535 58.8
    endloop
  endfacet
  facet normal 0.9602936856769427 0.2789911060392303 4.6723162671958484e-17
    outer loop
      vertex -29.007223747002183 -9.425018328435895 49.9
      vertex -29.5 -7.7288713403709535 58.8
      vertex -29.54178641442325 -7.585041558528073 60.9
    endloop
  endfacet
  facet normal 0.9759167619387477 0.21814324139654154 0
    outer loop
      vertex -29.959761147225002 -5.715130094864607 49.9
      vertex -29.959761147225002 -5.715130094864607 55.8
      vertex -29.54178641442325 -7.585041558528073 55.8
    endloop
  endfacet
  facet normal 0 0 1
    outer loop
      vertex -29.959761147225002 -5.715130094864607 49.9
      vertex -30.186217190562665 -3.8134060553230014 49.9
      vertex -30.259498390091576 -3.822663623711274 49.9
    endloop
  endfacet
  facet normal 0 0 1
    outer loop
      vertex -30.259498390091576 -3.822663623711274 49.9
      vertex -30.186217190562665 -3.8134060553230014 49.9
      vertex -30.366097333712464 -1.9104729095424577 49.9
    endloop
  endfacet
  facet normal 0 0 1
    outer loop
      vertex -30.259498390091576 -3.822663623711274 49.9
      vertex -30.366097333712464 -1.9104729095424577 49.9
      vertex -30.439815217062282 -1.9151108456440549 49.9
    endloop
  endfacet
  facet normal 0.99556196460308 0.09410831331851323 0
    outer loop
      vertex -30.259498390091576 -3.822663623711274 49.9
      vertex -30.439815217062282 -1.9151108456440549 49.9
      vertex -30.259498390091576 -3.822663623711274 55.8
    endloop
  endfacet
  facet normal 0 0 1
    outer loop
      vertex -30.439815217062282 -1.9151108456440549 49.9
      vertex -30.366097333712464 -1.9104729095424577 49.9
      vertex -30.426136363636363 0 49.9
    endloop
  endfacet
  facet normal 0.9995065603657316 0.03141075907812857 0
    outer loop
      vertex -30.439815217062282 -1.9151108456440549 49.9
      vertex -30.5 0 49.9
      vertex -30.439815217062282 -1.9151108456440549 55.8
    endloop
  endfacet
  facet normal 0.99556196460308 0.09410831331851323 0
    outer loop
      vertex -30.439815217062282 -1.9151108456440549 49.9
      vertex -30.439815217062282 -1.9151108456440549 55.8
      vertex -30.259498390091576 -3.822663623711274 55.8
    endloop
  endfacet
  facet normal 0.9876883405951375 0.15643446504023217 0
    outer loop
      vertex -29.959761147225002 -5.715130094864607 55.8
      vertex -30.259498390091576 -3.822663623711274 49.9
      vertex -30.259498390091576 -3.822663623711274 55.8
    endloop
  endfacet
  facet normal 0.9995065603657316 0.03141075907812857 0
    outer loop
      vertex -30.439815217062282 -1.9151108456440549 55.8
      vertex -30.5 0 49.9
      vertex -30.5 0 55.8
    endloop
  endfacet
  facet normal 0.9602936856769426 0.2789911060392306 0
    outer loop
      vertex -29.007223747002183 -9.425018328435895 49.9
      vertex -29.54178641442325 -7.585041558528073 60.9
      vertex -29.007223747002183 -9.425018328435895 60.9
    endloop
  endfacet
  facet normal 0.9602936856769426 0.278991106039231 0
    outer loop
      vertex -29.5 -7.7288713403709535 58.8
      vertex -29.54178641442325 -7.585041558528073 58.8
      vertex -29.54178641442325 -7.585041558528073 60.9
    endloop
  endfacet
  facet normal 0.9759167619387477 0.21814324139654154 0
    outer loop
      vertex -29.54178641442325 -7.585041558528073 58.8
      vertex -29.959761147225002 -5.715130094864607 58.8
      vertex -29.54178641442325 -7.585041558528073 60.9
    endloop
  endfacet
  facet normal 0.9759167619387477 0.21814324139654154 0
    outer loop
      vertex -29.54178641442325 -7.585041558528073 60.9
      vertex -29.959761147225002 -5.715130094864607 58.8
      vertex -29.959761147225002 -5.715130094864607 60.9
    endloop
  endfacet
  facet normal 0.9876883405951375 0.1564344650402322 0
    outer loop
      vertex -29.959761147225002 -5.715130094864607 58.8
      vertex -30.259498390091576 -3.822663623711274 58.8
      vertex -29.959761147225002 -5.715130094864607 60.9
    endloop
  endfacet
  facet normal 0.9955619646030801 0.09410831331851323 0
    outer loop
      vertex -30.259498390091576 -3.822663623711274 60.9
      vertex -30.439815217062282 -1.9151108456440549 58.8
      vertex -30.439815217062282 -1.9151108456440549 60.9
    endloop
  endfacet
  facet normal 0.9876883405951375 0.1564344650402322 0
    outer loop
      vertex -29.959761147225002 -5.715130094864607 60.9
      vertex -30.259498390091576 -3.822663623711274 58.8
      vertex -30.259498390091576 -3.822663623711274 60.9
    endloop
  endfacet
  facet normal 0.9955619646030801 0.09410831331851323 0
    outer loop
      vertex -30.259498390091576 -3.822663623711274 58.8
      vertex -30.439815217062282 -1.9151108456440549 58.8
      vertex -30.259498390091576 -3.822663623711274 60.9
    endloop
  endfacet
  facet normal 0.9995065603657317 0.03141075907812857 0
    outer loop
      vertex -30.439815217062282 -1.9151108456440549 58.8
      vertex -30.5 0 58.8
      vertex -30.439815217062282 -1.9151108456440549 60.9
    endloop
  endfacet
  facet normal 0.9995065603657317 0.03141075907812857 0
    outer loop
      vertex -30.439815217062282 -1.9151108456440549 60.9
      vertex -30.5 0 58.8
      vertex -30.5 0 60.9
    endloop
  endfacet
  facet normal 0 0 1
    outer loop
      vertex -23.500653904661576 -19.441431687335033 49.9
      vertex -23.443740994683818 -19.394349233546777 49.9
      vertex -24.615261391351382 -17.88403423878519 49.9
    endloop
  endfacet
  facet normal 0 0 1
    outer loop
      vertex -23.500653904661576 -19.441431687335033 49.9
      vertex -24.615261391351382 -17.88403423878519 49.9
      vertex -24.675018328435897 -17.927450194920432 49.9
    endloop
  endfacet
  facet normal 0.7901550123756904 0.6129070536529765 0
    outer loop
      vertex -23.500653904661576 -19.441431687335033 49.9
      vertex -24.675018328435897 -17.927450194920432 49.9
      vertex -24.675018328435897 -17.927450194920432 60.9
    endloop
  endfacet
  facet normal 0.7901550123756904 0.6129070536529765 0
    outer loop
      vertex -23.500653904661576 -19.441431687335033 49.9
      vertex -24.675018328435897 -17.927450194920432 60.9
      vertex -23.500653904661576 -19.441431687335033 60.9
    endloop
  endfacet
  facet normal 0 0 1
    outer loop
      vertex -30.439815217062282 -1.9151108456440549 49.9
      vertex -30.439815217062282 1.9151108456440549 49.9
      vertex -30.5 0 49.9
    endloop
  endfacet
  facet normal 0 0 1
    outer loop
      vertex -30.439815217062282 -1.9151108456440549 49.9
      vertex -30.426136363636363 0 49.9
      vertex -30.439815217062282 1.9151108456440549 49.9
    endloop
  endfacet
  facet normal 0 0 1
    outer loop
      vertex -30.426136363636363 0 49.9
      vertex -30.366097333712467 1.9104729095424577 49.9
      vertex -30.439815217062282 1.9151108456440549 49.9
    endloop
  endfacet
  facet normal 0.9995065603657316 -0.03141075907812857 0
    outer loop
      vertex -30.5 0 49.9
      vertex -30.439815217062282 1.9151108456440549 49.9
      vertex -30.5 0 55.8
    endloop
  endfacet
  facet normal 0 0 1
    outer loop
      vertex -30.439815217062282 1.9151108456440549 49.9
      vertex -30.366097333712467 1.9104729095424577 49.9
      vertex -30.186217190562665 3.8134060553230014 49.9
    endloop
  endfacet
  facet normal 0 0 1
    outer loop
      vertex -30.439815217062282 1.9151108456440549 49.9
      vertex -30.186217190562665 3.8134060553230014 49.9
      vertex -30.259498390091576 3.822663623711274 49.9
    endloop
  endfacet
  facet normal 0 0 1
    outer loop
      vertex -30.259498390091576 3.822663623711274 49.9
      vertex -30.186217190562665 3.8134060553230014 49.9
      vertex -29.88720583893254 5.701289429582706 49.9
    endloop
  endfacet
  facet normal 0.99556196460308 -0.09410831331851323 0
    outer loop
      vertex -30.439815217062282 1.9151108456440549 49.9
      vertex -30.259498390091576 3.822663623711274 49.9
      vertex -30.439815217062282 1.9151108456440549 55.8
    endloop
  endfacet
  facet normal 0.9876883405951375 -0.15643446504023217 0
    outer loop
      vertex -30.259498390091576 3.822663623711274 49.9
      vertex -29.959761147225002 5.715130094864607 49.9
      vertex -30.259498390091576 3.822663623711274 55.8
    endloop
  endfacet
  facet normal 0.9995065603657316 -0.03141075907812857 0
    outer loop
      vertex -30.439815217062282 1.9151108456440549 49.9
      vertex -30.439815217062282 1.9151108456440549 55.8
      vertex -30.5 0 55.8
    endloop
  endfacet
  facet normal 0.99556196460308 -0.09410831331851323 0
    outer loop
      vertex -30.259498390091576 3.822663623711274 49.9
      vertex -30.259498390091576 3.822663623711274 55.8
      vertex -30.439815217062282 1.9151108456440549 55.8
    endloop
  endfacet
  facet normal 0 0 1
    outer loop
      vertex -30.259498390091576 3.822663623711274 49.9
      vertex -29.88720583893254 5.701289429582706 49.9
      vertex -29.959761147225002 5.715130094864607 49.9
    endloop
  endfacet
  facet normal 0 0 1
    outer loop
      vertex -29.959761147225002 5.715130094864607 49.9
      vertex -29.88720583893254 5.701289429582706 49.9
      vertex -29.470243340021703 7.566672419135214 49.9
    endloop
  endfacet
  facet normal 0 0 1
    outer loop
      vertex -29.959761147225002 5.715130094864607 49.9
      vertex -29.470243340021703 7.566672419135214 49.9
      vertex -29.54178641442325 7.585041558528073 49.9
    endloop
  endfacet
  facet normal 0.9759167619387477 -0.21814324139654154 0
    outer loop
      vertex -29.959761147225002 5.715130094864607 49.9
      vertex -29.54178641442325 7.585041558528073 49.9
      vertex -29.959761147225002 5.715130094864607 55.8
    endloop
  endfacet
  facet normal 0 0 1
    outer loop
      vertex -29.54178641442325 7.585041558528073 49.9
      vertex -29.470243340021703 7.566672419135214 49.9
      vertex -28.93697525432129 9.4021932095332 49.9
    endloop
  endfacet
  facet normal 0 0 1
    outer loop
      vertex -29.54178641442325 7.585041558528073 49.9
      vertex -28.93697525432129 9.4021932095332 49.9
      vertex -29.007223747002183 9.425018328435895 49.9
    endloop
  endfacet
  facet normal 0.9602936856769426 -0.2789911060392306 0
    outer loop
      vertex -29.54178641442325 7.585041558528073 49.9
      vertex -29.007223747002183 9.425018328435895 49.9
      vertex -29.54178641442325 7.585041558528073 55.8
    endloop
  endfacet
  facet normal 0.9876883405951375 -0.15643446504023217 0
    outer loop
      vertex -30.259498390091576 3.822663623711274 55.8
      vertex -29.959761147225002 5.715130094864607 49.9
      vertex -29.959761147225002 5.715130094864607 55.8
    endloop
  endfacet
  facet normal 0.9759167619387477 -0.21814324139654154 0
    outer loop
      vertex -29.54178641442325 7.585041558528073 49.9
      vertex -29.54178641442325 7.585041558528073 55.8
      vertex -29.959761147225002 5.715130094864607 55.8
    endloop
  endfacet
  facet normal 0.9602936856769425 -0.27899110603923094 -1.0993134021998374e-16
    outer loop
      vertex -29.54178641442325 7.585041558528073 55.8
      vertex -29.007223747002183 9.425018328435895 49.9
      vertex -29.5 7.7288713403709535 55.8
    endloop
  endfacet
  facet normal 0.9602936856769426 -0.2789911060392306 0
    outer loop
      vertex -29.5 7.7288713403709535 55.8
      vertex -29.007223747002183 9.425018328435895 49.9
      vertex -29.007223747002183 9.425018328435895 60.9
    endloop
  endfacet
  facet normal 0.9995065603657317 -0.03141075907812857 0
    outer loop
      vertex -30.5 0 58.8
      vertex -30.439815217062282 1.9151108456440549 58.8
      vertex -30.5 0 60.9
    endloop
  endfacet
  facet normal 0.9995065603657317 -0.03141075907812857 0
    outer loop
      vertex -30.439815217062282 1.9151108456440549 58.8
      vertex -30.439815217062282 1.9151108456440549 60.9
      vertex -30.5 0 60.9
    endloop
  endfacet
  facet normal 0.9955619646030801 -0.09410831331851323 0
    outer loop
      vertex -30.439815217062282 1.9151108456440549 58.8
      vertex -30.259498390091576 3.822663623711274 58.8
      vertex -30.439815217062282 1.9151108456440549 60.9
    endloop
  endfacet
  facet normal 0.9955619646030801 -0.09410831331851323 0
    outer loop
      vertex -30.439815217062282 1.9151108456440549 60.9
      vertex -30.259498390091576 3.822663623711274 58.8
      vertex -30.259498390091576 3.822663623711274 60.9
    endloop
  endfacet
  facet normal 0.9876883405951375 -0.1564344650402322 0
    outer loop
      vertex -30.259498390091576 3.822663623711274 58.8
      vertex -29.959761147225002 5.715130094864607 58.8
      vertex -30.259498390091576 3.822663623711274 60.9
    endloop
  endfacet
  facet normal 0.9876883405951375 -0.1564344650402322 0
    outer loop
      vertex -30.259498390091576 3.822663623711274 60.9
      vertex -29.959761147225002 5.715130094864607 58.8
      vertex -29.959761147225002 5.715130094864607 60.9
    endloop
  endfacet
  facet normal 0.9759167619387477 -0.21814324139654154 0
    outer loop
      vertex -29.959761147225002 5.715130094864607 58.8
      vertex -29.54178641442325 7.585041558528073 58.8
      vertex -29.959761147225002 5.715130094864607 60.9
    endloop
  endfacet
  facet normal 0.9759167619387477 -0.21814324139654154 0
    outer loop
      vertex -29.959761147225002 5.715130094864607 60.9
      vertex -29.54178641442325 7.585041558528073 58.8
      vertex -29.54178641442325 7.585041558528073 60.9
    endloop
  endfacet
  facet normal 0.9602936856769427 -0.2789911060392306 0
    outer loop
      vertex -29.5 7.7288713403709535 55.8
      vertex -29.007223747002183 9.425018328435895 60.9
      vertex -29.5 7.7288713403709535 58.8
    endloop
  endfacet
  facet normal 0.9602936856769426 -0.278991106039231 0
    outer loop
      vertex -29.54178641442325 7.585041558528073 58.8
      vertex -29.5 7.7288713403709535 58.8
      vertex -29.54178641442325 7.585041558528073 60.9
    endloop
  endfacet
  facet normal 0.9602936856769426 -0.2789911060392306 2.414297147834156e-17
    outer loop
      vertex -29.5 7.7288713403709535 58.8
      vertex -29.007223747002183 9.425018328435895 60.9
      vertex -29.54178641442325 7.585041558528073 60.9
    endloop
  endfacet
  facet normal 0 0 1
    outer loop
      vertex -29.007223747002183 9.425018328435895 49.9
      vertex -28.93697525432129 9.4021932095332 49.9
      vertex -28.289506147338557 11.200607838786647 49.9
    endloop
  endfacet
  facet normal 0 0 1
    outer loop
      vertex -29.007223747002183 9.425018328435895 49.9
      vertex -28.289506147338557 11.200607838786647 49.9
      vertex -28.35818281959167 11.227798856882675 49.9
    endloop
  endfacet
  facet normal 0 0 1
    outer loop
      vertex -28.35818281959167 11.227798856882675 49.9
      vertex -28.289506147338557 11.200607838786647 49.9
      vertex -27.530391283838263 12.95481878597138 49.9
    endloop
  endfacet
  facet normal 0 0 1
    outer loop
      vertex -28.35818281959167 11.227798856882675 49.9
      vertex -27.530391283838263 12.95481878597138 49.9
      vertex -27.597225100213596 12.98626839273471 49.9
    endloop
  endfacet
  facet normal 0 0 1
    outer loop
      vertex -27.597225100213596 12.98626839273471 49.9
      vertex -27.530391283838263 12.95481878597138 49.9
      vertex -26.66262654338005 14.657902981901623 49.9
    endloop
  endfacet
  facet normal 0 0 1
    outer loop
      vertex -27.597225100213596 12.98626839273471 49.9
      vertex -26.66262654338005 14.657902981901623 49.9
      vertex -26.727353741337836 14.693487060102319 49.9
    endloop
  endfacet
  facet normal 0.9408807689542257 -0.3387379202452906 0
    outer loop
      vertex -29.007223747002183 9.425018328435895 49.9
      vertex -28.35818281959167 11.227798856882675 49.9
      vertex -28.35818281959167 11.227798856882675 60.9
    endloop
  endfacet
  facet normal 0.9177546256839807 -0.3971478906347816 0
    outer loop
      vertex -28.35818281959167 11.227798856882675 49.9
      vertex -27.597225100213596 12.98626839273471 49.9
      vertex -27.597225100213596 12.98626839273471 60.9
    endloop
  endfacet
  facet normal 0.8910065241883682 -0.4539904997395461 0
    outer loop
      vertex -27.597225100213596 12.98626839273471 49.9
      vertex -26.727353741337836 14.693487060102319 49.9
      vertex -26.727353741337836 14.693487060102319 60.9
    endloop
  endfacet
  facet normal 0 0 1
    outer loop
      vertex -26.66262654338005 14.657902981901623 49.9
      vertex -25.68963659695051 16.303139131321178 49.9
      vertex -26.727353741337836 14.693487060102319 49.9
    endloop
  endfacet
  facet normal 0 0 1
    outer loop
      vertex -26.727353741337836 14.693487060102319 49.9
      vertex -25.68963659695051 16.303139131321178 49.9
      vertex -25.752001727811457 16.3427172468594 49.9
    endloop
  endfacet
  facet normal 0 0 1
    outer loop
      vertex -25.752001727811457 16.3427172468594 49.9
      vertex -25.68963659695051 16.303139131321178 49.9
      vertex -24.615261391351382 17.88403423878519 49.9
    endloop
  endfacet
  facet normal 0 0 1
    outer loop
      vertex -25.752001727811457 16.3427172468594 49.9
      vertex -24.615261391351382 17.88403423878519 49.9
      vertex -24.675018328435897 17.927450194920432 49.9
    endloop
  endfacet
  facet normal 0.8607420270039439 -0.5090414157503709 0
    outer loop
      vertex -26.727353741337836 14.693487060102319 49.9
      vertex -25.752001727811457 16.3427172468594 49.9
      vertex -25.752001727811457 16.3427172468594 60.9
    endloop
  endfacet
  facet normal 0.8270805742745622 -0.56208337785213 0
    outer loop
      vertex -25.752001727811457 16.3427172468594 49.9
      vertex -24.675018328435897 17.927450194920432 49.9
      vertex -24.675018328435897 17.927450194920432 60.9
    endloop
  endfacet
  facet normal 0.9408807689542257 -0.3387379202452906 0
    outer loop
      vertex -29.007223747002183 9.425018328435895 49.9
      vertex -28.35818281959167 11.227798856882675 60.9
      vertex -29.007223747002183 9.425018328435895 60.9
    endloop
  endfacet
  facet normal 0.9177546256839807 -0.3971478906347816 0
    outer loop
      vertex -28.35818281959167 11.227798856882675 49.9
      vertex -27.597225100213596 12.98626839273471 60.9
      vertex -28.35818281959167 11.227798856882675 60.9
    endloop
  endfacet
  facet normal 0.8910065241883682 -0.4539904997395461 0
    outer loop
      vertex -27.597225100213596 12.98626839273471 49.9
      vertex -26.727353741337836 14.693487060102319 60.9
      vertex -27.597225100213596 12.98626839273471 60.9
    endloop
  endfacet
  facet normal 0.8607420270039439 -0.5090414157503709 0
    outer loop
      vertex -26.727353741337836 14.693487060102319 49.9
      vertex -25.752001727811457 16.3427172468594 60.9
      vertex -26.727353741337836 14.693487060102319 60.9
    endloop
  endfacet
  facet normal 0.8270805742745622 -0.56208337785213 0
    outer loop
      vertex -25.752001727811457 16.3427172468594 49.9
      vertex -24.675018328435897 17.927450194920432 60.9
      vertex -25.752001727811457 16.3427172468594 60.9
    endloop
  endfacet
  facet normal 0 0 1
    outer loop
      vertex -24.675018328435897 17.927450194920432 49.9
      vertex -24.615261391351382 17.88403423878519 49.9
      vertex -23.443740994683818 19.394349233546777 49.9
    endloop
  endfacet
  facet normal 0 0 1
    outer loop
      vertex -24.675018328435897 17.927450194920432 49.9
      vertex -23.443740994683818 19.394349233546777 49.9
      vertex -23.500653904661576 19.441431687335033 49.9
    endloop
  endfacet
  facet normal 0.7901550123756904 -0.6129070536529765 0
    outer loop
      vertex -24.675018328435897 17.927450194920432 49.9
      vertex -23.500653904661576 19.441431687335033 49.9
      vertex -24.675018328435897 17.927450194920432 60.9
    endloop
  endfacet
  facet normal 0.7901550123756904 -0.6129070536529765 0
    outer loop
      vertex -24.675018328435897 17.927450194920432 60.9
      vertex -23.500653904661576 19.441431687335033 49.9
      vertex -23.500653904661576 19.441431687335033 60.9
    endloop
  endfacet
  facet normal 0 0 1
    outer loop
      vertex -23.500653904661576 19.441431687335033 49.9
      vertex -23.443740994683818 19.394349233546777 49.9
      vertex -22.1796988627367 20.828123592318903 49.9
    endloop
  endfacet
  facet normal 0 0 1
    outer loop
      vertex -23.500653904661576 19.441431687335033 49.9
      vertex -22.1796988627367 20.828123592318903 49.9
      vertex -22.233543136353056 20.878686730825 49.9
    endloop
  endfacet
  facet normal 0 0 1
    outer loop
      vertex -22.1796988627367 20.828123592318903 49.9
      vertex -20.828123592318903 22.1796988627367 49.9
      vertex -22.233543136353056 20.878686730825 49.9
    endloop
  endfacet
  facet normal 0 0 1
    outer loop
      vertex -22.233543136353056 20.878686730825 49.9
      vertex -20.828123592318903 22.1796988627367 49.9
      vertex -20.878686730825 22.233543136353056 49.9
    endloop
  endfacet
  facet normal 0 0 1
    outer loop
      vertex -20.828123592318903 22.1796988627367 49.9
      vertex -19.394349233546777 23.443740994683818 49.9
      vertex -20.878686730825 22.233543136353056 49.9
    endloop
  endfacet
  facet normal 0 0 1
    outer loop
      vertex -20.878686730825 22.233543136353056 49.9
      vertex -19.394349233546777 23.443740994683818 49.9
      vertex -19.441431687335033 23.500653904661576 49.9
    endloop
  endfacet
  facet normal 0 0 1
    outer loop
      vertex -19.394349233546777 23.443740994683818 49.9
      vertex -17.88403423878519 24.615261391351382 49.9
      vertex -19.441431687335033 23.500653904661576 49.9
    endloop
  endfacet
  facet normal 0 0 1
    outer loop
      vertex -19.441431687335033 23.500653904661576 49.9
      vertex -17.88403423878519 24.615261391351382 49.9
      vertex -17.927450194920432 24.675018328435897 49.9
    endloop
  endfacet
  facet normal 0.7501110696304591 -0.6613118653236525 0
    outer loop
      vertex -23.500653904661576 19.441431687335033 49.9
      vertex -22.233543136353056 20.878686730825 49.9
      vertex -22.233543136353056 20.878686730825 60.9
    endloop
  endfacet
  facet normal 0.7071067811865476 -0.7071067811865476 0
    outer loop
      vertex -22.233543136353056 20.878686730825 49.9
      vertex -20.878686730825 22.233543136353056 49.9
      vertex -20.878686730825 22.233543136353056 60.9
    endloop
  endfacet
  facet normal 0.6613118653236525 -0.7501110696304591 0
    outer loop
      vertex -20.878686730825 22.233543136353056 49.9
      vertex -19.441431687335033 23.500653904661576 49.9
      vertex -19.441431687335033 23.500653904661576 60.9
    endloop
  endfacet
  facet normal 0.6129070536529765 -0.7901550123756904 0
    outer loop
      vertex -19.441431687335033 23.500653904661576 49.9
      vertex -17.927450194920432 24.675018328435897 49.9
      vertex -17.927450194920432 24.675018328435897 60.9
    endloop
  endfacet
  facet normal 0 0 1
    outer loop
      vertex -17.927450194920432 24.675018328435897 49.9
      vertex -17.88403423878519 24.615261391351382 49.9
      vertex -16.303139131321178 25.68963659695051 49.9
    endloop
  endfacet
  facet normal 0 0 1
    outer loop
      vertex -17.927450194920432 24.675018328435897 49.9
      vertex -16.303139131321178 25.68963659695051 49.9
      vertex -16.3427172468594 25.752001727811457 49.9
    endloop
  endfacet
  facet normal 0 0 1
    outer loop
      vertex -16.3427172468594 25.752001727811457 49.9
      vertex -16.303139131321178 25.68963659695051 49.9
      vertex -14.657902981901618 26.662626543380053 49.9
    endloop
  endfacet
  facet normal 0 0 1
    outer loop
      vertex -16.3427172468594 25.752001727811457 49.9
      vertex -14.657902981901618 26.662626543380053 49.9
      vertex -14.693487060102314 26.72735374133784 49.9
    endloop
  endfacet
  facet normal 0 0 1
    outer loop
      vertex -14.657902981901618 26.662626543380053 49.9
      vertex -12.954818785971389 27.53039128383826 49.9
      vertex -14.693487060102314 26.72735374133784 49.9
    endloop
  endfacet
  facet normal 0 0 1
    outer loop
      vertex -14.693487060102314 26.72735374133784 49.9
      vertex -12.954818785971389 27.53039128383826 49.9
      vertex -12.986268392734718 27.597225100213592 49.9
    endloop
  endfacet
  facet normal 0 0 1
    outer loop
      vertex -12.986268392734718 27.597225100213592 49.9
      vertex -12.954818785971389 27.53039128383826 49.9
      vertex -11.200607838786647 28.289506147338557 49.9
    endloop
  endfacet
  facet normal 0 0 1
    outer loop
      vertex -12.986268392734718 27.597225100213592 49.9
      vertex -11.200607838786647 28.289506147338557 49.9
      vertex -11.227798856882675 28.35818281959167 49.9
    endloop
  endfacet
  facet normal 0.56208337785213 -0.8270805742745622 0
    outer loop
      vertex -17.927450194920432 24.675018328435897 49.9
      vertex -16.3427172468594 25.752001727811457 49.9
      vertex -16.3427172468594 25.752001727811457 60.9
    endloop
  endfacet
  facet normal 0.5090414157503711 -0.8607420270039438 0
    outer loop
      vertex -16.3427172468594 25.752001727811457 49.9
      vertex -14.693487060102314 26.72735374133784 49.9
      vertex -14.693487060102314 26.72735374133784 60.9
    endloop
  endfacet
  facet normal 0.4539904997395461 -0.8910065241883681 0
    outer loop
      vertex -14.693487060102314 26.72735374133784 49.9
      vertex -12.986268392734718 27.597225100213592 49.9
      vertex -12.986268392734718 27.597225100213592 60.9
    endloop
  endfacet
  facet normal 0.39714789063478145 -0.9177546256839808 0
    outer loop
      vertex -12.986268392734718 27.597225100213592 49.9
      vertex -11.227798856882675 28.35818281959167 49.9
      vertex -11.227798856882675 28.35818281959167 60.9
    endloop
  endfacet
  facet normal 0.7501110696304591 -0.6613118653236525 0
    outer loop
      vertex -23.500653904661576 19.441431687335033 49.9
      vertex -22.233543136353056 20.878686730825 60.9
      vertex -23.500653904661576 19.441431687335033 60.9
    endloop
  endfacet
  facet normal 0.7071067811865476 -0.7071067811865476 0
    outer loop
      vertex -22.233543136353056 20.878686730825 49.9
      vertex -20.878686730825 22.233543136353056 60.9
      vertex -22.233543136353056 20.878686730825 60.9
    endloop
  endfacet
  facet normal 0.6613118653236525 -0.7501110696304591 0
    outer loop
      vertex -20.878686730825 22.233543136353056 49.9
      vertex -19.441431687335033 23.500653904661576 60.9
      vertex -20.878686730825 22.233543136353056 60.9
    endloop
  endfacet
  facet normal 0.6129070536529765 -0.7901550123756904 0
    outer loop
      vertex -19.441431687335033 23.500653904661576 49.9
      vertex -17.927450194920432 24.675018328435897 60.9
      vertex -19.441431687335033 23.500653904661576 60.9
    endloop
  endfacet
  facet normal 0.56208337785213 -0.8270805742745622 0
    outer loop
      vertex -17.927450194920432 24.675018328435897 49.9
      vertex -16.3427172468594 25.752001727811457 60.9
      vertex -17.927450194920432 24.675018328435897 60.9
    endloop
  endfacet
  facet normal 0.5090414157503711 -0.8607420270039438 0
    outer loop
      vertex -16.3427172468594 25.752001727811457 49.9
      vertex -14.693487060102314 26.72735374133784 60.9
      vertex -16.3427172468594 25.752001727811457 60.9
    endloop
  endfacet
  facet normal 0.4539904997395461 -0.8910065241883681 0
    outer loop
      vertex -14.693487060102314 26.72735374133784 49.9
      vertex -12.986268392734718 27.597225100213592 60.9
      vertex -14.693487060102314 26.72735374133784 60.9
    endloop
  endfacet
  facet normal 0.39714789063478145 -0.9177546256839808 0
    outer loop
      vertex -12.986268392734718 27.597225100213592 49.9
      vertex -11.227798856882675 28.35818281959167 60.9
      vertex -12.986268392734718 27.597225100213592 60.9
    endloop
  endfacet
  facet normal 0 0 1
    outer loop
      vertex -7.566672419135214 -29.470243340021703 49.9
      vertex -5.715130094864607 -29.959761147225002 49.9
      vertex -5.701289429582706 -29.88720583893254 49.9
    endloop
  endfacet
  facet normal 0 0 1
    outer loop
      vertex -5.715130094864607 -29.959761147225002 49.9
      vertex -3.822663623711274 -30.259498390091576 49.9
      vertex -5.701289429582706 -29.88720583893254 49.9
    endloop
  endfacet
  facet normal 0 0 1
    outer loop
      vertex -5.701289429582706 -29.88720583893254 49.9
      vertex -3.822663623711274 -30.259498390091576 49.9
      vertex -3.8134060553230014 -30.186217190562665 49.9
    endloop
  endfacet
  facet normal 0.1564344650402322 0.9876883405951375 0
    outer loop
      vertex -5.715130094864607 -29.959761147225002 49.9
      vertex -5.715130094864607 -29.959761147225002 60.9
      vertex -3.822663623711274 -30.259498390091576 49.9
    endloop
  endfacet
  facet normal 0 0 1
    outer loop
      vertex -3.822663623711274 -30.259498390091576 49.9
      vertex -1.9151108456440697 -30.439815217062282 49.9
      vertex -3.8134060553230014 -30.186217190562665 49.9
    endloop
  endfacet
  facet normal 0 0 1
    outer loop
      vertex -3.8134060553230014 -30.186217190562665 49.9
      vertex -1.9151108456440697 -30.439815217062282 49.9
      vertex -1.9104729095424726 -30.366097333712467 49.9
    endloop
  endfacet
  facet normal 0 0 1
    outer loop
      vertex -1.9151108456440697 -30.439815217062282 49.9
      vertex 0 -30.426136363636363 49.9
      vertex -1.9104729095424726 -30.366097333712467 49.9
    endloop
  endfacet
  facet normal 0 0 1
    outer loop
      vertex -1.9151108456440697 -30.439815217062282 49.9
      vertex 0 -30.5 49.9
      vertex 0 -30.426136363636363 49.9
    endloop
  endfacet
  facet normal 0 0 1
    outer loop
      vertex 0 -30.5 49.9
      vertex 1.9151108456440697 -30.439815217062282 49.9
      vertex 0 -30.426136363636363 49.9
    endloop
  endfacet
  facet normal 0 0 1
    outer loop
      vertex 0 -30.426136363636363 49.9
      vertex 1.9151108456440697 -30.439815217062282 49.9
      vertex 1.9104729095424726 -30.366097333712467 49.9
    endloop
  endfacet
  facet normal 0 0 1
    outer loop
      vertex 1.9151108456440697 -30.439815217062282 49.9
      vertex 3.822663623711274 -30.259498390091576 49.9
      vertex 1.9104729095424726 -30.366097333712467 49.9
    endloop
  endfacet
  facet normal 0 0 1
    outer loop
      vertex 1.9104729095424726 -30.366097333712467 49.9
      vertex 3.822663623711274 -30.259498390091576 49.9
      vertex 3.8134060553230014 -30.186217190562665 49.9
    endloop
  endfacet
  facet normal 0.09410831331851398 0.9955619646030801 0
    outer loop
      vertex -3.822663623711274 -30.259498390091576 49.9
      vertex -3.822663623711274 -30.259498390091576 60.9
      vertex -1.9151108456440697 -30.439815217062282 49.9
    endloop
  endfacet
  facet normal 0.03141075907812832 0.9995065603657315 0
    outer loop
      vertex -1.9151108456440697 -30.439815217062282 49.9
      vertex -1.9151108456440697 -30.439815217062282 60.9
      vertex 0 -30.5 49.9
    endloop
  endfacet
  facet normal -0.03141075907812832 0.9995065603657315 0
    outer loop
      vertex 0 -30.5 49.9
      vertex 0 -30.5 60.9
      vertex 1.9151108456440697 -30.439815217062282 49.9
    endloop
  endfacet
  facet normal -0.09410831331851398 0.9955619646030801 0
    outer loop
      vertex 1.9151108456440697 -30.439815217062282 49.9
      vertex 1.9151108456440697 -30.439815217062282 60.9
      vertex 3.822663623711274 -30.259498390091576 49.9
    endloop
  endfacet
  facet normal 0.21814324139654154 0.9759167619387477 0
    outer loop
      vertex -5.715130094864607 -29.959761147225002 49.9
      vertex -7.585041558528073 -29.54178641442325 60.9
      vertex -5.715130094864607 -29.959761147225002 60.9
    endloop
  endfacet
  facet normal 0.1564344650402322 0.9876883405951375 0
    outer loop
      vertex -5.715130094864607 -29.959761147225002 60.9
      vertex -3.822663623711274 -30.259498390091576 60.9
      vertex -3.822663623711274 -30.259498390091576 49.9
    endloop
  endfacet
  facet normal 0.09410831331851398 0.9955619646030801 0
    outer loop
      vertex -1.9151108456440697 -30.439815217062282 49.9
      vertex -3.822663623711274 -30.259498390091576 60.9
      vertex -1.9151108456440697 -30.439815217062282 60.9
    endloop
  endfacet
  facet normal 0.03141075907812832 0.9995065603657315 0
    outer loop
      vertex 0 -30.5 49.9
      vertex -1.9151108456440697 -30.439815217062282 60.9
      vertex 0 -30.5 60.9
    endloop
  endfacet
  facet normal -0.03141075907812832 0.9995065603657315 0
    outer loop
      vertex 1.9151108456440697 -30.439815217062282 49.9
      vertex 0 -30.5 60.9
      vertex 1.9151108456440697 -30.439815217062282 60.9
    endloop
  endfacet
  facet normal -0.09410831331851398 0.9955619646030801 0
    outer loop
      vertex 3.822663623711274 -30.259498390091576 49.9
      vertex 1.9151108456440697 -30.439815217062282 60.9
      vertex 3.822663623711274 -30.259498390091576 60.9
    endloop
  endfacet
  facet normal 0 0 1
    outer loop
      vertex -11.227798856882675 -28.35818281959167 49.9
      vertex -9.425018328435895 -29.007223747002183 49.9
      vertex -11.200607838786647 -28.289506147338557 49.9
    endloop
  endfacet
  facet normal 0 0 1
    outer loop
      vertex -11.200607838786647 -28.289506147338557 49.9
      vertex -9.425018328435895 -29.007223747002183 49.9
      vertex -9.4021932095332 -28.93697525432129 49.9
    endloop
  endfacet
  facet normal 0 0 1
    outer loop
      vertex -9.425018328435895 -29.007223747002183 49.9
      vertex -7.585041558528073 -29.54178641442325 49.9
      vertex -9.4021932095332 -28.93697525432129 49.9
    endloop
  endfacet
  facet normal 0 0 1
    outer loop
      vertex -9.4021932095332 -28.93697525432129 49.9
      vertex -7.585041558528073 -29.54178641442325 49.9
      vertex -7.566672419135214 -29.470243340021703 49.9
    endloop
  endfacet
  facet normal 0 0 1
    outer loop
      vertex -7.585041558528073 -29.54178641442325 49.9
      vertex -5.715130094864607 -29.959761147225002 49.9
      vertex -7.566672419135214 -29.470243340021703 49.9
    endloop
  endfacet
  facet normal 0.3387379202452906 0.9408807689542257 0
    outer loop
      vertex -11.227798856882675 -28.35818281959167 49.9
      vertex -11.227798856882675 -28.35818281959167 60.9
      vertex -9.425018328435895 -29.007223747002183 49.9
    endloop
  endfacet
  facet normal 0.2789911060392306 0.9602936856769426 0
    outer loop
      vertex -9.425018328435895 -29.007223747002183 49.9
      vertex -9.425018328435895 -29.007223747002183 60.9
      vertex -7.585041558528073 -29.54178641442325 49.9
    endloop
  endfacet
  facet normal 0.21814324139654154 0.9759167619387477 0
    outer loop
      vertex -7.585041558528073 -29.54178641442325 49.9
      vertex -7.585041558528073 -29.54178641442325 60.9
      vertex -5.715130094864607 -29.959761147225002 49.9
    endloop
  endfacet
  facet normal 0.3387379202452906 0.9408807689542257 0
    outer loop
      vertex -9.425018328435895 -29.007223747002183 49.9
      vertex -11.227798856882675 -28.35818281959167 60.9
      vertex -9.425018328435895 -29.007223747002183 60.9
    endloop
  endfacet
  facet normal 0.2789911060392306 0.9602936856769426 0
    outer loop
      vertex -7.585041558528073 -29.54178641442325 49.9
      vertex -9.425018328435895 -29.007223747002183 60.9
      vertex -7.585041558528073 -29.54178641442325 60.9
    endloop
  endfacet
  facet normal 0 0 1
    outer loop
      vertex 3.822663623711274 -30.259498390091576 49.9
      vertex 5.715130094864607 -29.959761147225002 49.9
      vertex 3.8134060553230014 -30.186217190562665 49.9
    endloop
  endfacet
  facet normal 0 0 1
    outer loop
      vertex 3.8134060553230014 -30.186217190562665 49.9
      vertex 5.715130094864607 -29.959761147225002 49.9
      vertex 5.701289429582706 -29.88720583893254 49.9
    endloop
  endfacet
  facet normal 0 0 1
    outer loop
      vertex 5.715130094864607 -29.959761147225002 49.9
      vertex 7.585041558528061 -29.54178641442325 49.9
      vertex 5.701289429582706 -29.88720583893254 49.9
    endloop
  endfacet
  facet normal -0.1564344650402322 0.9876883405951375 0
    outer loop
      vertex 3.822663623711274 -30.259498390091576 49.9
      vertex 3.822663623711274 -30.259498390091576 60.9
      vertex 5.715130094864607 -29.959761147225002 49.9
    endloop
  endfacet
  facet normal -0.2181432413965429 0.9759167619387473 0
    outer loop
      vertex 5.715130094864607 -29.959761147225002 49.9
      vertex 5.715130094864607 -29.959761147225002 60.9
      vertex 7.585041558528061 -29.54178641442325 49.9
    endloop
  endfacet
  facet normal -0.1564344650402322 0.9876883405951375 0
    outer loop
      vertex 5.715130094864607 -29.959761147225002 49.9
      vertex 3.822663623711274 -30.259498390091576 60.9
      vertex 5.715130094864607 -29.959761147225002 60.9
    endloop
  endfacet
  facet normal 0 0 1
    outer loop
      vertex 5.701289429582706 -29.88720583893254 49.9
      vertex 7.585041558528061 -29.54178641442325 49.9
      vertex 7.566672419135202 -29.470243340021703 49.9
    endloop
  endfacet
  facet normal 0 0 1
    outer loop
      vertex 7.585041558528061 -29.54178641442325 49.9
      vertex 9.425018328435895 -29.007223747002183 49.9
      vertex 7.566672419135202 -29.470243340021703 49.9
    endloop
  endfacet
  facet normal 0 0 1
    outer loop
      vertex 7.566672419135202 -29.470243340021703 49.9
      vertex 9.425018328435895 -29.007223747002183 49.9
      vertex 9.4021932095332 -28.93697525432129 49.9
    endloop
  endfacet
  facet normal 0 0 1
    outer loop
      vertex 9.425018328435895 -29.007223747002183 49.9
      vertex 11.22779885688269 -28.35818281959166 49.9
      vertex 9.4021932095332 -28.93697525432129 49.9
    endloop
  endfacet
  facet normal 0 0 1
    outer loop
      vertex 9.4021932095332 -28.93697525432129 49.9
      vertex 11.22779885688269 -28.35818281959166 49.9
      vertex 11.200607838786661 -28.28950614733855 49.9
    endloop
  endfacet
  facet normal -0.27899110603922894 0.9602936856769433 0
    outer loop
      vertex 7.585041558528061 -29.54178641442325 49.9
      vertex 7.585041558528061 -29.54178641442325 60.9
      vertex 9.425018328435895 -29.007223747002183 49.9
    endloop
  endfacet
  facet normal -0.3387379202452916 0.9408807689542255 0
    outer loop
      vertex 9.425018328435895 -29.007223747002183 49.9
      vertex 9.425018328435895 -29.007223747002183 60.9
      vertex 11.22779885688269 -28.35818281959166 49.9
    endloop
  endfacet
  facet normal 0 0 1
    outer loop
      vertex 11.22779885688269 -28.35818281959166 49.9
      vertex 12.98626839273471 -27.597225100213596 49.9
      vertex 11.200607838786661 -28.28950614733855 49.9
    endloop
  endfacet
  facet normal 0 0 1
    outer loop
      vertex 11.200607838786661 -28.28950614733855 49.9
      vertex 12.98626839273471 -27.597225100213596 49.9
      vertex 12.95481878597138 -27.530391283838263 49.9
    endloop
  endfacet
  facet normal 0 0 1
    outer loop
      vertex 12.98626839273471 -27.597225100213596 49.9
      vertex 14.693487060102319 -26.727353741337836 49.9
      vertex 12.95481878597138 -27.530391283838263 49.9
    endloop
  endfacet
  facet normal 0 0 1
    outer loop
      vertex 12.95481878597138 -27.530391283838263 49.9
      vertex 14.693487060102319 -26.727353741337836 49.9
      vertex 14.657902981901623 -26.66262654338005 49.9
    endloop
  endfacet
  facet normal 0 0 1
    outer loop
      vertex 14.693487060102319 -26.727353741337836 49.9
      vertex 16.342717246859383 -25.752001727811468 49.9
      vertex 14.657902981901623 -26.66262654338005 49.9
    endloop
  endfacet
  facet normal 0 0 1
    outer loop
      vertex 14.657902981901623 -26.66262654338005 49.9
      vertex 16.342717246859383 -25.752001727811468 49.9
      vertex 16.30313913132116 -25.68963659695052 49.9
    endloop
  endfacet
  facet normal 0 0 1
    outer loop
      vertex 16.342717246859383 -25.752001727811468 49.9
      vertex 17.927450194920432 -24.675018328435897 49.9
      vertex 16.30313913132116 -25.68963659695052 49.9
    endloop
  endfacet
  facet normal 0 0 1
    outer loop
      vertex 16.30313913132116 -25.68963659695052 49.9
      vertex 17.927450194920432 -24.675018328435897 49.9
      vertex 17.88403423878519 -24.615261391351382 49.9
    endloop
  endfacet
  facet normal -0.39714789063478123 0.9177546256839808 0
    outer loop
      vertex 11.22779885688269 -28.35818281959166 49.9
      vertex 11.22779885688269 -28.35818281959166 60.9
      vertex 12.98626839273471 -27.597225100213596 49.9
    endloop
  endfacet
  facet normal -0.4539904997395461 0.8910065241883682 0
    outer loop
      vertex 12.98626839273471 -27.597225100213596 49.9
      vertex 12.98626839273471 -27.597225100213596 60.9
      vertex 14.693487060102319 -26.727353741337836 49.9
    endloop
  endfacet
  facet normal -0.5090414157503709 0.8607420270039439 0
    outer loop
      vertex 14.693487060102319 -26.727353741337836 49.9
      vertex 14.693487060102319 -26.727353741337836 60.9
      vertex 16.342717246859383 -25.752001727811468 49.9
    endloop
  endfacet
  facet normal -0.5620833778521296 0.8270805742745625 0
    outer loop
      vertex 16.342717246859383 -25.752001727811468 49.9
      vertex 16.342717246859383 -25.752001727811468 60.9
      vertex 17.927450194920432 -24.675018328435897 49.9
    endloop
  endfacet
  facet normal -0.2181432413965429 0.9759167619387473 0
    outer loop
      vertex 5.715130094864607 -29.959761147225002 60.9
      vertex 7.585041558528061 -29.54178641442325 60.9
      vertex 7.585041558528061 -29.54178641442325 49.9
    endloop
  endfacet
  facet normal -0.27899110603922894 0.9602936856769433 0
    outer loop
      vertex 9.425018328435895 -29.007223747002183 49.9
      vertex 7.585041558528061 -29.54178641442325 60.9
      vertex 9.425018328435895 -29.007223747002183 60.9
    endloop
  endfacet
  facet normal -0.3387379202452916 0.9408807689542255 0
    outer loop
      vertex 11.22779885688269 -28.35818281959166 49.9
      vertex 9.425018328435895 -29.007223747002183 60.9
      vertex 11.22779885688269 -28.35818281959166 60.9
    endloop
  endfacet
  facet normal -0.39714789063478123 0.9177546256839808 0
    outer loop
      vertex 11.22779885688269 -28.35818281959166 60.9
      vertex 12.98626839273471 -27.597225100213596 60.9
      vertex 12.98626839273471 -27.597225100213596 49.9
    endloop
  endfacet
  facet normal -0.4539904997395461 0.8910065241883682 0
    outer loop
      vertex 14.693487060102319 -26.727353741337836 49.9
      vertex 12.98626839273471 -27.597225100213596 60.9
      vertex 14.693487060102319 -26.727353741337836 60.9
    endloop
  endfacet
  facet normal -0.5090414157503709 0.8607420270039439 0
    outer loop
      vertex 16.342717246859383 -25.752001727811468 49.9
      vertex 14.693487060102319 -26.727353741337836 60.9
      vertex 16.342717246859383 -25.752001727811468 60.9
    endloop
  endfacet
  facet normal -0.5620833778521296 0.8270805742745625 0
    outer loop
      vertex 16.342717246859383 -25.752001727811468 60.9
      vertex 17.927450194920432 -24.675018328435897 60.9
      vertex 17.927450194920432 -24.675018328435897 49.9
    endloop
  endfacet
  facet normal 0 0 1
    outer loop
      vertex 17.88403423878519 -24.615261391351382 49.9
      vertex 17.927450194920432 -24.675018328435897 49.9
      vertex 19.441431687335044 -23.500653904661565 49.9
    endloop
  endfacet
  facet normal 0 0 1
    outer loop
      vertex 17.88403423878519 -24.615261391351382 49.9
      vertex 19.441431687335044 -23.500653904661565 49.9
      vertex 19.394349233546787 -23.443740994683807 49.9
    endloop
  endfacet
  facet normal 0 0 1
    outer loop
      vertex 19.441431687335044 -23.500653904661565 49.9
      vertex 20.878686730825 -22.233543136353056 49.9
      vertex 19.394349233546787 -23.443740994683807 49.9
    endloop
  endfacet
  facet normal 0 0 1
    outer loop
      vertex 19.394349233546787 -23.443740994683807 49.9
      vertex 20.878686730825 -22.233543136353056 49.9
      vertex 20.828123592318903 -22.1796988627367 49.9
    endloop
  endfacet
  facet normal 0 0 1
    outer loop
      vertex 20.828123592318903 -22.1796988627367 49.9
      vertex 20.878686730825 -22.233543136353056 49.9
      vertex 22.233543136353056 -20.878686730825 49.9
    endloop
  endfacet
  facet normal 0 0 1
    outer loop
      vertex 20.828123592318903 -22.1796988627367 49.9
      vertex 22.233543136353056 -20.878686730825 49.9
      vertex 22.1796988627367 -20.828123592318903 49.9
    endloop
  endfacet
  facet normal 0 0 1
    outer loop
      vertex 22.233543136353056 -20.878686730825 49.9
      vertex 23.500653904661565 -19.441431687335044 49.9
      vertex 22.1796988627367 -20.828123592318903 49.9
    endloop
  endfacet
  facet normal 0 0 1
    outer loop
      vertex 22.1796988627367 -20.828123592318903 49.9
      vertex 23.500653904661565 -19.441431687335044 49.9
      vertex 23.443740994683807 -19.394349233546787 49.9
    endloop
  endfacet
  facet normal -0.7071067811865476 0.7071067811865476 0
    outer loop
      vertex 20.878686730825 -22.233543136353056 49.9
      vertex 22.233543136353056 -20.878686730825 55.8
      vertex 22.233543136353056 -20.878686730825 49.9
    endloop
  endfacet
  facet normal -0.7501110696304594 0.661311865323652 0
    outer loop
      vertex 22.233543136353056 -20.878686730825 49.9
      vertex 23.500653904661565 -19.441431687335044 55.8
      vertex 23.500653904661565 -19.441431687335044 49.9
    endloop
  endfacet
  facet normal -0.6129070536529774 0.7901550123756899 0
    outer loop
      vertex 17.927450194920432 -24.675018328435897 49.9
      vertex 17.927450194920432 -24.675018328435897 60.9
      vertex 19.441431687335044 -23.500653904661565 49.9
    endloop
  endfacet
  facet normal -0.661311865323652 0.7501110696304594 0
    outer loop
      vertex 19.441431687335044 -23.500653904661565 49.9
      vertex 19.441431687335044 -23.500653904661565 60.9
      vertex 20.878686730825 -22.233543136353056 49.9
    endloop
  endfacet
  facet normal -0.7071067811865476 0.7071067811865476 0
    outer loop
      vertex 20.878686730825 -22.233543136353056 49.9
      vertex 21.700000000000003 -21.412229867178052 55.8
      vertex 22.233543136353056 -20.878686730825 55.8
    endloop
  endfacet
  facet normal -0.7071067811865476 0.7071067811865476 0
    outer loop
      vertex 20.878686730825 -22.233543136353056 49.9
      vertex 20.878686730825 -22.233543136353056 60.9
      vertex 21.700000000000003 -21.412229867178052 55.8
    endloop
  endfacet
  facet normal -0.7501110696304594 0.661311865323652 0
    outer loop
      vertex 22.233543136353056 -20.878686730825 49.9
      vertex 22.233543136353056 -20.878686730825 55.8
      vertex 23.500653904661565 -19.441431687335044 55.8
    endloop
  endfacet
  facet normal -0.6129070536529774 0.7901550123756899 0
    outer loop
      vertex 19.441431687335044 -23.500653904661565 49.9
      vertex 17.927450194920432 -24.675018328435897 60.9
      vertex 19.441431687335044 -23.500653904661565 60.9
    endloop
  endfacet
  facet normal -0.661311865323652 0.7501110696304594 0
    outer loop
      vertex 20.878686730825 -22.233543136353056 49.9
      vertex 19.441431687335044 -23.500653904661565 60.9
      vertex 20.878686730825 -22.233543136353056 60.9
    endloop
  endfacet
  facet normal -0.7071067811865476 0.7071067811865476 0
    outer loop
      vertex 21.700000000000003 -21.412229867178052 55.8
      vertex 20.878686730825 -22.233543136353056 60.9
      vertex 21.700000000000003 -21.412229867178052 58.8
    endloop
  endfacet
  facet normal -0.7071067811865476 0.7071067811865476 0
    outer loop
      vertex 20.878686730825 -22.233543136353056 60.9
      vertex 22.233543136353056 -20.878686730825 60.9
      vertex 21.700000000000003 -21.412229867178052 58.8
    endloop
  endfacet
  facet normal -0.7071067811865476 0.7071067811865476 0
    outer loop
      vertex 21.700000000000003 -21.412229867178052 58.8
      vertex 22.233543136353056 -20.878686730825 60.9
      vertex 22.233543136353056 -20.878686730825 58.8
    endloop
  endfacet
  facet normal -0.7501110696304595 0.6613118653236522 0
    outer loop
      vertex 22.233543136353056 -20.878686730825 58.8
      vertex 23.500653904661565 -19.441431687335044 60.9
      vertex 23.500653904661565 -19.441431687335044 58.8
    endloop
  endfacet
  facet normal -0.7501110696304595 0.6613118653236522 0
    outer loop
      vertex 22.233543136353056 -20.878686730825 58.8
      vertex 22.233543136353056 -20.878686730825 60.9
      vertex 23.500653904661565 -19.441431687335044 60.9
    endloop
  endfacet
  facet normal 0 0 1
    outer loop
      vertex 23.443740994683807 -19.394349233546787 49.9
      vertex 23.500653904661565 -19.441431687335044 49.9
      vertex 24.675018328435897 -17.927450194920432 49.9
    endloop
  endfacet
  facet normal 0 0 1
    outer loop
      vertex 23.443740994683807 -19.394349233546787 49.9
      vertex 24.675018328435897 -17.927450194920432 49.9
      vertex 24.615261391351382 -17.88403423878519 49.9
    endloop
  endfacet
  facet normal 0 0 1
    outer loop
      vertex 24.615261391351382 -17.88403423878519 49.9
      vertex 24.675018328435897 -17.927450194920432 49.9
      vertex 25.752001727811468 -16.342717246859383 49.9
    endloop
  endfacet
  facet normal -0.7901550123756897 0.6129070536529773 0
    outer loop
      vertex 23.500653904661565 -19.441431687335044 49.9
      vertex 24.675018328435897 -17.927450194920432 55.8
      vertex 24.675018328435897 -17.927450194920432 49.9
    endloop
  endfacet
  facet normal -0.7901550123756897 0.6129070536529773 0
    outer loop
      vertex 23.500653904661565 -19.441431687335044 49.9
      vertex 23.500653904661565 -19.441431687335044 55.8
      vertex 24.675018328435897 -17.927450194920432 55.8
    endloop
  endfacet
  facet normal -0.8270805742745626 0.5620833778521296 0
    outer loop
      vertex 24.675018328435897 -17.927450194920432 49.9
      vertex 24.675018328435897 -17.927450194920432 55.8
      vertex 25.752001727811468 -16.342717246859383 55.8
    endloop
  endfacet
  facet normal 0 0 1
    outer loop
      vertex 24.615261391351382 -17.88403423878519 49.9
      vertex 25.752001727811468 -16.342717246859383 49.9
      vertex 25.68963659695052 -16.30313913132116 49.9
    endloop
  endfacet
  facet normal 0 0 1
    outer loop
      vertex 25.68963659695052 -16.30313913132116 49.9
      vertex 25.752001727811468 -16.342717246859383 49.9
      vertex 26.727353741337836 -14.693487060102319 49.9
    endloop
  endfacet
  facet normal 0 0 1
    outer loop
      vertex 25.68963659695052 -16.30313913132116 49.9
      vertex 26.727353741337836 -14.693487060102319 49.9
      vertex 26.66262654338005 -14.657902981901623 49.9
    endloop
  endfacet
  facet normal -0.8270805742745626 0.5620833778521296 0
    outer loop
      vertex 24.675018328435897 -17.927450194920432 49.9
      vertex 25.752001727811468 -16.342717246859383 55.8
      vertex 25.752001727811468 -16.342717246859383 49.9
    endloop
  endfacet
  facet normal -0.860742027003944 0.5090414157503709 0
    outer loop
      vertex 25.752001727811468 -16.342717246859383 49.9
      vertex 26.727353741337836 -14.693487060102319 55.8
      vertex 26.727353741337836 -14.693487060102319 49.9
    endloop
  endfacet
  facet normal -0.860742027003944 0.5090414157503709 0
    outer loop
      vertex 25.752001727811468 -16.342717246859383 49.9
      vertex 25.752001727811468 -16.342717246859383 55.8
      vertex 26.727353741337836 -14.693487060102319 55.8
    endloop
  endfacet
  facet normal 0 0 1
    outer loop
      vertex 26.727353741337836 -14.693487060102319 49.9
      vertex 27.597225100213596 -12.98626839273471 49.9
      vertex 26.66262654338005 -14.657902981901623 49.9
    endloop
  endfacet
  facet normal 0 0 1
    outer loop
      vertex 26.66262654338005 -14.657902981901623 49.9
      vertex 27.597225100213596 -12.98626839273471 49.9
      vertex 27.530391283838263 -12.95481878597138 49.9
    endloop
  endfacet
  facet normal 0 0 1
    outer loop
      vertex 27.530391283838263 -12.95481878597138 49.9
      vertex 27.597225100213596 -12.98626839273471 49.9
      vertex 28.35818281959166 -11.22779885688269 49.9
    endloop
  endfacet
  facet normal -0.8910065241883682 0.453990499739546 0
    outer loop
      vertex 26.727353741337836 -14.693487060102319 49.9
      vertex 27.597225100213596 -12.98626839273471 55.8
      vertex 27.597225100213596 -12.98626839273471 49.9
    endloop
  endfacet
  facet normal 0 0 1
    outer loop
      vertex 27.530391283838263 -12.95481878597138 49.9
      vertex 28.35818281959166 -11.22779885688269 49.9
      vertex 28.28950614733855 -11.200607838786661 49.9
    endloop
  endfacet
  facet normal 0 0 1
    outer loop
      vertex 28.28950614733855 -11.200607838786661 49.9
      vertex 28.35818281959166 -11.22779885688269 49.9
      vertex 29.007223747002183 -9.425018328435895 49.9
    endloop
  endfacet
  facet normal 0 0 1
    outer loop
      vertex 28.28950614733855 -11.200607838786661 49.9
      vertex 29.007223747002183 -9.425018328435895 49.9
      vertex 28.93697525432129 -9.4021932095332 49.9
    endloop
  endfacet
  facet normal -0.9177546256839809 0.39714789063478123 0
    outer loop
      vertex 27.597225100213596 -12.98626839273471 49.9
      vertex 28.35818281959166 -11.22779885688269 55.8
      vertex 28.35818281959166 -11.22779885688269 49.9
    endloop
  endfacet
  facet normal -0.9408807689542255 0.3387379202452916 0
    outer loop
      vertex 28.35818281959166 -11.22779885688269 49.9
      vertex 29.007223747002183 -9.425018328435895 55.8
      vertex 29.007223747002183 -9.425018328435895 49.9
    endloop
  endfacet
  facet normal -0.8910065241883682 0.453990499739546 0
    outer loop
      vertex 26.727353741337836 -14.693487060102319 49.9
      vertex 26.727353741337836 -14.693487060102319 55.8
      vertex 27.597225100213596 -12.98626839273471 55.8
    endloop
  endfacet
  facet normal -0.9177546256839809 0.39714789063478123 0
    outer loop
      vertex 27.597225100213596 -12.98626839273471 49.9
      vertex 27.597225100213596 -12.98626839273471 55.8
      vertex 28.35818281959166 -11.22779885688269 55.8
    endloop
  endfacet
  facet normal -0.9408807689542255 0.3387379202452916 0
    outer loop
      vertex 28.35818281959166 -11.22779885688269 49.9
      vertex 28.35818281959166 -11.22779885688269 55.8
      vertex 29.007223747002183 -9.425018328435895 55.8
    endloop
  endfacet
  facet normal -0.7901550123756897 0.6129070536529773 0
    outer loop
      vertex 23.500653904661565 -19.441431687335044 58.8
      vertex 23.500653904661565 -19.441431687335044 60.9
      vertex 24.675018328435897 -17.927450194920432 60.9
    endloop
  endfacet
  facet normal -0.7901550123756897 0.6129070536529773 0
    outer loop
      vertex 23.500653904661565 -19.441431687335044 58.8
      vertex 24.675018328435897 -17.927450194920432 60.9
      vertex 24.675018328435897 -17.927450194920432 58.8
    endloop
  endfacet
  facet normal -0.8270805742745626 0.5620833778521297 0
    outer loop
      vertex 24.675018328435897 -17.927450194920432 58.8
      vertex 24.675018328435897 -17.927450194920432 60.9
      vertex 25.752001727811468 -16.342717246859383 60.9
    endloop
  endfacet
  facet normal -0.8270805742745626 0.5620833778521297 0
    outer loop
      vertex 24.675018328435897 -17.927450194920432 58.8
      vertex 25.752001727811468 -16.342717246859383 60.9
      vertex 25.752001727811468 -16.342717246859383 58.8
    endloop
  endfacet
  facet normal -0.860742027003944 0.5090414157503709 0
    outer loop
      vertex 25.752001727811468 -16.342717246859383 58.8
      vertex 26.727353741337836 -14.693487060102319 60.9
      vertex 26.727353741337836 -14.693487060102319 58.8
    endloop
  endfacet
  facet normal -0.860742027003944 0.5090414157503709 0
    outer loop
      vertex 25.752001727811468 -16.342717246859383 58.8
      vertex 25.752001727811468 -16.342717246859383 60.9
      vertex 26.727353741337836 -14.693487060102319 60.9
    endloop
  endfacet
  facet normal -0.8910065241883681 0.4539904997395461 0
    outer loop
      vertex 26.727353741337836 -14.693487060102319 58.8
      vertex 26.727353741337836 -14.693487060102319 60.9
      vertex 27.597225100213596 -12.98626839273471 60.9
    endloop
  endfacet
  facet normal -0.8910065241883681 0.4539904997395461 0
    outer loop
      vertex 26.727353741337836 -14.693487060102319 58.8
      vertex 27.597225100213596 -12.98626839273471 60.9
      vertex 27.597225100213596 -12.98626839273471 58.8
    endloop
  endfacet
  facet normal -0.9177546256839809 0.39714789063478123 0
    outer loop
      vertex 27.597225100213596 -12.98626839273471 58.8
      vertex 27.597225100213596 -12.98626839273471 60.9
      vertex 28.35818281959166 -11.22779885688269 60.9
    endloop
  endfacet
  facet normal -0.9177546256839809 0.39714789063478123 0
    outer loop
      vertex 27.597225100213596 -12.98626839273471 58.8
      vertex 28.35818281959166 -11.22779885688269 60.9
      vertex 28.35818281959166 -11.22779885688269 58.8
    endloop
  endfacet
  facet normal -0.9408807689542253 0.3387379202452916 0
    outer loop
      vertex 28.35818281959166 -11.22779885688269 58.8
      vertex 28.35818281959166 -11.22779885688269 60.9
      vertex 29.007223747002183 -9.425018328435895 60.9
    endloop
  endfacet
  facet normal -0.9408807689542253 0.3387379202452916 0
    outer loop
      vertex 28.35818281959166 -11.22779885688269 58.8
      vertex 29.007223747002183 -9.425018328435895 60.9
      vertex 29.007223747002183 -9.425018328435895 58.8
    endloop
  endfacet
  facet normal 0 0 1
    outer loop
      vertex 28.93697525432129 -9.4021932095332 49.9
      vertex 29.007223747002183 -9.425018328435895 49.9
      vertex 29.54178641442325 -7.585041558528061 49.9
    endloop
  endfacet
  facet normal 0 0 1
    outer loop
      vertex 28.93697525432129 -9.4021932095332 49.9
      vertex 29.54178641442325 -7.585041558528061 49.9
      vertex 29.470243340021703 -7.566672419135202 49.9
    endloop
  endfacet
  facet normal -0.9602936856769432 0.2789911060392289 0
    outer loop
      vertex 29.007223747002183 -9.425018328435895 49.9
      vertex 29.54178641442325 -7.585041558528061 55.8
      vertex 29.54178641442325 -7.585041558528061 49.9
    endloop
  endfacet
  facet normal 0 0 1
    outer loop
      vertex 29.54178641442325 -7.585041558528061 49.9
      vertex 29.959761147225002 -5.715130094864607 49.9
      vertex 29.470243340021703 -7.566672419135202 49.9
    endloop
  endfacet
  facet normal 0 0 1
    outer loop
      vertex 29.470243340021703 -7.566672419135202 49.9
      vertex 29.959761147225002 -5.715130094864607 49.9
      vertex 29.88720583893254 -5.701289429582706 49.9
    endloop
  endfacet
  facet normal 0 0 1
    outer loop
      vertex 29.88720583893254 -5.701289429582706 49.9
      vertex 29.959761147225002 -5.715130094864607 49.9
      vertex 30.259498390091576 -3.822663623711274 49.9
    endloop
  endfacet
  facet normal -0.9759167619387473 0.2181432413965429 0
    outer loop
      vertex 29.54178641442325 -7.585041558528061 49.9
      vertex 29.959761147225002 -5.715130094864607 55.8
      vertex 29.959761147225002 -5.715130094864607 49.9
    endloop
  endfacet
  facet normal -0.9602936856769432 0.2789911060392289 0
    outer loop
      vertex 29.007223747002183 -9.425018328435895 49.9
      vertex 29.007223747002183 -9.425018328435895 55.8
      vertex 29.54178641442325 -7.585041558528061 55.8
    endloop
  endfacet
  facet normal -0.9759167619387473 0.2181432413965429 0
    outer loop
      vertex 29.54178641442325 -7.585041558528061 49.9
      vertex 29.54178641442325 -7.585041558528061 55.8
      vertex 29.959761147225002 -5.715130094864607 55.8
    endloop
  endfacet
  facet normal -0.9876883405951375 0.15643446504023217 0
    outer loop
      vertex 29.959761147225002 -5.715130094864607 49.9
      vertex 29.959761147225002 -5.715130094864607 55.8
      vertex 30.259498390091576 -3.822663623711274 55.8
    endloop
  endfacet
  facet normal 0 0 1
    outer loop
      vertex 29.88720583893254 -5.701289429582706 49.9
      vertex 30.259498390091576 -3.822663623711274 49.9
      vertex 30.186217190562665 -3.8134060553230014 49.9
    endloop
  endfacet
  facet normal 0 0 1
    outer loop
      vertex 30.186217190562665 -3.8134060553230014 49.9
      vertex 30.259498390091576 -3.822663623711274 49.9
      vertex 30.439815217062282 -1.9151108456440697 49.9
    endloop
  endfacet
  facet normal 0 0 1
    outer loop
      vertex 30.186217190562665 -3.8134060553230014 49.9
      vertex 30.439815217062282 -1.9151108456440697 49.9
      vertex 30.366097333712467 -1.9104729095424726 49.9
    endloop
  endfacet
  facet normal -0.9876883405951375 0.15643446504023217 0
    outer loop
      vertex 29.959761147225002 -5.715130094864607 49.9
      vertex 30.259498390091576 -3.822663623711274 55.8
      vertex 30.259498390091576 -3.822663623711274 49.9
    endloop
  endfacet
  facet normal -0.99556196460308 0.09410831331851395 0
    outer loop
      vertex 30.259498390091576 -3.822663623711274 49.9
      vertex 30.439815217062282 -1.9151108456440697 55.8
      vertex 30.439815217062282 -1.9151108456440697 49.9
    endloop
  endfacet
  facet normal 0 0 1
    outer loop
      vertex 30.366097333712467 -1.9104729095424726 49.9
      vertex 30.439815217062282 -1.9151108456440697 49.9
      vertex 30.426136363636363 0 49.9
    endloop
  endfacet
  facet normal 0 0 1
    outer loop
      vertex 30.439815217062282 -1.9151108456440697 49.9
      vertex 30.439815217062282 1.915110845644058 49.9
      vertex 30.426136363636363 0 49.9
    endloop
  endfacet
  facet normal 0 0 1
    outer loop
      vertex 30.439815217062282 -1.9151108456440697 49.9
      vertex 30.5 0 49.9
      vertex 30.439815217062282 1.915110845644058 49.9
    endloop
  endfacet
  facet normal -0.9995065603657316 0.03141075907812832 0
    outer loop
      vertex 30.439815217062282 -1.9151108456440697 49.9
      vertex 30.5 0 55.8
      vertex 30.5 0 49.9
    endloop
  endfacet
  facet normal -0.99556196460308 0.09410831331851395 0
    outer loop
      vertex 30.259498390091576 -3.822663623711274 49.9
      vertex 30.259498390091576 -3.822663623711274 55.8
      vertex 30.439815217062282 -1.9151108456440697 55.8
    endloop
  endfacet
  facet normal -0.9995065603657316 0.03141075907812832 0
    outer loop
      vertex 30.439815217062282 -1.9151108456440697 49.9
      vertex 30.439815217062282 -1.9151108456440697 55.8
      vertex 30.5 0 55.8
    endloop
  endfacet
  facet normal -0.9602936856769432 0.2789911060392289 0
    outer loop
      vertex 29.007223747002183 -9.425018328435895 58.8
      vertex 29.007223747002183 -9.425018328435895 60.9
      vertex 29.54178641442325 -7.585041558528061 60.9
    endloop
  endfacet
  facet normal -0.9602936856769432 0.2789911060392289 0
    outer loop
      vertex 29.007223747002183 -9.425018328435895 58.8
      vertex 29.54178641442325 -7.585041558528061 60.9
      vertex 29.54178641442325 -7.585041558528061 58.8
    endloop
  endfacet
  facet normal -0.9759167619387473 0.21814324139654293 0
    outer loop
      vertex 29.54178641442325 -7.585041558528061 58.8
      vertex 29.959761147225002 -5.715130094864607 60.9
      vertex 29.959761147225002 -5.715130094864607 58.8
    endloop
  endfacet
  facet normal -0.9759167619387473 0.21814324139654293 0
    outer loop
      vertex 29.54178641442325 -7.585041558528061 58.8
      vertex 29.54178641442325 -7.585041558528061 60.9
      vertex 29.959761147225002 -5.715130094864607 60.9
    endloop
  endfacet
  facet normal -0.9876883405951375 0.1564344650402322 0
    outer loop
      vertex 29.959761147225002 -5.715130094864607 58.8
      vertex 29.959761147225002 -5.715130094864607 60.9
      vertex 30.259498390091576 -3.822663623711274 60.9
    endloop
  endfacet
  facet normal -0.9876883405951375 0.1564344650402322 0
    outer loop
      vertex 29.959761147225002 -5.715130094864607 58.8
      vertex 30.259498390091576 -3.822663623711274 60.9
      vertex 30.259498390091576 -3.822663623711274 58.8
    endloop
  endfacet
  facet normal -0.9955619646030801 0.09410831331851398 0
    outer loop
      vertex 30.259498390091576 -3.822663623711274 58.8
      vertex 30.439815217062282 -1.9151108456440697 60.9
      vertex 30.439815217062282 -1.9151108456440697 58.8
    endloop
  endfacet
  facet normal -0.9955619646030801 0.09410831331851398 0
    outer loop
      vertex 30.259498390091576 -3.822663623711274 58.8
      vertex 30.259498390091576 -3.822663623711274 60.9
      vertex 30.439815217062282 -1.9151108456440697 60.9
    endloop
  endfacet
  facet normal -0.9995065603657315 0.03141075907812832 0
    outer loop
      vertex 30.439815217062282 -1.9151108456440697 58.8
      vertex 30.439815217062282 -1.9151108456440697 60.9
      vertex 30.5 0 60.9
    endloop
  endfacet
  facet normal -0.9995065603657315 0.03141075907812832 0
    outer loop
      vertex 30.439815217062282 -1.9151108456440697 58.8
      vertex 30.5 0 60.9
      vertex 30.5 0 58.8
    endloop
  endfacet
  facet normal 0 0 1
    outer loop
      vertex -11.200607838786647 28.289506147338557 49.9
      vertex -9.4021932095332 28.93697525432129 49.9
      vertex -11.227798856882675 28.35818281959167 49.9
    endloop
  endfacet
  facet normal 0 0 1
    outer loop
      vertex -11.227798856882675 28.35818281959167 49.9
      vertex -9.4021932095332 28.93697525432129 49.9
      vertex -9.425018328435895 29.007223747002183 49.9
    endloop
  endfacet
  facet normal 0 0 1
    outer loop
      vertex -9.4021932095332 28.93697525432129 49.9
      vertex -7.566672419135214 29.470243340021703 49.9
      vertex -9.425018328435895 29.007223747002183 49.9
    endloop
  endfacet
  facet normal 0 0 1
    outer loop
      vertex -9.425018328435895 29.007223747002183 49.9
      vertex -7.566672419135214 29.470243340021703 49.9
      vertex -7.585041558528073 29.54178641442325 49.9
    endloop
  endfacet
  facet normal 0 0 1
    outer loop
      vertex -7.566672419135214 29.470243340021703 49.9
      vertex -5.701289429582699 29.887205838932545 49.9
      vertex -7.585041558528073 29.54178641442325 49.9
    endloop
  endfacet
  facet normal 0.3387379202452906 -0.9408807689542257 0
    outer loop
      vertex -11.227798856882675 28.35818281959167 49.9
      vertex -9.425018328435895 29.007223747002183 49.9
      vertex -9.425018328435895 29.007223747002183 60.9
    endloop
  endfacet
  facet normal 0.2789911060392306 -0.9602936856769426 0
    outer loop
      vertex -9.425018328435895 29.007223747002183 49.9
      vertex -7.585041558528073 29.54178641442325 49.9
      vertex -7.585041558528073 29.54178641442325 60.9
    endloop
  endfacet
  facet normal 0.3387379202452906 -0.9408807689542257 0
    outer loop
      vertex -11.227798856882675 28.35818281959167 49.9
      vertex -9.425018328435895 29.007223747002183 60.9
      vertex -11.227798856882675 28.35818281959167 60.9
    endloop
  endfacet
  facet normal 0.2789911060392306 -0.9602936856769426 0
    outer loop
      vertex -9.425018328435895 29.007223747002183 49.9
      vertex -7.585041558528073 29.54178641442325 60.9
      vertex -9.425018328435895 29.007223747002183 60.9
    endloop
  endfacet
  facet normal 0.2181432413965424 -0.9759167619387474 0
    outer loop
      vertex -7.585041558528073 29.54178641442325 49.9
      vertex -5.715130094864599 29.959761147225006 60.9
      vertex -7.585041558528073 29.54178641442325 60.9
    endloop
  endfacet
  facet normal 0 0 1
    outer loop
      vertex -7.585041558528073 29.54178641442325 49.9
      vertex -5.701289429582699 29.887205838932545 49.9
      vertex -5.715130094864599 29.959761147225006 49.9
    endloop
  endfacet
  facet normal 0 0 1
    outer loop
      vertex -5.701289429582699 29.887205838932545 49.9
      vertex -3.813406055323008 30.186217190562665 49.9
      vertex -5.715130094864599 29.959761147225006 49.9
    endloop
  endfacet
  facet normal 0 0 1
    outer loop
      vertex -5.715130094864599 29.959761147225006 49.9
      vertex -3.813406055323008 30.186217190562665 49.9
      vertex -3.8226636237112808 30.259498390091576 49.9
    endloop
  endfacet
  facet normal 0.2181432413965424 -0.9759167619387474 0
    outer loop
      vertex -7.585041558528073 29.54178641442325 49.9
      vertex -5.715130094864599 29.959761147225006 49.9
      vertex -5.715130094864599 29.959761147225006 60.9
    endloop
  endfacet
  facet normal 0.15643446504023156 -0.9876883405951377 0
    outer loop
      vertex -5.715130094864599 29.959761147225006 49.9
      vertex -3.8226636237112808 30.259498390091576 49.9
      vertex -3.8226636237112808 30.259498390091576 60.9
    endloop
  endfacet
  facet normal 0 0 1
    outer loop
      vertex -3.813406055323008 30.186217190562665 49.9
      vertex -1.9104729095424577 30.366097333712467 49.9
      vertex -3.8226636237112808 30.259498390091576 49.9
    endloop
  endfacet
  facet normal 0 0 1
    outer loop
      vertex -3.8226636237112808 30.259498390091576 49.9
      vertex -1.9104729095424577 30.366097333712467 49.9
      vertex -1.9151108456440549 30.439815217062282 49.9
    endloop
  endfacet
  facet normal 0 0 1
    outer loop
      vertex -1.9104729095424577 30.366097333712467 49.9
      vertex 0 30.426136363636363 49.9
      vertex -1.9151108456440549 30.439815217062282 49.9
    endloop
  endfacet
  facet normal 0 0 1
    outer loop
      vertex -1.9151108456440549 30.439815217062282 49.9
      vertex 0 30.426136363636363 49.9
      vertex 0 30.5 49.9
    endloop
  endfacet
  facet normal 0 0 1
    outer loop
      vertex 0 30.426136363636363 49.9
      vertex 1.9151108456440549 30.439815217062282 49.9
      vertex 0 30.5 49.9
    endloop
  endfacet
  facet normal 0 0 1
    outer loop
      vertex 0 30.426136363636363 49.9
      vertex 1.9104729095424577 30.366097333712467 49.9
      vertex 1.9151108456440549 30.439815217062282 49.9
    endloop
  endfacet
  facet normal 0 0 1
    outer loop
      vertex 1.9104729095424577 30.366097333712467 49.9
      vertex 3.813406055323008 30.186217190562665 49.9
      vertex 1.9151108456440549 30.439815217062282 49.9
    endloop
  endfacet
  facet normal 0 0 1
    outer loop
      vertex 1.9151108456440549 30.439815217062282 49.9
      vertex 3.813406055323008 30.186217190562665 49.9
      vertex 3.8226636237112808 30.259498390091576 49.9
    endloop
  endfacet
  facet normal 0.09410831331851292 -0.9955619646030801 0
    outer loop
      vertex -3.8226636237112808 30.259498390091576 49.9
      vertex -1.9151108456440549 30.439815217062282 49.9
      vertex -1.9151108456440549 30.439815217062282 60.9
    endloop
  endfacet
  facet normal 0.03141075907812856 -0.9995065603657315 0
    outer loop
      vertex -1.9151108456440549 30.439815217062282 49.9
      vertex 0 30.5 49.9
      vertex 0 30.5 60.9
    endloop
  endfacet
  facet normal -0.03141075907812856 -0.9995065603657315 0
    outer loop
      vertex 0 30.5 49.9
      vertex 1.9151108456440549 30.439815217062282 49.9
      vertex 1.9151108456440549 30.439815217062282 60.9
    endloop
  endfacet
  facet normal -0.09410831331851292 -0.9955619646030801 0
    outer loop
      vertex 1.9151108456440549 30.439815217062282 49.9
      vertex 3.8226636237112808 30.259498390091576 49.9
      vertex 3.8226636237112808 30.259498390091576 60.9
    endloop
  endfacet
  facet normal 0.15643446504023156 -0.9876883405951377 0
    outer loop
      vertex -5.715130094864599 29.959761147225006 49.9
      vertex -3.8226636237112808 30.259498390091576 60.9
      vertex -5.715130094864599 29.959761147225006 60.9
    endloop
  endfacet
  facet normal 0.09410831331851292 -0.9955619646030801 0
    outer loop
      vertex -3.8226636237112808 30.259498390091576 49.9
      vertex -1.9151108456440549 30.439815217062282 60.9
      vertex -3.8226636237112808 30.259498390091576 60.9
    endloop
  endfacet
  facet normal 0.03141075907812856 -0.9995065603657315 0
    outer loop
      vertex -1.9151108456440549 30.439815217062282 49.9
      vertex 0 30.5 60.9
      vertex -1.9151108456440549 30.439815217062282 60.9
    endloop
  endfacet
  facet normal -0.03141075907812856 -0.9995065603657315 0
    outer loop
      vertex 0 30.5 49.9
      vertex 1.9151108456440549 30.439815217062282 60.9
      vertex 0 30.5 60.9
    endloop
  endfacet
  facet normal -0.09410831331851292 -0.9955619646030801 0
    outer loop
      vertex 1.9151108456440549 30.439815217062282 49.9
      vertex 3.8226636237112808 30.259498390091576 60.9
      vertex 1.9151108456440549 30.439815217062282 60.9
    endloop
  endfacet
  facet normal 0 0 1
    outer loop
      vertex 5.715130094864599 29.959761147225006 49.9
      vertex 7.566672419135214 29.470243340021703 49.9
      vertex 7.585041558528073 29.54178641442325 49.9
    endloop
  endfacet
  facet normal 0 0 1
    outer loop
      vertex 7.566672419135214 29.470243340021703 49.9
      vertex 9.4021932095332 28.93697525432129 49.9
      vertex 7.585041558528073 29.54178641442325 49.9
    endloop
  endfacet
  facet normal 0 0 1
    outer loop
      vertex 7.585041558528073 29.54178641442325 49.9
      vertex 9.4021932095332 28.93697525432129 49.9
      vertex 9.425018328435895 29.007223747002183 49.9
    endloop
  endfacet
  facet normal 0 0 1
    outer loop
      vertex 9.4021932095332 28.93697525432129 49.9
      vertex 11.200607838786647 28.289506147338557 49.9
      vertex 9.425018328435895 29.007223747002183 49.9
    endloop
  endfacet
  facet normal 0 0 1
    outer loop
      vertex 9.425018328435895 29.007223747002183 49.9
      vertex 11.200607838786647 28.289506147338557 49.9
      vertex 11.227798856882675 28.35818281959167 49.9
    endloop
  endfacet
  facet normal -0.2181432413965424 -0.9759167619387474 0
    outer loop
      vertex 5.715130094864599 29.959761147225006 49.9
      vertex 7.585041558528073 29.54178641442325 49.9
      vertex 7.585041558528073 29.54178641442325 60.9
    endloop
  endfacet
  facet normal -0.2789911060392306 -0.9602936856769426 0
    outer loop
      vertex 7.585041558528073 29.54178641442325 49.9
      vertex 9.425018328435895 29.007223747002183 49.9
      vertex 9.425018328435895 29.007223747002183 60.9
    endloop
  endfacet
  facet normal -0.3387379202452906 -0.9408807689542257 0
    outer loop
      vertex 9.425018328435895 29.007223747002183 49.9
      vertex 11.227798856882675 28.35818281959167 49.9
      vertex 11.227798856882675 28.35818281959167 60.9
    endloop
  endfacet
  facet normal 0 0 1
    outer loop
      vertex 12.986268392734718 27.597225100213592 49.9
      vertex 14.657902981901618 26.662626543380053 49.9
      vertex 14.693487060102314 26.72735374133784 49.9
    endloop
  endfacet
  facet normal 0 0 1
    outer loop
      vertex 12.954818785971389 27.53039128383826 49.9
      vertex 12.986268392734718 27.597225100213592 49.9
      vertex 11.227798856882675 28.35818281959167 49.9
    endloop
  endfacet
  facet normal 0 0 1
    outer loop
      vertex 12.954818785971389 27.53039128383826 49.9
      vertex 11.227798856882675 28.35818281959167 49.9
      vertex 11.200607838786647 28.289506147338557 49.9
    endloop
  endfacet
  facet normal 0 0 1
    outer loop
      vertex 12.954818785971389 27.53039128383826 49.9
      vertex 14.657902981901618 26.662626543380053 49.9
      vertex 12.986268392734718 27.597225100213592 49.9
    endloop
  endfacet
  facet normal 0 0 1
    outer loop
      vertex 14.657902981901618 26.662626543380053 49.9
      vertex 16.303139131321174 25.689636596950514 49.9
      vertex 14.693487060102314 26.72735374133784 49.9
    endloop
  endfacet
  facet normal 0 0 1
    outer loop
      vertex 14.693487060102314 26.72735374133784 49.9
      vertex 16.303139131321174 25.689636596950514 49.9
      vertex 16.342717246859397 25.75200172781146 49.9
    endloop
  endfacet
  facet normal 0 0 1
    outer loop
      vertex 16.303139131321174 25.689636596950514 49.9
      vertex 17.88403423878519 24.615261391351382 49.9
      vertex 16.342717246859397 25.75200172781146 49.9
    endloop
  endfacet
  facet normal 0 0 1
    outer loop
      vertex 16.342717246859397 25.75200172781146 49.9
      vertex 17.88403423878519 24.615261391351382 49.9
      vertex 17.927450194920432 24.675018328435897 49.9
    endloop
  endfacet
  facet normal -0.4539904997395461 -0.8910065241883681 0
    outer loop
      vertex 12.986268392734718 27.597225100213592 49.9
      vertex 14.693487060102314 26.72735374133784 49.9
      vertex 14.693487060102314 26.72735374133784 60.9
    endloop
  endfacet
  facet normal -0.39714789063478145 -0.9177546256839808 0
    outer loop
      vertex 12.986268392734718 27.597225100213592 49.9
      vertex 12.986268392734718 27.597225100213592 60.9
      vertex 11.227798856882675 28.35818281959167 49.9
    endloop
  endfacet
  facet normal -0.5090414157503705 -0.8607420270039441 0
    outer loop
      vertex 14.693487060102314 26.72735374133784 49.9
      vertex 16.342717246859397 25.75200172781146 49.9
      vertex 16.342717246859397 25.75200172781146 60.9
    endloop
  endfacet
  facet normal -0.5620833778521304 -0.8270805742745618 0
    outer loop
      vertex 16.342717246859397 25.75200172781146 49.9
      vertex 17.927450194920432 24.675018328435897 49.9
      vertex 17.927450194920432 24.675018328435897 60.9
    endloop
  endfacet
  facet normal -0.2789911060392306 -0.9602936856769426 0
    outer loop
      vertex 7.585041558528073 29.54178641442325 49.9
      vertex 9.425018328435895 29.007223747002183 60.9
      vertex 7.585041558528073 29.54178641442325 60.9
    endloop
  endfacet
  facet normal -0.3387379202452906 -0.9408807689542257 0
    outer loop
      vertex 9.425018328435895 29.007223747002183 49.9
      vertex 11.227798856882675 28.35818281959167 60.9
      vertex 9.425018328435895 29.007223747002183 60.9
    endloop
  endfacet
  facet normal -0.39714789063478145 -0.9177546256839808 0
    outer loop
      vertex 12.986268392734718 27.597225100213592 60.9
      vertex 11.227798856882675 28.35818281959167 60.9
      vertex 11.227798856882675 28.35818281959167 49.9
    endloop
  endfacet
  facet normal -0.4539904997395461 -0.8910065241883681 0
    outer loop
      vertex 12.986268392734718 27.597225100213592 49.9
      vertex 14.693487060102314 26.72735374133784 60.9
      vertex 12.986268392734718 27.597225100213592 60.9
    endloop
  endfacet
  facet normal -0.5090414157503705 -0.8607420270039441 0
    outer loop
      vertex 14.693487060102314 26.72735374133784 49.9
      vertex 16.342717246859397 25.75200172781146 60.9
      vertex 14.693487060102314 26.72735374133784 60.9
    endloop
  endfacet
  facet normal -0.5620833778521304 -0.8270805742745618 0
    outer loop
      vertex 16.342717246859397 25.75200172781146 49.9
      vertex 17.927450194920432 24.675018328435897 60.9
      vertex 16.342717246859397 25.75200172781146 60.9
    endloop
  endfacet
  facet normal 0 0 1
    outer loop
      vertex 3.813406055323008 30.186217190562665 49.9
      vertex 5.701289429582699 29.887205838932545 49.9
      vertex 3.8226636237112808 30.259498390091576 49.9
    endloop
  endfacet
  facet normal 0 0 1
    outer loop
      vertex 5.701289429582699 29.887205838932545 49.9
      vertex 5.715130094864599 29.959761147225006 49.9
      vertex 3.8226636237112808 30.259498390091576 49.9
    endloop
  endfacet
  facet normal 0 0 1
    outer loop
      vertex 5.701289429582699 29.887205838932545 49.9
      vertex 7.566672419135214 29.470243340021703 49.9
      vertex 5.715130094864599 29.959761147225006 49.9
    endloop
  endfacet
  facet normal -0.15643446504023156 -0.9876883405951377 0
    outer loop
      vertex 5.715130094864599 29.959761147225006 49.9
      vertex 5.715130094864599 29.959761147225006 60.9
      vertex 3.8226636237112808 30.259498390091576 49.9
    endloop
  endfacet
  facet normal -0.15643446504023156 -0.9876883405951377 0
    outer loop
      vertex 3.8226636237112808 30.259498390091576 49.9
      vertex 5.715130094864599 29.959761147225006 60.9
      vertex 3.8226636237112808 30.259498390091576 60.9
    endloop
  endfacet
  facet normal -0.2181432413965424 -0.9759167619387474 0
    outer loop
      vertex 5.715130094864599 29.959761147225006 49.9
      vertex 7.585041558528073 29.54178641442325 60.9
      vertex 5.715130094864599 29.959761147225006 60.9
    endloop
  endfacet
  facet normal 0 0 1
    outer loop
      vertex 30.426136363636363 0 49.9
      vertex 30.439815217062282 1.915110845644058 49.9
      vertex 30.366097333712464 1.9104729095424609 49.9
    endloop
  endfacet
  facet normal -0.9995065603657316 -0.031410759078128514 0
    outer loop
      vertex 30.5 0 49.9
      vertex 30.439815217062282 1.915110845644058 55.8
      vertex 30.439815217062282 1.915110845644058 49.9
    endloop
  endfacet
  facet normal 0 0 1
    outer loop
      vertex 30.366097333712464 1.9104729095424609 49.9
      vertex 30.439815217062282 1.915110845644058 49.9
      vertex 30.259498390091576 3.82266362371128 49.9
    endloop
  endfacet
  facet normal 0 0 1
    outer loop
      vertex 30.366097333712464 1.9104729095424609 49.9
      vertex 30.259498390091576 3.82266362371128 49.9
      vertex 30.186217190562665 3.813406055323007 49.9
    endloop
  endfacet
  facet normal 0 0 1
    outer loop
      vertex 30.186217190562665 3.813406055323007 49.9
      vertex 30.259498390091576 3.82266362371128 49.9
      vertex 29.959761147225006 5.715130094864601 49.9
    endloop
  endfacet
  facet normal -0.9955619646030802 -0.09410831331851312 0
    outer loop
      vertex 30.439815217062282 1.915110845644058 49.9
      vertex 30.259498390091576 3.82266362371128 55.8
      vertex 30.259498390091576 3.82266362371128 49.9
    endloop
  endfacet
  facet normal -0.9995065603657316 -0.031410759078128514 0
    outer loop
      vertex 30.5 0 49.9
      vertex 30.5 0 55.8
      vertex 30.439815217062282 1.915110845644058 55.8
    endloop
  endfacet
  facet normal -0.9955619646030802 -0.09410831331851312 0
    outer loop
      vertex 30.439815217062282 1.915110845644058 49.9
      vertex 30.439815217062282 1.915110845644058 55.8
      vertex 30.259498390091576 3.82266362371128 55.8
    endloop
  endfacet
  facet normal -0.9876883405951375 -0.15643446504023134 0
    outer loop
      vertex 30.259498390091576 3.82266362371128 49.9
      vertex 30.259498390091576 3.82266362371128 55.8
      vertex 29.959761147225006 5.715130094864601 55.8
    endloop
  endfacet
  facet normal 0 0 1
    outer loop
      vertex 30.186217190562665 3.813406055323007 49.9
      vertex 29.959761147225006 5.715130094864601 49.9
      vertex 29.887205838932545 5.701289429582701 49.9
    endloop
  endfacet
  facet normal 0 0 1
    outer loop
      vertex 29.54178641442325 7.585041558528071 49.9
      vertex 29.470243340021703 7.566672419135212 49.9
      vertex 29.887205838932545 5.701289429582701 49.9
    endloop
  endfacet
  facet normal 0 0 1
    outer loop
      vertex 29.54178641442325 7.585041558528071 49.9
      vertex 29.887205838932545 5.701289429582701 49.9
      vertex 29.959761147225006 5.715130094864601 49.9
    endloop
  endfacet
  facet normal -0.9876883405951375 -0.15643446504023134 0
    outer loop
      vertex 30.259498390091576 3.82266362371128 49.9
      vertex 29.959761147225006 5.715130094864601 55.8
      vertex 29.959761147225006 5.715130094864601 49.9
    endloop
  endfacet
  facet normal -0.9759167619387474 -0.2181432413965428 0
    outer loop
      vertex 29.54178641442325 7.585041558528071 49.9
      vertex 29.959761147225006 5.715130094864601 49.9
      vertex 29.54178641442325 7.585041558528071 55.8
    endloop
  endfacet
  facet normal 0 0 1
    outer loop
      vertex 29.54178641442325 7.585041558528071 49.9
      vertex 29.007223747002183 9.425018328435895 49.9
      vertex 29.470243340021703 7.566672419135212 49.9
    endloop
  endfacet
  facet normal 0 0 1
    outer loop
      vertex 29.470243340021703 7.566672419135212 49.9
      vertex 29.007223747002183 9.425018328435895 49.9
      vertex 28.93697525432129 9.4021932095332 49.9
    endloop
  endfacet
  facet normal -0.9602936856769426 -0.27899110603923033 0
    outer loop
      vertex 29.54178641442325 7.585041558528071 49.9
      vertex 29.007223747002183 9.425018328435895 55.8
      vertex 29.007223747002183 9.425018328435895 49.9
    endloop
  endfacet
  facet normal -0.9759167619387474 -0.2181432413965428 0
    outer loop
      vertex 29.959761147225006 5.715130094864601 49.9
      vertex 29.959761147225006 5.715130094864601 55.8
      vertex 29.54178641442325 7.585041558528071 55.8
    endloop
  endfacet
  facet normal -0.9602936856769426 -0.27899110603923033 0
    outer loop
      vertex 29.54178641442325 7.585041558528071 49.9
      vertex 29.54178641442325 7.585041558528071 55.8
      vertex 29.007223747002183 9.425018328435895 55.8
    endloop
  endfacet
  facet normal -0.9995065603657315 -0.031410759078128514 0
    outer loop
      vertex 30.5 0 58.8
      vertex 30.5 0 60.9
      vertex 30.439815217062282 1.915110845644058 60.9
    endloop
  endfacet
  facet normal -0.9995065603657315 -0.031410759078128514 0
    outer loop
      vertex 30.5 0 58.8
      vertex 30.439815217062282 1.915110845644058 60.9
      vertex 30.439815217062282 1.915110845644058 58.8
    endloop
  endfacet
  facet normal -0.9955619646030801 -0.0941083133185131 0
    outer loop
      vertex 30.439815217062282 1.915110845644058 58.8
      vertex 30.259498390091576 3.82266362371128 60.9
      vertex 30.259498390091576 3.82266362371128 58.8
    endloop
  endfacet
  facet normal -0.9955619646030801 -0.0941083133185131 0
    outer loop
      vertex 30.439815217062282 1.915110845644058 58.8
      vertex 30.439815217062282 1.915110845644058 60.9
      vertex 30.259498390091576 3.82266362371128 60.9
    endloop
  endfacet
  facet normal -0.9876883405951377 -0.15643446504023134 0
    outer loop
      vertex 30.259498390091576 3.82266362371128 58.8
      vertex 30.259498390091576 3.82266362371128 60.9
      vertex 29.959761147225006 5.715130094864601 60.9
    endloop
  endfacet
  facet normal -0.9876883405951377 -0.15643446504023134 0
    outer loop
      vertex 30.259498390091576 3.82266362371128 58.8
      vertex 29.959761147225006 5.715130094864601 60.9
      vertex 29.959761147225006 5.715130094864601 58.8
    endloop
  endfacet
  facet normal -0.9759167619387473 -0.2181432413965428 0
    outer loop
      vertex 29.54178641442325 7.585041558528071 58.8
      vertex 29.959761147225006 5.715130094864601 58.8
      vertex 29.54178641442325 7.585041558528071 60.9
    endloop
  endfacet
  facet normal -0.9759167619387473 -0.2181432413965428 0
    outer loop
      vertex 29.54178641442325 7.585041558528071 60.9
      vertex 29.959761147225006 5.715130094864601 58.8
      vertex 29.959761147225006 5.715130094864601 60.9
    endloop
  endfacet
  facet normal -0.9602936856769427 -0.2789911060392304 0
    outer loop
      vertex 29.54178641442325 7.585041558528071 58.8
      vertex 29.54178641442325 7.585041558528071 60.9
      vertex 29.007223747002183 9.425018328435895 60.9
    endloop
  endfacet
  facet normal -0.9602936856769427 -0.2789911060392304 0
    outer loop
      vertex 29.54178641442325 7.585041558528071 58.8
      vertex 29.007223747002183 9.425018328435895 60.9
      vertex 29.007223747002183 9.425018328435895 58.8
    endloop
  endfacet
  facet normal 0 0 1
    outer loop
      vertex 24.615261391351382 17.88403423878519 49.9
      vertex 24.675018328435897 17.927450194920432 49.9
      vertex 23.50065390466157 19.441431687335037 49.9
    endloop
  endfacet
  facet normal 0 0 1
    outer loop
      vertex 24.615261391351382 17.88403423878519 49.9
      vertex 25.689636596950514 16.303139131321174 49.9
      vertex 24.675018328435897 17.927450194920432 49.9
    endloop
  endfacet
  facet normal 0 0 1
    outer loop
      vertex 24.615261391351382 17.88403423878519 49.9
      vertex 23.50065390466157 19.441431687335037 49.9
      vertex 23.44374099468381 19.39434923354678 49.9
    endloop
  endfacet
  facet normal -0.8270805742745619 -0.5620833778521305 0
    outer loop
      vertex 24.675018328435897 17.927450194920432 49.9
      vertex 25.75200172781146 16.342717246859397 49.9
      vertex 24.675018328435897 17.927450194920432 55.8
    endloop
  endfacet
  facet normal -0.7901550123756893 -0.6129070536529779 0
    outer loop
      vertex 24.675018328435897 17.927450194920432 49.9
      vertex 23.50065390466157 19.441431687335037 55.8
      vertex 23.50065390466157 19.441431687335037 49.9
    endloop
  endfacet
  facet normal -0.7901550123756893 -0.6129070536529779 0
    outer loop
      vertex 24.675018328435897 17.927450194920432 49.9
      vertex 24.675018328435897 17.927450194920432 55.8
      vertex 23.50065390466157 19.441431687335037 55.8
    endloop
  endfacet
  facet normal 0 0 1
    outer loop
      vertex 28.93697525432129 9.4021932095332 49.9
      vertex 29.007223747002183 9.425018328435895 49.9
      vertex 28.358182819591665 11.227798856882679 49.9
    endloop
  endfacet
  facet normal 0 0 1
    outer loop
      vertex 28.93697525432129 9.4021932095332 49.9
      vertex 28.358182819591665 11.227798856882679 49.9
      vertex 28.289506147338553 11.20060783878665 49.9
    endloop
  endfacet
  facet normal 0 0 1
    outer loop
      vertex 28.289506147338553 11.20060783878665 49.9
      vertex 28.358182819591665 11.227798856882679 49.9
      vertex 27.597225100213596 12.986268392734717 49.9
    endloop
  endfacet
  facet normal -0.9408807689542253 -0.3387379202452917 0
    outer loop
      vertex 29.007223747002183 9.425018328435895 49.9
      vertex 28.358182819591665 11.227798856882679 55.8
      vertex 28.358182819591665 11.227798856882679 49.9
    endloop
  endfacet
  facet normal 0 0 1
    outer loop
      vertex 26.662626543380053 14.657902981901621 49.9
      vertex 27.530391283838263 12.954818785971387 49.9
      vertex 26.72735374133784 14.693487060102317 49.9
    endloop
  endfacet
  facet normal 0 0 1
    outer loop
      vertex 28.289506147338553 11.20060783878665 49.9
      vertex 27.597225100213596 12.986268392734717 49.9
      vertex 27.530391283838263 12.954818785971387 49.9
    endloop
  endfacet
  facet normal 0 0 1
    outer loop
      vertex 26.72735374133784 14.693487060102317 49.9
      vertex 27.530391283838263 12.954818785971387 49.9
      vertex 27.597225100213596 12.986268392734717 49.9
    endloop
  endfacet
  facet normal -0.9177546256839817 -0.3971478906347794 0
    outer loop
      vertex 28.358182819591665 11.227798856882679 49.9
      vertex 27.597225100213596 12.986268392734717 55.8
      vertex 27.597225100213596 12.986268392734717 49.9
    endloop
  endfacet
  facet normal -0.891006524188368 -0.4539904997395465 0
    outer loop
      vertex 26.72735374133784 14.693487060102317 49.9
      vertex 27.597225100213596 12.986268392734717 49.9
      vertex 26.72735374133784 14.693487060102317 55.8
    endloop
  endfacet
  facet normal -0.9177546256839817 -0.3971478906347794 0
    outer loop
      vertex 28.358182819591665 11.227798856882679 49.9
      vertex 28.358182819591665 11.227798856882679 55.8
      vertex 27.597225100213596 12.986268392734717 55.8
    endloop
  endfacet
  facet normal -0.891006524188368 -0.4539904997395465 0
    outer loop
      vertex 26.72735374133784 14.693487060102317 55.8
      vertex 27.597225100213596 12.986268392734717 49.9
      vertex 27.597225100213596 12.986268392734717 55.8
    endloop
  endfacet
  facet normal -0.9408807689542253 -0.3387379202452917 0
    outer loop
      vertex 29.007223747002183 9.425018328435895 49.9
      vertex 29.007223747002183 9.425018328435895 55.8
      vertex 28.358182819591665 11.227798856882679 55.8
    endloop
  endfacet
  facet normal 0 0 1
    outer loop
      vertex 26.662626543380053 14.657902981901621 49.9
      vertex 25.75200172781146 16.342717246859397 49.9
      vertex 25.689636596950514 16.303139131321174 49.9
    endloop
  endfacet
  facet normal 0 0 1
    outer loop
      vertex 26.662626543380053 14.657902981901621 49.9
      vertex 26.72735374133784 14.693487060102317 49.9
      vertex 25.75200172781146 16.342717246859397 49.9
    endloop
  endfacet
  facet normal 0 0 1
    outer loop
      vertex 24.675018328435897 17.927450194920432 49.9
      vertex 25.689636596950514 16.303139131321174 49.9
      vertex 25.75200172781146 16.342717246859397 49.9
    endloop
  endfacet
  facet normal -0.8607420270039436 -0.5090414157503713 0
    outer loop
      vertex 26.72735374133784 14.693487060102317 49.9
      vertex 25.75200172781146 16.342717246859397 55.8
      vertex 25.75200172781146 16.342717246859397 49.9
    endloop
  endfacet
  facet normal -0.8607420270039436 -0.5090414157503713 0
    outer loop
      vertex 26.72735374133784 14.693487060102317 49.9
      vertex 26.72735374133784 14.693487060102317 55.8
      vertex 25.75200172781146 16.342717246859397 55.8
    endloop
  endfacet
  facet normal -0.8270805742745619 -0.5620833778521305 0
    outer loop
      vertex 25.75200172781146 16.342717246859397 49.9
      vertex 25.75200172781146 16.342717246859397 55.8
      vertex 24.675018328435897 17.927450194920432 55.8
    endloop
  endfacet
  facet normal -0.8270805742745619 -0.5620833778521305 0
    outer loop
      vertex 24.675018328435897 17.927450194920432 58.8
      vertex 25.75200172781146 16.342717246859397 58.8
      vertex 24.675018328435897 17.927450194920432 60.9
    endloop
  endfacet
  facet normal -0.7901550123756893 -0.6129070536529778 0
    outer loop
      vertex 24.675018328435897 17.927450194920432 58.8
      vertex 24.675018328435897 17.927450194920432 60.9
      vertex 23.50065390466157 19.441431687335037 60.9
    endloop
  endfacet
  facet normal -0.7901550123756893 -0.6129070536529778 0
    outer loop
      vertex 24.675018328435897 17.927450194920432 58.8
      vertex 23.50065390466157 19.441431687335037 60.9
      vertex 23.50065390466157 19.441431687335037 58.8
    endloop
  endfacet
  facet normal -0.9408807689542255 -0.3387379202452917 0
    outer loop
      vertex 29.007223747002183 9.425018328435895 58.8
      vertex 28.358182819591665 11.227798856882679 60.9
      vertex 28.358182819591665 11.227798856882679 58.8
    endloop
  endfacet
  facet normal -0.9177546256839817 -0.39714789063477934 0
    outer loop
      vertex 28.358182819591665 11.227798856882679 58.8
      vertex 28.358182819591665 11.227798856882679 60.9
      vertex 27.597225100213596 12.986268392734717 60.9
    endloop
  endfacet
  facet normal -0.9177546256839817 -0.39714789063477934 0
    outer loop
      vertex 28.358182819591665 11.227798856882679 58.8
      vertex 27.597225100213596 12.986268392734717 60.9
      vertex 27.597225100213596 12.986268392734717 58.8
    endloop
  endfacet
  facet normal -0.891006524188368 -0.4539904997395466 0
    outer loop
      vertex 26.72735374133784 14.693487060102317 60.9
      vertex 27.597225100213596 12.986268392734717 58.8
      vertex 27.597225100213596 12.986268392734717 60.9
    endloop
  endfacet
  facet normal -0.891006524188368 -0.4539904997395466 0
    outer loop
      vertex 26.72735374133784 14.693487060102317 58.8
      vertex 27.597225100213596 12.986268392734717 58.8
      vertex 26.72735374133784 14.693487060102317 60.9
    endloop
  endfacet
  facet normal -0.9408807689542255 -0.3387379202452917 0
    outer loop
      vertex 29.007223747002183 9.425018328435895 58.8
      vertex 29.007223747002183 9.425018328435895 60.9
      vertex 28.358182819591665 11.227798856882679 60.9
    endloop
  endfacet
  facet normal -0.8607420270039436 -0.5090414157503713 0
    outer loop
      vertex 26.72735374133784 14.693487060102317 58.8
      vertex 25.75200172781146 16.342717246859397 60.9
      vertex 25.75200172781146 16.342717246859397 58.8
    endloop
  endfacet
  facet normal -0.8607420270039436 -0.5090414157503713 0
    outer loop
      vertex 26.72735374133784 14.693487060102317 58.8
      vertex 26.72735374133784 14.693487060102317 60.9
      vertex 25.75200172781146 16.342717246859397 60.9
    endloop
  endfacet
  facet normal -0.8270805742745619 -0.5620833778521305 0
    outer loop
      vertex 25.75200172781146 16.342717246859397 58.8
      vertex 25.75200172781146 16.342717246859397 60.9
      vertex 24.675018328435897 17.927450194920432 60.9
    endloop
  endfacet
  facet normal 0 0 1
    outer loop
      vertex 20.82812359231891 22.179698862736696 49.9
      vertex 22.179698862736696 20.82812359231891 49.9
      vertex 20.878686730825006 22.233543136353052 49.9
    endloop
  endfacet
  facet normal -0.7071067811865476 -0.7071067811865476 0
    outer loop
      vertex 20.878686730825006 22.233543136353052 49.9
      vertex 22.233543136353052 20.878686730825006 49.9
      vertex 21.700000000000003 21.412229867178056 55.8
    endloop
  endfacet
  facet normal 0 0 1
    outer loop
      vertex 17.927450194920432 24.675018328435897 49.9
      vertex 19.39434923354678 23.44374099468381 49.9
      vertex 19.441431687335037 23.50065390466157 49.9
    endloop
  endfacet
  facet normal 0 0 1
    outer loop
      vertex 17.88403423878519 24.615261391351382 49.9
      vertex 19.39434923354678 23.44374099468381 49.9
      vertex 17.927450194920432 24.675018328435897 49.9
    endloop
  endfacet
  facet normal 0 0 1
    outer loop
      vertex 20.82812359231891 22.179698862736696 49.9
      vertex 20.878686730825006 22.233543136353052 49.9
      vertex 19.441431687335037 23.50065390466157 49.9
    endloop
  endfacet
  facet normal 0 0 1
    outer loop
      vertex 20.82812359231891 22.179698862736696 49.9
      vertex 19.441431687335037 23.50065390466157 49.9
      vertex 19.39434923354678 23.44374099468381 49.9
    endloop
  endfacet
  facet normal 0 0 1
    outer loop
      vertex 22.179698862736696 20.82812359231891 49.9
      vertex 23.44374099468381 19.39434923354678 49.9
      vertex 22.233543136353052 20.878686730825006 49.9
    endloop
  endfacet
  facet normal 0 0 1
    outer loop
      vertex 22.233543136353052 20.878686730825006 49.9
      vertex 23.44374099468381 19.39434923354678 49.9
      vertex 23.50065390466157 19.441431687335037 49.9
    endloop
  endfacet
  facet normal 0 0 1
    outer loop
      vertex 20.878686730825006 22.233543136353052 49.9
      vertex 22.179698862736696 20.82812359231891 49.9
      vertex 22.233543136353052 20.878686730825006 49.9
    endloop
  endfacet
  facet normal -0.7501110696304608 -0.6613118653236505 0
    outer loop
      vertex 22.233543136353052 20.878686730825006 49.9
      vertex 23.50065390466157 19.441431687335037 49.9
      vertex 22.233543136353052 20.878686730825006 55.8
    endloop
  endfacet
  facet normal -0.7071067811865476 -0.7071067811865476 0
    outer loop
      vertex 20.878686730825006 22.233543136353052 49.9
      vertex 21.700000000000003 21.412229867178056 55.8
      vertex 21.700000000000003 21.412229867178056 58.8
    endloop
  endfacet
  facet normal -0.7071067811865476 -0.7071067811865476 0
    outer loop
      vertex 20.878686730825006 22.233543136353052 49.9
      vertex 21.700000000000003 21.412229867178056 58.8
      vertex 20.878686730825006 22.233543136353052 60.9
    endloop
  endfacet
  facet normal -0.6129070536529779 -0.7901550123756893 0
    outer loop
      vertex 17.927450194920432 24.675018328435897 49.9
      vertex 19.441431687335037 23.50065390466157 49.9
      vertex 19.441431687335037 23.50065390466157 60.9
    endloop
  endfacet
  facet normal -0.6613118653236505 -0.7501110696304608 0
    outer loop
      vertex 20.878686730825006 22.233543136353052 49.9
      vertex 20.878686730825006 22.233543136353052 60.9
      vertex 19.441431687335037 23.50065390466157 49.9
    endloop
  endfacet
  facet normal -0.7501110696304608 -0.6613118653236505 0
    outer loop
      vertex 23.50065390466157 19.441431687335037 49.9
      vertex 23.50065390466157 19.441431687335037 55.8
      vertex 22.233543136353052 20.878686730825006 55.8
    endloop
  endfacet
  facet normal -0.7071067811865476 -0.7071067811865476 0
    outer loop
      vertex 22.233543136353052 20.878686730825006 49.9
      vertex 22.233543136353052 20.878686730825006 55.8
      vertex 21.700000000000003 21.412229867178056 55.8
    endloop
  endfacet
  facet normal -0.7071067811865475 -0.7071067811865475 0
    outer loop
      vertex 20.878686730825006 22.233543136353052 60.9
      vertex 21.700000000000003 21.412229867178056 58.8
      vertex 22.233543136353052 20.878686730825006 60.9
    endloop
  endfacet
  facet normal -0.6129070536529779 -0.7901550123756893 0
    outer loop
      vertex 17.927450194920432 24.675018328435897 49.9
      vertex 19.441431687335037 23.50065390466157 60.9
      vertex 17.927450194920432 24.675018328435897 60.9
    endloop
  endfacet
  facet normal -0.6613118653236505 -0.7501110696304608 0
    outer loop
      vertex 19.441431687335037 23.50065390466157 49.9
      vertex 20.878686730825006 22.233543136353052 60.9
      vertex 19.441431687335037 23.50065390466157 60.9
    endloop
  endfacet
  facet normal -0.7501110696304607 -0.6613118653236505 0
    outer loop
      vertex 22.233543136353052 20.878686730825006 58.8
      vertex 23.50065390466157 19.441431687335037 58.8
      vertex 22.233543136353052 20.878686730825006 60.9
    endloop
  endfacet
  facet normal -0.7501110696304607 -0.6613118653236505 0
    outer loop
      vertex 23.50065390466157 19.441431687335037 58.8
      vertex 23.50065390466157 19.441431687335037 60.9
      vertex 22.233543136353052 20.878686730825006 60.9
    endloop
  endfacet
  facet normal -0.7071067811865476 -0.7071067811865476 0
    outer loop
      vertex 22.233543136353052 20.878686730825006 58.8
      vertex 22.233543136353052 20.878686730825006 60.9
      vertex 21.700000000000003 21.412229867178056 58.8
    endloop
  endfacet
  facet normal 0.2507017296477428 0.6963508425579135 0.6724910012933364
    outer loop
      vertex -11.227798856882675 -28.35818281959167 60.9
      vertex -11.89711622540027 -30.04868552120667 62.9
      vertex -9.986867409117616 -30.73641741299337 62.9
    endloop
  endfacet
  facet normal 0.4536157580256611 0.5847979114619777 0.672491001293336
    outer loop
      vertex -20.600384395969012 -24.901587073344828 62.9
      vertex -18.996150653634015 -26.14595831820853 62.9
      vertex -19.441431687335033 -23.500653904661576 60.9
    endloop
  endfacet
  facet normal 0.41600088626550635 0.6121267154811982 0.6724910012933359
    outer loop
      vertex -17.927450194920432 -24.675018328435897 60.9
      vertex -18.996150653634015 -26.14595831820853 62.9
      vertex -17.316947783184848 -27.28714341054239 62.9
    endloop
  endfacet
  facet normal 0.45361575802566173 0.5847979114619776 0.6724910012933358
    outer loop
      vertex -19.441431687335033 -23.500653904661576 60.9
      vertex -18.996150653634015 -26.14595831820853 62.9
      vertex -17.927450194920432 -24.675018328435897 60.9
    endloop
  endfacet
  facet normal 0.5551611772549678 0.4894404156262174 0.672491001293336
    outer loop
      vertex -23.500653904661576 -19.441431687335033 60.9
      vertex -24.901587073344828 -20.600384395969012 62.9
      vertex -23.55894064075562 -22.12331783251352 62.9
    endloop
  endfacet
  facet normal 0.5233334755103513 0.5233334755103513 0.6724910012933356
    outer loop
      vertex -22.12331783251352 -23.55894064075562 62.9
      vertex -20.878686730825 -22.233543136353056 60.9
      vertex -22.233543136353056 -20.878686730825 60.9
    endloop
  endfacet
  facet normal 0.5233334755103513 0.5233334755103513 0.6724910012933357
    outer loop
      vertex -22.12331783251352 -23.55894064075562 62.9
      vertex -22.233543136353056 -20.878686730825 60.9
      vertex -23.55894064075562 -22.12331783251352 62.9
    endloop
  endfacet
  facet normal 0.5551611772549686 0.4894404156262171 0.6724910012933356
    outer loop
      vertex -23.500653904661576 -19.441431687335033 60.9
      vertex -23.55894064075562 -22.12331783251352 62.9
      vertex -22.233543136353056 -20.878686730825 60.9
    endloop
  endfacet
  facet normal 0.4894404156262169 0.5551611772549684 0.6724910012933362
    outer loop
      vertex -20.600384395969012 -24.901587073344828 62.9
      vertex -19.441431687335033 -23.500653904661576 60.9
      vertex -20.878686730825 -22.233543136353056 60.9
    endloop
  endfacet
  facet normal 0.4894404156262177 0.5551611772549682 0.6724910012933356
    outer loop
      vertex -22.12331783251352 -23.55894064075562 62.9
      vertex -20.600384395969012 -24.901587073344828 62.9
      vertex -20.878686730825 -22.233543136353056 60.9
    endloop
  endfacet
  facet normal 0.3360007744215055 0.6594386497375134 0.6724910012933358
    outer loop
      vertex -15.569402831196346 -28.32063861414486 62.9
      vertex -13.760412559216658 -29.242365195606357 62.9
      vertex -14.693487060102319 -26.727353741337836 60.9
    endloop
  endfacet
  facet normal 0.37674424905998805 0.6370397350085095 0.6724910012933358
    outer loop
      vertex -15.569402831196346 -28.32063861414486 62.9
      vertex -16.3427172468594 -25.752001727811457 60.9
      vertex -17.316947783184848 -27.28714341054239 62.9
    endloop
  endfacet
  facet normal 0.41600088626550624 0.6121267154811983 0.6724910012933358
    outer loop
      vertex -17.927450194920432 -24.675018328435897 60.9
      vertex -17.316947783184848 -27.28714341054239 62.9
      vertex -16.3427172468594 -25.752001727811457 60.9
    endloop
  endfacet
  facet normal 0.37674424905998816 0.6370397350085097 0.6724910012933359
    outer loop
      vertex -15.569402831196346 -28.32063861414486 62.9
      vertex -14.693487060102319 -26.727353741337836 60.9
      vertex -16.3427172468594 -25.752001727811457 60.9
    endloop
  endfacet
  facet normal 0.2939312582305348 0.6792350613848647 0.6724910012933362
    outer loop
      vertex -13.760412559216658 -29.242365195606357 62.9
      vertex -11.89711622540027 -30.04868552120667 62.9
      vertex -12.98626839273471 -27.597225100213596 60.9
    endloop
  endfacet
  facet normal 0.33600077442150517 0.6594386497375135 0.672491001293336
    outer loop
      vertex -13.760412559216658 -29.242365195606357 62.9
      vertex -12.98626839273471 -27.597225100213596 60.9
      vertex -14.693487060102319 -26.727353741337836 60.9
    endloop
  endfacet
  facet normal 0.29393125823053423 0.6792350613848647 0.6724910012933365
    outer loop
      vertex -11.227798856882675 -28.35818281959167 60.9
      vertex -12.98626839273471 -27.597225100213596 60.9
      vertex -11.89711622540027 -30.04868552120667 62.9
    endloop
  endfacet
  facet normal 0.5847979114619779 0.4536157580256613 0.6724910012933358
    outer loop
      vertex -26.14595831820853 -18.996150653634015 62.9
      vertex -24.901587073344828 -20.600384395969012 62.9
      vertex -24.675018328435897 -17.927450194920432 60.9
    endloop
  endfacet
  facet normal 0.6121267154811983 0.41600088626550624 0.6724910012933358
    outer loop
      vertex -26.14595831820853 -18.996150653634015 62.9
      vertex -24.675018328435897 -17.927450194920432 60.9
      vertex -25.752001727811457 -16.3427172468594 60.9
    endloop
  endfacet
  facet normal 0.6121267154811981 0.4160008862655063 0.6724910012933359
    outer loop
      vertex -26.14595831820853 -18.996150653634015 62.9
      vertex -25.752001727811457 -16.3427172468594 60.9
      vertex -27.28714341054239 -17.316947783184848 62.9
    endloop
  endfacet
  facet normal 0.6370397350085096 0.3767442490599881 0.6724910012933358
    outer loop
      vertex -26.727353741337836 -14.693487060102319 60.9
      vertex -28.32063861414486 -15.569402831196346 62.9
      vertex -27.28714341054239 -17.316947783184848 62.9
    endloop
  endfacet
  facet normal 0.6370397350085097 0.37674424905998816 0.6724910012933359
    outer loop
      vertex -25.752001727811457 -16.3427172468594 60.9
      vertex -26.727353741337836 -14.693487060102319 60.9
      vertex -27.28714341054239 -17.316947783184848 62.9
    endloop
  endfacet
  facet normal 0.6792350613848644 0.29393125823053473 0.6724910012933364
    outer loop
      vertex -28.35818281959167 -11.227798856882675 60.9
      vertex -30.04868552120667 -11.89711622540027 62.9
      vertex -29.242365195606357 -13.760412559216658 62.9
    endloop
  endfacet
  facet normal 0.6963508425579131 0.2507017296477435 0.6724910012933364
    outer loop
      vertex -28.35818281959167 -11.227798856882675 60.9
      vertex -29.007223747002183 -9.425018328435895 60.9
      vertex -30.04868552120667 -11.89711622540027 62.9
    endloop
  endfacet
  facet normal 0.6963508425579138 0.2507017296477429 0.672491001293336
    outer loop
      vertex -29.007223747002183 -9.425018328435895 60.9
      vertex -30.73641741299337 -9.986867409117616 62.9
      vertex -30.04868552120667 -11.89711622540027 62.9
    endloop
  endfacet
  facet normal 0.6594386497375138 0.3360007744215053 0.6724910012933359
    outer loop
      vertex -26.727353741337836 -14.693487060102319 60.9
      vertex -27.597225100213596 -12.98626839273471 60.9
      vertex -28.32063861414486 -15.569402831196346 62.9
    endloop
  endfacet
  facet normal 0.6594386497375134 0.33600077442150544 0.672491001293336
    outer loop
      vertex -28.32063861414486 -15.569402831196346 62.9
      vertex -27.597225100213596 -12.98626839273471 60.9
      vertex -29.242365195606357 -13.760412559216658 62.9
    endloop
  endfacet
  facet normal 0.679235061384865 0.29393125823053434 0.672491001293336
    outer loop
      vertex -28.35818281959167 -11.227798856882675 60.9
      vertex -29.242365195606357 -13.760412559216658 62.9
      vertex -27.597225100213596 -12.98626839273471 60.9
    endloop
  endfacet
  facet normal 0.7107184450878241 0.2064827958727613 0.6724910012933357
    outer loop
      vertex -30.73641741299337 -9.986867409117616 62.9
      vertex -29.54178641442325 -7.585041558528073 60.9
      vertex -31.302846707384393 -8.0372049897369 62.9
    endloop
  endfacet
  facet normal 0.7107184450878237 0.2064827958727617 0.672491001293336
    outer loop
      vertex -29.007223747002183 -9.425018328435895 60.9
      vertex -29.54178641442325 -7.585041558528073 60.9
      vertex -30.73641741299337 -9.986867409117616 62.9
    endloop
  endfacet
  facet normal 0.7222811666113451 0.16144896883548338 0.6724910012933359
    outer loop
      vertex -31.302846707384393 -8.0372049897369 62.9
      vertex -29.959761147225002 -5.715130094864607 60.9
      vertex -31.745737966731706 -6.055823394111379 62.9
    endloop
  endfacet
  facet normal 0.7309933743491277 0.11577797647723184 0.6724910012933359
    outer loop
      vertex -31.745737966731706 -6.055823394111379 62.9
      vertex -29.959761147225002 -5.715130094864607 60.9
      vertex -30.259498390091576 -3.822663623711274 60.9
    endloop
  endfacet
  facet normal 0.7222811666113453 0.161448968835483 0.6724910012933358
    outer loop
      vertex -31.302846707384393 -8.0372049897369 62.9
      vertex -29.54178641442325 -7.585041558528073 60.9
      vertex -29.959761147225002 -5.715130094864607 60.9
    endloop
  endfacet
  facet normal 0.7309933743491271 0.11577797647723276 0.6724910012933366
    outer loop
      vertex -31.745737966731706 -6.055823394111379 62.9
      vertex -30.259498390091576 -3.822663623711274 60.9
      vertex -32.063343301572445 -4.050542230191827 62.9
    endloop
  endfacet
  facet normal 0.7368206851974607 0.0696500613397477 0.6724910012933362
    outer loop
      vertex -32.101367111453875 -2.2 62.75
      vertex -30.259498390091576 -3.822663623711274 60.9
      vertex -30.439815217062282 -1.9151108456440549 60.9
    endloop
  endfacet
  facet normal 0.7368206851974606 0.06965006133974644 0.6724910012933365
    outer loop
      vertex -32.063343301572445 -4.050542230191827 62.9
      vertex -30.259498390091576 -3.822663623711274 60.9
      vertex -32.238271045098145 -2.2 62.9
    endloop
  endfacet
  facet normal 0.7368206851974637 0.06965006133975546 0.6724910012933323
    outer loop
      vertex -32.101367111453875 -2.2 62.75
      vertex -32.238271045098145 -2.2 62.9
      vertex -30.259498390091576 -3.822663623711274 60.9
    endloop
  endfacet
  facet normal 0.7368206851974621 0.06965006133973638 0.6724910012933358
    outer loop
      vertex -32.101367111453875 -2.2 62.75
      vertex -30.439815217062282 -1.9151108456440549 60.9
      vertex -32.11831471487346 -2.0207130830342637 62.75
    endloop
  endfacet
  facet normal 0.7397401014226709 0.023247269230244602 0.6724910012933355
    outer loop
      vertex -32.11831471487346 -2.0207130830342637 62.75
      vertex -30.439815217062282 -1.9151108456440549 60.9
      vertex -30.5 0 60.9
    endloop
  endfacet
  facet normal 0.7397401014226708 0.023247269230244942 0.6724910012933357
    outer loop
      vertex -32.11831471487346 -2.0207130830342637 62.75
      vertex -30.5 0 60.9
      vertex -32.18181818181818 0 62.75
    endloop
  endfacet
  facet normal 0.5847979114619773 0.4536157580256615 0.6724910012933362
    outer loop
      vertex -23.500653904661576 -19.441431687335033 60.9
      vertex -24.675018328435897 -17.927450194920432 60.9
      vertex -24.901587073344828 -20.600384395969012 62.9
    endloop
  endfacet
  facet normal 0.7397401014226708 -0.02324726923024469 0.6724910012933358
    outer loop
      vertex -32.18181818181818 0 62.75
      vertex -30.5 0 60.9
      vertex -30.439815217062282 1.9151108456440549 60.9
    endloop
  endfacet
  facet normal 0.7397401014226709 -0.023247269230244946 0.6724910012933355
    outer loop
      vertex -32.18181818181818 0 62.75
      vertex -30.439815217062282 1.9151108456440549 60.9
      vertex -32.11831471487346 2.0207130830342637 62.75
    endloop
  endfacet
  facet normal 0.7368206851974621 -0.06965006133973638 0.6724910012933358
    outer loop
      vertex -32.11831471487346 2.0207130830342637 62.75
      vertex -30.439815217062282 1.9151108456440549 60.9
      vertex -32.101367111453875 2.2 62.75
    endloop
  endfacet
  facet normal 0.7368206851974607 -0.0696500613397477 0.6724910012933362
    outer loop
      vertex -32.101367111453875 2.2 62.75
      vertex -30.439815217062282 1.9151108456440549 60.9
      vertex -30.259498390091576 3.822663623711274 60.9
    endloop
  endfacet
  facet normal 0.7368206851974637 -0.06965006133975546 0.6724910012933323
    outer loop
      vertex -32.101367111453875 2.2 62.75
      vertex -30.259498390091576 3.822663623711274 60.9
      vertex -32.238271045098145 2.2 62.9
    endloop
  endfacet
  facet normal 0.7368206851974605 -0.06965006133974647 0.6724910012933365
    outer loop
      vertex -32.238271045098145 2.2 62.9
      vertex -30.259498390091576 3.822663623711274 60.9
      vertex -32.063343301572445 4.050542230191826 62.9
    endloop
  endfacet
  facet normal 0.7309933743491273 -0.11577797647723176 0.6724910012933365
    outer loop
      vertex -32.063343301572445 4.050542230191826 62.9
      vertex -30.259498390091576 3.822663623711274 60.9
      vertex -29.959761147225002 5.715130094864607 60.9
    endloop
  endfacet
  facet normal 0.7309933743491276 -0.11577797647723284 0.672491001293336
    outer loop
      vertex -32.063343301572445 4.050542230191826 62.9
      vertex -29.959761147225002 5.715130094864607 60.9
      vertex -31.745737966731706 6.055823394111378 62.9
    endloop
  endfacet
  facet normal 0.7222811666113451 -0.16144896883548293 0.6724910012933359
    outer loop
      vertex -31.745737966731706 6.055823394111378 62.9
      vertex -29.959761147225002 5.715130094864607 60.9
      vertex -29.54178641442325 7.585041558528073 60.9
    endloop
  endfacet
  facet normal 0.7222811666113449 -0.16144896883548196 0.6724910012933365
    outer loop
      vertex -31.745737966731706 6.055823394111378 62.9
      vertex -29.54178641442325 7.585041558528073 60.9
      vertex -31.302846707384397 8.0372049897369 62.9
    endloop
  endfacet
  facet normal 0.7107184450878233 -0.20648279587276158 0.6724910012933364
    outer loop
      vertex -31.302846707384397 8.0372049897369 62.9
      vertex -29.54178641442325 7.585041558528073 60.9
      vertex -29.007223747002183 9.425018328435895 60.9
    endloop
  endfacet
  facet normal 0.7107184450878234 -0.2064827958727624 0.6724910012933359
    outer loop
      vertex -31.302846707384397 8.0372049897369 62.9
      vertex -29.007223747002183 9.425018328435895 60.9
      vertex -30.73641741299337 9.986867409117616 62.9
    endloop
  endfacet
  facet normal 0.6963508425579136 -0.2507017296477436 0.672491001293336
    outer loop
      vertex -29.007223747002183 9.425018328435895 60.9
      vertex -28.35818281959167 11.227798856882675 60.9
      vertex -30.73641741299337 9.986867409117616 62.9
    endloop
  endfacet
  facet normal 0.6963508425579135 -0.2507017296477428 0.6724910012933364
    outer loop
      vertex -28.35818281959167 11.227798856882675 60.9
      vertex -30.04868552120667 11.89711622540027 62.9
      vertex -30.73641741299337 9.986867409117616 62.9
    endloop
  endfacet
  facet normal 0.6792350613848647 -0.29393125823053423 0.6724910012933365
    outer loop
      vertex -28.35818281959167 11.227798856882675 60.9
      vertex -27.597225100213596 12.98626839273471 60.9
      vertex -30.04868552120667 11.89711622540027 62.9
    endloop
  endfacet
  facet normal 0.6792350613848647 -0.2939312582305348 0.6724910012933362
    outer loop
      vertex -27.597225100213596 12.98626839273471 60.9
      vertex -29.242365195606357 13.760412559216658 62.9
      vertex -30.04868552120667 11.89711622540027 62.9
    endloop
  endfacet
  facet normal 0.6594386497375135 -0.33600077442150517 0.672491001293336
    outer loop
      vertex -27.597225100213596 12.98626839273471 60.9
      vertex -26.727353741337836 14.693487060102319 60.9
      vertex -29.242365195606357 13.760412559216658 62.9
    endloop
  endfacet
  facet normal 0.6594386497375134 -0.33600077442150683 0.6724910012933352
    outer loop
      vertex -29.242365195606357 13.760412559216658 62.9
      vertex -26.727353741337836 14.693487060102319 60.9
      vertex -28.320638614144855 15.569402831196346 62.9
    endloop
  endfacet
  facet normal 0.6370397350085101 -0.37674424905998843 0.6724910012933354
    outer loop
      vertex -26.727353741337836 14.693487060102319 60.9
      vertex -25.752001727811457 16.3427172468594 60.9
      vertex -28.320638614144855 15.569402831196346 62.9
    endloop
  endfacet
  facet normal 0.6370397350085102 -0.37674424905998716 0.6724910012933358
    outer loop
      vertex -25.752001727811457 16.3427172468594 60.9
      vertex -27.28714341054239 17.316947783184848 62.9
      vertex -28.320638614144855 15.569402831196346 62.9
    endloop
  endfacet
  facet normal 0.6121267154811982 -0.4160008862655062 0.6724910012933358
    outer loop
      vertex -25.752001727811457 16.3427172468594 60.9
      vertex -24.675018328435897 17.927450194920432 60.9
      vertex -27.28714341054239 17.316947783184848 62.9
    endloop
  endfacet
  facet normal 0.6121267154811982 -0.41600088626550635 0.6724910012933358
    outer loop
      vertex -27.28714341054239 17.316947783184848 62.9
      vertex -24.675018328435897 17.927450194920432 60.9
      vertex -26.14595831820853 18.996150653634015 62.9
    endloop
  endfacet
  facet normal 0.5847979114619776 -0.45361575802566173 0.6724910012933358
    outer loop
      vertex -24.675018328435897 17.927450194920432 60.9
      vertex -23.500653904661576 19.441431687335033 60.9
      vertex -26.14595831820853 18.996150653634015 62.9
    endloop
  endfacet
  facet normal 0.5847979114619777 -0.4536157580256611 0.672491001293336
    outer loop
      vertex -26.14595831820853 18.996150653634015 62.9
      vertex -23.500653904661576 19.441431687335033 60.9
      vertex -24.901587073344828 20.600384395969012 62.9
    endloop
  endfacet
  facet normal 0.5551611772549684 -0.4894404156262169 0.6724910012933362
    outer loop
      vertex -23.500653904661576 19.441431687335033 60.9
      vertex -22.233543136353056 20.878686730825 60.9
      vertex -24.901587073344828 20.600384395969012 62.9
    endloop
  endfacet
  facet normal 0.5551611772549682 -0.4894404156262177 0.6724910012933356
    outer loop
      vertex -22.233543136353056 20.878686730825 60.9
      vertex -23.55894064075562 22.12331783251352 62.9
      vertex -24.901587073344828 20.600384395969012 62.9
    endloop
  endfacet
  facet normal 0.5233334755103513 -0.5233334755103513 0.6724910012933356
    outer loop
      vertex -22.233543136353056 20.878686730825 60.9
      vertex -20.878686730825 22.233543136353056 60.9
      vertex -23.55894064075562 22.12331783251352 62.9
    endloop
  endfacet
  facet normal 0.5233334755103513 -0.5233334755103513 0.6724910012933356
    outer loop
      vertex -20.878686730825 22.233543136353056 60.9
      vertex -22.12331783251352 23.55894064075562 62.9
      vertex -23.55894064075562 22.12331783251352 62.9
    endloop
  endfacet
  facet normal 0.4894404156262171 -0.5551611772549686 0.6724910012933357
    outer loop
      vertex -20.878686730825 22.233543136353056 60.9
      vertex -19.441431687335033 23.500653904661576 60.9
      vertex -22.12331783251352 23.55894064075562 62.9
    endloop
  endfacet
  facet normal 0.4894404156262174 -0.5551611772549678 0.672491001293336
    outer loop
      vertex -22.12331783251352 23.55894064075562 62.9
      vertex -19.441431687335033 23.500653904661576 60.9
      vertex -20.600384395969012 24.901587073344828 62.9
    endloop
  endfacet
  facet normal 0.45361575802566156 -0.5847979114619775 0.6724910012933362
    outer loop
      vertex -20.600384395969012 24.901587073344828 62.9
      vertex -19.441431687335033 23.500653904661576 60.9
      vertex -17.927450194920432 24.675018328435897 60.9
    endloop
  endfacet
  facet normal 0.4536157580256613 -0.5847979114619779 0.6724910012933358
    outer loop
      vertex -20.600384395969012 24.901587073344828 62.9
      vertex -17.927450194920432 24.675018328435897 60.9
      vertex -18.996150653634015 26.14595831820853 62.9
    endloop
  endfacet
  facet normal 0.41600088626550624 -0.6121267154811983 0.6724910012933358
    outer loop
      vertex -17.927450194920432 24.675018328435897 60.9
      vertex -16.3427172468594 25.752001727811457 60.9
      vertex -18.996150653634015 26.14595831820853 62.9
    endloop
  endfacet
  facet normal 0.37674424905998827 -0.6370397350085095 0.6724910012933359
    outer loop
      vertex -16.3427172468594 25.752001727811457 60.9
      vertex -14.693487060102314 26.72735374133784 60.9
      vertex -17.316947783184848 27.28714341054239 62.9
    endloop
  endfacet
  facet normal 0.4160008862655063 -0.6121267154811981 0.6724910012933359
    outer loop
      vertex -16.3427172468594 25.752001727811457 60.9
      vertex -17.316947783184848 27.28714341054239 62.9
      vertex -18.996150653634015 26.14595831820853 62.9
    endloop
  endfacet
  facet normal 0.3360007744215053 -0.6594386497375138 0.6724910012933359
    outer loop
      vertex -15.56940283119634 28.320638614144862 62.9
      vertex -14.693487060102314 26.72735374133784 60.9
      vertex -12.986268392734718 27.597225100213592 60.9
    endloop
  endfacet
  facet normal 0.3767442490599882 -0.6370397350085095 0.6724910012933358
    outer loop
      vertex -17.316947783184848 27.28714341054239 62.9
      vertex -14.693487060102314 26.72735374133784 60.9
      vertex -15.56940283119634 28.320638614144862 62.9
    endloop
  endfacet
  facet normal 0.2939312582305342 -0.6792350613848649 0.672491001293336
    outer loop
      vertex -12.986268392734718 27.597225100213592 60.9
      vertex -11.227798856882675 28.35818281959167 60.9
      vertex -13.760412559216666 29.242365195606354 62.9
    endloop
  endfacet
  facet normal 0.33600077442150555 -0.6594386497375134 0.672491001293336
    outer loop
      vertex -15.56940283119634 28.320638614144862 62.9
      vertex -12.986268392734718 27.597225100213592 60.9
      vertex -13.760412559216666 29.242365195606354 62.9
    endloop
  endfacet
  facet normal 0.2507017296477435 -0.6963508425579131 0.6724910012933364
    outer loop
      vertex -11.227798856882675 28.35818281959167 60.9
      vertex -9.425018328435895 29.007223747002183 60.9
      vertex -11.89711622540027 30.04868552120667 62.9
    endloop
  endfacet
  facet normal 0.29393125823053456 -0.6792350613848644 0.6724910012933364
    outer loop
      vertex -11.227798856882675 28.35818281959167 60.9
      vertex -11.89711622540027 30.04868552120667 62.9
      vertex -13.760412559216666 29.242365195606354 62.9
    endloop
  endfacet
  facet normal 0.2064827958727612 0.7107184450878238 0.6724910012933359
    outer loop
      vertex -9.986867409117616 -30.73641741299337 62.9
      vertex -8.0372049897369 -31.302846707384393 62.9
      vertex -9.425018328435895 -29.007223747002183 60.9
    endloop
  endfacet
  facet normal 0.20648279587276175 0.7107184450878239 0.6724910012933356
    outer loop
      vertex -9.425018328435895 -29.007223747002183 60.9
      vertex -8.0372049897369 -31.302846707384393 62.9
      vertex -7.585041558528073 -29.54178641442325 60.9
    endloop
  endfacet
  facet normal 0.1614489688354834 0.7222811666113452 0.6724910012933357
    outer loop
      vertex -7.585041558528073 -29.54178641442325 60.9
      vertex -8.0372049897369 -31.302846707384393 62.9
      vertex -6.055823394111379 -31.745737966731706 62.9
    endloop
  endfacet
  facet normal 0.11577797647723284 0.7309933743491276 0.672491001293336
    outer loop
      vertex -5.715130094864607 -29.959761147225002 60.9
      vertex -6.055823394111379 -31.745737966731706 62.9
      vertex -4.050542230191827 -32.063343301572445 62.9
    endloop
  endfacet
  facet normal 0.16144896883548296 0.7222811666113452 0.6724910012933359
    outer loop
      vertex -7.585041558528073 -29.54178641442325 60.9
      vertex -6.055823394111379 -31.745737966731706 62.9
      vertex -5.715130094864607 -29.959761147225002 60.9
    endloop
  endfacet
  facet normal 0.11577797647723176 0.7309933743491273 0.6724910012933366
    outer loop
      vertex -5.715130094864607 -29.959761147225002 60.9
      vertex -4.050542230191827 -32.063343301572445 62.9
      vertex -3.822663623711274 -30.259498390091576 60.9
    endloop
  endfacet
  facet normal 0.06965006133974827 0.736820685197461 0.6724910012933357
    outer loop
      vertex -3.822663623711274 -30.259498390091576 60.9
      vertex -2.0292754266064583 -32.254409268750045 62.9
      vertex -1.9151108456440697 -30.439815217062282 60.9
    endloop
  endfacet
  facet normal 0.06965006133974684 0.7368206851974605 0.6724910012933365
    outer loop
      vertex -3.822663623711274 -30.259498390091576 60.9
      vertex -4.050542230191827 -32.063343301572445 62.9
      vertex -2.0292754266064583 -32.254409268750045 62.9
    endloop
  endfacet
  facet normal 0.023247269230244443 0.7397401014226711 0.6724910012933354
    outer loop
      vertex -1.9151108456440697 -30.439815217062282 60.9
      vertex 0 -32.31818181818181 62.9
      vertex 0 -30.5 60.9
    endloop
  endfacet
  facet normal 0.023247269230243808 0.7397401014226708 0.6724910012933358
    outer loop
      vertex -1.9151108456440697 -30.439815217062282 60.9
      vertex -2.0292754266064583 -32.254409268750045 62.9
      vertex 0 -32.31818181818181 62.9
    endloop
  endfacet
  facet normal -0.023247269230244432 0.7397401014226707 0.6724910012933357
    outer loop
      vertex 0 -30.5 60.9
      vertex 2.0292754266064583 -32.254409268750045 62.9
      vertex 1.9151108456440697 -30.439815217062282 60.9
    endloop
  endfacet
  facet normal -0.023247269230243818 0.7397401014226711 0.6724910012933355
    outer loop
      vertex 0 -30.5 60.9
      vertex 0 -32.31818181818181 62.9
      vertex 2.0292754266064583 -32.254409268750045 62.9
    endloop
  endfacet
  facet normal -0.0696500613397469 0.7368206851974611 0.6724910012933357
    outer loop
      vertex 1.9151108456440697 -30.439815217062282 60.9
      vertex 2.0292754266064583 -32.254409268750045 62.9
      vertex 4.050542230191827 -32.063343301572445 62.9
    endloop
  endfacet
  facet normal -0.06965006133974819 0.7368206851974604 0.6724910012933365
    outer loop
      vertex 1.9151108456440697 -30.439815217062282 60.9
      vertex 4.050542230191827 -32.063343301572445 62.9
      vertex 3.822663623711274 -30.259498390091576 60.9
    endloop
  endfacet
  facet normal 0.2507017296477436 0.6963508425579136 0.672491001293336
    outer loop
      vertex -11.227798856882675 -28.35818281959167 60.9
      vertex -9.986867409117616 -30.73641741299337 62.9
      vertex -9.425018328435895 -29.007223747002183 60.9
    endloop
  endfacet
  facet normal -0.11577797647723274 0.730993374349127 0.6724910012933365
    outer loop
      vertex 3.822663623711274 -30.259498390091576 60.9
      vertex 4.050542230191827 -32.063343301572445 62.9
      vertex 6.055823394111379 -31.745737966731706 62.9
    endloop
  endfacet
  facet normal -0.11577797647723184 0.7309933743491277 0.6724910012933359
    outer loop
      vertex 3.822663623711274 -30.259498390091576 60.9
      vertex 6.055823394111379 -31.745737966731706 62.9
      vertex 5.715130094864607 -29.959761147225002 60.9
    endloop
  endfacet
  facet normal -0.1614489688354831 0.7222811666113451 0.672491001293336
    outer loop
      vertex 5.715130094864607 -29.959761147225002 60.9
      vertex 6.055823394111379 -31.745737966731706 62.9
      vertex 8.037204989736887 -31.302846707384397 62.9
    endloop
  endfacet
  facet normal -0.16144896883548387 0.7222811666113444 0.6724910012933365
    outer loop
      vertex 5.715130094864607 -29.959761147225002 60.9
      vertex 8.037204989736887 -31.302846707384397 62.9
      vertex 7.585041558528061 -29.54178641442325 60.9
    endloop
  endfacet
  facet normal -0.20648279587276036 0.710718445087824 0.6724910012933359
    outer loop
      vertex 7.585041558528061 -29.54178641442325 60.9
      vertex 9.986867409117616 -30.73641741299337 62.9
      vertex 9.425018328435895 -29.007223747002183 60.9
    endloop
  endfacet
  facet normal -0.20648279587276108 0.7107184450878234 0.6724910012933364
    outer loop
      vertex 7.585041558528061 -29.54178641442325 60.9
      vertex 8.037204989736887 -31.302846707384397 62.9
      vertex 9.986867409117616 -30.73641741299337 62.9
    endloop
  endfacet
  facet normal -0.25070172964774334 0.6963508425579136 0.6724910012933359
    outer loop
      vertex 9.425018328435895 -29.007223747002183 60.9
      vertex 9.986867409117616 -30.73641741299337 62.9
      vertex 11.897116225400286 -30.048685521206664 62.9
    endloop
  endfacet
  facet normal -0.2507017296477441 0.6963508425579128 0.6724910012933366
    outer loop
      vertex 9.425018328435895 -29.007223747002183 60.9
      vertex 11.897116225400286 -30.048685521206664 62.9
      vertex 11.22779885688269 -28.35818281959166 60.9
    endloop
  endfacet
  facet normal -0.29393125823053456 0.6792350613848643 0.6724910012933365
    outer loop
      vertex 11.22779885688269 -28.35818281959166 60.9
      vertex 11.897116225400286 -30.048685521206664 62.9
      vertex 13.760412559216658 -29.242365195606357 62.9
    endloop
  endfacet
  facet normal -0.293931258230534 0.679235061384865 0.6724910012933362
    outer loop
      vertex 11.22779885688269 -28.35818281959166 60.9
      vertex 13.760412559216658 -29.242365195606357 62.9
      vertex 12.98626839273471 -27.597225100213596 60.9
    endloop
  endfacet
  facet normal -0.3360007744215053 0.6594386497375138 0.6724910012933359
    outer loop
      vertex 15.569402831196346 -28.32063861414486 62.9
      vertex 14.693487060102319 -26.727353741337836 60.9
      vertex 12.98626839273471 -27.597225100213596 60.9
    endloop
  endfacet
  facet normal -0.33600077442150544 0.6594386497375134 0.672491001293336
    outer loop
      vertex 13.760412559216658 -29.242365195606357 62.9
      vertex 15.569402831196346 -28.32063861414486 62.9
      vertex 12.98626839273471 -27.597225100213596 60.9
    endloop
  endfacet
  facet normal -0.37674424905998805 0.6370397350085095 0.6724910012933358
    outer loop
      vertex 15.569402831196346 -28.32063861414486 62.9
      vertex 17.31694778318483 -27.287143410542402 62.9
      vertex 14.693487060102319 -26.727353741337836 60.9
    endloop
  endfacet
  facet normal -0.37674424905998805 0.6370397350085096 0.6724910012933358
    outer loop
      vertex 14.693487060102319 -26.727353741337836 60.9
      vertex 17.31694778318483 -27.287143410542402 62.9
      vertex 16.342717246859383 -25.752001727811468 60.9
    endloop
  endfacet
  facet normal -0.4160008862655059 0.6121267154811983 0.6724910012933359
    outer loop
      vertex 16.342717246859383 -25.752001727811468 60.9
      vertex 17.31694778318483 -27.287143410542402 62.9
      vertex 18.996150653634015 -26.14595831820853 62.9
    endloop
  endfacet
  facet normal -0.41600088626550585 0.6121267154811986 0.6724910012933358
    outer loop
      vertex 16.342717246859383 -25.752001727811468 60.9
      vertex 18.996150653634015 -26.14595831820853 62.9
      vertex 17.927450194920432 -24.675018328435897 60.9
    endloop
  endfacet
  facet normal -0.4536157580256612 0.584797911461978 0.6724910012933358
    outer loop
      vertex 17.927450194920432 -24.675018328435897 60.9
      vertex 18.996150653634015 -26.14595831820853 62.9
      vertex 20.600384395969026 -24.901587073344817 62.9
    endloop
  endfacet
  facet normal -0.4536157580256619 0.5847979114619766 0.6724910012933366
    outer loop
      vertex 17.927450194920432 -24.675018328435897 60.9
      vertex 20.600384395969026 -24.901587073344817 62.9
      vertex 19.441431687335044 -23.500653904661565 60.9
    endloop
  endfacet
  facet normal -0.48944041562621754 0.5551611772549672 0.6724910012933365
    outer loop
      vertex 19.441431687335044 -23.500653904661565 60.9
      vertex 20.600384395969026 -24.901587073344817 62.9
      vertex 22.12331783251352 -23.55894064075562 62.9
    endloop
  endfacet
  facet normal -0.4894404156262169 0.5551611772549689 0.6724910012933356
    outer loop
      vertex 19.441431687335044 -23.500653904661565 60.9
      vertex 22.12331783251352 -23.55894064075562 62.9
      vertex 20.878686730825 -22.233543136353056 60.9
    endloop
  endfacet
  facet normal -0.5233334755103513 0.5233334755103513 0.6724910012933356
    outer loop
      vertex 20.878686730825 -22.233543136353056 60.9
      vertex 22.12331783251352 -23.55894064075562 62.9
      vertex 23.55894064075562 -22.12331783251352 62.9
    endloop
  endfacet
  facet normal -0.5233334755103513 0.5233334755103513 0.6724910012933356
    outer loop
      vertex 20.878686730825 -22.233543136353056 60.9
      vertex 23.55894064075562 -22.12331783251352 62.9
      vertex 22.233543136353056 -20.878686730825 60.9
    endloop
  endfacet
  facet normal -0.5551611772549684 0.4894404156262175 0.6724910012933357
    outer loop
      vertex 22.233543136353056 -20.878686730825 60.9
      vertex 23.55894064075562 -22.12331783251352 62.9
      vertex 24.901587073344817 -20.600384395969023 62.9
    endloop
  endfacet
  facet normal -0.5551611772549686 0.4894404156262166 0.6724910012933362
    outer loop
      vertex 22.233543136353056 -20.878686730825 60.9
      vertex 24.901587073344817 -20.600384395969023 62.9
      vertex 23.500653904661565 -19.441431687335044 60.9
    endloop
  endfacet
  facet normal -0.5847979114619771 0.4536157580256623 0.6724910012933358
    outer loop
      vertex 23.500653904661565 -19.441431687335044 60.9
      vertex 26.14595831820853 -18.996150653634015 62.9
      vertex 24.675018328435897 -17.927450194920432 60.9
    endloop
  endfacet
  facet normal -0.5847979114619772 0.4536157580256616 0.6724910012933362
    outer loop
      vertex 23.500653904661565 -19.441431687335044 60.9
      vertex 24.901587073344817 -20.600384395969023 62.9
      vertex 26.14595831820853 -18.996150653634015 62.9
    endloop
  endfacet
  facet normal -0.6121267154811985 0.416000886265506 0.6724910012933358
    outer loop
      vertex 26.14595831820853 -18.996150653634015 62.9
      vertex 27.287143410542402 -17.31694778318483 62.9
      vertex 24.675018328435897 -17.927450194920432 60.9
    endloop
  endfacet
  facet normal -0.6121267154811985 0.4160008862655058 0.6724910012933359
    outer loop
      vertex 24.675018328435897 -17.927450194920432 60.9
      vertex 27.287143410542402 -17.31694778318483 62.9
      vertex 25.752001727811468 -16.342717246859383 60.9
    endloop
  endfacet
  facet normal -0.6370397350085096 0.37674424905998805 0.6724910012933358
    outer loop
      vertex 25.752001727811468 -16.342717246859383 60.9
      vertex 28.32063861414486 -15.569402831196346 62.9
      vertex 26.727353741337836 -14.693487060102319 60.9
    endloop
  endfacet
  facet normal -0.6370397350085095 0.37674424905998805 0.6724910012933358
    outer loop
      vertex 25.752001727811468 -16.342717246859383 60.9
      vertex 27.287143410542402 -17.31694778318483 62.9
      vertex 28.32063861414486 -15.569402831196346 62.9
    endloop
  endfacet
  facet normal -0.6594386497375135 0.33600077442150517 0.672491001293336
    outer loop
      vertex 26.727353741337836 -14.693487060102319 60.9
      vertex 29.242365195606357 -13.760412559216658 62.9
      vertex 27.597225100213596 -12.98626839273471 60.9
    endloop
  endfacet
  facet normal -0.6594386497375134 0.3360007744215055 0.6724910012933358
    outer loop
      vertex 26.727353741337836 -14.693487060102319 60.9
      vertex 28.32063861414486 -15.569402831196346 62.9
      vertex 29.242365195606357 -13.760412559216658 62.9
    endloop
  endfacet
  facet normal -0.6792350613848647 0.29393125823053384 0.6724910012933365
    outer loop
      vertex 27.597225100213596 -12.98626839273471 60.9
      vertex 30.048685521206664 -11.897116225400286 62.9
      vertex 28.35818281959166 -11.22779885688269 60.9
    endloop
  endfacet
  facet normal -0.6792350613848647 0.29393125823053473 0.672491001293336
    outer loop
      vertex 27.597225100213596 -12.98626839273471 60.9
      vertex 29.242365195606357 -13.760412559216658 62.9
      vertex 30.048685521206664 -11.897116225400286 62.9
    endloop
  endfacet
  facet normal -0.6963508425579132 0.2507017296477443 0.6724910012933359
    outer loop
      vertex 28.35818281959166 -11.22779885688269 60.9
      vertex 30.73641741299337 -9.986867409117616 62.9
      vertex 29.007223747002183 -9.425018328435895 60.9
    endloop
  endfacet
  facet normal -0.6963508425579131 0.2507017296477432 0.6724910012933365
    outer loop
      vertex 28.35818281959166 -11.22779885688269 60.9
      vertex 30.048685521206664 -11.897116225400286 62.9
      vertex 30.73641741299337 -9.986867409117616 62.9
    endloop
  endfacet
  facet normal -0.7107184450878238 0.2064827958727612 0.672491001293336
    outer loop
      vertex 29.007223747002183 -9.425018328435895 60.9
      vertex 30.73641741299337 -9.986867409117616 62.9
      vertex 31.302846707384397 -8.037204989736887 62.9
    endloop
  endfacet
  facet normal -0.7107184450878237 0.2064827958727603 0.6724910012933365
    outer loop
      vertex 29.007223747002183 -9.425018328435895 60.9
      vertex 31.302846707384397 -8.037204989736887 62.9
      vertex 29.54178641442325 -7.585041558528061 60.9
    endloop
  endfacet
  facet normal -0.7222811666113449 0.16144896883548396 0.6724910012933359
    outer loop
      vertex 29.54178641442325 -7.585041558528061 60.9
      vertex 31.745737966731706 -6.055823394111378 62.9
      vertex 29.959761147225002 -5.715130094864607 60.9
    endloop
  endfacet
  facet normal -0.7222811666113448 0.16144896883548293 0.6724910012933364
    outer loop
      vertex 29.54178641442325 -7.585041558528061 60.9
      vertex 31.302846707384397 -8.037204989736887 62.9
      vertex 31.745737966731706 -6.055823394111378 62.9
    endloop
  endfacet
  facet normal -0.7309933743491277 0.11577797647723236 0.672491001293336
    outer loop
      vertex 29.959761147225002 -5.715130094864607 60.9
      vertex 31.745737966731706 -6.055823394111378 62.9
      vertex 31.900000000000002 -4.029907172430844 62.71889429569824
    endloop
  endfacet
  facet normal -0.7309933743491329 0.11577797647723223 0.6724910012933302
    outer loop
      vertex 31.745737966731706 -6.055823394111378 62.9
      vertex 31.900000000000002 -5.081851247906829 62.9
      vertex 31.900000000000002 -4.029907172430844 62.71889429569824
    endloop
  endfacet
  facet normal -0.7309933743491275 0.1157779764772318 0.6724910012933363
    outer loop
      vertex 29.959761147225002 -5.715130094864607 60.9
      vertex 31.900000000000002 -4.029907172430844 62.71889429569824
      vertex 30.259498390091576 -3.822663623711274 60.9
    endloop
  endfacet
  facet normal -0.7368206851974606 0.06965006133974846 0.6724910012933364
    outer loop
      vertex 30.259498390091576 -3.822663623711274 60.9
      vertex 31.900000000000002 -4.029907172430844 62.71889429569824
      vertex 31.900000000000002 -2.0069778853914397 62.50937900306638
    endloop
  endfacet
  facet normal -0.7368206851974605 0.0696500613397482 0.6724910012933364
    outer loop
      vertex 30.259498390091576 -3.822663623711274 60.9
      vertex 31.900000000000002 -2.0069778853914397 62.50937900306638
      vertex 30.439815217062282 -1.9151108456440697 60.9
    endloop
  endfacet
  facet normal -0.7397401014226702 0.023247269230243166 0.6724910012933364
    outer loop
      vertex 30.439815217062282 -1.9151108456440697 60.9
      vertex 31.900000000000002 -2.0069778853914397 62.50937900306638
      vertex 31.900000000000002 0 62.440000000000005
    endloop
  endfacet
  facet normal -0.739740101422671 0.02324726923024444 0.6724910012933355
    outer loop
      vertex 30.439815217062282 -1.9151108456440697 60.9
      vertex 31.900000000000002 0 62.440000000000005
      vertex 30.5 0 60.9
    endloop
  endfacet
  facet normal 0.2064827958727617 -0.7107184450878237 0.672491001293336
    outer loop
      vertex -9.986867409117616 30.73641741299337 62.9
      vertex -9.425018328435895 29.007223747002183 60.9
      vertex -7.585041558528073 29.54178641442325 60.9
    endloop
  endfacet
  facet normal 0.2507017296477429 -0.6963508425579138 0.672491001293336
    outer loop
      vertex -11.89711622540027 30.04868552120667 62.9
      vertex -9.425018328435895 29.007223747002183 60.9
      vertex -9.986867409117616 30.73641741299337 62.9
    endloop
  endfacet
  facet normal 0.16144896883548362 -0.7222811666113452 0.6724910012933357
    outer loop
      vertex -7.585041558528073 29.54178641442325 60.9
      vertex -5.715130094864599 29.959761147225006 60.9
      vertex -8.0372049897369 31.302846707384393 62.9
    endloop
  endfacet
  facet normal 0.2064827958727613 -0.7107184450878241 0.6724910012933357
    outer loop
      vertex -9.986867409117616 30.73641741299337 62.9
      vertex -7.585041558528073 29.54178641442325 60.9
      vertex -8.0372049897369 31.302846707384393 62.9
    endloop
  endfacet
  facet normal 0.16144896883548399 -0.722281166611345 0.672491001293336
    outer loop
      vertex -5.715130094864599 29.959761147225006 60.9
      vertex -6.055823394111371 31.74573796673171 62.9
      vertex -8.0372049897369 31.302846707384393 62.9
    endloop
  endfacet
  facet normal 0.11577797647723136 -0.7309933743491277 0.6724910012933358
    outer loop
      vertex -5.715130094864599 29.959761147225006 60.9
      vertex -3.8226636237112808 30.259498390091576 60.9
      vertex -6.055823394111371 31.74573796673171 62.9
    endloop
  endfacet
  facet normal 0.11577797647723233 -0.730993374349127 0.6724910012933365
    outer loop
      vertex -6.055823394111371 31.74573796673171 62.9
      vertex -3.8226636237112808 30.259498390091576 60.9
      vertex -4.050542230191834 32.063343301572445 62.9
    endloop
  endfacet
  facet normal 0.06965006133974741 -0.7368206851974604 0.6724910012933365
    outer loop
      vertex -3.8226636237112808 30.259498390091576 60.9
      vertex -1.9151108456440549 30.439815217062282 60.9
      vertex -4.050542230191834 32.063343301572445 62.9
    endloop
  endfacet
  facet normal 0.06965006133974612 -0.7368206851974611 0.6724910012933358
    outer loop
      vertex -1.9151108456440549 30.439815217062282 60.9
      vertex -2.029275426606443 32.254409268750045 62.9
      vertex -4.050542230191834 32.063343301572445 62.9
    endloop
  endfacet
  facet normal 0.023247269230244613 -0.7397401014226707 0.6724910012933357
    outer loop
      vertex -1.9151108456440549 30.439815217062282 60.9
      vertex 0 30.5 60.9
      vertex -2.029275426606443 32.254409268750045 62.9
    endloop
  endfacet
  facet normal 0.023247269230243995 -0.7397401014226711 0.6724910012933354
    outer loop
      vertex 0 30.5 60.9
      vertex 0 32.31818181818181 62.9
      vertex -2.029275426606443 32.254409268750045 62.9
    endloop
  endfacet
  facet normal -0.023247269230244623 -0.7397401014226711 0.6724910012933354
    outer loop
      vertex 0 30.5 60.9
      vertex 1.9151108456440549 30.439815217062282 60.9
      vertex 0 32.31818181818181 62.9
    endloop
  endfacet
  facet normal -0.023247269230243988 -0.7397401014226709 0.6724910012933357
    outer loop
      vertex 0 32.31818181818181 62.9
      vertex 1.9151108456440549 30.439815217062282 60.9
      vertex 2.029275426606443 32.254409268750045 62.9
    endloop
  endfacet
  facet normal -0.0696500613397475 -0.7368206851974611 0.6724910012933358
    outer loop
      vertex 1.9151108456440549 30.439815217062282 60.9
      vertex 3.8226636237112808 30.259498390091576 60.9
      vertex 2.029275426606443 32.254409268750045 62.9
    endloop
  endfacet
  facet normal -0.06965006133974606 -0.7368206851974606 0.6724910012933365
    outer loop
      vertex 3.8226636237112808 30.259498390091576 60.9
      vertex 4.050542230191834 32.063343301572445 62.9
      vertex 2.029275426606443 32.254409268750045 62.9
    endloop
  endfacet
  facet normal -0.2507017296477436 -0.6963508425579136 0.672491001293336
    outer loop
      vertex 9.425018328435895 29.007223747002183 60.9
      vertex 11.227798856882675 28.35818281959167 60.9
      vertex 9.986867409117616 30.73641741299337 62.9
    endloop
  endfacet
  facet normal -0.2939312582305341 -0.6792350613848647 0.6724910012933364
    outer loop
      vertex 12.986268392734718 27.597225100213592 60.9
      vertex 11.89711622540027 30.04868552120667 62.9
      vertex 11.227798856882675 28.35818281959167 60.9
    endloop
  endfacet
  facet normal -0.33600077442150517 -0.6594386497375135 0.672491001293336
    outer loop
      vertex 12.986268392734718 27.597225100213592 60.9
      vertex 14.693487060102314 26.72735374133784 60.9
      vertex 13.760412559216666 29.242365195606354 62.9
    endloop
  endfacet
  facet normal -0.2939312582305347 -0.6792350613848647 0.672491001293336
    outer loop
      vertex 12.986268392734718 27.597225100213592 60.9
      vertex 13.760412559216666 29.242365195606354 62.9
      vertex 11.89711622540027 30.04868552120667 62.9
    endloop
  endfacet
  facet normal -0.37674424905998777 -0.6370397350085097 0.6724910012933359
    outer loop
      vertex 14.693487060102314 26.72735374133784 60.9
      vertex 16.342717246859397 25.75200172781146 60.9
      vertex 15.56940283119634 28.320638614144862 62.9
    endloop
  endfacet
  facet normal -0.41600088626550646 -0.612126715481198 0.6724910012933359
    outer loop
      vertex 16.342717246859397 25.75200172781146 60.9
      vertex 17.927450194920432 24.675018328435897 60.9
      vertex 17.316947783184844 27.287143410542395 62.9
    endloop
  endfacet
  facet normal -0.3767442490599878 -0.6370397350085097 0.6724910012933359
    outer loop
      vertex 16.342717246859397 25.75200172781146 60.9
      vertex 17.316947783184844 27.287143410542395 62.9
      vertex 15.56940283119634 28.320638614144862 62.9
    endloop
  endfacet
  facet normal -0.3360007744215056 -0.6594386497375135 0.6724910012933358
    outer loop
      vertex 14.693487060102314 26.72735374133784 60.9
      vertex 15.56940283119634 28.320638614144862 62.9
      vertex 13.760412559216666 29.242365195606354 62.9
    endloop
  endfacet
  facet normal -0.1157779764772313 -0.7309933743491274 0.6724910012933366
    outer loop
      vertex 5.715130094864599 29.959761147225006 60.9
      vertex 4.050542230191834 32.063343301572445 62.9
      vertex 3.8226636237112808 30.259498390091576 60.9
    endloop
  endfacet
  facet normal -0.11577797647723242 -0.7309933743491277 0.672491001293336
    outer loop
      vertex 5.715130094864599 29.959761147225006 60.9
      vertex 6.055823394111371 31.74573796673171 62.9
      vertex 4.050542230191834 32.063343301572445 62.9
    endloop
  endfacet
  facet normal -0.16144896883548357 -0.7222811666113449 0.6724910012933359
    outer loop
      vertex 5.715130094864599 29.959761147225006 60.9
      vertex 7.585041558528073 29.54178641442325 60.9
      vertex 6.055823394111371 31.74573796673171 62.9
    endloop
  endfacet
  facet normal -0.161448968835484 -0.7222811666113451 0.6724910012933358
    outer loop
      vertex 7.585041558528073 29.54178641442325 60.9
      vertex 8.0372049897369 31.302846707384393 62.9
      vertex 6.055823394111371 31.74573796673171 62.9
    endloop
  endfacet
  facet normal -0.20648279587276172 -0.7107184450878238 0.6724910012933356
    outer loop
      vertex 7.585041558528073 29.54178641442325 60.9
      vertex 9.425018328435895 29.007223747002183 60.9
      vertex 8.0372049897369 31.302846707384393 62.9
    endloop
  endfacet
  facet normal -0.20648279587276122 -0.7107184450878239 0.672491001293336
    outer loop
      vertex 9.425018328435895 29.007223747002183 60.9
      vertex 9.986867409117616 30.73641741299337 62.9
      vertex 8.0372049897369 31.302846707384393 62.9
    endloop
  endfacet
  facet normal -0.2507017296477428 -0.6963508425579135 0.6724910012933365
    outer loop
      vertex 9.986867409117616 30.73641741299337 62.9
      vertex 11.227798856882675 28.35818281959167 60.9
      vertex 11.89711622540027 30.04868552120667 62.9
    endloop
  endfacet
  facet normal -0.739740101422671 -0.023247269230243242 0.6724910012933356
    outer loop
      vertex 30.5 0 60.9
      vertex 31.900000000000002 0 62.440000000000005
      vertex 31.900000000000002 2.0069778853914273 62.50937900306638
    endloop
  endfacet
  facet normal -0.7397401014226702 -0.023247269230244557 0.6724910012933365
    outer loop
      vertex 30.5 0 60.9
      vertex 31.900000000000002 2.0069778853914273 62.50937900306638
      vertex 30.439815217062282 1.915110845644058 60.9
    endloop
  endfacet
  facet normal -0.7368206851974605 -0.06965006133974784 0.6724910012933364
    outer loop
      vertex 30.439815217062282 1.915110845644058 60.9
      vertex 31.900000000000002 2.0069778853914273 62.50937900306638
      vertex 31.900000000000002 4.0299071724308515 62.71889429569824
    endloop
  endfacet
  facet normal -0.7368206851974606 -0.06965006133974758 0.6724910012933363
    outer loop
      vertex 30.439815217062282 1.915110845644058 60.9
      vertex 31.900000000000002 4.0299071724308515 62.71889429569824
      vertex 30.259498390091576 3.82266362371128 60.9
    endloop
  endfacet
  facet normal -0.7309933743491274 -0.11577797647723183 0.6724910012933363
    outer loop
      vertex 30.259498390091576 3.82266362371128 60.9
      vertex 31.900000000000002 4.0299071724308515 62.71889429569824
      vertex 31.74573796673171 6.055823394111373 62.9
    endloop
  endfacet
  facet normal -0.7222811666113451 -0.1614489688354839 0.6724910012933356
    outer loop
      vertex 29.54178641442325 7.585041558528071 60.9
      vertex 29.959761147225006 5.715130094864601 60.9
      vertex 31.302846707384393 8.037204989736898 62.9
    endloop
  endfacet
  facet normal -0.7309933743491278 -0.11577797647723122 0.6724910012933359
    outer loop
      vertex 30.259498390091576 3.82266362371128 60.9
      vertex 31.74573796673171 6.055823394111373 62.9
      vertex 29.959761147225006 5.715130094864601 60.9
    endloop
  endfacet
  facet normal -0.7309933743491324 -0.11577797647723169 0.672491001293331
    outer loop
      vertex 31.900000000000002 4.0299071724308515 62.71889429569824
      vertex 31.900000000000002 5.081851247906842 62.9
      vertex 31.74573796673171 6.055823394111373 62.9
    endloop
  endfacet
  facet normal -0.7222811666113448 -0.16144896883548424 0.6724910012933359
    outer loop
      vertex 29.959761147225006 5.715130094864601 60.9
      vertex 31.74573796673171 6.055823394111373 62.9
      vertex 31.302846707384393 8.037204989736898 62.9
    endloop
  endfacet
  facet normal -0.7107184450878241 -0.20648279587276108 0.6724910012933357
    outer loop
      vertex 29.54178641442325 7.585041558528071 60.9
      vertex 31.302846707384393 8.037204989736898 62.9
      vertex 30.73641741299337 9.986867409117616 62.9
    endloop
  endfacet
  facet normal -0.7107184450878238 -0.2064827958727615 0.672491001293336
    outer loop
      vertex 29.54178641442325 7.585041558528071 60.9
      vertex 30.73641741299337 9.986867409117616 62.9
      vertex 29.007223747002183 9.425018328435895 60.9
    endloop
  endfacet
  facet normal -0.5847979114619766 -0.4536157580256626 0.6724910012933363
    outer loop
      vertex 24.675018328435897 17.927450194920432 60.9
      vertex 24.90158707334482 20.600384395969016 62.9
      vertex 23.50065390466157 19.441431687335037 60.9
    endloop
  endfacet
  facet normal -0.6792350613848657 -0.2939312582305327 0.672491001293336
    outer loop
      vertex 28.358182819591665 11.227798856882679 60.9
      vertex 29.242365195606357 13.760412559216665 62.9
      vertex 27.597225100213596 12.986268392734717 60.9
    endloop
  endfacet
  facet normal -0.6594386497375135 -0.3360007744215055 0.6724910012933358
    outer loop
      vertex 26.72735374133784 14.693487060102317 60.9
      vertex 27.597225100213596 12.986268392734717 60.9
      vertex 28.320638614144862 15.569402831196344 62.9
    endloop
  endfacet
  facet normal -0.6594386497375132 -0.3360007744215057 0.672491001293336
    outer loop
      vertex 27.597225100213596 12.986268392734717 60.9
      vertex 29.242365195606357 13.760412559216665 62.9
      vertex 28.320638614144862 15.569402831196344 62.9
    endloop
  endfacet
  facet normal -0.6963508425579129 -0.2507017296477443 0.6724910012933365
    outer loop
      vertex 29.007223747002183 9.425018328435895 60.9
      vertex 30.048685521206668 11.897116225400273 62.9
      vertex 28.358182819591665 11.227798856882679 60.9
    endloop
  endfacet
  facet normal -0.6963508425579135 -0.2507017296477436 0.6724910012933359
    outer loop
      vertex 29.007223747002183 9.425018328435895 60.9
      vertex 30.73641741299337 9.986867409117616 62.9
      vertex 30.048685521206668 11.897116225400273 62.9
    endloop
  endfacet
  facet normal -0.6792350613848651 -0.2939312582305331 0.6724910012933365
    outer loop
      vertex 28.358182819591665 11.227798856882679 60.9
      vertex 30.048685521206668 11.897116225400273 62.9
      vertex 29.242365195606357 13.760412559216665 62.9
    endloop
  endfacet
  facet normal -0.6370397350085094 -0.37674424905998843 0.6724910012933358
    outer loop
      vertex 26.72735374133784 14.693487060102317 60.9
      vertex 27.287143410542395 17.316947783184844 62.9
      vertex 25.75200172781146 16.342717246859397 60.9
    endloop
  endfacet
  facet normal -0.6370397350085095 -0.37674424905998843 0.6724910012933359
    outer loop
      vertex 26.72735374133784 14.693487060102317 60.9
      vertex 28.320638614144862 15.569402831196344 62.9
      vertex 27.287143410542395 17.316947783184844 62.9
    endloop
  endfacet
  facet normal -0.6121267154811981 -0.4160008862655066 0.6724910012933358
    outer loop
      vertex 24.675018328435897 17.927450194920432 60.9
      vertex 25.75200172781146 16.342717246859397 60.9
      vertex 26.14595831820853 18.996150653634015 62.9
    endloop
  endfacet
  facet normal -0.612126715481198 -0.4160008862655066 0.6724910012933358
    outer loop
      vertex 25.75200172781146 16.342717246859397 60.9
      vertex 27.287143410542395 17.316947783184844 62.9
      vertex 26.14595831820853 18.996150653634015 62.9
    endloop
  endfacet
  facet normal -0.5847979114619771 -0.45361575802566223 0.6724910012933357
    outer loop
      vertex 24.675018328435897 17.927450194920432 60.9
      vertex 26.14595831820853 18.996150653634015 62.9
      vertex 24.90158707334482 20.600384395969016 62.9
    endloop
  endfacet
  facet normal -0.4894404156262154 -0.5551611772549696 0.672491001293336
    outer loop
      vertex 20.878686730825006 22.233543136353052 60.9
      vertex 20.600384395969016 24.90158707334482 62.9
      vertex 19.441431687335037 23.50065390466157 60.9
    endloop
  endfacet
  facet normal -0.4894404156262163 -0.5551611772549694 0.6724910012933356
    outer loop
      vertex 20.878686730825006 22.233543136353052 60.9
      vertex 22.12331783251353 23.558940640755615 62.9
      vertex 20.600384395969016 24.90158707334482 62.9
    endloop
  endfacet
  facet normal -0.5551611772549699 -0.48944041562621565 0.6724910012933356
    outer loop
      vertex 22.233543136353052 20.878686730825006 60.9
      vertex 23.50065390466157 19.441431687335037 60.9
      vertex 23.558940640755615 22.12331783251353 62.9
    endloop
  endfacet
  facet normal -0.5233334755103513 -0.5233334755103513 0.6724910012933356
    outer loop
      vertex 20.878686730825006 22.233543136353052 60.9
      vertex 22.233543136353052 20.878686730825006 60.9
      vertex 22.12331783251353 23.558940640755615 62.9
    endloop
  endfacet
  facet normal -0.5233334755103513 -0.5233334755103513 0.6724910012933356
    outer loop
      vertex 22.233543136353052 20.878686730825006 60.9
      vertex 23.558940640755615 22.12331783251353 62.9
      vertex 22.12331783251353 23.558940640755615 62.9
    endloop
  endfacet
  facet normal -0.555161177254969 -0.48944041562621604 0.672491001293336
    outer loop
      vertex 23.50065390466157 19.441431687335037 60.9
      vertex 24.90158707334482 20.600384395969016 62.9
      vertex 23.558940640755615 22.12331783251353 62.9
    endloop
  endfacet
  facet normal -0.4536157580256628 -0.5847979114619768 0.6724910012933358
    outer loop
      vertex 17.927450194920432 24.675018328435897 60.9
      vertex 19.441431687335037 23.50065390466157 60.9
      vertex 18.996150653634015 26.14595831820853 62.9
    endloop
  endfacet
  facet normal -0.45361575802566206 -0.5847979114619769 0.6724910012933362
    outer loop
      vertex 19.441431687335037 23.50065390466157 60.9
      vertex 20.600384395969016 24.90158707334482 62.9
      vertex 18.996150653634015 26.14595831820853 62.9
    endloop
  endfacet
  facet normal -0.4160008862655066 -0.612126715481198 0.6724910012933358
    outer loop
      vertex 17.927450194920432 24.675018328435897 60.9
      vertex 18.996150653634015 26.14595831820853 62.9
      vertex 17.316947783184844 27.287143410542395 62.9
    endloop
  endfacet
  facet normal 0 0 1
    outer loop
      vertex -26.293052317185793 -19.103020699505375 62.9
      vertex -25.041680390213156 -20.716279666832413 62.9
      vertex -24.901587073344828 -20.600384395969012 62.9
    endloop
  endfacet
  facet normal 0.790155012375691 0.6129070536529757 0
    outer loop
      vertex -25.041680390213156 -20.716279666832413 62.9
      vertex -26.293052317185793 -19.103020699505375 65
      vertex -25.041680390213156 -20.716279666832413 65
    endloop
  endfacet
  facet normal 0 0 1
    outer loop
      vertex -13.837826975864854 -29.406879205145636 62.9
      vertex -11.96404796225203 -30.217735791368174 62.9
      vertex -11.89711622540027 -30.04868552120667 62.9
    endloop
  endfacet
  facet normal 0 0 1
    outer loop
      vertex -9.986867409117616 -30.73641741299337 62.9
      vertex -11.89711622540027 -30.04868552120667 62.9
      vertex -11.96404796225203 -30.217735791368174 62.9
    endloop
  endfacet
  facet normal 0 0 1
    outer loop
      vertex -10.04305231718579 -30.90933677959249 62.9
      vertex -9.986867409117616 -30.73641741299337 62.9
      vertex -11.96404796225203 -30.217735791368174 62.9
    endloop
  endfacet
  facet normal 0.3971478906347823 0.9177546256839804 0
    outer loop
      vertex -11.96404796225203 -30.217735791368174 62.9
      vertex -13.837826975864854 -29.406879205145636 65
      vertex -11.96404796225203 -30.217735791368174 65
    endloop
  endfacet
  facet normal 0.33873792024528976 0.9408807689542261 0
    outer loop
      vertex -10.04305231718579 -30.90933677959249 62.9
      vertex -11.96404796225203 -30.217735791368174 62.9
      vertex -11.96404796225203 -30.217735791368174 65
    endloop
  endfacet
  facet normal 0.33873792024528976 0.9408807689542261 0
    outer loop
      vertex -10.04305231718579 -30.90933677959249 62.9
      vertex -11.96404796225203 -30.217735791368174 65
      vertex -10.04305231718579 -30.90933677959249 65
    endloop
  endfacet
  facet normal 0 0 1
    outer loop
      vertex -20.716279666832413 -25.041680390213156 62.9
      vertex -18.996150653634015 -26.14595831820853 62.9
      vertex -20.600384395969012 -24.901587073344828 62.9
    endloop
  endfacet
  facet normal 0 0 1
    outer loop
      vertex -19.103020699505375 -26.293052317185793 62.9
      vertex -17.414370836817394 -27.440657578815486 62.9
      vertex -17.316947783184848 -27.28714341054239 62.9
    endloop
  endfacet
  facet normal 0 0 1
    outer loop
      vertex -19.103020699505375 -26.293052317185793 62.9
      vertex -17.316947783184848 -27.28714341054239 62.9
      vertex -18.996150653634015 -26.14595831820853 62.9
    endloop
  endfacet
  facet normal 0 0 1
    outer loop
      vertex -20.716279666832413 -25.041680390213156 62.9
      vertex -19.103020699505375 -26.293052317185793 62.9
      vertex -18.996150653634015 -26.14595831820853 62.9
    endloop
  endfacet
  facet normal 0.6129070536529757 0.790155012375691 0
    outer loop
      vertex -20.716279666832413 -25.041680390213156 62.9
      vertex -20.716279666832413 -25.041680390213156 65
      vertex -19.103020699505375 -26.293052317185793 62.9
    endloop
  endfacet
  facet normal 0.6129070536529757 0.790155012375691 0
    outer loop
      vertex -19.103020699505375 -26.293052317185793 62.9
      vertex -20.716279666832413 -25.041680390213156 65
      vertex -19.103020699505375 -26.293052317185793 65
    endloop
  endfacet
  facet normal 0.5620833778521297 0.8270805742745623 0
    outer loop
      vertex -19.103020699505375 -26.293052317185793 62.9
      vertex -19.103020699505375 -26.293052317185793 65
      vertex -17.414370836817394 -27.440657578815486 62.9
    endloop
  endfacet
  facet normal 0.5620833778521297 0.8270805742745623 0
    outer loop
      vertex -17.414370836817394 -27.440657578815486 62.9
      vertex -19.103020699505375 -26.293052317185793 65
      vertex -17.414370836817394 -27.440657578815486 65
    endloop
  endfacet
  facet normal 0 0 1
    outer loop
      vertex -22.247780942682375 -23.691480391195878 62.9
      vertex -20.600384395969012 -24.901587073344828 62.9
      vertex -22.12331783251352 -23.55894064075562 62.9
    endloop
  endfacet
  facet normal 0 0 1
    outer loop
      vertex -22.247780942682375 -23.691480391195878 62.9
      vertex -22.12331783251352 -23.55894064075562 62.9
      vertex -23.691480391195878 -22.247780942682375 62.9
    endloop
  endfacet
  facet normal 0 0 1
    outer loop
      vertex -22.12331783251352 -23.55894064075562 62.9
      vertex -23.55894064075562 -22.12331783251352 62.9
      vertex -23.691480391195878 -22.247780942682375 62.9
    endloop
  endfacet
  facet normal 0.7071067811865476 0.7071067811865476 0
    outer loop
      vertex -22.247780942682375 -23.691480391195878 62.9
      vertex -23.691480391195878 -22.247780942682375 62.9
      vertex -23.691480391195878 -22.247780942682375 65
    endloop
  endfacet
  facet normal 0.6613118653236535 0.750111069630458 0
    outer loop
      vertex -22.247780942682375 -23.691480391195878 62.9
      vertex -22.247780942682375 -23.691480391195878 65
      vertex -20.716279666832413 -25.041680390213156 62.9
    endloop
  endfacet
  facet normal 0.7071067811865476 0.7071067811865476 0
    outer loop
      vertex -22.247780942682375 -23.691480391195878 62.9
      vertex -23.691480391195878 -22.247780942682375 65
      vertex -22.247780942682375 -23.691480391195878 65
    endloop
  endfacet
  facet normal 0 0 1
    outer loop
      vertex -23.691480391195878 -22.247780942682375 62.9
      vertex -23.55894064075562 -22.12331783251352 62.9
      vertex -25.041680390213156 -20.716279666832413 62.9
    endloop
  endfacet
  facet normal 0 0 1
    outer loop
      vertex -23.55894064075562 -22.12331783251352 62.9
      vertex -24.901587073344828 -20.600384395969012 62.9
      vertex -25.041680390213156 -20.716279666832413 62.9
    endloop
  endfacet
  facet normal 0.750111069630458 0.6613118653236535 0
    outer loop
      vertex -23.691480391195878 -22.247780942682375 62.9
      vertex -25.041680390213156 -20.716279666832413 62.9
      vertex -25.041680390213156 -20.716279666832413 65
    endloop
  endfacet
  facet normal 0.750111069630458 0.6613118653236535 0
    outer loop
      vertex -23.691480391195878 -22.247780942682375 62.9
      vertex -25.041680390213156 -20.716279666832413 65
      vertex -23.691480391195878 -22.247780942682375 65
    endloop
  endfacet
  facet normal 0 0 1
    outer loop
      vertex -22.247780942682375 -23.691480391195878 62.9
      vertex -20.716279666832413 -25.041680390213156 62.9
      vertex -20.600384395969012 -24.901587073344828 62.9
    endloop
  endfacet
  facet normal 0.6613118653236535 0.750111069630458 0
    outer loop
      vertex -20.716279666832413 -25.041680390213156 62.9
      vertex -22.247780942682375 -23.691480391195878 65
      vertex -20.716279666832413 -25.041680390213156 65
    endloop
  endfacet
  facet normal 0 0 1
    outer loop
      vertex -15.65699440830575 -28.47996710142556 62.9
      vertex -15.569402831196346 -28.32063861414486 62.9
      vertex -17.414370836817394 -27.440657578815486 62.9
    endloop
  endfacet
  facet normal 0 0 1
    outer loop
      vertex -15.569402831196346 -28.32063861414486 62.9
      vertex -17.316947783184848 -27.28714341054239 62.9
      vertex -17.414370836817394 -27.440657578815486 62.9
    endloop
  endfacet
  facet normal 0 0 1
    outer loop
      vertex -15.65699440830575 -28.47996710142556 62.9
      vertex -13.760412559216658 -29.242365195606357 62.9
      vertex -15.569402831196346 -28.32063861414486 62.9
    endloop
  endfacet
  facet normal 0 0 1
    outer loop
      vertex -15.65699440830575 -28.47996710142556 62.9
      vertex -13.837826975864854 -29.406879205145636 62.9
      vertex -13.760412559216658 -29.242365195606357 62.9
    endloop
  endfacet
  facet normal 0.5090414157503708 0.8607420270039439 0
    outer loop
      vertex -15.65699440830575 -28.47996710142556 62.9
      vertex -17.414370836817394 -27.440657578815486 62.9
      vertex -17.414370836817394 -27.440657578815486 65
    endloop
  endfacet
  facet normal 0.5090414157503708 0.8607420270039439 0
    outer loop
      vertex -15.65699440830575 -28.47996710142556 62.9
      vertex -17.414370836817394 -27.440657578815486 65
      vertex -15.65699440830575 -28.47996710142556 65
    endloop
  endfacet
  facet normal 0.4539904997395471 0.8910065241883678 0
    outer loop
      vertex -15.65699440830575 -28.47996710142556 62.9
      vertex -15.65699440830575 -28.47996710142556 65
      vertex -13.837826975864854 -29.406879205145636 62.9
    endloop
  endfacet
  facet normal 0.4539904997395471 0.8910065241883678 0
    outer loop
      vertex -13.837826975864854 -29.406879205145636 62.9
      vertex -15.65699440830575 -28.47996710142556 65
      vertex -13.837826975864854 -29.406879205145636 65
    endloop
  endfacet
  facet normal 0 0 1
    outer loop
      vertex -13.837826975864854 -29.406879205145636 62.9
      vertex -11.89711622540027 -30.04868552120667 62.9
      vertex -13.760412559216658 -29.242365195606357 62.9
    endloop
  endfacet
  facet normal 0.3971478906347823 0.9177546256839804 0
    outer loop
      vertex -13.837826975864854 -29.406879205145636 62.9
      vertex -13.837826975864854 -29.406879205145636 65
      vertex -11.96404796225203 -30.217735791368174 62.9
    endloop
  endfacet
  facet normal 0 0 1
    outer loop
      vertex -28.47996710142556 -15.65699440830575 62.9
      vertex -28.32063861414486 -15.569402831196346 62.9
      vertex -29.406879205145636 -13.837826975864854 62.9
    endloop
  endfacet
  facet normal 0.8910065241883678 0.4539904997395471 0
    outer loop
      vertex -28.47996710142556 -15.65699440830575 62.9
      vertex -29.406879205145636 -13.837826975864854 65
      vertex -28.47996710142556 -15.65699440830575 65
    endloop
  endfacet
  facet normal 0 0 1
    outer loop
      vertex -26.14595831820853 -18.996150653634015 62.9
      vertex -27.28714341054239 -17.316947783184848 62.9
      vertex -27.440657578815486 -17.414370836817394 62.9
    endloop
  endfacet
  facet normal 0 0 1
    outer loop
      vertex -26.293052317185793 -19.103020699505375 62.9
      vertex -24.901587073344828 -20.600384395969012 62.9
      vertex -26.14595831820853 -18.996150653634015 62.9
    endloop
  endfacet
  facet normal 0 0 1
    outer loop
      vertex -26.293052317185793 -19.103020699505375 62.9
      vertex -26.14595831820853 -18.996150653634015 62.9
      vertex -27.440657578815486 -17.414370836817394 62.9
    endloop
  endfacet
  facet normal 0.8270805742745623 0.5620833778521297 0
    outer loop
      vertex -26.293052317185793 -19.103020699505375 62.9
      vertex -27.440657578815486 -17.414370836817394 62.9
      vertex -27.440657578815486 -17.414370836817394 65
    endloop
  endfacet
  facet normal 0.790155012375691 0.6129070536529757 0
    outer loop
      vertex -26.293052317185793 -19.103020699505375 62.9
      vertex -26.293052317185793 -19.103020699505375 65
      vertex -25.041680390213156 -20.716279666832413 62.9
    endloop
  endfacet
  facet normal 0.8270805742745623 0.5620833778521297 0
    outer loop
      vertex -26.293052317185793 -19.103020699505375 62.9
      vertex -27.440657578815486 -17.414370836817394 65
      vertex -26.293052317185793 -19.103020699505375 65
    endloop
  endfacet
  facet normal 0 0 1
    outer loop
      vertex -28.47996710142556 -15.65699440830575 62.9
      vertex -27.440657578815486 -17.414370836817394 62.9
      vertex -27.28714341054239 -17.316947783184848 62.9
    endloop
  endfacet
  facet normal 0 0 1
    outer loop
      vertex -28.47996710142556 -15.65699440830575 62.9
      vertex -27.28714341054239 -17.316947783184848 62.9
      vertex -28.32063861414486 -15.569402831196346 62.9
    endloop
  endfacet
  facet normal 0.8607420270039439 0.5090414157503708 0
    outer loop
      vertex -28.47996710142556 -15.65699440830575 62.9
      vertex -28.47996710142556 -15.65699440830575 65
      vertex -27.440657578815486 -17.414370836817394 62.9
    endloop
  endfacet
  facet normal 0.8607420270039439 0.5090414157503708 0
    outer loop
      vertex -27.440657578815486 -17.414370836817394 62.9
      vertex -28.47996710142556 -15.65699440830575 65
      vertex -27.440657578815486 -17.414370836817394 65
    endloop
  endfacet
  facet normal 0 0 1
    outer loop
      vertex -28.32063861414486 -15.569402831196346 62.9
      vertex -29.242365195606357 -13.760412559216658 62.9
      vertex -29.406879205145636 -13.837826975864854 62.9
    endloop
  endfacet
  facet normal 0 0 1
    outer loop
      vertex -30.217735791368174 -11.96404796225203 62.9
      vertex -29.406879205145636 -13.837826975864854 62.9
      vertex -29.242365195606357 -13.760412559216658 62.9
    endloop
  endfacet
  facet normal 0 0 1
    outer loop
      vertex -30.217735791368174 -11.96404796225203 62.9
      vertex -29.242365195606357 -13.760412559216658 62.9
      vertex -30.04868552120667 -11.89711622540027 62.9
    endloop
  endfacet
  facet normal 0.8910065241883678 0.4539904997395471 0
    outer loop
      vertex -28.47996710142556 -15.65699440830575 62.9
      vertex -29.406879205145636 -13.837826975864854 62.9
      vertex -29.406879205145636 -13.837826975864854 65
    endloop
  endfacet
  facet normal 0.9177546256839804 0.3971478906347823 0
    outer loop
      vertex -30.217735791368174 -11.96404796225203 62.9
      vertex -30.217735791368174 -11.96404796225203 65
      vertex -29.406879205145636 -13.837826975864854 62.9
    endloop
  endfacet
  facet normal 0.9177546256839804 0.3971478906347823 0
    outer loop
      vertex -29.406879205145636 -13.837826975864854 62.9
      vertex -30.217735791368174 -11.96404796225203 65
      vertex -29.406879205145636 -13.837826975864854 65
    endloop
  endfacet
  facet normal 0 0 1
    outer loop
      vertex -30.90933677959249 -10.04305231718579 62.9
      vertex -30.217735791368174 -11.96404796225203 62.9
      vertex -30.04868552120667 -11.89711622540027 62.9
    endloop
  endfacet
  facet normal 0 0 1
    outer loop
      vertex -30.90933677959249 -10.04305231718579 62.9
      vertex -30.04868552120667 -11.89711622540027 62.9
      vertex -30.73641741299337 -9.986867409117616 62.9
    endloop
  endfacet
  facet normal 0.9408807689542261 0.33873792024528976 0
    outer loop
      vertex -30.217735791368174 -11.96404796225203 62.9
      vertex -30.90933677959249 -10.04305231718579 65
      vertex -30.217735791368174 -11.96404796225203 65
    endloop
  endfacet
  facet normal 0.9408807689542261 0.33873792024528976 0
    outer loop
      vertex -30.90933677959249 -10.04305231718579 62.9
      vertex -30.90933677959249 -10.04305231718579 65
      vertex -30.217735791368174 -11.96404796225203 62.9
    endloop
  endfacet
  facet normal 0 0 1
    outer loop
      vertex -32.243727792720534 -4.073330090839882 62.9
      vertex -32.063343301572445 -4.050542230191827 62.9
      vertex -32.238271045098145 -2.2 62.9
    endloop
  endfacet
  facet normal 0 0 1
    outer loop
      vertex -32.243727792720534 -4.073330090839882 62.9
      vertex -32.238271045098145 -2.2 62.9
      vertex -32.42080962329051 -2.2 62.9
    endloop
  endfacet
  facet normal 0.9955619646030803 0.09410831331851086 0
    outer loop
      vertex -32.243727792720534 -4.073330090839882 62.9
      vertex -32.42080962329051 -2.2 62.9
      vertex -32.42080962329051 -2.2 65
    endloop
  endfacet
  facet normal 0.9955619646030803 0.09410831331851086 0
    outer loop
      vertex -32.243727792720534 -4.073330090839882 62.9
      vertex -32.42080962329051 -2.2 65
      vertex -32.243727792720534 -4.073330090839882 65
    endloop
  endfacet
  facet normal 0 0 1
    outer loop
      vertex -30.90933677959249 -10.04305231718579 62.9
      vertex -30.73641741299337 -9.986867409117616 62.9
      vertex -31.47895273668051 -8.082421332857782 62.9
    endloop
  endfacet
  facet normal 0 0 1
    outer loop
      vertex -30.73641741299337 -9.986867409117616 62.9
      vertex -31.302846707384393 -8.0372049897369 62.9
      vertex -31.47895273668051 -8.082421332857782 62.9
    endloop
  endfacet
  facet normal 0.9602936856769426 0.27899110603923033 0
    outer loop
      vertex -30.90933677959249 -10.04305231718579 62.9
      vertex -31.47895273668051 -8.082421332857782 62.9
      vertex -31.47895273668051 -8.082421332857782 65
    endloop
  endfacet
  facet normal 0.9602936856769426 0.27899110603923033 0
    outer loop
      vertex -30.90933677959249 -10.04305231718579 62.9
      vertex -31.47895273668051 -8.082421332857782 65
      vertex -30.90933677959249 -10.04305231718579 65
    endloop
  endfacet
  facet normal 0 0 1
    outer loop
      vertex -31.47895273668051 -8.082421332857782 62.9
      vertex -31.302846707384393 -8.0372049897369 62.9
      vertex -31.92433564868238 -6.089892724036057 62.9
    endloop
  endfacet
  facet normal 0 0 1
    outer loop
      vertex -31.302846707384393 -8.0372049897369 62.9
      vertex -31.745737966731706 -6.055823394111379 62.9
      vertex -31.92433564868238 -6.089892724036057 62.9
    endloop
  endfacet
  facet normal 0 0 1
    outer loop
      vertex -31.92433564868238 -6.089892724036057 62.9
      vertex -31.745737966731706 -6.055823394111379 62.9
      vertex -32.243727792720534 -4.073330090839882 62.9
    endloop
  endfacet
  facet normal 0.9759167619387474 0.2181432413965418 0
    outer loop
      vertex -31.47895273668051 -8.082421332857782 62.9
      vertex -31.92433564868238 -6.089892724036057 62.9
      vertex -31.92433564868238 -6.089892724036057 65
    endloop
  endfacet
  facet normal 0.9759167619387474 0.2181432413965418 0
    outer loop
      vertex -31.47895273668051 -8.082421332857782 62.9
      vertex -31.92433564868238 -6.089892724036057 65
      vertex -31.47895273668051 -8.082421332857782 65
    endloop
  endfacet
  facet normal 0.9876883405951374 0.1564344650402333 0
    outer loop
      vertex -31.92433564868238 -6.089892724036057 62.9
      vertex -32.243727792720534 -4.073330090839882 65
      vertex -31.92433564868238 -6.089892724036057 65
    endloop
  endfacet
  facet normal 0 0 1
    outer loop
      vertex -31.745737966731706 -6.055823394111379 62.9
      vertex -32.063343301572445 -4.050542230191827 62.9
      vertex -32.243727792720534 -4.073330090839882 62.9
    endloop
  endfacet
  facet normal 0.9876883405951374 0.1564344650402333 0
    outer loop
      vertex -31.92433564868238 -6.089892724036057 62.9
      vertex -32.243727792720534 -4.073330090839882 62.9
      vertex -32.243727792720534 -4.073330090839882 65
    endloop
  endfacet
  facet normal 0 0 1
    outer loop
      vertex -32.42080962329051 2.2 62.9
      vertex -32.238271045098145 2.2 62.9
      vertex -32.063343301572445 4.050542230191826 62.9
    endloop
  endfacet
  facet normal 0 0 1
    outer loop
      vertex -32.42080962329051 2.2 62.9
      vertex -31.92433564868238 6.089892724036057 62.9
      vertex -32.243727792720534 4.073330090839882 62.9
    endloop
  endfacet
  facet normal 0.9955619646030803 -0.09410831331851086 0
    outer loop
      vertex -32.42080962329051 2.2 62.9
      vertex -32.243727792720534 4.073330090839882 62.9
      vertex -32.243727792720534 4.073330090839882 65
    endloop
  endfacet
  facet normal 0.9955619646030803 -0.09410831331851086 0
    outer loop
      vertex -32.42080962329051 2.2 62.9
      vertex -32.243727792720534 4.073330090839882 65
      vertex -32.42080962329051 2.2 65
    endloop
  endfacet
  facet normal 0 0 1
    outer loop
      vertex -32.42080962329051 2.2 62.9
      vertex -32.063343301572445 4.050542230191826 62.9
      vertex -31.745737966731706 6.055823394111378 62.9
    endloop
  endfacet
  facet normal 0.9876883405951374 -0.1564344650402333 0
    outer loop
      vertex -32.243727792720534 4.073330090839882 62.9
      vertex -31.92433564868238 6.089892724036057 65
      vertex -32.243727792720534 4.073330090839882 65
    endloop
  endfacet
  facet normal 0 0 1
    outer loop
      vertex -32.42080962329051 2.2 62.9
      vertex -31.47895273668051 8.082421332857782 62.9
      vertex -31.92433564868238 6.089892724036057 62.9
    endloop
  endfacet
  facet normal 0 0 1
    outer loop
      vertex -32.42080962329051 2.2 62.9
      vertex -31.745737966731706 6.055823394111378 62.9
      vertex -31.47895273668051 8.082421332857782 62.9
    endloop
  endfacet
  facet normal 0 0 1
    outer loop
      vertex -31.745737966731706 6.055823394111378 62.9
      vertex -31.302846707384397 8.0372049897369 62.9
      vertex -31.47895273668051 8.082421332857782 62.9
    endloop
  endfacet
  facet normal 0.9876883405951374 -0.1564344650402333 0
    outer loop
      vertex -32.243727792720534 4.073330090839882 62.9
      vertex -31.92433564868238 6.089892724036057 62.9
      vertex -31.92433564868238 6.089892724036057 65
    endloop
  endfacet
  facet normal 0.9759167619387474 -0.2181432413965418 0
    outer loop
      vertex -31.92433564868238 6.089892724036057 62.9
      vertex -31.47895273668051 8.082421332857782 62.9
      vertex -31.47895273668051 8.082421332857782 65
    endloop
  endfacet
  facet normal 0.9759167619387474 -0.2181432413965418 0
    outer loop
      vertex -31.92433564868238 6.089892724036057 62.9
      vertex -31.47895273668051 8.082421332857782 65
      vertex -31.92433564868238 6.089892724036057 65
    endloop
  endfacet
  facet normal 0 0 1
    outer loop
      vertex -31.47895273668051 8.082421332857782 62.9
      vertex -31.302846707384397 8.0372049897369 62.9
      vertex -30.90933677959249 10.04305231718579 62.9
    endloop
  endfacet
  facet normal 0 0 1
    outer loop
      vertex -31.302846707384397 8.0372049897369 62.9
      vertex -30.73641741299337 9.986867409117616 62.9
      vertex -30.90933677959249 10.04305231718579 62.9
    endloop
  endfacet
  facet normal 0.9602936856769426 -0.27899110603923033 0
    outer loop
      vertex -31.47895273668051 8.082421332857782 62.9
      vertex -30.90933677959249 10.04305231718579 62.9
      vertex -30.90933677959249 10.04305231718579 65
    endloop
  endfacet
  facet normal 0.9602936856769426 -0.27899110603923033 0
    outer loop
      vertex -31.47895273668051 8.082421332857782 62.9
      vertex -30.90933677959249 10.04305231718579 65
      vertex -31.47895273668051 8.082421332857782 65
    endloop
  endfacet
  facet normal 0 0 1
    outer loop
      vertex -30.90933677959249 10.04305231718579 62.9
      vertex -30.73641741299337 9.986867409117616 62.9
      vertex -30.217735791368174 11.96404796225203 62.9
    endloop
  endfacet
  facet normal 0 0 1
    outer loop
      vertex -30.73641741299337 9.986867409117616 62.9
      vertex -30.04868552120667 11.89711622540027 62.9
      vertex -30.217735791368174 11.96404796225203 62.9
    endloop
  endfacet
  facet normal 0.9408807689542261 -0.33873792024528976 0
    outer loop
      vertex -30.90933677959249 10.04305231718579 62.9
      vertex -30.217735791368174 11.96404796225203 65
      vertex -30.90933677959249 10.04305231718579 65
    endloop
  endfacet
  facet normal 0.9408807689542261 -0.33873792024528976 0
    outer loop
      vertex -30.90933677959249 10.04305231718579 62.9
      vertex -30.217735791368174 11.96404796225203 62.9
      vertex -30.217735791368174 11.96404796225203 65
    endloop
  endfacet
  facet normal 0 0 1
    outer loop
      vertex -30.217735791368174 11.96404796225203 62.9
      vertex -30.04868552120667 11.89711622540027 62.9
      vertex -29.406879205145636 13.837826975864854 62.9
    endloop
  endfacet
  facet normal 0 0 1
    outer loop
      vertex -30.04868552120667 11.89711622540027 62.9
      vertex -29.242365195606357 13.760412559216658 62.9
      vertex -29.406879205145636 13.837826975864854 62.9
    endloop
  endfacet
  facet normal 0 0 1
    outer loop
      vertex -29.406879205145636 13.837826975864854 62.9
      vertex -29.242365195606357 13.760412559216658 62.9
      vertex -28.47996710142556 15.65699440830575 62.9
    endloop
  endfacet
  facet normal 0.9177546256839804 -0.3971478906347823 0
    outer loop
      vertex -30.217735791368174 11.96404796225203 62.9
      vertex -29.406879205145636 13.837826975864854 62.9
      vertex -29.406879205145636 13.837826975864854 65
    endloop
  endfacet
  facet normal 0.9177546256839804 -0.3971478906347823 0
    outer loop
      vertex -30.217735791368174 11.96404796225203 62.9
      vertex -29.406879205145636 13.837826975864854 65
      vertex -30.217735791368174 11.96404796225203 65
    endloop
  endfacet
  facet normal 0.8910065241883678 -0.4539904997395471 0
    outer loop
      vertex -29.406879205145636 13.837826975864854 62.9
      vertex -28.47996710142556 15.65699440830575 65
      vertex -29.406879205145636 13.837826975864854 65
    endloop
  endfacet
  facet normal 0 0 1
    outer loop
      vertex -29.242365195606357 13.760412559216658 62.9
      vertex -28.320638614144855 15.569402831196346 62.9
      vertex -28.47996710142556 15.65699440830575 62.9
    endloop
  endfacet
  facet normal 0.8910065241883678 -0.4539904997395471 0
    outer loop
      vertex -29.406879205145636 13.837826975864854 62.9
      vertex -28.47996710142556 15.65699440830575 62.9
      vertex -28.47996710142556 15.65699440830575 65
    endloop
  endfacet
  facet normal 0 0 1
    outer loop
      vertex -28.47996710142556 15.65699440830575 62.9
      vertex -28.320638614144855 15.569402831196346 62.9
      vertex -27.440657578815486 17.414370836817394 62.9
    endloop
  endfacet
  facet normal 0 0 1
    outer loop
      vertex -28.320638614144855 15.569402831196346 62.9
      vertex -27.28714341054239 17.316947783184848 62.9
      vertex -27.440657578815486 17.414370836817394 62.9
    endloop
  endfacet
  facet normal 0.8607420270039439 -0.5090414157503708 0
    outer loop
      vertex -28.47996710142556 15.65699440830575 62.9
      vertex -27.440657578815486 17.414370836817394 62.9
      vertex -27.440657578815486 17.414370836817394 65
    endloop
  endfacet
  facet normal 0.8607420270039439 -0.5090414157503708 0
    outer loop
      vertex -28.47996710142556 15.65699440830575 62.9
      vertex -27.440657578815486 17.414370836817394 65
      vertex -28.47996710142556 15.65699440830575 65
    endloop
  endfacet
  facet normal 0 0 1
    outer loop
      vertex -27.440657578815486 17.414370836817394 62.9
      vertex -27.28714341054239 17.316947783184848 62.9
      vertex -26.293052317185793 19.103020699505375 62.9
    endloop
  endfacet
  facet normal 0 0 1
    outer loop
      vertex -27.28714341054239 17.316947783184848 62.9
      vertex -26.14595831820853 18.996150653634015 62.9
      vertex -26.293052317185793 19.103020699505375 62.9
    endloop
  endfacet
  facet normal 0 0 1
    outer loop
      vertex -26.293052317185793 19.103020699505375 62.9
      vertex -26.14595831820853 18.996150653634015 62.9
      vertex -25.041680390213156 20.716279666832413 62.9
    endloop
  endfacet
  facet normal 0.8270805742745623 -0.5620833778521297 0
    outer loop
      vertex -27.440657578815486 17.414370836817394 62.9
      vertex -26.293052317185793 19.103020699505375 65
      vertex -27.440657578815486 17.414370836817394 65
    endloop
  endfacet
  facet normal 0.8270805742745623 -0.5620833778521297 0
    outer loop
      vertex -27.440657578815486 17.414370836817394 62.9
      vertex -26.293052317185793 19.103020699505375 62.9
      vertex -26.293052317185793 19.103020699505375 65
    endloop
  endfacet
  facet normal 0.790155012375691 -0.6129070536529757 0
    outer loop
      vertex -26.293052317185793 19.103020699505375 62.9
      vertex -25.041680390213156 20.716279666832413 65
      vertex -26.293052317185793 19.103020699505375 65
    endloop
  endfacet
  facet normal 0 0 1
    outer loop
      vertex -26.14595831820853 18.996150653634015 62.9
      vertex -24.901587073344828 20.600384395969012 62.9
      vertex -25.041680390213156 20.716279666832413 62.9
    endloop
  endfacet
  facet normal 0.790155012375691 -0.6129070536529757 0
    outer loop
      vertex -26.293052317185793 19.103020699505375 62.9
      vertex -25.041680390213156 20.716279666832413 62.9
      vertex -25.041680390213156 20.716279666832413 65
    endloop
  endfacet
  facet normal 0 0 1
    outer loop
      vertex -24.901587073344828 20.600384395969012 62.9
      vertex -23.691480391195878 22.247780942682375 62.9
      vertex -25.041680390213156 20.716279666832413 62.9
    endloop
  endfacet
  facet normal 0 0 1
    outer loop
      vertex -24.901587073344828 20.600384395969012 62.9
      vertex -23.55894064075562 22.12331783251352 62.9
      vertex -23.691480391195878 22.247780942682375 62.9
    endloop
  endfacet
  facet normal 0.750111069630458 -0.6613118653236535 0
    outer loop
      vertex -25.041680390213156 20.716279666832413 62.9
      vertex -23.691480391195878 22.247780942682375 62.9
      vertex -23.691480391195878 22.247780942682375 65
    endloop
  endfacet
  facet normal 0.750111069630458 -0.6613118653236535 0
    outer loop
      vertex -25.041680390213156 20.716279666832413 62.9
      vertex -23.691480391195878 22.247780942682375 65
      vertex -25.041680390213156 20.716279666832413 65
    endloop
  endfacet
  facet normal 0 0 1
    outer loop
      vertex -23.55894064075562 22.12331783251352 62.9
      vertex -22.247780942682375 23.691480391195878 62.9
      vertex -23.691480391195878 22.247780942682375 62.9
    endloop
  endfacet
  facet normal 0 0 1
    outer loop
      vertex -23.55894064075562 22.12331783251352 62.9
      vertex -22.12331783251352 23.55894064075562 62.9
      vertex -22.247780942682375 23.691480391195878 62.9
    endloop
  endfacet
  facet normal 0 0 1
    outer loop
      vertex -22.247780942682375 23.691480391195878 62.9
      vertex -22.12331783251352 23.55894064075562 62.9
      vertex -20.716279666832413 25.041680390213156 62.9
    endloop
  endfacet
  facet normal 0.7071067811865476 -0.7071067811865476 0
    outer loop
      vertex -23.691480391195878 22.247780942682375 62.9
      vertex -22.247780942682375 23.691480391195878 65
      vertex -23.691480391195878 22.247780942682375 65
    endloop
  endfacet
  facet normal 0.7071067811865476 -0.7071067811865476 0
    outer loop
      vertex -23.691480391195878 22.247780942682375 62.9
      vertex -22.247780942682375 23.691480391195878 62.9
      vertex -22.247780942682375 23.691480391195878 65
    endloop
  endfacet
  facet normal 0.6613118653236535 -0.750111069630458 0
    outer loop
      vertex -22.247780942682375 23.691480391195878 62.9
      vertex -20.716279666832413 25.041680390213156 65
      vertex -22.247780942682375 23.691480391195878 65
    endloop
  endfacet
  facet normal 0 0 1
    outer loop
      vertex -22.12331783251352 23.55894064075562 62.9
      vertex -20.600384395969012 24.901587073344828 62.9
      vertex -20.716279666832413 25.041680390213156 62.9
    endloop
  endfacet
  facet normal 0.6613118653236535 -0.750111069630458 0
    outer loop
      vertex -22.247780942682375 23.691480391195878 62.9
      vertex -20.716279666832413 25.041680390213156 62.9
      vertex -20.716279666832413 25.041680390213156 65
    endloop
  endfacet
  facet normal 0 0 1
    outer loop
      vertex -20.600384395969012 24.901587073344828 62.9
      vertex -19.103020699505375 26.293052317185793 62.9
      vertex -20.716279666832413 25.041680390213156 62.9
    endloop
  endfacet
  facet normal 0 0 1
    outer loop
      vertex -20.600384395969012 24.901587073344828 62.9
      vertex -18.996150653634015 26.14595831820853 62.9
      vertex -19.103020699505375 26.293052317185793 62.9
    endloop
  endfacet
  facet normal 0 0 1
    outer loop
      vertex -18.996150653634015 26.14595831820853 62.9
      vertex -17.414370836817394 27.440657578815486 62.9
      vertex -19.103020699505375 26.293052317185793 62.9
    endloop
  endfacet
  facet normal 0 0 1
    outer loop
      vertex -18.996150653634015 26.14595831820853 62.9
      vertex -17.316947783184848 27.28714341054239 62.9
      vertex -17.414370836817394 27.440657578815486 62.9
    endloop
  endfacet
  facet normal 0.6129070536529757 -0.790155012375691 0
    outer loop
      vertex -20.716279666832413 25.041680390213156 62.9
      vertex -19.103020699505375 26.293052317185793 62.9
      vertex -19.103020699505375 26.293052317185793 65
    endloop
  endfacet
  facet normal 0.6129070536529757 -0.790155012375691 0
    outer loop
      vertex -20.716279666832413 25.041680390213156 62.9
      vertex -19.103020699505375 26.293052317185793 65
      vertex -20.716279666832413 25.041680390213156 65
    endloop
  endfacet
  facet normal 0.5620833778521297 -0.8270805742745623 0
    outer loop
      vertex -19.103020699505375 26.293052317185793 62.9
      vertex -17.414370836817394 27.440657578815486 62.9
      vertex -17.414370836817394 27.440657578815486 65
    endloop
  endfacet
  facet normal 0.5620833778521297 -0.8270805742745623 0
    outer loop
      vertex -19.103020699505375 26.293052317185793 62.9
      vertex -17.414370836817394 27.440657578815486 65
      vertex -19.103020699505375 26.293052317185793 65
    endloop
  endfacet
  facet normal 0 0 1
    outer loop
      vertex -17.316947783184848 27.28714341054239 62.9
      vertex -15.656994408305744 28.479967101425565 62.9
      vertex -17.414370836817394 27.440657578815486 62.9
    endloop
  endfacet
  facet normal 0 0 1
    outer loop
      vertex -17.316947783184848 27.28714341054239 62.9
      vertex -15.56940283119634 28.320638614144862 62.9
      vertex -15.656994408305744 28.479967101425565 62.9
    endloop
  endfacet
  facet normal 0 0 1
    outer loop
      vertex -15.56940283119634 28.320638614144862 62.9
      vertex -13.837826975864862 29.406879205145632 62.9
      vertex -15.656994408305744 28.479967101425565 62.9
    endloop
  endfacet
  facet normal 0 0 1
    outer loop
      vertex -15.56940283119634 28.320638614144862 62.9
      vertex -13.760412559216666 29.242365195606354 62.9
      vertex -13.837826975864862 29.406879205145632 62.9
    endloop
  endfacet
  facet normal 0.5090414157503708 -0.8607420270039439 0
    outer loop
      vertex -17.414370836817394 27.440657578815486 62.9
      vertex -15.656994408305744 28.479967101425565 62.9
      vertex -15.656994408305744 28.479967101425565 65
    endloop
  endfacet
  facet normal 0.5090414157503708 -0.8607420270039439 0
    outer loop
      vertex -17.414370836817394 27.440657578815486 62.9
      vertex -15.656994408305744 28.479967101425565 65
      vertex -17.414370836817394 27.440657578815486 65
    endloop
  endfacet
  facet normal 0.4539904997395471 -0.8910065241883677 0
    outer loop
      vertex -15.656994408305744 28.479967101425565 62.9
      vertex -13.837826975864862 29.406879205145632 62.9
      vertex -13.837826975864862 29.406879205145632 65
    endloop
  endfacet
  facet normal 0.4539904997395471 -0.8910065241883677 0
    outer loop
      vertex -15.656994408305744 28.479967101425565 62.9
      vertex -13.837826975864862 29.406879205145632 65
      vertex -15.656994408305744 28.479967101425565 65
    endloop
  endfacet
  facet normal 0 0 1
    outer loop
      vertex -13.760412559216666 29.242365195606354 62.9
      vertex -11.96404796225203 30.217735791368174 62.9
      vertex -13.837826975864862 29.406879205145632 62.9
    endloop
  endfacet
  facet normal 0.39714789063478206 -0.9177546256839804 0
    outer loop
      vertex -13.837826975864862 29.406879205145632 62.9
      vertex -11.96404796225203 30.217735791368174 65
      vertex -13.837826975864862 29.406879205145632 65
    endloop
  endfacet
  facet normal 0 0 1
    outer loop
      vertex -13.760412559216666 29.242365195606354 62.9
      vertex -11.89711622540027 30.04868552120667 62.9
      vertex -11.96404796225203 30.217735791368174 62.9
    endloop
  endfacet
  facet normal 0 0 1
    outer loop
      vertex -11.96404796225203 30.217735791368174 62.9
      vertex -11.89711622540027 30.04868552120667 62.9
      vertex -10.04305231718579 30.90933677959249 62.9
    endloop
  endfacet
  facet normal 0.39714789063478206 -0.9177546256839804 0
    outer loop
      vertex -13.837826975864862 29.406879205145632 62.9
      vertex -11.96404796225203 30.217735791368174 62.9
      vertex -11.96404796225203 30.217735791368174 65
    endloop
  endfacet
  facet normal 0.33873792024528976 -0.9408807689542261 0
    outer loop
      vertex -11.96404796225203 30.217735791368174 62.9
      vertex -10.04305231718579 30.90933677959249 62.9
      vertex -10.04305231718579 30.90933677959249 65
    endloop
  endfacet
  facet normal 0.33873792024528976 -0.9408807689542261 0
    outer loop
      vertex -11.96404796225203 30.217735791368174 62.9
      vertex -10.04305231718579 30.90933677959249 65
      vertex -11.96404796225203 30.217735791368174 65
    endloop
  endfacet
  facet normal 0 0 1
    outer loop
      vertex -10.04305231718579 -30.90933677959249 62.9
      vertex -8.0372049897369 -31.302846707384393 62.9
      vertex -9.986867409117616 -30.73641741299337 62.9
    endloop
  endfacet
  facet normal 0 0 1
    outer loop
      vertex -10.04305231718579 -30.90933677959249 62.9
      vertex -8.082421332857782 -31.47895273668051 62.9
      vertex -8.0372049897369 -31.302846707384393 62.9
    endloop
  endfacet
  facet normal 0 0 1
    outer loop
      vertex -8.082421332857782 -31.47895273668051 62.9
      vertex -6.055823394111379 -31.745737966731706 62.9
      vertex -8.0372049897369 -31.302846707384393 62.9
    endloop
  endfacet
  facet normal 0.27899110603923033 0.9602936856769426 0
    outer loop
      vertex -10.04305231718579 -30.90933677959249 62.9
      vertex -10.04305231718579 -30.90933677959249 65
      vertex -8.082421332857782 -31.47895273668051 62.9
    endloop
  endfacet
  facet normal 0.2181432413965418 0.9759167619387474 0
    outer loop
      vertex -8.082421332857782 -31.47895273668051 62.9
      vertex -8.082421332857782 -31.47895273668051 65
      vertex -6.089892724036057 -31.92433564868238 62.9
    endloop
  endfacet
  facet normal 0.27899110603923033 0.9602936856769426 0
    outer loop
      vertex -8.082421332857782 -31.47895273668051 62.9
      vertex -10.04305231718579 -30.90933677959249 65
      vertex -8.082421332857782 -31.47895273668051 65
    endloop
  endfacet
  facet normal 0 0 1
    outer loop
      vertex -8.082421332857782 -31.47895273668051 62.9
      vertex -6.089892724036057 -31.92433564868238 62.9
      vertex -6.055823394111379 -31.745737966731706 62.9
    endloop
  endfacet
  facet normal 0 0 1
    outer loop
      vertex -6.089892724036057 -31.92433564868238 62.9
      vertex -4.050542230191827 -32.063343301572445 62.9
      vertex -6.055823394111379 -31.745737966731706 62.9
    endloop
  endfacet
  facet normal 0 0 1
    outer loop
      vertex -6.089892724036057 -31.92433564868238 62.9
      vertex -4.073330090839882 -32.243727792720534 62.9
      vertex -4.050542230191827 -32.063343301572445 62.9
    endloop
  endfacet
  facet normal 0.1564344650402333 0.9876883405951374 0
    outer loop
      vertex -6.089892724036057 -31.92433564868238 62.9
      vertex -6.089892724036057 -31.92433564868238 65
      vertex -4.073330090839882 -32.243727792720534 62.9
    endloop
  endfacet
  facet normal 0.2181432413965418 0.9759167619387474 0
    outer loop
      vertex -6.089892724036057 -31.92433564868238 62.9
      vertex -8.082421332857782 -31.47895273668051 65
      vertex -6.089892724036057 -31.92433564868238 65
    endloop
  endfacet
  facet normal 0.1564344650402333 0.9876883405951374 0
    outer loop
      vertex -4.073330090839882 -32.243727792720534 62.9
      vertex -6.089892724036057 -31.92433564868238 65
      vertex -4.073330090839882 -32.243727792720534 65
    endloop
  endfacet
  facet normal 0 0 1
    outer loop
      vertex -4.073330090839882 -32.243727792720534 62.9
      vertex -2.0292754266064583 -32.254409268750045 62.9
      vertex -4.050542230191827 -32.063343301572445 62.9
    endloop
  endfacet
  facet normal 0 0 1
    outer loop
      vertex -4.073330090839882 -32.243727792720534 62.9
      vertex -2.040691884702697 -32.435868673918826 62.9
      vertex -2.0292754266064583 -32.254409268750045 62.9
    endloop
  endfacet
  facet normal 0 0 1
    outer loop
      vertex -2.040691884702697 -32.435868673918826 62.9
      vertex 0 -32.31818181818181 62.9
      vertex -2.0292754266064583 -32.254409268750045 62.9
    endloop
  endfacet
  facet normal 0 0 1
    outer loop
      vertex -2.040691884702697 -32.435868673918826 62.9
      vertex 0 -32.5 62.9
      vertex 0 -32.31818181818181 62.9
    endloop
  endfacet
  facet normal 0.09410831331851284 0.9955619646030802 0
    outer loop
      vertex -4.073330090839882 -32.243727792720534 62.9
      vertex -4.073330090839882 -32.243727792720534 65
      vertex -2.040691884702697 -32.435868673918826 62.9
    endloop
  endfacet
  facet normal 0.09410831331851284 0.9955619646030802 0
    outer loop
      vertex -2.040691884702697 -32.435868673918826 62.9
      vertex -4.073330090839882 -32.243727792720534 65
      vertex -2.040691884702697 -32.435868673918826 65
    endloop
  endfacet
  facet normal 0.03141075907812809 0.9995065603657315 0
    outer loop
      vertex -2.040691884702697 -32.435868673918826 62.9
      vertex -2.040691884702697 -32.435868673918826 65
      vertex 0 -32.5 62.9
    endloop
  endfacet
  facet normal 0.03141075907812809 0.9995065603657315 0
    outer loop
      vertex 0 -32.5 62.9
      vertex -2.040691884702697 -32.435868673918826 65
      vertex 0 -32.5 65
    endloop
  endfacet
  facet normal 0 0 1
    outer loop
      vertex 0 -32.5 62.9
      vertex 2.0292754266064583 -32.254409268750045 62.9
      vertex 0 -32.31818181818181 62.9
    endloop
  endfacet
  facet normal 0 0 1
    outer loop
      vertex 0 -32.5 62.9
      vertex 2.040691884702697 -32.435868673918826 62.9
      vertex 2.0292754266064583 -32.254409268750045 62.9
    endloop
  endfacet
  facet normal 0 0 1
    outer loop
      vertex 2.040691884702697 -32.435868673918826 62.9
      vertex 4.050542230191827 -32.063343301572445 62.9
      vertex 2.0292754266064583 -32.254409268750045 62.9
    endloop
  endfacet
  facet normal 0 0 1
    outer loop
      vertex 2.040691884702697 -32.435868673918826 62.9
      vertex 4.073330090839882 -32.243727792720534 62.9
      vertex 4.050542230191827 -32.063343301572445 62.9
    endloop
  endfacet
  facet normal -0.03141075907812809 0.9995065603657315 0
    outer loop
      vertex 0 -32.5 62.9
      vertex 0 -32.5 65
      vertex 2.040691884702697 -32.435868673918826 62.9
    endloop
  endfacet
  facet normal -0.03141075907812809 0.9995065603657315 0
    outer loop
      vertex 2.040691884702697 -32.435868673918826 62.9
      vertex 0 -32.5 65
      vertex 2.040691884702697 -32.435868673918826 65
    endloop
  endfacet
  facet normal -0.09410831331851284 0.9955619646030802 0
    outer loop
      vertex 2.040691884702697 -32.435868673918826 62.9
      vertex 2.040691884702697 -32.435868673918826 65
      vertex 4.073330090839882 -32.243727792720534 62.9
    endloop
  endfacet
  facet normal -0.09410831331851284 0.9955619646030802 0
    outer loop
      vertex 4.073330090839882 -32.243727792720534 62.9
      vertex 2.040691884702697 -32.435868673918826 65
      vertex 4.073330090839882 -32.243727792720534 65
    endloop
  endfacet
  facet normal 0 0 1
    outer loop
      vertex 4.073330090839882 -32.243727792720534 62.9
      vertex 6.055823394111379 -31.745737966731706 62.9
      vertex 4.050542230191827 -32.063343301572445 62.9
    endloop
  endfacet
  facet normal 0 0 1
    outer loop
      vertex 4.073330090839882 -32.243727792720534 62.9
      vertex 6.089892724036057 -31.92433564868238 62.9
      vertex 6.055823394111379 -31.745737966731706 62.9
    endloop
  endfacet
  facet normal 0 0 1
    outer loop
      vertex 6.089892724036057 -31.92433564868238 62.9
      vertex 8.037204989736887 -31.302846707384397 62.9
      vertex 6.055823394111379 -31.745737966731706 62.9
    endloop
  endfacet
  facet normal -0.1564344650402333 0.9876883405951374 0
    outer loop
      vertex 4.073330090839882 -32.243727792720534 62.9
      vertex 4.073330090839882 -32.243727792720534 65
      vertex 6.089892724036057 -31.92433564868238 62.9
    endloop
  endfacet
  facet normal -0.1564344650402333 0.9876883405951374 0
    outer loop
      vertex 6.089892724036057 -31.92433564868238 62.9
      vertex 4.073330090839882 -32.243727792720534 65
      vertex 6.089892724036057 -31.92433564868238 65
    endloop
  endfacet
  facet normal -0.2181432413965415 0.9759167619387477 0
    outer loop
      vertex 6.089892724036057 -31.92433564868238 62.9
      vertex 6.089892724036057 -31.92433564868238 65
      vertex 8.08242133285777 -31.478952736680515 62.9
    endloop
  endfacet
  facet normal 0 0 1
    outer loop
      vertex 6.089892724036057 -31.92433564868238 62.9
      vertex 8.08242133285777 -31.478952736680515 62.9
      vertex 8.037204989736887 -31.302846707384397 62.9
    endloop
  endfacet
  facet normal 0 0 1
    outer loop
      vertex 8.08242133285777 -31.478952736680515 62.9
      vertex 9.986867409117616 -30.73641741299337 62.9
      vertex 8.037204989736887 -31.302846707384397 62.9
    endloop
  endfacet
  facet normal 0 0 1
    outer loop
      vertex 8.08242133285777 -31.478952736680515 62.9
      vertex 10.04305231718579 -30.90933677959249 62.9
      vertex 9.986867409117616 -30.73641741299337 62.9
    endloop
  endfacet
  facet normal 0 0 1
    outer loop
      vertex 10.04305231718579 -30.90933677959249 62.9
      vertex 11.897116225400286 -30.048685521206664 62.9
      vertex 9.986867409117616 -30.73641741299337 62.9
    endloop
  endfacet
  facet normal -0.2789911060392304 0.9602936856769426 0
    outer loop
      vertex 8.08242133285777 -31.478952736680515 62.9
      vertex 8.08242133285777 -31.478952736680515 65
      vertex 10.04305231718579 -30.90933677959249 62.9
    endloop
  endfacet
  facet normal -0.2181432413965415 0.9759167619387477 0
    outer loop
      vertex 8.08242133285777 -31.478952736680515 62.9
      vertex 6.089892724036057 -31.92433564868238 65
      vertex 8.08242133285777 -31.478952736680515 65
    endloop
  endfacet
  facet normal -0.2789911060392304 0.9602936856769426 0
    outer loop
      vertex 10.04305231718579 -30.90933677959249 62.9
      vertex 8.08242133285777 -31.478952736680515 65
      vertex 10.04305231718579 -30.90933677959249 65
    endloop
  endfacet
  facet normal -0.33873792024529037 0.9408807689542258 0
    outer loop
      vertex 10.04305231718579 -30.90933677959249 62.9
      vertex 10.04305231718579 -30.90933677959249 65
      vertex 11.964047962252046 -30.217735791368167 62.9
    endloop
  endfacet
  facet normal 0 0 1
    outer loop
      vertex 10.04305231718579 -30.90933677959249 62.9
      vertex 11.964047962252046 -30.217735791368167 62.9
      vertex 11.897116225400286 -30.048685521206664 62.9
    endloop
  endfacet
  facet normal 0 0 1
    outer loop
      vertex 11.964047962252046 -30.217735791368167 62.9
      vertex 13.760412559216658 -29.242365195606357 62.9
      vertex 11.897116225400286 -30.048685521206664 62.9
    endloop
  endfacet
  facet normal -0.3971478906347822 0.9177546256839804 0
    outer loop
      vertex 11.964047962252046 -30.217735791368167 62.9
      vertex 11.964047962252046 -30.217735791368167 65
      vertex 13.837826975864854 -29.406879205145636 62.9
    endloop
  endfacet
  facet normal -0.33873792024529037 0.9408807689542258 0
    outer loop
      vertex 11.964047962252046 -30.217735791368167 62.9
      vertex 10.04305231718579 -30.90933677959249 65
      vertex 11.964047962252046 -30.217735791368167 65
    endloop
  endfacet
  facet normal 0 0 1
    outer loop
      vertex 11.964047962252046 -30.217735791368167 62.9
      vertex 13.837826975864854 -29.406879205145636 62.9
      vertex 13.760412559216658 -29.242365195606357 62.9
    endloop
  endfacet
  facet normal 0 0 1
    outer loop
      vertex 13.760412559216658 -29.242365195606357 62.9
      vertex 13.837826975864854 -29.406879205145636 62.9
      vertex 15.569402831196346 -28.32063861414486 62.9
    endloop
  endfacet
  facet normal -0.3971478906347822 0.9177546256839804 0
    outer loop
      vertex 13.837826975864854 -29.406879205145636 62.9
      vertex 11.964047962252046 -30.217735791368167 65
      vertex 13.837826975864854 -29.406879205145636 65
    endloop
  endfacet
  facet normal 0 0 1
    outer loop
      vertex 13.837826975864854 -29.406879205145636 62.9
      vertex 15.65699440830575 -28.47996710142556 62.9
      vertex 15.569402831196346 -28.32063861414486 62.9
    endloop
  endfacet
  facet normal 0 0 1
    outer loop
      vertex 15.569402831196346 -28.32063861414486 62.9
      vertex 15.65699440830575 -28.47996710142556 62.9
      vertex 17.31694778318483 -27.287143410542402 62.9
    endloop
  endfacet
  facet normal 0 0 1
    outer loop
      vertex 15.65699440830575 -28.47996710142556 62.9
      vertex 17.414370836817376 -27.440657578815497 62.9
      vertex 17.31694778318483 -27.287143410542402 62.9
    endloop
  endfacet
  facet normal -0.4539904997395471 0.8910065241883678 0
    outer loop
      vertex 13.837826975864854 -29.406879205145636 62.9
      vertex 13.837826975864854 -29.406879205145636 65
      vertex 15.65699440830575 -28.47996710142556 62.9
    endloop
  endfacet
  facet normal -0.4539904997395471 0.8910065241883678 0
    outer loop
      vertex 15.65699440830575 -28.47996710142556 62.9
      vertex 13.837826975864854 -29.406879205145636 65
      vertex 15.65699440830575 -28.47996710142556 65
    endloop
  endfacet
  facet normal -0.5090414157503707 0.860742027003944 0
    outer loop
      vertex 15.65699440830575 -28.47996710142556 62.9
      vertex 15.65699440830575 -28.47996710142556 65
      vertex 17.414370836817376 -27.440657578815497 62.9
    endloop
  endfacet
  facet normal -0.5090414157503707 0.860742027003944 0
    outer loop
      vertex 17.414370836817376 -27.440657578815497 62.9
      vertex 15.65699440830575 -28.47996710142556 65
      vertex 17.414370836817376 -27.440657578815497 65
    endloop
  endfacet
  facet normal 0 0 1
    outer loop
      vertex 17.414370836817376 -27.440657578815497 62.9
      vertex 18.996150653634015 -26.14595831820853 62.9
      vertex 17.31694778318483 -27.287143410542402 62.9
    endloop
  endfacet
  facet normal -0.5620833778521293 0.8270805742745628 0
    outer loop
      vertex 17.414370836817376 -27.440657578815497 62.9
      vertex 17.414370836817376 -27.440657578815497 65
      vertex 19.103020699505375 -26.293052317185793 62.9
    endloop
  endfacet
  facet normal 0 0 1
    outer loop
      vertex 17.414370836817376 -27.440657578815497 62.9
      vertex 19.103020699505375 -26.293052317185793 62.9
      vertex 18.996150653634015 -26.14595831820853 62.9
    endloop
  endfacet
  facet normal 0 0 1
    outer loop
      vertex 18.996150653634015 -26.14595831820853 62.9
      vertex 19.103020699505375 -26.293052317185793 62.9
      vertex 20.600384395969026 -24.901587073344817 62.9
    endloop
  endfacet
  facet normal 0 0 1
    outer loop
      vertex 19.103020699505375 -26.293052317185793 62.9
      vertex 20.716279666832424 -25.041680390213145 62.9
      vertex 20.600384395969026 -24.901587073344817 62.9
    endloop
  endfacet
  facet normal -0.5620833778521293 0.8270805742745628 0
    outer loop
      vertex 19.103020699505375 -26.293052317185793 62.9
      vertex 17.414370836817376 -27.440657578815497 65
      vertex 19.103020699505375 -26.293052317185793 65
    endloop
  endfacet
  facet normal -0.6129070536529764 0.7901550123756905 0
    outer loop
      vertex 19.103020699505375 -26.293052317185793 62.9
      vertex 19.103020699505375 -26.293052317185793 65
      vertex 20.716279666832424 -25.041680390213145 62.9
    endloop
  endfacet
  facet normal -0.6129070536529764 0.7901550123756905 0
    outer loop
      vertex 20.716279666832424 -25.041680390213145 62.9
      vertex 19.103020699505375 -26.293052317185793 65
      vertex 20.716279666832424 -25.041680390213145 65
    endloop
  endfacet
  facet normal 0 0 1
    outer loop
      vertex 20.716279666832424 -25.041680390213145 62.9
      vertex 22.12331783251352 -23.55894064075562 62.9
      vertex 20.600384395969026 -24.901587073344817 62.9
    endloop
  endfacet
  facet normal -0.6613118653236533 0.7501110696304584 0
    outer loop
      vertex 20.716279666832424 -25.041680390213145 62.9
      vertex 20.716279666832424 -25.041680390213145 65
      vertex 22.247780942682375 -23.691480391195878 62.9
    endloop
  endfacet
  facet normal 0 0 1
    outer loop
      vertex 20.716279666832424 -25.041680390213145 62.9
      vertex 22.247780942682375 -23.691480391195878 62.9
      vertex 22.12331783251352 -23.55894064075562 62.9
    endloop
  endfacet
  facet normal 0 0 1
    outer loop
      vertex 22.12331783251352 -23.55894064075562 62.9
      vertex 22.247780942682375 -23.691480391195878 62.9
      vertex 23.55894064075562 -22.12331783251352 62.9
    endloop
  endfacet
  facet normal 0 0 1
    outer loop
      vertex 22.247780942682375 -23.691480391195878 62.9
      vertex 23.691480391195878 -22.247780942682375 62.9
      vertex 23.55894064075562 -22.12331783251352 62.9
    endloop
  endfacet
  facet normal -0.6613118653236533 0.7501110696304584 0
    outer loop
      vertex 22.247780942682375 -23.691480391195878 62.9
      vertex 20.716279666832424 -25.041680390213145 65
      vertex 22.247780942682375 -23.691480391195878 65
    endloop
  endfacet
  facet normal -0.7071067811865476 0.7071067811865476 0
    outer loop
      vertex 22.247780942682375 -23.691480391195878 62.9
      vertex 22.247780942682375 -23.691480391195878 65
      vertex 23.691480391195878 -22.247780942682375 62.9
    endloop
  endfacet
  facet normal -0.7071067811865476 0.7071067811865476 0
    outer loop
      vertex 23.691480391195878 -22.247780942682375 62.9
      vertex 22.247780942682375 -23.691480391195878 65
      vertex 23.691480391195878 -22.247780942682375 65
    endloop
  endfacet
  facet normal 0 0 1
    outer loop
      vertex 23.55894064075562 -22.12331783251352 62.9
      vertex 23.691480391195878 -22.247780942682375 62.9
      vertex 24.901587073344817 -20.600384395969023 62.9
    endloop
  endfacet
  facet normal 0 0 1
    outer loop
      vertex 23.691480391195878 -22.247780942682375 62.9
      vertex 25.041680390213145 -20.716279666832424 62.9
      vertex 24.901587073344817 -20.600384395969023 62.9
    endloop
  endfacet
  facet normal -0.7501110696304584 0.6613118653236533 0
    outer loop
      vertex 23.691480391195878 -22.247780942682375 62.9
      vertex 23.691480391195878 -22.247780942682375 65
      vertex 25.041680390213145 -20.716279666832424 62.9
    endloop
  endfacet
  facet normal -0.7501110696304584 0.6613118653236533 0
    outer loop
      vertex 25.041680390213145 -20.716279666832424 62.9
      vertex 23.691480391195878 -22.247780942682375 65
      vertex 25.041680390213145 -20.716279666832424 65
    endloop
  endfacet
  facet normal 0 0 1
    outer loop
      vertex 24.901587073344817 -20.600384395969023 62.9
      vertex 25.041680390213145 -20.716279666832424 62.9
      vertex 26.14595831820853 -18.996150653634015 62.9
    endloop
  endfacet
  facet normal -0.7901550123756905 0.6129070536529764 0
    outer loop
      vertex 25.041680390213145 -20.716279666832424 62.9
      vertex 25.041680390213145 -20.716279666832424 65
      vertex 26.293052317185793 -19.103020699505375 62.9
    endloop
  endfacet
  facet normal 0 0 1
    outer loop
      vertex 25.041680390213145 -20.716279666832424 62.9
      vertex 26.293052317185793 -19.103020699505375 62.9
      vertex 26.14595831820853 -18.996150653634015 62.9
    endloop
  endfacet
  facet normal 0 0 1
    outer loop
      vertex 26.14595831820853 -18.996150653634015 62.9
      vertex 26.293052317185793 -19.103020699505375 62.9
      vertex 27.287143410542402 -17.31694778318483 62.9
    endloop
  endfacet
  facet normal 0 0 1
    outer loop
      vertex 26.293052317185793 -19.103020699505375 62.9
      vertex 27.440657578815497 -17.414370836817376 62.9
      vertex 27.287143410542402 -17.31694778318483 62.9
    endloop
  endfacet
  facet normal -0.7901550123756905 0.6129070536529764 0
    outer loop
      vertex 26.293052317185793 -19.103020699505375 62.9
      vertex 25.041680390213145 -20.716279666832424 65
      vertex 26.293052317185793 -19.103020699505375 65
    endloop
  endfacet
  facet normal -0.8270805742745628 0.5620833778521293 0
    outer loop
      vertex 26.293052317185793 -19.103020699505375 62.9
      vertex 26.293052317185793 -19.103020699505375 65
      vertex 27.440657578815497 -17.414370836817376 62.9
    endloop
  endfacet
  facet normal -0.8270805742745628 0.5620833778521293 0
    outer loop
      vertex 27.440657578815497 -17.414370836817376 62.9
      vertex 26.293052317185793 -19.103020699505375 65
      vertex 27.440657578815497 -17.414370836817376 65
    endloop
  endfacet
  facet normal 0 0 1
    outer loop
      vertex 27.287143410542402 -17.31694778318483 62.9
      vertex 27.440657578815497 -17.414370836817376 62.9
      vertex 28.32063861414486 -15.569402831196346 62.9
    endloop
  endfacet
  facet normal 0 0 1
    outer loop
      vertex 27.440657578815497 -17.414370836817376 62.9
      vertex 28.47996710142556 -15.65699440830575 62.9
      vertex 28.32063861414486 -15.569402831196346 62.9
    endloop
  endfacet
  facet normal 0 0 1
    outer loop
      vertex 28.32063861414486 -15.569402831196346 62.9
      vertex 28.47996710142556 -15.65699440830575 62.9
      vertex 29.242365195606357 -13.760412559216658 62.9
    endloop
  endfacet
  facet normal -0.860742027003944 0.5090414157503707 0
    outer loop
      vertex 27.440657578815497 -17.414370836817376 62.9
      vertex 27.440657578815497 -17.414370836817376 65
      vertex 28.47996710142556 -15.65699440830575 62.9
    endloop
  endfacet
  facet normal -0.860742027003944 0.5090414157503707 0
    outer loop
      vertex 28.47996710142556 -15.65699440830575 62.9
      vertex 27.440657578815497 -17.414370836817376 65
      vertex 28.47996710142556 -15.65699440830575 65
    endloop
  endfacet
  facet normal -0.8910065241883678 0.4539904997395471 0
    outer loop
      vertex 28.47996710142556 -15.65699440830575 62.9
      vertex 28.47996710142556 -15.65699440830575 65
      vertex 29.406879205145636 -13.837826975864854 62.9
    endloop
  endfacet
  facet normal 0 0 1
    outer loop
      vertex 28.47996710142556 -15.65699440830575 62.9
      vertex 29.406879205145636 -13.837826975864854 62.9
      vertex 29.242365195606357 -13.760412559216658 62.9
    endloop
  endfacet
  facet normal 0 0 1
    outer loop
      vertex 29.242365195606357 -13.760412559216658 62.9
      vertex 29.406879205145636 -13.837826975864854 62.9
      vertex 30.048685521206664 -11.897116225400286 62.9
    endloop
  endfacet
  facet normal 0 0 1
    outer loop
      vertex 29.406879205145636 -13.837826975864854 62.9
      vertex 30.217735791368167 -11.964047962252046 62.9
      vertex 30.048685521206664 -11.897116225400286 62.9
    endloop
  endfacet
  facet normal -0.8910065241883678 0.4539904997395471 0
    outer loop
      vertex 29.406879205145636 -13.837826975864854 62.9
      vertex 28.47996710142556 -15.65699440830575 65
      vertex 29.406879205145636 -13.837826975864854 65
    endloop
  endfacet
  facet normal -0.9177546256839804 0.3971478906347822 0
    outer loop
      vertex 29.406879205145636 -13.837826975864854 62.9
      vertex 29.406879205145636 -13.837826975864854 65
      vertex 30.217735791368167 -11.964047962252046 62.9
    endloop
  endfacet
  facet normal -0.9177546256839805 0.39714789063478223 0
    outer loop
      vertex 30.217735791368167 -11.964047962252046 62.9
      vertex 29.406879205145636 -13.837826975864854 65
      vertex 29.5 -13.622637515615263 65
    endloop
  endfacet
  facet normal -0.9177546256839805 0.3971478906347822 0
    outer loop
      vertex 30.217735791368167 -11.964047962252046 65.1
      vertex 29.5 -13.622637515615263 65
      vertex 29.5 -13.622637515615263 65.1
    endloop
  endfacet
  facet normal -0.9177546256839805 0.39714789063478223 0
    outer loop
      vertex 30.217735791368167 -11.964047962252046 62.9
      vertex 29.5 -13.622637515615263 65
      vertex 30.217735791368167 -11.964047962252046 65.1
    endloop
  endfacet
  facet normal 0 0 1
    outer loop
      vertex 30.048685521206664 -11.897116225400286 62.9
      vertex 30.217735791368167 -11.964047962252046 62.9
      vertex 30.73641741299337 -9.986867409117616 62.9
    endloop
  endfacet
  facet normal 0 0 1
    outer loop
      vertex 30.217735791368167 -11.964047962252046 62.9
      vertex 30.90933677959249 -10.04305231718579 62.9
      vertex 30.73641741299337 -9.986867409117616 62.9
    endloop
  endfacet
  facet normal 0 0 -1
    outer loop
      vertex 30.217735791368167 -11.964047962252046 65.1
      vertex 29.5 -13.622637515615263 65.1
      vertex 30.90933677959249 -10.04305231718579 65.1
    endloop
  endfacet
  facet normal -0.9408807689542258 0.3387379202452903 0
    outer loop
      vertex 30.217735791368167 -11.964047962252046 62.9
      vertex 30.217735791368167 -11.964047962252046 65.1
      vertex 30.90933677959249 -10.04305231718579 65.1
    endloop
  endfacet
  facet normal -0.9408807689542258 0.3387379202452903 0
    outer loop
      vertex 30.217735791368167 -11.964047962252046 62.9
      vertex 30.90933677959249 -10.04305231718579 65.1
      vertex 30.90933677959249 -10.04305231718579 62.9
    endloop
  endfacet
  facet normal 0 0 -1
    outer loop
      vertex 30.90933677959249 -10.04305231718579 65.1
      vertex 29.5 -13.622637515615263 65.1
      vertex 31.478952736680515 -8.08242133285777 65.1
    endloop
  endfacet
  facet normal 0 0 1
    outer loop
      vertex 30.73641741299337 -9.986867409117616 62.9
      vertex 30.90933677959249 -10.04305231718579 62.9
      vertex 31.302846707384397 -8.037204989736887 62.9
    endloop
  endfacet
  facet normal 0 0 1
    outer loop
      vertex 30.90933677959249 -10.04305231718579 62.9
      vertex 31.478952736680515 -8.08242133285777 62.9
      vertex 31.302846707384397 -8.037204989736887 62.9
    endloop
  endfacet
  facet normal -0.9602936856769427 0.27899110603923033 0
    outer loop
      vertex 30.90933677959249 -10.04305231718579 62.9
      vertex 30.90933677959249 -10.04305231718579 65.1
      vertex 31.478952736680515 -8.08242133285777 62.9
    endloop
  endfacet
  facet normal -0.9602936856769427 0.27899110603923033 0
    outer loop
      vertex 30.90933677959249 -10.04305231718579 65.1
      vertex 31.478952736680515 -8.08242133285777 65.1
      vertex 31.478952736680515 -8.08242133285777 62.9
    endloop
  endfacet
  facet normal 0 0 -1
    outer loop
      vertex 31.478952736680515 -8.08242133285777 65.1
      vertex 29.5 -13.622637515615263 65.1
      vertex 31.900000000000002 -2.2 65.1
    endloop
  endfacet
  facet normal -0.9759167619387477 0.21814324139654145 0
    outer loop
      vertex 31.478952736680515 -8.08242133285777 62.9
      vertex 31.478952736680515 -8.08242133285777 65.1
      vertex 31.900000000000002 -6.198764157823057 65.1
    endloop
  endfacet
  facet normal 0 0 1
    outer loop
      vertex 31.302846707384397 -8.037204989736887 62.9
      vertex 31.478952736680515 -8.08242133285777 62.9
      vertex 31.745737966731706 -6.055823394111378 62.9
    endloop
  endfacet
  facet normal 0 0 1
    outer loop
      vertex 31.478952736680515 -8.08242133285777 62.9
      vertex 31.900000000000002 -6.198764157823057 62.9
      vertex 31.745737966731706 -6.055823394111378 62.9
    endloop
  endfacet
  facet normal 0 0 1
    outer loop
      vertex 31.745737966731706 -6.055823394111378 62.9
      vertex 31.900000000000002 -6.198764157823057 62.9
      vertex 31.900000000000002 -5.081851247906829 62.9
    endloop
  endfacet
  facet normal 0 0 -1
    outer loop
      vertex 31.900000000000002 -2.2 65.1
      vertex 29.5 -13.622637515615263 65.1
      vertex 29.5 -2.2 65.1
    endloop
  endfacet
  facet normal -0.9759167619387477 0.21814324139654145 0
    outer loop
      vertex 31.478952736680515 -8.08242133285777 62.9
      vertex 31.900000000000002 -6.198764157823057 65.1
      vertex 31.900000000000002 -6.198764157823057 62.9
    endloop
  endfacet
  facet normal 0 0 -1
    outer loop
      vertex 31.478952736680515 -8.08242133285777 65.1
      vertex 31.900000000000002 -2.2 65.1
      vertex 31.900000000000002 -6.198764157823057 65.1
    endloop
  endfacet
  facet normal 0 0 1
    outer loop
      vertex -11.89711622540027 30.04868552120667 62.9
      vertex -9.986867409117616 30.73641741299337 62.9
      vertex -10.04305231718579 30.90933677959249 62.9
    endloop
  endfacet
  facet normal 0 0 1
    outer loop
      vertex -9.986867409117616 30.73641741299337 62.9
      vertex -8.082421332857782 31.47895273668051 62.9
      vertex -10.04305231718579 30.90933677959249 62.9
    endloop
  endfacet
  facet normal 0 0 1
    outer loop
      vertex -9.986867409117616 30.73641741299337 62.9
      vertex -8.0372049897369 31.302846707384393 62.9
      vertex -8.082421332857782 31.47895273668051 62.9
    endloop
  endfacet
  facet normal 0 0 1
    outer loop
      vertex -8.0372049897369 31.302846707384393 62.9
      vertex -6.089892724036049 31.924335648682383 62.9
      vertex -8.082421332857782 31.47895273668051 62.9
    endloop
  endfacet
  facet normal 0.27899110603923033 -0.9602936856769426 0
    outer loop
      vertex -10.04305231718579 30.90933677959249 62.9
      vertex -8.082421332857782 31.47895273668051 65
      vertex -10.04305231718579 30.90933677959249 65
    endloop
  endfacet
  facet normal 0.27899110603923033 -0.9602936856769426 0
    outer loop
      vertex -10.04305231718579 30.90933677959249 62.9
      vertex -8.082421332857782 31.47895273668051 62.9
      vertex -8.082421332857782 31.47895273668051 65
    endloop
  endfacet
  facet normal 0.21814324139654268 -0.9759167619387473 0
    outer loop
      vertex -8.082421332857782 31.47895273668051 62.9
      vertex -6.089892724036049 31.924335648682383 65
      vertex -8.082421332857782 31.47895273668051 65
    endloop
  endfacet
  facet normal 0 0 1
    outer loop
      vertex -8.0372049897369 31.302846707384393 62.9
      vertex -6.055823394111371 31.74573796673171 62.9
      vertex -6.089892724036049 31.924335648682383 62.9
    endloop
  endfacet
  facet normal 0 0 1
    outer loop
      vertex -6.055823394111371 31.74573796673171 62.9
      vertex -4.07333009083989 32.243727792720534 62.9
      vertex -6.089892724036049 31.924335648682383 62.9
    endloop
  endfacet
  facet normal 0 0 1
    outer loop
      vertex -6.055823394111371 31.74573796673171 62.9
      vertex -4.050542230191834 32.063343301572445 62.9
      vertex -4.07333009083989 32.243727792720534 62.9
    endloop
  endfacet
  facet normal 0.21814324139654268 -0.9759167619387473 0
    outer loop
      vertex -8.082421332857782 31.47895273668051 62.9
      vertex -6.089892724036049 31.924335648682383 62.9
      vertex -6.089892724036049 31.924335648682383 65
    endloop
  endfacet
  facet normal 0.1564344650402328 -0.9876883405951373 0
    outer loop
      vertex -6.089892724036049 31.924335648682383 62.9
      vertex -4.07333009083989 32.243727792720534 65
      vertex -6.089892724036049 31.924335648682383 65
    endloop
  endfacet
  facet normal 0.1564344650402328 -0.9876883405951373 0
    outer loop
      vertex -6.089892724036049 31.924335648682383 62.9
      vertex -4.07333009083989 32.243727792720534 62.9
      vertex -4.07333009083989 32.243727792720534 65
    endloop
  endfacet
  facet normal 0 0 1
    outer loop
      vertex -4.050542230191834 32.063343301572445 62.9
      vertex -2.0406918847026816 32.435868673918826 62.9
      vertex -4.07333009083989 32.243727792720534 62.9
    endloop
  endfacet
  facet normal 0 0 1
    outer loop
      vertex -4.050542230191834 32.063343301572445 62.9
      vertex -2.029275426606443 32.254409268750045 62.9
      vertex -2.0406918847026816 32.435868673918826 62.9
    endloop
  endfacet
  facet normal 0 0 1
    outer loop
      vertex -2.029275426606443 32.254409268750045 62.9
      vertex 0 32.5 62.9
      vertex -2.0406918847026816 32.435868673918826 62.9
    endloop
  endfacet
  facet normal 0 0 1
    outer loop
      vertex -2.029275426606443 32.254409268750045 62.9
      vertex 0 32.31818181818181 62.9
      vertex 0 32.5 62.9
    endloop
  endfacet
  facet normal 0.09410831331851176 -0.9955619646030802 0
    outer loop
      vertex -4.07333009083989 32.243727792720534 62.9
      vertex -2.0406918847026816 32.435868673918826 62.9
      vertex -2.0406918847026816 32.435868673918826 65
    endloop
  endfacet
  facet normal 0.09410831331851176 -0.9955619646030802 0
    outer loop
      vertex -4.07333009083989 32.243727792720534 62.9
      vertex -2.0406918847026816 32.435868673918826 65
      vertex -4.07333009083989 32.243727792720534 65
    endloop
  endfacet
  facet normal 0.031410759078128334 -0.9995065603657315 0
    outer loop
      vertex -2.0406918847026816 32.435868673918826 62.9
      vertex 0 32.5 62.9
      vertex 0 32.5 65
    endloop
  endfacet
  facet normal 0.031410759078128334 -0.9995065603657315 0
    outer loop
      vertex -2.0406918847026816 32.435868673918826 62.9
      vertex 0 32.5 65
      vertex -2.0406918847026816 32.435868673918826 65
    endloop
  endfacet
  facet normal 0 0 1
    outer loop
      vertex 0 32.31818181818181 62.9
      vertex 2.0406918847026816 32.435868673918826 62.9
      vertex 0 32.5 62.9
    endloop
  endfacet
  facet normal 0 0 1
    outer loop
      vertex 0 32.31818181818181 62.9
      vertex 2.029275426606443 32.254409268750045 62.9
      vertex 2.0406918847026816 32.435868673918826 62.9
    endloop
  endfacet
  facet normal 0 0 1
    outer loop
      vertex 2.029275426606443 32.254409268750045 62.9
      vertex 4.07333009083989 32.243727792720534 62.9
      vertex 2.0406918847026816 32.435868673918826 62.9
    endloop
  endfacet
  facet normal 0 0 1
    outer loop
      vertex 2.029275426606443 32.254409268750045 62.9
      vertex 4.050542230191834 32.063343301572445 62.9
      vertex 4.07333009083989 32.243727792720534 62.9
    endloop
  endfacet
  facet normal -0.031410759078128334 -0.9995065603657315 0
    outer loop
      vertex 0 32.5 62.9
      vertex 2.0406918847026816 32.435868673918826 62.9
      vertex 2.0406918847026816 32.435868673918826 65
    endloop
  endfacet
  facet normal -0.031410759078128334 -0.9995065603657315 0
    outer loop
      vertex 0 32.5 62.9
      vertex 2.0406918847026816 32.435868673918826 65
      vertex 0 32.5 65
    endloop
  endfacet
  facet normal -0.09410831331851176 -0.9955619646030802 0
    outer loop
      vertex 2.0406918847026816 32.435868673918826 62.9
      vertex 4.07333009083989 32.243727792720534 62.9
      vertex 4.07333009083989 32.243727792720534 65
    endloop
  endfacet
  facet normal -0.09410831331851176 -0.9955619646030802 0
    outer loop
      vertex 2.0406918847026816 32.435868673918826 62.9
      vertex 4.07333009083989 32.243727792720534 65
      vertex 2.0406918847026816 32.435868673918826 65
    endloop
  endfacet
  facet normal 0 0 1
    outer loop
      vertex 11.89711622540027 30.04868552120667 62.9
      vertex 13.760412559216666 29.242365195606354 62.9
      vertex 13.837826975864862 29.406879205145632 62.9
    endloop
  endfacet
  facet normal 0 0 1
    outer loop
      vertex 13.760412559216666 29.242365195606354 62.9
      vertex 15.656994408305744 28.479967101425565 62.9
      vertex 13.837826975864862 29.406879205145632 62.9
    endloop
  endfacet
  facet normal -0.39714789063478206 -0.9177546256839804 0
    outer loop
      vertex 11.96404796225203 30.217735791368174 62.9
      vertex 13.837826975864862 29.406879205145632 62.9
      vertex 13.837826975864862 29.406879205145632 65
    endloop
  endfacet
  facet normal 0 0 1
    outer loop
      vertex 17.316947783184844 27.287143410542395 62.9
      vertex 19.103020699505375 26.293052317185793 62.9
      vertex 17.41437083681739 27.44065757881549 62.9
    endloop
  endfacet
  facet normal -0.5620833778521301 -0.8270805742745622 0
    outer loop
      vertex 17.41437083681739 27.44065757881549 62.9
      vertex 19.103020699505375 26.293052317185793 65
      vertex 17.41437083681739 27.44065757881549 65
    endloop
  endfacet
  facet normal 0 0 1
    outer loop
      vertex 15.56940283119634 28.320638614144862 62.9
      vertex 17.41437083681739 27.44065757881549 62.9
      vertex 15.656994408305744 28.479967101425565 62.9
    endloop
  endfacet
  facet normal 0 0 1
    outer loop
      vertex 13.760412559216666 29.242365195606354 62.9
      vertex 15.56940283119634 28.320638614144862 62.9
      vertex 15.656994408305744 28.479967101425565 62.9
    endloop
  endfacet
  facet normal 0 0 1
    outer loop
      vertex 15.56940283119634 28.320638614144862 62.9
      vertex 17.316947783184844 27.287143410542395 62.9
      vertex 17.41437083681739 27.44065757881549 62.9
    endloop
  endfacet
  facet normal -0.4539904997395471 -0.8910065241883677 0
    outer loop
      vertex 13.837826975864862 29.406879205145632 62.9
      vertex 15.656994408305744 28.479967101425565 62.9
      vertex 15.656994408305744 28.479967101425565 65
    endloop
  endfacet
  facet normal -0.4539904997395471 -0.8910065241883677 0
    outer loop
      vertex 13.837826975864862 29.406879205145632 62.9
      vertex 15.656994408305744 28.479967101425565 65
      vertex 13.837826975864862 29.406879205145632 65
    endloop
  endfacet
  facet normal -0.5090414157503704 -0.8607420270039443 0
    outer loop
      vertex 15.656994408305744 28.479967101425565 62.9
      vertex 17.41437083681739 27.44065757881549 62.9
      vertex 17.41437083681739 27.44065757881549 65
    endloop
  endfacet
  facet normal -0.5090414157503704 -0.8607420270039443 0
    outer loop
      vertex 15.656994408305744 28.479967101425565 62.9
      vertex 17.41437083681739 27.44065757881549 65
      vertex 15.656994408305744 28.479967101425565 65
    endloop
  endfacet
  facet normal 0 0 1
    outer loop
      vertex 4.050542230191834 32.063343301572445 62.9
      vertex 6.089892724036049 31.924335648682383 62.9
      vertex 4.07333009083989 32.243727792720534 62.9
    endloop
  endfacet
  facet normal 0 0 1
    outer loop
      vertex 4.050542230191834 32.063343301572445 62.9
      vertex 6.055823394111371 31.74573796673171 62.9
      vertex 6.089892724036049 31.924335648682383 62.9
    endloop
  endfacet
  facet normal 0 0 1
    outer loop
      vertex 6.055823394111371 31.74573796673171 62.9
      vertex 8.082421332857782 31.47895273668051 62.9
      vertex 6.089892724036049 31.924335648682383 62.9
    endloop
  endfacet
  facet normal -0.1564344650402328 -0.9876883405951373 0
    outer loop
      vertex 4.07333009083989 32.243727792720534 62.9
      vertex 6.089892724036049 31.924335648682383 62.9
      vertex 6.089892724036049 31.924335648682383 65
    endloop
  endfacet
  facet normal -0.1564344650402328 -0.9876883405951373 0
    outer loop
      vertex 4.07333009083989 32.243727792720534 62.9
      vertex 6.089892724036049 31.924335648682383 65
      vertex 4.07333009083989 32.243727792720534 65
    endloop
  endfacet
  facet normal -0.21814324139654268 -0.9759167619387473 0
    outer loop
      vertex 6.089892724036049 31.924335648682383 62.9
      vertex 8.082421332857782 31.47895273668051 65
      vertex 6.089892724036049 31.924335648682383 65
    endloop
  endfacet
  facet normal 0 0 1
    outer loop
      vertex 6.055823394111371 31.74573796673171 62.9
      vertex 8.0372049897369 31.302846707384393 62.9
      vertex 8.082421332857782 31.47895273668051 62.9
    endloop
  endfacet
  facet normal 0 0 1
    outer loop
      vertex 8.0372049897369 31.302846707384393 62.9
      vertex 10.04305231718579 30.90933677959249 62.9
      vertex 8.082421332857782 31.47895273668051 62.9
    endloop
  endfacet
  facet normal 0 0 1
    outer loop
      vertex 9.986867409117616 30.73641741299337 62.9
      vertex 11.96404796225203 30.217735791368174 62.9
      vertex 10.04305231718579 30.90933677959249 62.9
    endloop
  endfacet
  facet normal 0 0 1
    outer loop
      vertex 8.0372049897369 31.302846707384393 62.9
      vertex 9.986867409117616 30.73641741299337 62.9
      vertex 10.04305231718579 30.90933677959249 62.9
    endloop
  endfacet
  facet normal -0.21814324139654268 -0.9759167619387473 0
    outer loop
      vertex 6.089892724036049 31.924335648682383 62.9
      vertex 8.082421332857782 31.47895273668051 62.9
      vertex 8.082421332857782 31.47895273668051 65
    endloop
  endfacet
  facet normal -0.27899110603923033 -0.9602936856769426 0
    outer loop
      vertex 8.082421332857782 31.47895273668051 62.9
      vertex 10.04305231718579 30.90933677959249 65
      vertex 8.082421332857782 31.47895273668051 65
    endloop
  endfacet
  facet normal -0.33873792024528976 -0.9408807689542261 0
    outer loop
      vertex 10.04305231718579 30.90933677959249 62.9
      vertex 11.96404796225203 30.217735791368174 65
      vertex 10.04305231718579 30.90933677959249 65
    endloop
  endfacet
  facet normal -0.27899110603923033 -0.9602936856769426 0
    outer loop
      vertex 8.082421332857782 31.47895273668051 62.9
      vertex 10.04305231718579 30.90933677959249 62.9
      vertex 10.04305231718579 30.90933677959249 65
    endloop
  endfacet
  facet normal 0 0 1
    outer loop
      vertex 9.986867409117616 30.73641741299337 62.9
      vertex 11.89711622540027 30.04868552120667 62.9
      vertex 11.96404796225203 30.217735791368174 62.9
    endloop
  endfacet
  facet normal 0 0 1
    outer loop
      vertex 11.89711622540027 30.04868552120667 62.9
      vertex 13.837826975864862 29.406879205145632 62.9
      vertex 11.96404796225203 30.217735791368174 62.9
    endloop
  endfacet
  facet normal -0.33873792024528976 -0.9408807689542261 0
    outer loop
      vertex 10.04305231718579 30.90933677959249 62.9
      vertex 11.96404796225203 30.217735791368174 62.9
      vertex 11.96404796225203 30.217735791368174 65
    endloop
  endfacet
  facet normal -0.39714789063478206 -0.9177546256839804 0
    outer loop
      vertex 11.96404796225203 30.217735791368174 62.9
      vertex 13.837826975864862 29.406879205145632 65
      vertex 11.96404796225203 30.217735791368174 65
    endloop
  endfacet
  facet normal 0 0 -1
    outer loop
      vertex 31.900000000000002 2.2 65.1
      vertex 29.5 2.2 65.1
      vertex 31.900000000000002 6.1987641578230654 65.1
    endloop
  endfacet
  facet normal 0 0 1
    outer loop
      vertex 31.900000000000002 5.081851247906842 62.9
      vertex 31.900000000000002 6.1987641578230654 62.9
      vertex 31.74573796673171 6.055823394111373 62.9
    endloop
  endfacet
  facet normal 0 0 1
    outer loop
      vertex 31.74573796673171 6.055823394111373 62.9
      vertex 31.900000000000002 6.1987641578230654 62.9
      vertex 31.302846707384393 8.037204989736898 62.9
    endloop
  endfacet
  facet normal 0 0 -1
    outer loop
      vertex 31.900000000000002 6.1987641578230654 65.1
      vertex 29.5 2.2 65.1
      vertex 30.21773579136817 11.964047962252033 65.1
    endloop
  endfacet
  facet normal -0.9759167619387474 -0.21814324139654304 0
    outer loop
      vertex 31.900000000000002 6.1987641578230654 62.9
      vertex 31.900000000000002 6.1987641578230654 65.1
      vertex 31.47895273668051 8.08242133285778 65.1
    endloop
  endfacet
  facet normal 0 0 1
    outer loop
      vertex 31.900000000000002 6.1987641578230654 62.9
      vertex 31.47895273668051 8.08242133285778 62.9
      vertex 31.302846707384393 8.037204989736898 62.9
    endloop
  endfacet
  facet normal 0 0 1
    outer loop
      vertex 31.302846707384393 8.037204989736898 62.9
      vertex 31.47895273668051 8.08242133285778 62.9
      vertex 30.73641741299337 9.986867409117616 62.9
    endloop
  endfacet
  facet normal 0 0 1
    outer loop
      vertex 31.47895273668051 8.08242133285778 62.9
      vertex 30.90933677959249 10.04305231718579 62.9
      vertex 30.73641741299337 9.986867409117616 62.9
    endloop
  endfacet
  facet normal 0 0 -1
    outer loop
      vertex 30.21773579136817 11.964047962252033 65.1
      vertex 29.5 2.2 65.1
      vertex 29.5 13.622637515615269 65.1
    endloop
  endfacet
  facet normal -0.9759167619387474 -0.21814324139654304 0
    outer loop
      vertex 31.900000000000002 6.1987641578230654 62.9
      vertex 31.47895273668051 8.08242133285778 65.1
      vertex 31.47895273668051 8.08242133285778 62.9
    endloop
  endfacet
  facet normal 0 0 -1
    outer loop
      vertex 31.900000000000002 6.1987641578230654 65.1
      vertex 30.90933677959249 10.04305231718579 65.1
      vertex 31.47895273668051 8.08242133285778 65.1
    endloop
  endfacet
  facet normal -0.9602936856769427 -0.27899110603923016 0
    outer loop
      vertex 31.47895273668051 8.08242133285778 62.9
      vertex 31.47895273668051 8.08242133285778 65.1
      vertex 30.90933677959249 10.04305231718579 62.9
    endloop
  endfacet
  facet normal -0.9602936856769427 -0.27899110603923016 0
    outer loop
      vertex 31.47895273668051 8.08242133285778 65.1
      vertex 30.90933677959249 10.04305231718579 65.1
      vertex 30.90933677959249 10.04305231718579 62.9
    endloop
  endfacet
  facet normal 0 0 -1
    outer loop
      vertex 31.900000000000002 6.1987641578230654 65.1
      vertex 30.21773579136817 11.964047962252033 65.1
      vertex 30.90933677959249 10.04305231718579 65.1
    endloop
  endfacet
  facet normal 0 0 1
    outer loop
      vertex 30.73641741299337 9.986867409117616 62.9
      vertex 30.90933677959249 10.04305231718579 62.9
      vertex 30.048685521206668 11.897116225400273 62.9
    endloop
  endfacet
  facet normal 0 0 1
    outer loop
      vertex 30.90933677959249 10.04305231718579 62.9
      vertex 30.21773579136817 11.964047962252033 62.9
      vertex 30.048685521206668 11.897116225400273 62.9
    endloop
  endfacet
  facet normal -0.9408807689542257 -0.33873792024529076 0
    outer loop
      vertex 30.90933677959249 10.04305231718579 65.1
      vertex 30.21773579136817 11.964047962252033 65.1
      vertex 30.21773579136817 11.964047962252033 62.9
    endloop
  endfacet
  facet normal -0.9408807689542257 -0.33873792024529076 0
    outer loop
      vertex 30.90933677959249 10.04305231718579 62.9
      vertex 30.90933677959249 10.04305231718579 65.1
      vertex 30.21773579136817 11.964047962252033 62.9
    endloop
  endfacet
  facet normal 0 0 1
    outer loop
      vertex 29.242365195606357 13.760412559216665 62.9
      vertex 30.21773579136817 11.964047962252033 62.9
      vertex 29.406879205145636 13.83782697586486 62.9
    endloop
  endfacet
  facet normal 0 0 1
    outer loop
      vertex 29.242365195606357 13.760412559216665 62.9
      vertex 30.048685521206668 11.897116225400273 62.9
      vertex 30.21773579136817 11.964047962252033 62.9
    endloop
  endfacet
  facet normal 0 0 1
    outer loop
      vertex 29.242365195606357 13.760412559216665 62.9
      vertex 29.406879205145636 13.83782697586486 62.9
      vertex 28.320638614144862 15.569402831196344 62.9
    endloop
  endfacet
  facet normal -0.9177546256839813 -0.3971478906347801 0
    outer loop
      vertex 29.406879205145636 13.83782697586486 62.9
      vertex 30.21773579136817 11.964047962252033 62.9
      vertex 30.21773579136817 11.964047962252033 65.1
    endloop
  endfacet
  facet normal -0.9177546256839814 -0.39714789063478034 -1.3245934140632293e-16
    outer loop
      vertex 29.406879205145636 13.83782697586486 62.9
      vertex 30.21773579136817 11.964047962252033 65.1
      vertex 29.5 13.622637515615269 65
    endloop
  endfacet
  facet normal -0.9177546256839813 -0.39714789063478023 0
    outer loop
      vertex 30.21773579136817 11.964047962252033 65.1
      vertex 29.5 13.622637515615269 65.1
      vertex 29.5 13.622637515615269 65
    endloop
  endfacet
  facet normal -0.8910065241883675 -0.4539904997395474 0
    outer loop
      vertex 29.406879205145636 13.83782697586486 62.9
      vertex 29.406879205145636 13.83782697586486 65
      vertex 28.479967101425565 15.656994408305748 62.9
    endloop
  endfacet
  facet normal -0.9177546256839818 -0.39714789063477923 0
    outer loop
      vertex 29.406879205145636 13.83782697586486 62.9
      vertex 29.5 13.622637515615269 65
      vertex 29.406879205145636 13.83782697586486 65
    endloop
  endfacet
  facet normal 0 0 1
    outer loop
      vertex 29.406879205145636 13.83782697586486 62.9
      vertex 28.479967101425565 15.656994408305748 62.9
      vertex 28.320638614144862 15.569402831196344 62.9
    endloop
  endfacet
  facet normal 0 0 1
    outer loop
      vertex 28.479967101425565 15.656994408305748 62.9
      vertex 27.44065757881549 17.41437083681739 62.9
      vertex 27.287143410542395 17.316947783184844 62.9
    endloop
  endfacet
  facet normal 0 0 1
    outer loop
      vertex 28.320638614144862 15.569402831196344 62.9
      vertex 28.479967101425565 15.656994408305748 62.9
      vertex 27.287143410542395 17.316947783184844 62.9
    endloop
  endfacet
  facet normal -0.8607420270039438 -0.5090414157503711 0
    outer loop
      vertex 28.479967101425565 15.656994408305748 62.9
      vertex 28.479967101425565 15.656994408305748 65
      vertex 27.44065757881549 17.41437083681739 62.9
    endloop
  endfacet
  facet normal -0.8607420270039438 -0.5090414157503711 0
    outer loop
      vertex 27.44065757881549 17.41437083681739 62.9
      vertex 28.479967101425565 15.656994408305748 65
      vertex 27.44065757881549 17.41437083681739 65
    endloop
  endfacet
  facet normal 0 0 1
    outer loop
      vertex 26.14595831820853 18.996150653634015 62.9
      vertex 27.287143410542395 17.316947783184844 62.9
      vertex 27.44065757881549 17.41437083681739 62.9
    endloop
  endfacet
  facet normal 0 0 1
    outer loop
      vertex 26.14595831820853 18.996150653634015 62.9
      vertex 27.44065757881549 17.41437083681739 62.9
      vertex 26.293052317185793 19.103020699505375 62.9
    endloop
  endfacet
  facet normal 0 0 1
    outer loop
      vertex 24.90158707334482 20.600384395969016 62.9
      vertex 26.14595831820853 18.996150653634015 62.9
      vertex 26.293052317185793 19.103020699505375 62.9
    endloop
  endfacet
  facet normal -0.8270805742745622 -0.5620833778521301 0
    outer loop
      vertex 26.293052317185793 19.103020699505375 62.9
      vertex 27.44065757881549 17.41437083681739 65
      vertex 26.293052317185793 19.103020699505375 65
    endloop
  endfacet
  facet normal -0.7901550123756901 -0.612907053652977 0
    outer loop
      vertex 25.04168039021315 20.716279666832417 62.9
      vertex 26.293052317185793 19.103020699505375 62.9
      vertex 26.293052317185793 19.103020699505375 65
    endloop
  endfacet
  facet normal -0.8270805742745622 -0.5620833778521301 0
    outer loop
      vertex 26.293052317185793 19.103020699505375 62.9
      vertex 27.44065757881549 17.41437083681739 62.9
      vertex 27.44065757881549 17.41437083681739 65
    endloop
  endfacet
  facet normal -0.8910065241883675 -0.4539904997395474 0
    outer loop
      vertex 28.479967101425565 15.656994408305748 62.9
      vertex 29.406879205145636 13.83782697586486 65
      vertex 28.479967101425565 15.656994408305748 65
    endloop
  endfacet
  facet normal 0 0 1
    outer loop
      vertex 20.600384395969016 24.90158707334482 62.9
      vertex 22.247780942682382 23.691480391195874 62.9
      vertex 20.716279666832417 25.04168039021315 62.9
    endloop
  endfacet
  facet normal -0.6613118653236517 -0.7501110696304598 0
    outer loop
      vertex 20.716279666832417 25.04168039021315 62.9
      vertex 22.247780942682382 23.691480391195874 65
      vertex 20.716279666832417 25.04168039021315 65
    endloop
  endfacet
  facet normal 0 0 1
    outer loop
      vertex 23.558940640755615 22.12331783251353 62.9
      vertex 25.04168039021315 20.716279666832417 62.9
      vertex 23.691480391195874 22.247780942682382 62.9
    endloop
  endfacet
  facet normal 0 0 1
    outer loop
      vertex 23.558940640755615 22.12331783251353 62.9
      vertex 24.90158707334482 20.600384395969016 62.9
      vertex 25.04168039021315 20.716279666832417 62.9
    endloop
  endfacet
  facet normal -0.7501110696304598 -0.6613118653236517 0
    outer loop
      vertex 23.691480391195874 22.247780942682382 62.9
      vertex 25.04168039021315 20.716279666832417 62.9
      vertex 25.04168039021315 20.716279666832417 65
    endloop
  endfacet
  facet normal -0.7501110696304598 -0.6613118653236517 0
    outer loop
      vertex 23.691480391195874 22.247780942682382 62.9
      vertex 25.04168039021315 20.716279666832417 65
      vertex 23.691480391195874 22.247780942682382 65
    endloop
  endfacet
  facet normal 0 0 1
    outer loop
      vertex 23.558940640755615 22.12331783251353 62.9
      vertex 23.691480391195874 22.247780942682382 62.9
      vertex 22.12331783251353 23.558940640755615 62.9
    endloop
  endfacet
  facet normal 0 0 1
    outer loop
      vertex 23.691480391195874 22.247780942682382 62.9
      vertex 22.247780942682382 23.691480391195874 62.9
      vertex 22.12331783251353 23.558940640755615 62.9
    endloop
  endfacet
  facet normal 0 0 1
    outer loop
      vertex 20.600384395969016 24.90158707334482 62.9
      vertex 22.12331783251353 23.558940640755615 62.9
      vertex 22.247780942682382 23.691480391195874 62.9
    endloop
  endfacet
  facet normal -0.7071067811865475 -0.7071067811865475 0
    outer loop
      vertex 23.691480391195874 22.247780942682382 62.9
      vertex 23.691480391195874 22.247780942682382 65
      vertex 22.247780942682382 23.691480391195874 62.9
    endloop
  endfacet
  facet normal -0.7071067811865475 -0.7071067811865475 0
    outer loop
      vertex 22.247780942682382 23.691480391195874 62.9
      vertex 23.691480391195874 22.247780942682382 65
      vertex 22.247780942682382 23.691480391195874 65
    endloop
  endfacet
  facet normal -0.6613118653236517 -0.7501110696304598 0
    outer loop
      vertex 20.716279666832417 25.04168039021315 62.9
      vertex 22.247780942682382 23.691480391195874 62.9
      vertex 22.247780942682382 23.691480391195874 65
    endloop
  endfacet
  facet normal 0 0 1
    outer loop
      vertex 18.996150653634015 26.14595831820853 62.9
      vertex 20.716279666832417 25.04168039021315 62.9
      vertex 19.103020699505375 26.293052317185793 62.9
    endloop
  endfacet
  facet normal 0 0 1
    outer loop
      vertex 17.316947783184844 27.287143410542395 62.9
      vertex 18.996150653634015 26.14595831820853 62.9
      vertex 19.103020699505375 26.293052317185793 62.9
    endloop
  endfacet
  facet normal 0 0 1
    outer loop
      vertex 18.996150653634015 26.14595831820853 62.9
      vertex 20.600384395969016 24.90158707334482 62.9
      vertex 20.716279666832417 25.04168039021315 62.9
    endloop
  endfacet
  facet normal -0.612907053652977 -0.7901550123756901 0
    outer loop
      vertex 19.103020699505375 26.293052317185793 62.9
      vertex 20.716279666832417 25.04168039021315 65
      vertex 19.103020699505375 26.293052317185793 65
    endloop
  endfacet
  facet normal -0.5620833778521301 -0.8270805742745622 0
    outer loop
      vertex 17.41437083681739 27.44065757881549 62.9
      vertex 19.103020699505375 26.293052317185793 62.9
      vertex 19.103020699505375 26.293052317185793 65
    endloop
  endfacet
  facet normal -0.612907053652977 -0.7901550123756901 0
    outer loop
      vertex 20.716279666832417 25.04168039021315 62.9
      vertex 20.716279666832417 25.04168039021315 65
      vertex 19.103020699505375 26.293052317185793 62.9
    endloop
  endfacet
  facet normal 0 0 1
    outer loop
      vertex 24.90158707334482 20.600384395969016 62.9
      vertex 26.293052317185793 19.103020699505375 62.9
      vertex 25.04168039021315 20.716279666832417 62.9
    endloop
  endfacet
  facet normal -0.7901550123756901 -0.612907053652977 0
    outer loop
      vertex 25.04168039021315 20.716279666832417 62.9
      vertex 26.293052317185793 19.103020699505375 65
      vertex 25.04168039021315 20.716279666832417 65
    endloop
  endfacet
  facet normal 1 0 0
    outer loop
      vertex -36 -2.2 62.75
      vertex -36 2.2 63
      vertex -36 -2.2 63
    endloop
  endfacet
  facet normal 0 1 0
    outer loop
      vertex -36 -2.2 62.75
      vertex -36 -2.2 63
      vertex -34.83031885542971 -2.2 63
    endloop
  endfacet
  facet normal 0 1 0
    outer loop
      vertex -36 -2.2 62.75
      vertex -34.83031885542971 -2.2 63
      vertex -32.42080962329051 -2.2 62.9
    endloop
  endfacet
  facet normal 0 1 0
    outer loop
      vertex -36 -2.2 62.75
      vertex -32.42080962329051 -2.2 62.9
      vertex -32.238271045098145 -2.2 62.9
    endloop
  endfacet
  facet normal 0 1 0
    outer loop
      vertex -36 -2.2 62.75
      vertex -32.238271045098145 -2.2 62.9
      vertex -32.101367111453875 -2.2 62.75
    endloop
  endfacet
  facet normal 0 0 1
    outer loop
      vertex -36 -2.2 62.75
      vertex -32.101367111453875 -2.2 62.75
      vertex -32.11831471487346 -2.0207130830342637 62.75
    endloop
  endfacet
  facet normal 0 0 1
    outer loop
      vertex -36 -2.2 62.75
      vertex -32.11831471487346 -2.0207130830342637 62.75
      vertex -32.18181818181818 0 62.75
    endloop
  endfacet
  facet normal 0 1 0
    outer loop
      vertex -32.42080962329051 -2.2 62.9
      vertex -34.83031885542971 -2.2 63
      vertex -34.83031885542971 -2.2 65
    endloop
  endfacet
  facet normal 0 1 0
    outer loop
      vertex -32.42080962329051 -2.2 62.9
      vertex -34.83031885542971 -2.2 65
      vertex -32.42080962329051 -2.2 65
    endloop
  endfacet
  facet normal 1 0 0
    outer loop
      vertex -36 -2.2 62.75
      vertex -36 2.2 62.75
      vertex -36 2.2 63
    endloop
  endfacet
  facet normal 0 0 1
    outer loop
      vertex -36 -2.2 62.75
      vertex -32.18181818181818 0 62.75
      vertex -36 2.2 62.75
    endloop
  endfacet
  facet normal 0 -1 0
    outer loop
      vertex -36 2.2 62.75
      vertex -34.83031885542971 2.2 63
      vertex -36 2.2 63
    endloop
  endfacet
  facet normal 0 -1 0
    outer loop
      vertex -36 2.2 62.75
      vertex -32.42080962329051 2.2 62.9
      vertex -34.83031885542971 2.2 63
    endloop
  endfacet
  facet normal 0 0 1
    outer loop
      vertex -36 2.2 62.75
      vertex -32.18181818181818 0 62.75
      vertex -32.11831471487346 2.0207130830342637 62.75
    endloop
  endfacet
  facet normal 0 -1 0
    outer loop
      vertex -36 2.2 62.75
      vertex -32.101367111453875 2.2 62.75
      vertex -32.42080962329051 2.2 62.9
    endloop
  endfacet
  facet normal 0 0 1
    outer loop
      vertex -36 2.2 62.75
      vertex -32.11831471487346 2.0207130830342637 62.75
      vertex -32.101367111453875 2.2 62.75
    endloop
  endfacet
  facet normal 0 -1 0
    outer loop
      vertex -32.101367111453875 2.2 62.75
      vertex -32.238271045098145 2.2 62.9
      vertex -32.42080962329051 2.2 62.9
    endloop
  endfacet
  facet normal 0 -1 0
    outer loop
      vertex -32.42080962329051 2.2 62.9
      vertex -34.83031885542971 2.2 65
      vertex -34.83031885542971 2.2 63
    endloop
  endfacet
  facet normal 0 -1 0
    outer loop
      vertex -32.42080962329051 2.2 62.9
      vertex -32.42080962329051 2.2 65
      vertex -34.83031885542971 2.2 65
    endloop
  endfacet
  facet normal 0 1 0
    outer loop
      vertex 31.900000000000002 -2.2 65.1
      vertex 29.5 -2.2 65.1
      vertex 29.5 -2.2 65.2
    endloop
  endfacet
  facet normal 0 1 0
    outer loop
      vertex 31.900000000000002 -2.2 65.1
      vertex 29.5 -2.2 65.2
      vertex 31.900000000000002 -2.2 65.2
    endloop
  endfacet
  facet normal 0 -1 0
    outer loop
      vertex 31.900000000000002 2.2 65.1
      vertex 29.5 2.2 65.2
      vertex 29.5 2.2 65.1
    endloop
  endfacet
  facet normal 0 -1 0
    outer loop
      vertex 31.900000000000002 2.2 65.1
      vertex 31.900000000000002 2.2 65.2
      vertex 29.5 2.2 65.2
    endloop
  endfacet
  facet normal 1 0 0
    outer loop
      vertex 31.900000000000002 -37.2 49.800000000000004
      vertex 31.900000000000002 -31.5 55.8
      vertex 31.900000000000002 -37.2 65.2
    endloop
  endfacet
  facet normal 1 0 0
    outer loop
      vertex 31.900000000000002 -31.5 55.8
      vertex 31.900000000000002 -31.5 58.8
      vertex 31.900000000000002 -37.2 65.2
    endloop
  endfacet
  facet normal 1 0 0
    outer loop
      vertex 31.900000000000002 -31.5 58.8
      vertex 31.900000000000002 -7.682926829268293 58.8
      vertex 31.900000000000002 -37.2 65.2
    endloop
  endfacet
  facet normal 0 1 0
    outer loop
      vertex 31.900000000000002 -37.2 49.800000000000004
      vertex 31.900000000000002 -37.2 65.2
      vertex 44.300000000000004 -37.2 49.800000000000004
    endloop
  endfacet
  facet normal -1 0 0
    outer loop
      vertex 44.300000000000004 -37.2 49.800000000000004
      vertex 44.300000000000004 -37.2 65.2
      vertex 44.300000000000004 -32 54.8
    endloop
  endfacet
  facet normal 0 1 0
    outer loop
      vertex 44.300000000000004 -37.2 49.800000000000004
      vertex 31.900000000000002 -37.2 65.2
      vertex 44.300000000000004 -37.2 65.2
    endloop
  endfacet
  facet normal -1 0 0
    outer loop
      vertex 44.300000000000004 -32 54.8
      vertex 44.300000000000004 -37.2 65.2
      vertex 44.300000000000004 -32 59.8
    endloop
  endfacet
  facet normal 1 0 0
    outer loop
      vertex 31.900000000000002 -37.2 49.800000000000004
      vertex 31.900000000000002 37.2 49.800000000000004
      vertex 31.900000000000002 -31.5 55.8
    endloop
  endfacet
  facet normal 1 0 0
    outer loop
      vertex 31.900000000000002 -7.682926829268293 58.8
      vertex 31.900000000000002 -6.198764157823057 65.1
      vertex 31.900000000000002 -37.2 65.2
    endloop
  endfacet
  facet normal 1 0 0
    outer loop
      vertex 31.900000000000002 -6.198764157823057 65.1
      vertex 31.900000000000002 -2.2 65.2
      vertex 31.900000000000002 -37.2 65.2
    endloop
  endfacet
  facet normal 1 0 0
    outer loop
      vertex 31.900000000000002 -7.682926829268293 58.8
      vertex 31.900000000000002 -5.081851247906829 62.9
      vertex 31.900000000000002 -6.198764157823057 62.9
    endloop
  endfacet
  facet normal 1 0 0
    outer loop
      vertex 31.900000000000002 -7.682926829268293 58.8
      vertex 31.900000000000002 -6.198764157823057 62.9
      vertex 31.900000000000002 -6.198764157823057 65.1
    endloop
  endfacet
  facet normal 1 0 0
    outer loop
      vertex 31.900000000000002 -7.682926829268293 58.8
      vertex 31.900000000000002 -4.029907172430844 62.71889429569824
      vertex 31.900000000000002 -5.081851247906829 62.9
    endloop
  endfacet
  facet normal 1 0 0
    outer loop
      vertex 31.900000000000002 -7.682926829268293 58.8
      vertex 31.900000000000002 -2.0069778853914397 62.50937900306638
      vertex 31.900000000000002 -4.029907172430844 62.71889429569824
    endloop
  endfacet
  facet normal 1 0 0
    outer loop
      vertex 31.900000000000002 -7.682926829268293 58.8
      vertex 31.900000000000002 0 62.440000000000005
      vertex 31.900000000000002 -2.0069778853914397 62.50937900306638
    endloop
  endfacet
  facet normal 1 0 0
    outer loop
      vertex 31.900000000000002 -6.198764157823057 65.1
      vertex 31.900000000000002 -2.2 65.1
      vertex 31.900000000000002 -2.2 65.2
    endloop
  endfacet
  facet normal 1 0 0
    outer loop
      vertex 31.900000000000002 -7.682926829268293 58.8
      vertex 31.900000000000002 2.0069778853914273 62.50937900306638
      vertex 31.900000000000002 0 62.440000000000005
    endloop
  endfacet
  facet normal 1 0 0
    outer loop
      vertex 31.900000000000002 -7.682926829268293 58.8
      vertex 31.900000000000002 4.0299071724308515 62.71889429569824
      vertex 31.900000000000002 2.0069778853914273 62.50937900306638
    endloop
  endfacet
  facet normal 0 0 1
    outer loop
      vertex 31.900000000000002 -37.2 49.800000000000004
      vertex 44.300000000000004 -37.2 49.800000000000004
      vertex 44.300000000000004 37.2 49.800000000000004
    endloop
  endfacet
  facet normal -1 0 0
    outer loop
      vertex 44.300000000000004 -37.2 49.800000000000004
      vertex 44.300000000000004 -32 54.8
      vertex 44.300000000000004 32 54.8
    endloop
  endfacet
  facet normal -1 0 0
    outer loop
      vertex 44.300000000000004 -32 59.8
      vertex 44.300000000000004 -37.2 65.2
      vertex 44.300000000000004 32 59.8
    endloop
  endfacet
  facet normal 1 0 0
    outer loop
      vertex 31.900000000000002 -7.682926829268293 58.8
      vertex 31.900000000000002 5.081851247906842 62.9
      vertex 31.900000000000002 4.0299071724308515 62.71889429569824
    endloop
  endfacet
  facet normal 1 0 0
    outer loop
      vertex 31.900000000000002 -7.682926829268293 58.8
      vertex 31.900000000000002 6.1987641578230654 62.9
      vertex 31.900000000000002 5.081851247906842 62.9
    endloop
  endfacet
  facet normal 1 0 0
    outer loop
      vertex 31.900000000000002 -31.5 55.8
      vertex 31.900000000000002 37.2 49.800000000000004
      vertex 31.900000000000002 31.5 55.8
    endloop
  endfacet
  facet normal 1 0 0
    outer loop
      vertex 31.900000000000002 -7.682926829268293 58.8
      vertex 31.900000000000002 31.5 58.8
      vertex 31.900000000000002 6.1987641578230654 62.9
    endloop
  endfacet
  facet normal 1 0 0
    outer loop
      vertex 31.900000000000002 2.2 65.1
      vertex 31.900000000000002 37.2 65.2
      vertex 31.900000000000002 2.2 65.2
    endloop
  endfacet
  facet normal 1 0 0
    outer loop
      vertex 31.900000000000002 2.2 65.1
      vertex 31.900000000000002 6.1987641578230654 65.1
      vertex 31.900000000000002 37.2 65.2
    endloop
  endfacet
  facet normal 1 0 0
    outer loop
      vertex 31.900000000000002 6.1987641578230654 62.9
      vertex 31.900000000000002 37.2 65.2
      vertex 31.900000000000002 6.1987641578230654 65.1
    endloop
  endfacet
  facet normal 0 0 1
    outer loop
      vertex 31.900000000000002 -37.2 49.800000000000004
      vertex 44.300000000000004 37.2 49.800000000000004
      vertex 31.900000000000002 37.2 49.800000000000004
    endloop
  endfacet
  facet normal -1 0 0
    outer loop
      vertex 44.300000000000004 -37.2 49.800000000000004
      vertex 44.300000000000004 32 54.8
      vertex 44.300000000000004 37.2 49.800000000000004
    endloop
  endfacet
  facet normal -1 0 0
    outer loop
      vertex 44.300000000000004 32 59.8
      vertex 44.300000000000004 -37.2 65.2
      vertex 44.300000000000004 37.2 65.2
    endloop
  endfacet
  facet normal 1 0 0
    outer loop
      vertex 31.900000000000002 6.1987641578230654 62.9
      vertex 31.900000000000002 31.5 58.8
      vertex 31.900000000000002 37.2 65.2
    endloop
  endfacet
  facet normal 1 0 0
    outer loop
      vertex 31.900000000000002 31.5 55.8
      vertex 31.900000000000002 37.2 49.800000000000004
      vertex 31.900000000000002 31.5 58.8
    endloop
  endfacet
  facet normal 1 0 0
    outer loop
      vertex 31.900000000000002 37.2 49.800000000000004
      vertex 31.900000000000002 37.2 65.2
      vertex 31.900000000000002 31.5 58.8
    endloop
  endfacet
  facet normal -1 0 0
    outer loop
      vertex 44.300000000000004 32 54.8
      vertex 44.300000000000004 32 59.8
      vertex 44.300000000000004 37.2 49.800000000000004
    endloop
  endfacet
  facet normal 0 -1 0
    outer loop
      vertex 31.900000000000002 37.2 49.800000000000004
      vertex 44.300000000000004 37.2 49.800000000000004
      vertex 44.300000000000004 37.2 65.2
    endloop
  endfacet
  facet normal 0 -1 0
    outer loop
      vertex 31.900000000000002 37.2 49.800000000000004
      vertex 44.300000000000004 37.2 65.2
      vertex 31.900000000000002 37.2 65.2
    endloop
  endfacet
  facet normal -1 0 0
    outer loop
      vertex 44.300000000000004 37.2 49.800000000000004
      vertex 44.300000000000004 32 59.8
      vertex 44.300000000000004 37.2 65.2
    endloop
  endfacet
  facet normal 0 1 0
    outer loop
      vertex 31.900000000000002 -31.5 55.8
      vertex 29.500000000000004 -31.5 55.8
      vertex 31.900000000000002 -31.5 58.8
    endloop
  endfacet
  facet normal 0 1 0
    outer loop
      vertex 31.900000000000002 -31.5 58.8
      vertex 29.500000000000004 -31.5 55.8
      vertex 29.500000000000004 -31.5 58.8
    endloop
  endfacet
  facet normal 0 0 1
    outer loop
      vertex 22.233543136353056 -20.878686730825 55.8
      vertex 21.700000000000003 -27.314508614712985 55.8
      vertex 22.24609724222928 -26.890912172875037 55.8
    endloop
  endfacet
  facet normal 1 0 0
    outer loop
      vertex 21.700000000000003 -21.412229867178052 55.8
      vertex 21.700000000000003 -27.314508614712985 58.8
      vertex 21.700000000000003 -27.314508614712985 55.8
    endloop
  endfacet
  facet normal 0 0 1
    outer loop
      vertex 21.700000000000003 -21.412229867178052 55.8
      vertex 21.700000000000003 -27.314508614712985 55.8
      vertex 22.233543136353056 -20.878686730825 55.8
    endloop
  endfacet
  facet normal 0 0 1
    outer loop
      vertex 22.233543136353056 -20.878686730825 55.8
      vertex 22.24609724222928 -26.890912172875037 55.8
      vertex 23.500653904661565 -19.441431687335044 55.8
    endloop
  endfacet
  facet normal 0 0 1
    outer loop
      vertex 25.752001727811468 -16.342717246859383 55.8
      vertex 22.24609724222928 -26.890912172875037 55.8
      vertex 23.890693996911228 -25.441005097007267 55.8
    endloop
  endfacet
  facet normal 0 0 1
    outer loop
      vertex 23.500653904661565 -19.441431687335044 55.8
      vertex 22.24609724222928 -26.890912172875037 55.8
      vertex 24.675018328435897 -17.927450194920432 55.8
    endloop
  endfacet
  facet normal 0 0 1
    outer loop
      vertex 25.752001727811468 -16.342717246859383 55.8
      vertex 23.890693996911228 -25.441005097007267 55.8
      vertex 25.441005097007267 -23.890693996911228 55.8
    endloop
  endfacet
  facet normal 0 0 1
    outer loop
      vertex 24.675018328435897 -17.927450194920432 55.8
      vertex 22.24609724222928 -26.890912172875037 55.8
      vertex 25.752001727811468 -16.342717246859383 55.8
    endloop
  endfacet
  facet normal 0 0 1
    outer loop
      vertex 31.900000000000002 -31.5 55.8
      vertex 29.5 -18.64463060664189 55.8
      vertex 29.500000000000004 -31.5 55.8
    endloop
  endfacet
  facet normal 0 0 1
    outer loop
      vertex 25.752001727811468 -16.342717246859383 55.8
      vertex 25.441005097007267 -23.890693996911228 55.8
      vertex 26.890912172875037 -22.24609724222928 55.8
    endloop
  endfacet
  facet normal 0 0 1
    outer loop
      vertex 31.900000000000002 -31.5 55.8
      vertex 28.35818281959166 -11.22779885688269 55.8
      vertex 29.5 -18.64463060664189 55.8
    endloop
  endfacet
  facet normal 0 0 -1
    outer loop
      vertex 21.700000000000003 -21.412229867178052 58.8
      vertex 22.24609724222928 -26.890912172875037 58.8
      vertex 21.700000000000003 -27.314508614712985 58.8
    endloop
  endfacet
  facet normal 0 0 -1
    outer loop
      vertex 21.700000000000003 -21.412229867178052 58.8
      vertex 23.890693996911228 -25.441005097007267 58.8
      vertex 22.24609724222928 -26.890912172875037 58.8
    endloop
  endfacet
  facet normal 1 0 0
    outer loop
      vertex 21.700000000000003 -21.412229867178052 55.8
      vertex 21.700000000000003 -21.412229867178052 58.8
      vertex 21.700000000000003 -27.314508614712985 58.8
    endloop
  endfacet
  facet normal 0 0 -1
    outer loop
      vertex 21.700000000000003 -21.412229867178052 58.8
      vertex 25.441005097007267 -23.890693996911228 58.8
      vertex 23.890693996911228 -25.441005097007267 58.8
    endloop
  endfacet
  facet normal 0 0 -1
    outer loop
      vertex 22.233543136353056 -20.878686730825 58.8
      vertex 26.890912172875037 -22.24609724222928 58.8
      vertex 25.441005097007267 -23.890693996911228 58.8
    endloop
  endfacet
  facet normal 0 0 -1
    outer loop
      vertex 21.700000000000003 -21.412229867178052 58.8
      vertex 22.233543136353056 -20.878686730825 58.8
      vertex 25.441005097007267 -23.890693996911228 58.8
    endloop
  endfacet
  facet normal 0 0 -1
    outer loop
      vertex 22.233543136353056 -20.878686730825 58.8
      vertex 23.500653904661565 -19.441431687335044 58.8
      vertex 26.890912172875037 -22.24609724222928 58.8
    endloop
  endfacet
  facet normal 0 0 -1
    outer loop
      vertex 31.900000000000002 -31.5 58.8
      vertex 29.500000000000004 -31.5 58.8
      vertex 29.5 -18.64463060664189 58.8
    endloop
  endfacet
  facet normal 0 0 -1
    outer loop
      vertex 23.500653904661565 -19.441431687335044 58.8
      vertex 28.234693103685665 -20.51370530500731 58.8
      vertex 26.890912172875037 -22.24609724222928 58.8
    endloop
  endfacet
  facet normal 0 0 1
    outer loop
      vertex 25.752001727811468 -16.342717246859383 55.8
      vertex 26.890912172875037 -22.24609724222928 55.8
      vertex 28.234693103685665 -20.51370530500731 55.8
    endloop
  endfacet
  facet normal 0 0 1
    outer loop
      vertex 27.597225100213596 -12.98626839273471 55.8
      vertex 28.234693103685665 -20.51370530500731 55.8
      vertex 29.467044600020333 -18.700355144766966 55.8
    endloop
  endfacet
  facet normal 0 0 1
    outer loop
      vertex 25.752001727811468 -16.342717246859383 55.8
      vertex 28.234693103685665 -20.51370530500731 55.8
      vertex 26.727353741337836 -14.693487060102319 55.8
    endloop
  endfacet
  facet normal 0 0 1
    outer loop
      vertex 26.727353741337836 -14.693487060102319 55.8
      vertex 28.234693103685665 -20.51370530500731 55.8
      vertex 27.597225100213596 -12.98626839273471 55.8
    endloop
  endfacet
  facet normal 0 0 1
    outer loop
      vertex 31.900000000000002 -31.5 55.8
      vertex 29.007223747002183 -9.425018328435895 55.8
      vertex 28.35818281959166 -11.22779885688269 55.8
    endloop
  endfacet
  facet normal 0 0 1
    outer loop
      vertex 27.597225100213596 -12.98626839273471 55.8
      vertex 29.467044600020333 -18.700355144766966 55.8
      vertex 29.5 -18.64463060664189 55.8
    endloop
  endfacet
  facet normal 0 0 1
    outer loop
      vertex 31.900000000000002 -31.5 55.8
      vertex 29.54178641442325 -7.585041558528061 55.8
      vertex 29.007223747002183 -9.425018328435895 55.8
    endloop
  endfacet
  facet normal 0 0 1
    outer loop
      vertex 31.900000000000002 -31.5 55.8
      vertex 29.959761147225002 -5.715130094864607 55.8
      vertex 29.54178641442325 -7.585041558528061 55.8
    endloop
  endfacet
  facet normal 0 0 1
    outer loop
      vertex 27.597225100213596 -12.98626839273471 55.8
      vertex 29.5 -18.64463060664189 55.8
      vertex 28.35818281959166 -11.22779885688269 55.8
    endloop
  endfacet
  facet normal 0 0 1
    outer loop
      vertex 31.900000000000002 -31.5 55.8
      vertex 30.259498390091576 -3.822663623711274 55.8
      vertex 29.959761147225002 -5.715130094864607 55.8
    endloop
  endfacet
  facet normal 0 0 1
    outer loop
      vertex 31.900000000000002 -31.5 55.8
      vertex 30.439815217062282 -1.9151108456440697 55.8
      vertex 30.259498390091576 -3.822663623711274 55.8
    endloop
  endfacet
  facet normal 0 0 1
    outer loop
      vertex 31.900000000000002 -31.5 55.8
      vertex 30.5 0 55.8
      vertex 30.439815217062282 -1.9151108456440697 55.8
    endloop
  endfacet
  facet normal 0 0 -1
    outer loop
      vertex 23.500653904661565 -19.441431687335044 58.8
      vertex 24.675018328435897 -17.927450194920432 58.8
      vertex 28.234693103685665 -20.51370530500731 58.8
    endloop
  endfacet
  facet normal 0 0 -1
    outer loop
      vertex 24.675018328435897 -17.927450194920432 58.8
      vertex 29.467044600020333 -18.700355144766966 58.8
      vertex 28.234693103685665 -20.51370530500731 58.8
    endloop
  endfacet
  facet normal 0 0 -1
    outer loop
      vertex 31.900000000000002 -31.5 58.8
      vertex 29.5 -18.64463060664189 58.8
      vertex 31.900000000000002 -7.682926829268293 58.8
    endloop
  endfacet
  facet normal 0 0 -1
    outer loop
      vertex 31.900000000000002 -7.682926829268293 58.8
      vertex 29.5 -18.64463060664189 58.8
      vertex 29.467044600020333 -18.700355144766966 58.8
    endloop
  endfacet
  facet normal 0 0 -1
    outer loop
      vertex 24.675018328435897 -17.927450194920432 58.8
      vertex 25.752001727811468 -16.342717246859383 58.8
      vertex 31.900000000000002 -7.682926829268293 58.8
    endloop
  endfacet
  facet normal 0 0 -1
    outer loop
      vertex 24.675018328435897 -17.927450194920432 58.8
      vertex 31.900000000000002 -7.682926829268293 58.8
      vertex 29.467044600020333 -18.700355144766966 58.8
    endloop
  endfacet
  facet normal 0 0 -1
    outer loop
      vertex 25.752001727811468 -16.342717246859383 58.8
      vertex 26.727353741337836 -14.693487060102319 58.8
      vertex 31.900000000000002 -7.682926829268293 58.8
    endloop
  endfacet
  facet normal 0 0 -1
    outer loop
      vertex 26.727353741337836 -14.693487060102319 58.8
      vertex 27.597225100213596 -12.98626839273471 58.8
      vertex 31.900000000000002 -7.682926829268293 58.8
    endloop
  endfacet
  facet normal 0 0 -1
    outer loop
      vertex 27.597225100213596 -12.98626839273471 58.8
      vertex 28.35818281959166 -11.22779885688269 58.8
      vertex 31.900000000000002 -7.682926829268293 58.8
    endloop
  endfacet
  facet normal 0 0 1
    outer loop
      vertex 31.900000000000002 -31.5 55.8
      vertex 30.439815217062282 1.915110845644058 55.8
      vertex 30.5 0 55.8
    endloop
  endfacet
  facet normal 0 0 -1
    outer loop
      vertex 28.35818281959166 -11.22779885688269 58.8
      vertex 29.007223747002183 -9.425018328435895 58.8
      vertex 31.900000000000002 -7.682926829268293 58.8
    endloop
  endfacet
  facet normal 0 0 -1
    outer loop
      vertex 29.007223747002183 -9.425018328435895 58.8
      vertex 29.54178641442325 -7.585041558528061 58.8
      vertex 31.900000000000002 -7.682926829268293 58.8
    endloop
  endfacet
  facet normal 0 0 -1
    outer loop
      vertex 29.54178641442325 -7.585041558528061 58.8
      vertex 29.959761147225002 -5.715130094864607 58.8
      vertex 31.900000000000002 -7.682926829268293 58.8
    endloop
  endfacet
  facet normal 0 0 -1
    outer loop
      vertex 31.900000000000002 -7.682926829268293 58.8
      vertex 29.959761147225002 -5.715130094864607 58.8
      vertex 30.259498390091576 -3.822663623711274 58.8
    endloop
  endfacet
  facet normal 0 0 -1
    outer loop
      vertex 31.900000000000002 -7.682926829268293 58.8
      vertex 30.259498390091576 -3.822663623711274 58.8
      vertex 30.439815217062282 -1.9151108456440697 58.8
    endloop
  endfacet
  facet normal 0 0 -1
    outer loop
      vertex 31.900000000000002 -7.682926829268293 58.8
      vertex 30.439815217062282 -1.9151108456440697 58.8
      vertex 30.5 0 58.8
    endloop
  endfacet
  facet normal 0 0 1
    outer loop
      vertex 31.900000000000002 -31.5 55.8
      vertex 31.900000000000002 31.5 55.8
      vertex 30.439815217062282 1.915110845644058 55.8
    endloop
  endfacet
  facet normal 0 0 -1
    outer loop
      vertex 31.900000000000002 -7.682926829268293 58.8
      vertex 30.5 0 58.8
      vertex 31.900000000000002 31.5 58.8
    endloop
  endfacet
  facet normal 0 0 1
    outer loop
      vertex 28.358182819591665 11.227798856882679 55.8
      vertex 29.5 18.644630606641897 55.8
      vertex 27.597225100213596 12.986268392734717 55.8
    endloop
  endfacet
  facet normal 0 0 1
    outer loop
      vertex 30.439815217062282 1.915110845644058 55.8
      vertex 31.900000000000002 31.5 55.8
      vertex 30.259498390091576 3.82266362371128 55.8
    endloop
  endfacet
  facet normal 0 0 1
    outer loop
      vertex 30.259498390091576 3.82266362371128 55.8
      vertex 31.900000000000002 31.5 55.8
      vertex 29.959761147225006 5.715130094864601 55.8
    endloop
  endfacet
  facet normal 0 0 1
    outer loop
      vertex 26.72735374133784 14.693487060102317 55.8
      vertex 27.597225100213596 12.986268392734717 55.8
      vertex 29.467044600020326 18.700355144766984 55.8
    endloop
  endfacet
  facet normal 0 0 1
    outer loop
      vertex 26.72735374133784 14.693487060102317 55.8
      vertex 29.467044600020326 18.700355144766984 55.8
      vertex 25.75200172781146 16.342717246859397 55.8
    endloop
  endfacet
  facet normal 0 0 1
    outer loop
      vertex 24.675018328435897 17.927450194920432 55.8
      vertex 25.75200172781146 16.342717246859397 55.8
      vertex 28.234693103685665 20.51370530500731 55.8
    endloop
  endfacet
  facet normal 0 0 1
    outer loop
      vertex 24.675018328435897 17.927450194920432 55.8
      vertex 28.234693103685665 20.51370530500731 55.8
      vertex 23.50065390466157 19.441431687335037 55.8
    endloop
  endfacet
  facet normal 0 0 1
    outer loop
      vertex 25.75200172781146 16.342717246859397 55.8
      vertex 29.467044600020326 18.700355144766984 55.8
      vertex 28.234693103685665 20.51370530500731 55.8
    endloop
  endfacet
  facet normal 0 0 1
    outer loop
      vertex 29.54178641442325 7.585041558528071 55.8
      vertex 29.959761147225006 5.715130094864601 55.8
      vertex 31.900000000000002 31.5 55.8
    endloop
  endfacet
  facet normal 0 0 1
    outer loop
      vertex 27.597225100213596 12.986268392734717 55.8
      vertex 29.5 18.644630606641897 55.8
      vertex 29.467044600020326 18.700355144766984 55.8
    endloop
  endfacet
  facet normal 0 0 1
    outer loop
      vertex 29.54178641442325 7.585041558528071 55.8
      vertex 31.900000000000002 31.5 55.8
      vertex 29.007223747002183 9.425018328435895 55.8
    endloop
  endfacet
  facet normal 0 0 1
    outer loop
      vertex 29.007223747002183 9.425018328435895 55.8
      vertex 31.900000000000002 31.5 55.8
      vertex 28.358182819591665 11.227798856882679 55.8
    endloop
  endfacet
  facet normal 0 0 -1
    outer loop
      vertex 28.358182819591665 11.227798856882679 58.8
      vertex 27.597225100213596 12.986268392734717 58.8
      vertex 29.5 18.644630606641897 58.8
    endloop
  endfacet
  facet normal 0 0 -1
    outer loop
      vertex 30.5 0 58.8
      vertex 30.439815217062282 1.915110845644058 58.8
      vertex 31.900000000000002 31.5 58.8
    endloop
  endfacet
  facet normal 0 0 -1
    outer loop
      vertex 30.439815217062282 1.915110845644058 58.8
      vertex 30.259498390091576 3.82266362371128 58.8
      vertex 31.900000000000002 31.5 58.8
    endloop
  endfacet
  facet normal 0 0 -1
    outer loop
      vertex 30.259498390091576 3.82266362371128 58.8
      vertex 29.959761147225006 5.715130094864601 58.8
      vertex 31.900000000000002 31.5 58.8
    endloop
  endfacet
  facet normal 0 0 -1
    outer loop
      vertex 26.72735374133784 14.693487060102317 58.8
      vertex 25.75200172781146 16.342717246859397 58.8
      vertex 28.234693103685665 20.51370530500731 58.8
    endloop
  endfacet
  facet normal 0 0 -1
    outer loop
      vertex 26.72735374133784 14.693487060102317 58.8
      vertex 28.234693103685665 20.51370530500731 58.8
      vertex 27.597225100213596 12.986268392734717 58.8
    endloop
  endfacet
  facet normal 0 0 -1
    outer loop
      vertex 25.75200172781146 16.342717246859397 58.8
      vertex 26.89091217287504 22.246097242229272 58.8
      vertex 28.234693103685665 20.51370530500731 58.8
    endloop
  endfacet
  facet normal 0 0 -1
    outer loop
      vertex 27.597225100213596 12.986268392734717 58.8
      vertex 28.234693103685665 20.51370530500731 58.8
      vertex 29.467044600020326 18.700355144766984 58.8
    endloop
  endfacet
  facet normal 0 0 -1
    outer loop
      vertex 29.54178641442325 7.585041558528071 58.8
      vertex 31.900000000000002 31.5 58.8
      vertex 29.959761147225006 5.715130094864601 58.8
    endloop
  endfacet
  facet normal 0 0 -1
    outer loop
      vertex 27.597225100213596 12.986268392734717 58.8
      vertex 29.467044600020326 18.700355144766984 58.8
      vertex 29.5 18.644630606641897 58.8
    endloop
  endfacet
  facet normal 0 0 -1
    outer loop
      vertex 29.54178641442325 7.585041558528071 58.8
      vertex 29.007223747002183 9.425018328435895 58.8
      vertex 31.900000000000002 31.5 58.8
    endloop
  endfacet
  facet normal 0 0 -1
    outer loop
      vertex 29.007223747002183 9.425018328435895 58.8
      vertex 28.358182819591665 11.227798856882679 58.8
      vertex 31.900000000000002 31.5 58.8
    endloop
  endfacet
  facet normal 0 0 1
    outer loop
      vertex 22.233543136353052 20.878686730825006 55.8
      vertex 25.441005097007263 23.890693996911235 55.8
      vertex 21.700000000000003 21.412229867178056 55.8
    endloop
  endfacet
  facet normal 0 0 1
    outer loop
      vertex 22.233543136353052 20.878686730825006 55.8
      vertex 23.50065390466157 19.441431687335037 55.8
      vertex 26.89091217287504 22.246097242229272 55.8
    endloop
  endfacet
  facet normal 1 0 0
    outer loop
      vertex 21.700000000000003 21.412229867178056 55.8
      vertex 21.700000000000003 27.31450861471298 55.8
      vertex 21.700000000000003 21.412229867178056 58.8
    endloop
  endfacet
  facet normal 0 0 1
    outer loop
      vertex 21.700000000000003 21.412229867178056 55.8
      vertex 23.890693996911235 25.441005097007263 55.8
      vertex 22.246097242229272 26.89091217287504 55.8
    endloop
  endfacet
  facet normal 0 0 1
    outer loop
      vertex 22.233543136353052 20.878686730825006 55.8
      vertex 26.89091217287504 22.246097242229272 55.8
      vertex 25.441005097007263 23.890693996911235 55.8
    endloop
  endfacet
  facet normal 0 0 1
    outer loop
      vertex 21.700000000000003 21.412229867178056 55.8
      vertex 25.441005097007263 23.890693996911235 55.8
      vertex 23.890693996911235 25.441005097007263 55.8
    endloop
  endfacet
  facet normal 0 0 1
    outer loop
      vertex 21.700000000000003 21.412229867178056 55.8
      vertex 22.246097242229272 26.89091217287504 55.8
      vertex 21.700000000000003 27.31450861471298 55.8
    endloop
  endfacet
  facet normal 0 0 1
    outer loop
      vertex 23.50065390466157 19.441431687335037 55.8
      vertex 28.234693103685665 20.51370530500731 55.8
      vertex 26.89091217287504 22.246097242229272 55.8
    endloop
  endfacet
  facet normal 0 0 1
    outer loop
      vertex 28.358182819591665 11.227798856882679 55.8
      vertex 31.900000000000002 31.5 55.8
      vertex 29.5 18.644630606641897 55.8
    endloop
  endfacet
  facet normal 0 0 1
    outer loop
      vertex 31.900000000000002 31.5 55.8
      vertex 29.5 31.5 55.8
      vertex 29.5 18.644630606641897 55.8
    endloop
  endfacet
  facet normal 0 0 -1
    outer loop
      vertex 24.675018328435897 17.927450194920432 58.8
      vertex 22.246097242229272 26.89091217287504 58.8
      vertex 25.75200172781146 16.342717246859397 58.8
    endloop
  endfacet
  facet normal 0 0 -1
    outer loop
      vertex 24.675018328435897 17.927450194920432 58.8
      vertex 23.50065390466157 19.441431687335037 58.8
      vertex 22.246097242229272 26.89091217287504 58.8
    endloop
  endfacet
  facet normal 0 0 -1
    outer loop
      vertex 25.75200172781146 16.342717246859397 58.8
      vertex 23.890693996911235 25.441005097007263 58.8
      vertex 25.441005097007263 23.890693996911235 58.8
    endloop
  endfacet
  facet normal 0 0 -1
    outer loop
      vertex 22.233543136353052 20.878686730825006 58.8
      vertex 21.700000000000003 21.412229867178056 58.8
      vertex 21.700000000000003 27.31450861471298 58.8
    endloop
  endfacet
  facet normal 0 0 -1
    outer loop
      vertex 22.233543136353052 20.878686730825006 58.8
      vertex 22.246097242229272 26.89091217287504 58.8
      vertex 23.50065390466157 19.441431687335037 58.8
    endloop
  endfacet
  facet normal 0 0 -1
    outer loop
      vertex 25.75200172781146 16.342717246859397 58.8
      vertex 22.246097242229272 26.89091217287504 58.8
      vertex 23.890693996911235 25.441005097007263 58.8
    endloop
  endfacet
  facet normal 1 0 0
    outer loop
      vertex 21.700000000000003 21.412229867178056 58.8
      vertex 21.700000000000003 27.31450861471298 55.8
      vertex 21.700000000000003 27.31450861471298 58.8
    endloop
  endfacet
  facet normal 0 0 -1
    outer loop
      vertex 22.233543136353052 20.878686730825006 58.8
      vertex 21.700000000000003 27.31450861471298 58.8
      vertex 22.246097242229272 26.89091217287504 58.8
    endloop
  endfacet
  facet normal 0 0 -1
    outer loop
      vertex 25.75200172781146 16.342717246859397 58.8
      vertex 25.441005097007263 23.890693996911235 58.8
      vertex 26.89091217287504 22.246097242229272 58.8
    endloop
  endfacet
  facet normal 0 0 -1
    outer loop
      vertex 28.358182819591665 11.227798856882679 58.8
      vertex 29.5 18.644630606641897 58.8
      vertex 31.900000000000002 31.5 58.8
    endloop
  endfacet
  facet normal 0 0 -1
    outer loop
      vertex 31.900000000000002 31.5 58.8
      vertex 29.5 18.644630606641897 58.8
      vertex 29.5 31.5 58.8
    endloop
  endfacet
  facet normal 0 -1 0
    outer loop
      vertex 31.900000000000002 31.5 55.8
      vertex 29.5 31.5 58.8
      vertex 29.5 31.5 55.8
    endloop
  endfacet
  facet normal 0 -1 0
    outer loop
      vertex 31.900000000000002 31.5 55.8
      vertex 31.900000000000002 31.5 58.8
      vertex 29.5 31.5 58.8
    endloop
  endfacet
  facet normal 0 1 0
    outer loop
      vertex 44.300000000000004 -32 54.8
      vertex 46.7 -32 59.8
      vertex 46.7 -32 54.8
    endloop
  endfacet
  facet normal 0 1 0
    outer loop
      vertex 44.300000000000004 -32 54.8
      vertex 44.300000000000004 -32 59.8
      vertex 46.7 -32 59.8
    endloop
  endfacet
  facet normal 0 0 1
    outer loop
      vertex 44.300000000000004 -32 54.8
      vertex 46.7 -32 54.8
      vertex 44.300000000000004 32 54.8
    endloop
  endfacet
  facet normal 0 0 -1
    outer loop
      vertex 44.300000000000004 -32 59.8
      vertex 46.7 32 59.8
      vertex 46.7 -32 59.8
    endloop
  endfacet
  facet normal 0 0 1
    outer loop
      vertex 44.300000000000004 32 54.8
      vertex 46.7 -32 54.8
      vertex 46.7 32 54.8
    endloop
  endfacet
  facet normal 0 0 -1
    outer loop
      vertex 44.300000000000004 -32 59.8
      vertex 44.300000000000004 32 59.8
      vertex 46.7 32 59.8
    endloop
  endfacet
  facet normal 0 -1 0
    outer loop
      vertex 44.300000000000004 32 54.8
      vertex 46.7 32 54.8
      vertex 44.300000000000004 32 59.8
    endloop
  endfacet
  facet normal 0 -1 0
    outer loop
      vertex 44.300000000000004 32 59.8
      vertex 46.7 32 54.8
      vertex 46.7 32 59.8
    endloop
  endfacet
  facet normal 0 0 1
    outer loop
      vertex -29.5 -7.7288713403709535 55.8
      vertex -31.57846413106408 -14.859697275621027 55.8
      vertex -30.583103133530834 -16.813203226149867 55.8
    endloop
  endfacet
  facet normal 0 0 1
    outer loop
      vertex -29.5 -7.7288713403709535 55.8
      vertex -30.583103133530834 -16.813203226149867 55.8
      vertex -29.5 -18.644630606641893 55.8
    endloop
  endfacet
  facet normal -1 0 0
    outer loop
      vertex -29.5 -7.7288713403709535 55.8
      vertex -29.5 -18.644630606641893 55.8
      vertex -29.5 -7.7288713403709535 58.8
    endloop
  endfacet
  facet normal 0 0 1
    outer loop
      vertex -29.5 -7.7288713403709535 55.8
      vertex -29.54178641442325 -7.585041558528073 55.8
      vertex -31.57846413106408 -14.859697275621027 55.8
    endloop
  endfacet
  facet normal -1 0 0
    outer loop
      vertex -29.5 -7.7288713403709535 58.8
      vertex -29.5 -18.644630606641893 55.8
      vertex -29.5 -18.644630606641893 58.8
    endloop
  endfacet
  facet normal 0 0 -1
    outer loop
      vertex -29.5 -7.7288713403709535 58.8
      vertex -29.5 -18.644630606641893 58.8
      vertex -29.54178641442325 -7.585041558528073 58.8
    endloop
  endfacet
  facet normal 0 0 -1
    outer loop
      vertex -29.54178641442325 -7.585041558528073 58.8
      vertex -29.5 -18.644630606641893 58.8
      vertex -29.959761147225002 -5.715130094864607 58.8
    endloop
  endfacet
  facet normal 0 0 1
    outer loop
      vertex -32.44919935749997 -12.847546888695257 55.8
      vertex -32.44919935749997 12.847546888695257 55.8
      vertex -32.5 -12.706442675903892 55.8
    endloop
  endfacet
  facet normal 1 0 0
    outer loop
      vertex -32.5 -12.706442675903892 58.8
      vertex -32.5 -12.706442675903892 55.8
      vertex -32.5 12.706442675903892 55.8
    endloop
  endfacet
  facet normal 0 0 1
    outer loop
      vertex -30.439815217062282 1.9151108456440549 55.8
      vertex -32.44919935749997 -12.847546888695257 55.8
      vertex -31.57846413106408 -14.859697275621027 55.8
    endloop
  endfacet
  facet normal 0 0 1
    outer loop
      vertex -29.959761147225002 -5.715130094864607 55.8
      vertex -30.259498390091576 -3.822663623711274 55.8
      vertex -31.57846413106408 -14.859697275621027 55.8
    endloop
  endfacet
  facet normal 0 0 1
    outer loop
      vertex -29.54178641442325 -7.585041558528073 55.8
      vertex -29.959761147225002 -5.715130094864607 55.8
      vertex -31.57846413106408 -14.859697275621027 55.8
    endloop
  endfacet
  facet normal 0 0 1
    outer loop
      vertex -30.259498390091576 -3.822663623711274 55.8
      vertex -30.439815217062282 -1.9151108456440549 55.8
      vertex -31.57846413106408 -14.859697275621027 55.8
    endloop
  endfacet
  facet normal 0 0 1
    outer loop
      vertex -30.439815217062282 -1.9151108456440549 55.8
      vertex -30.5 0 55.8
      vertex -31.57846413106408 -14.859697275621027 55.8
    endloop
  endfacet
  facet normal 0 0 1
    outer loop
      vertex -30.5 0 55.8
      vertex -30.439815217062282 1.9151108456440549 55.8
      vertex -31.57846413106408 -14.859697275621027 55.8
    endloop
  endfacet
  facet normal 0 0 -1
    outer loop
      vertex -31.57846413106408 -14.859697275621027 58.8
      vertex -32.44919935749997 -12.847546888695257 58.8
      vertex -32.44919935749997 12.847546888695257 58.8
    endloop
  endfacet
  facet normal 0 0 -1
    outer loop
      vertex -32.44919935749997 -12.847546888695257 58.8
      vertex -32.5 -12.706442675903892 58.8
      vertex -32.5 12.706442675903892 58.8
    endloop
  endfacet
  facet normal 0 0 -1
    outer loop
      vertex -30.583103133530834 -16.813203226149867 58.8
      vertex -32.44919935749997 12.847546888695257 58.8
      vertex -29.5 -18.644630606641893 58.8
    endloop
  endfacet
  facet normal 0 0 -1
    outer loop
      vertex -29.959761147225002 -5.715130094864607 58.8
      vertex -29.5 -18.644630606641893 58.8
      vertex -30.259498390091576 -3.822663623711274 58.8
    endloop
  endfacet
  facet normal 0 0 -1
    outer loop
      vertex -30.259498390091576 -3.822663623711274 58.8
      vertex -29.5 -18.644630606641893 58.8
      vertex -30.439815217062282 -1.9151108456440549 58.8
    endloop
  endfacet
  facet normal 0 0 -1
    outer loop
      vertex -30.583103133530834 -16.813203226149867 58.8
      vertex -31.57846413106408 -14.859697275621027 58.8
      vertex -32.44919935749997 12.847546888695257 58.8
    endloop
  endfacet
  facet normal 0 0 -1
    outer loop
      vertex -30.439815217062282 -1.9151108456440549 58.8
      vertex -29.5 -18.644630606641893 58.8
      vertex -32.44919935749997 12.847546888695257 58.8
    endloop
  endfacet
  facet normal 0 0 1
    outer loop
      vertex -32.44919935749997 12.847546888695257 55.8
      vertex -32.5 12.706442675903892 55.8
      vertex -32.5 -12.706442675903892 55.8
    endloop
  endfacet
  facet normal 0 0 1
    outer loop
      vertex -32.44919935749997 -12.847546888695257 55.8
      vertex -31.57846413106408 14.859697275621027 55.8
      vertex -32.44919935749997 12.847546888695257 55.8
    endloop
  endfacet
  facet normal 0 0 1
    outer loop
      vertex -30.439815217062282 1.9151108456440549 55.8
      vertex -29.5 18.644630606641893 55.8
      vertex -32.44919935749997 -12.847546888695257 55.8
    endloop
  endfacet
  facet normal 0 0 1
    outer loop
      vertex -30.583103133530834 16.813203226149867 55.8
      vertex -31.57846413106408 14.859697275621027 55.8
      vertex -32.44919935749997 -12.847546888695257 55.8
    endloop
  endfacet
  facet normal 0 0 1
    outer loop
      vertex -29.5 18.644630606641893 55.8
      vertex -30.583103133530834 16.813203226149867 55.8
      vertex -32.44919935749997 -12.847546888695257 55.8
    endloop
  endfacet
  facet normal 0 0 1
    outer loop
      vertex -30.439815217062282 1.9151108456440549 55.8
      vertex -30.259498390091576 3.822663623711274 55.8
      vertex -29.5 18.644630606641893 55.8
    endloop
  endfacet
  facet normal 0 0 1
    outer loop
      vertex -30.259498390091576 3.822663623711274 55.8
      vertex -29.959761147225002 5.715130094864607 55.8
      vertex -29.5 18.644630606641893 55.8
    endloop
  endfacet
  facet normal 1 0 0
    outer loop
      vertex -32.5 -12.706442675903892 58.8
      vertex -32.5 12.706442675903892 55.8
      vertex -32.5 12.706442675903892 58.8
    endloop
  endfacet
  facet normal 0 0 -1
    outer loop
      vertex -32.44919935749997 -12.847546888695257 58.8
      vertex -32.5 12.706442675903892 58.8
      vertex -32.44919935749997 12.847546888695257 58.8
    endloop
  endfacet
  facet normal 0 0 -1
    outer loop
      vertex -30.439815217062282 -1.9151108456440549 58.8
      vertex -31.57846413106408 14.859697275621027 58.8
      vertex -30.5 0 58.8
    endloop
  endfacet
  facet normal 0 0 -1
    outer loop
      vertex -30.5 0 58.8
      vertex -31.57846413106408 14.859697275621027 58.8
      vertex -30.439815217062282 1.9151108456440549 58.8
    endloop
  endfacet
  facet normal 0 0 -1
    outer loop
      vertex -30.439815217062282 1.9151108456440549 58.8
      vertex -31.57846413106408 14.859697275621027 58.8
      vertex -30.259498390091576 3.822663623711274 58.8
    endloop
  endfacet
  facet normal 0 0 -1
    outer loop
      vertex -30.439815217062282 -1.9151108456440549 58.8
      vertex -32.44919935749997 12.847546888695257 58.8
      vertex -31.57846413106408 14.859697275621027 58.8
    endloop
  endfacet
  facet normal 0 0 -1
    outer loop
      vertex -30.259498390091576 3.822663623711274 58.8
      vertex -31.57846413106408 14.859697275621027 58.8
      vertex -29.959761147225002 5.715130094864607 58.8
    endloop
  endfacet
  facet normal 0 0 -1
    outer loop
      vertex -29.959761147225002 5.715130094864607 58.8
      vertex -31.57846413106408 14.859697275621027 58.8
      vertex -29.54178641442325 7.585041558528073 58.8
    endloop
  endfacet
  facet normal 0 0 1
    outer loop
      vertex -29.959761147225002 5.715130094864607 55.8
      vertex -29.54178641442325 7.585041558528073 55.8
      vertex -29.5 18.644630606641893 55.8
    endloop
  endfacet
  facet normal 0 0 1
    outer loop
      vertex -29.54178641442325 7.585041558528073 55.8
      vertex -29.5 7.7288713403709535 55.8
      vertex -29.5 18.644630606641893 55.8
    endloop
  endfacet
  facet normal -1 0 0
    outer loop
      vertex -29.5 7.7288713403709535 55.8
      vertex -29.5 18.644630606641893 58.8
      vertex -29.5 18.644630606641893 55.8
    endloop
  endfacet
  facet normal 0 0 -1
    outer loop
      vertex -29.54178641442325 7.585041558528073 58.8
      vertex -31.57846413106408 14.859697275621027 58.8
      vertex -29.5 7.7288713403709535 58.8
    endloop
  endfacet
  facet normal -1 0 0
    outer loop
      vertex -29.5 7.7288713403709535 55.8
      vertex -29.5 7.7288713403709535 58.8
      vertex -29.5 18.644630606641893 58.8
    endloop
  endfacet
  facet normal 0 0 -1
    outer loop
      vertex -29.5 7.7288713403709535 58.8
      vertex -31.57846413106408 14.859697275621027 58.8
      vertex -30.583103133530834 16.813203226149867 58.8
    endloop
  endfacet
  facet normal 0 0 -1
    outer loop
      vertex -29.5 7.7288713403709535 58.8
      vertex -30.583103133530834 16.813203226149867 58.8
      vertex -29.5 18.644630606641893 58.8
    endloop
  endfacet
endsolid OpenSCAD_Model
