solid OpenSCAD_Model
  facet normal 0 0 -1
    outer loop
      vertex -23.34655125610642 -19.313946889385296 0
      vertex -21.80552477055484 -18.03909890988792 0
      vertex -22.087749410868774 -20.74177730963926 0
    endloop
  endfacet
  facet normal 0 0 -1
    outer loop
      vertex -24.51321492956091 -17.809893144461938 0
      vertex -22.895180940811013 -16.63432263987699 0
      vertex -23.34655125610642 -19.313946889385296 0
    endloop
  endfacet
  facet normal 0 0 -1
    outer loop
      vertex -23.34655125610642 -19.313946889385296 0
      vertex -22.895180940811013 -16.63432263987699 0
      vertex -21.80552477055484 -18.03909890988792 0
    endloop
  endfacet
  facet normal 0 0 -1
    outer loop
      vertex -22.087749410868774 -20.74177730963926 0
      vertex -21.80552477055484 -18.03909890988792 0
      vertex -20.62981215602595 -19.372683097781884 0
    endloop
  endfacet
  facet normal 0 0 -1
    outer loop
      vertex -20.74177730963926 -22.087749410868774 0
      vertex -22.087749410868774 -20.74177730963926 0
      vertex -20.62981215602595 -19.372683097781884 0
    endloop
  endfacet
  facet normal 0 0 -1
    outer loop
      vertex -20.74177730963926 -22.087749410868774 0
      vertex -20.62981215602595 -19.372683097781884 0
      vertex -19.372683097781884 -20.62981215602595 0
    endloop
  endfacet
  facet normal 0 0 -1
    outer loop
      vertex -20.74177730963926 -22.087749410868774 0
      vertex -18.03909890988792 -21.80552477055484 0
      vertex -19.313946889385296 -23.34655125610642 0
    endloop
  endfacet
  facet normal 0 0 -1
    outer loop
      vertex -20.74177730963926 -22.087749410868774 0
      vertex -19.372683097781884 -20.62981215602595 0
      vertex -18.03909890988792 -21.80552477055484 0
    endloop
  endfacet
  facet normal 0 0 -1
    outer loop
      vertex -19.313946889385296 -23.34655125610642 0
      vertex -16.63432263987699 -22.895180940811013 0
      vertex -17.809893144461938 -24.51321492956091 0
    endloop
  endfacet
  facet normal 0 0 -1
    outer loop
      vertex -17.809893144461938 -24.51321492956091 0
      vertex -15.16389829790561 -23.894480291707023 0
      vertex -16.235551887863604 -25.583136142711055 0
    endloop
  endfacet
  facet normal 0 0 -1
    outer loop
      vertex -17.809893144461938 -24.51321492956091 0
      vertex -16.63432263987699 -22.895180940811013 0
      vertex -15.16389829790561 -23.894480291707023 0
    endloop
  endfacet
  facet normal 0 0 -1
    outer loop
      vertex -19.313946889385296 -23.34655125610642 0
      vertex -18.03909890988792 -21.80552477055484 0
      vertex -16.63432263987699 -22.895180940811013 0
    endloop
  endfacet
  facet normal -0.8270805742745623 -0.56208337785213 0
    outer loop
      vertex -24.51321492956091 -17.809893144461938 0
      vertex -24.51321492956091 -17.809893144461938 13
      vertex -25.583136142711055 -16.235551887863604 0
    endloop
  endfacet
  facet normal -0.7071067811865475 -0.7071067811865475 0
    outer loop
      vertex -20.74177730963926 -22.087749410868774 0
      vertex -20.74177730963926 -22.087749410868774 13
      vertex -22.087749410868774 -20.74177730963926 0
    endloop
  endfacet
  facet normal -0.7501110696304586 -0.661311865323653 0
    outer loop
      vertex -23.34655125610642 -19.313946889385296 0
      vertex -22.087749410868774 -20.74177730963926 0
      vertex -22.087749410868774 -20.74177730963926 13
    endloop
  endfacet
  facet normal -0.7901550123756902 -0.6129070536529767 0
    outer loop
      vertex -24.51321492956091 -17.809893144461938 0
      vertex -23.34655125610642 -19.313946889385296 0
      vertex -23.34655125610642 -19.313946889385296 13
    endloop
  endfacet
  facet normal -0.6129070536529767 -0.7901550123756902 0
    outer loop
      vertex -19.313946889385296 -23.34655125610642 0
      vertex -17.809893144461938 -24.51321492956091 0
      vertex -17.809893144461938 -24.51321492956091 13
    endloop
  endfacet
  facet normal -0.661311865323653 -0.7501110696304586 0
    outer loop
      vertex -20.74177730963926 -22.087749410868774 0
      vertex -19.313946889385296 -23.34655125610642 0
      vertex -19.313946889385296 -23.34655125610642 13
    endloop
  endfacet
  facet normal -0.56208337785213 -0.8270805742745623 0
    outer loop
      vertex -17.809893144461938 -24.51321492956091 0
      vertex -16.235551887863604 -25.583136142711055 0
      vertex -16.235551887863604 -25.583136142711055 13
    endloop
  endfacet
  facet normal 0 0 -1
    outer loop
      vertex -24.51321492956091 -17.809893144461938 0
      vertex -25.583136142711055 -16.235551887863604 0
      vertex -23.894480291707023 -15.16389829790561 0
    endloop
  endfacet
  facet normal 0 0 -1
    outer loop
      vertex -25.583136142711055 -16.235551887863604 0
      vertex -24.799479045241338 -13.633628977078546 0
      vertex -23.894480291707023 -15.16389829790561 0
    endloop
  endfacet
  facet normal 0 0 -1
    outer loop
      vertex -26.552092405329063 -14.597136325281976 0
      vertex -24.799479045241338 -13.633628977078546 0
      vertex -25.583136142711055 -16.235551887863604 0
    endloop
  endfacet
  facet normal 0 0 -1
    outer loop
      vertex -26.552092405329063 -14.597136325281976 0
      vertex -25.606605584788355 -12.04955395129155 0
      vertex -24.799479045241338 -13.633628977078546 0
    endloop
  endfacet
  facet normal 0 0 -1
    outer loop
      vertex -27.416259689720395 -12.901112534421696 0
      vertex -26.312674550637517 -10.417924840976383 0
      vertex -26.552092405329063 -14.597136325281976 0
    endloop
  endfacet
  facet normal 0 0 -1
    outer loop
      vertex -27.416259689720395 -12.901112534421696 0
      vertex -26.914899411152845 -8.74518094081101 0
      vertex -26.312674550637517 -10.417924840976383 0
    endloop
  endfacet
  facet normal 0 0 -1
    outer loop
      vertex -27.416259689720395 -12.901112534421696 0
      vertex -28.17222752241402 -11.15417394634574 0
      vertex -27.41090345994026 -7.037923806765392 0
    endloop
  endfacet
  facet normal 0 0 -1
    outer loop
      vertex -27.416259689720395 -12.901112534421696 0
      vertex -27.41090345994026 -7.037923806765392 0
      vertex -26.914899411152845 -8.74518094081101 0
    endloop
  endfacet
  facet normal 0 0 -1
    outer loop
      vertex -26.552092405329063 -14.597136325281976 0
      vertex -26.312674550637517 -10.417924840976383 0
      vertex -25.606605584788355 -12.04955395129155 0
    endloop
  endfacet
  facet normal 0 0 -1
    outer loop
      vertex -28.817012443743153 -9.363214929560906 0
      vertex -28.076846047199723 -3.546930509869805 0
      vertex -28.17222752241402 -11.15417394634574 0
    endloop
  endfacet
  facet normal 0 0 -1
    outer loop
      vertex -28.817012443743153 -9.363214929560906 0
      vertex -28.244156414520084 -1.7769717026795657 0
      vertex -28.076846047199723 -3.546930509869805 0
    endloop
  endfacet
  facet normal 0 0 -1
    outer loop
      vertex -28.817012443743153 -9.363214929560906 0
      vertex -28.252860600934973 -1.5 0
      vertex -28.244156414520084 -1.7769717026795657 0
    endloop
  endfacet
  facet normal 0 0 -1
    outer loop
      vertex -28.817012443743153 -9.363214929560906 0
      vertex -28.3 0 0
      vertex -28.252860600934973 -1.5 0
    endloop
  endfacet
  facet normal 0 0 -1
    outer loop
      vertex -28.817012443743153 -9.363214929560906 0
      vertex -29.348069782197523 -7.535303581095103 0
      vertex -28.817012443743153 9.363214929560906 0
    endloop
  endfacet
  facet normal 0 0 -1
    outer loop
      vertex -28.817012443743153 -9.363214929560906 0
      vertex -28.252860600934973 1.5 0
      vertex -28.3 0 0
    endloop
  endfacet
  facet normal 0 0 -1
    outer loop
      vertex -29.763303697079266 -5.677653831947462 0
      vertex -30.06107544982868 -3.7975969769984133 0
      vertex -29.763303697079266 5.677653831947462 0
    endloop
  endfacet
  facet normal 0 0 -1
    outer loop
      vertex -29.348069782197523 -7.535303581095103 0
      vertex -29.763303697079266 -5.677653831947462 0
      vertex -29.348069782197523 7.535303581095103 0
    endloop
  endfacet
  facet normal 0 0 -1
    outer loop
      vertex -30.06107544982868 -3.7975969769984133 0
      vertex -30.240209871376628 -1.9025527417381922 0
      vertex -30.06107544982868 3.7975969769984133 0
    endloop
  endfacet
  facet normal 0 0 -1
    outer loop
      vertex -28.817012443743153 -9.363214929560906 0
      vertex -28.244156414520084 1.7769717026795657 0
      vertex -28.252860600934973 1.5 0
    endloop
  endfacet
  facet normal 0 0 -1
    outer loop
      vertex -28.17222752241402 -11.15417394634574 0
      vertex -27.79872919562189 -5.302891202776013 0
      vertex -27.41090345994026 -7.037923806765392 0
    endloop
  endfacet
  facet normal 0 0 -1
    outer loop
      vertex -28.17222752241402 -11.15417394634574 0
      vertex -28.076846047199723 -3.546930509869805 0
      vertex -27.79872919562189 -5.302891202776013 0
    endloop
  endfacet
  facet normal 0 0 -1
    outer loop
      vertex -24.51321492956091 -17.809893144461938 0
      vertex -23.894480291707023 -15.16389829790561 0
      vertex -22.895180940811013 -16.63432263987699 0
    endloop
  endfacet
  facet normal -0.9408807689542257 -0.33873792024529054 0
    outer loop
      vertex -28.817012443743153 -9.363214929560906 0
      vertex -28.17222752241402 -11.15417394634574 0
      vertex -28.17222752241402 -11.15417394634574 13
    endloop
  endfacet
  facet normal -0.9602936856769428 -0.27899110603923033 0
    outer loop
      vertex -28.817012443743153 -9.363214929560906 0
      vertex -28.817012443743153 -9.363214929560906 13
      vertex -29.348069782197523 -7.535303581095103 0
    endloop
  endfacet
  facet normal -0.8910065241883675 -0.4539904997395478 0
    outer loop
      vertex -27.416259689720395 -12.901112534421696 0
      vertex -26.552092405329063 -14.597136325281976 0
      vertex -26.552092405329063 -14.597136325281976 13
    endloop
  endfacet
  facet normal -0.8607420270039445 -0.5090414157503698 0
    outer loop
      vertex -26.552092405329063 -14.597136325281976 0
      vertex -25.583136142711055 -16.235551887863604 0
      vertex -25.583136142711055 -16.235551887863604 13
    endloop
  endfacet
  facet normal -0.9177546256839811 -0.3971478906347805 0
    outer loop
      vertex -27.416259689720395 -12.901112534421696 0
      vertex -27.416259689720395 -12.901112534421696 13
      vertex -28.17222752241402 -11.15417394634574 0
    endloop
  endfacet
  facet normal -0.9759167619387475 -0.21814324139654218 0
    outer loop
      vertex -29.348069782197523 -7.535303581095103 0
      vertex -29.348069782197523 -7.535303581095103 13
      vertex -29.763303697079266 -5.677653831947462 0
    endloop
  endfacet
  facet normal -0.9876883405951375 -0.15643446504023223 0
    outer loop
      vertex -29.763303697079266 -5.677653831947462 0
      vertex -29.763303697079266 -5.677653831947462 13
      vertex -30.06107544982868 -3.7975969769984133 0
    endloop
  endfacet
  facet normal -0.9955619646030802 -0.09410831331851245 0
    outer loop
      vertex -30.06107544982868 -3.7975969769984133 0
      vertex -30.06107544982868 -3.7975969769984133 13
      vertex -30.240209871376628 -1.9025527417381922 0
    endloop
  endfacet
  facet normal -0.9995065603657316 -0.031410759078128965 0
    outer loop
      vertex -30.240209871376628 -1.9025527417381922 0
      vertex -30.240209871376628 -1.9025527417381922 13
      vertex -30.3 0 0
    endloop
  endfacet
  facet normal 0 0 -1
    outer loop
      vertex -14.597136325281976 -26.552092405329063 0
      vertex -12.04955395129155 -25.606605584788355 0
      vertex -12.901112534421696 -27.416259689720395 0
    endloop
  endfacet
  facet normal 0 0 -1
    outer loop
      vertex -14.597136325281976 -26.552092405329063 0
      vertex -13.633628977078546 -24.799479045241338 0
      vertex -12.04955395129155 -25.606605584788355 0
    endloop
  endfacet
  facet normal 0 0 -1
    outer loop
      vertex -12.901112534421696 -27.416259689720395 0
      vertex -10.417924840976383 -26.312674550637517 0
      vertex -11.15417394634574 -28.17222752241402 0
    endloop
  endfacet
  facet normal 0 0 -1
    outer loop
      vertex -12.901112534421696 -27.416259689720395 0
      vertex -12.04955395129155 -25.606605584788355 0
      vertex -10.417924840976383 -26.312674550637517 0
    endloop
  endfacet
  facet normal 0 0 -1
    outer loop
      vertex -11.15417394634574 -28.17222752241402 0
      vertex -10.417924840976383 -26.312674550637517 0
      vertex -8.74518094081101 -26.914899411152845 0
    endloop
  endfacet
  facet normal 0 0 -1
    outer loop
      vertex -11.15417394634574 -28.17222752241402 0
      vertex -8.74518094081101 -26.914899411152845 0
      vertex -9.363214929560906 -28.817012443743153 0
    endloop
  endfacet
  facet normal 0 0 -1
    outer loop
      vertex -9.363214929560906 -28.817012443743153 0
      vertex -8.74518094081101 -26.914899411152845 0
      vertex -7.037923806765392 -27.41090345994026 0
    endloop
  endfacet
  facet normal 0 0 -1
    outer loop
      vertex -16.235551887863604 -25.583136142711055 0
      vertex -13.633628977078546 -24.799479045241338 0
      vertex -14.597136325281976 -26.552092405329063 0
    endloop
  endfacet
  facet normal 0 0 -1
    outer loop
      vertex -16.235551887863604 -25.583136142711055 0
      vertex -15.16389829790561 -23.894480291707023 0
      vertex -13.633628977078546 -24.799479045241338 0
    endloop
  endfacet
  facet normal 0 0 -1
    outer loop
      vertex -9.363214929560906 -28.817012443743153 0
      vertex -7.037923806765392 -27.41090345994026 0
      vertex -7.535303581095103 -29.348069782197523 0
    endloop
  endfacet
  facet normal 0 0 -1
    outer loop
      vertex -7.535303581095103 -29.348069782197523 0
      vertex -5.302891202776013 -27.79872919562189 0
      vertex -5.677653831947462 -29.763303697079266 0
    endloop
  endfacet
  facet normal 0 0 -1
    outer loop
      vertex -7.535303581095103 -29.348069782197523 0
      vertex -7.037923806765392 -27.41090345994026 0
      vertex -5.302891202776013 -27.79872919562189 0
    endloop
  endfacet
  facet normal 0 0 -1
    outer loop
      vertex -5.677653831947462 -29.763303697079266 0
      vertex -3.546930509869805 -28.076846047199723 0
      vertex -3.7975969769984133 -30.06107544982868 0
    endloop
  endfacet
  facet normal 0 0 -1
    outer loop
      vertex -5.677653831947462 -29.763303697079266 0
      vertex -5.302891202776013 -27.79872919562189 0
      vertex -3.546930509869805 -28.076846047199723 0
    endloop
  endfacet
  facet normal 0 0 -1
    outer loop
      vertex -3.7975969769984133 -30.06107544982868 0
      vertex -3.546930509869805 -28.076846047199723 0
      vertex -1.7769717026795795 -28.244156414520084 0
    endloop
  endfacet
  facet normal 0 0 -1
    outer loop
      vertex -3.7975969769984133 -30.06107544982868 0
      vertex -1.7769717026795795 -28.244156414520084 0
      vertex -1.902552741738207 -30.240209871376628 0
    endloop
  endfacet
  facet normal 0 0 -1
    outer loop
      vertex -1.902552741738207 -30.240209871376628 0
      vertex -1.7769717026795795 -28.244156414520084 0
      vertex 0 -28.3 0
    endloop
  endfacet
  facet normal 0 0 -1
    outer loop
      vertex -1.902552741738207 -30.240209871376628 0
      vertex 0 -28.3 0
      vertex 0 -30.3 0
    endloop
  endfacet
  facet normal -0.5090414157503698 -0.8607420270039445 0
    outer loop
      vertex -16.235551887863604 -25.583136142711055 0
      vertex -14.597136325281976 -26.552092405329063 0
      vertex -14.597136325281976 -26.552092405329063 13
    endloop
  endfacet
  facet normal -0.4539904997395478 -0.8910065241883675 0
    outer loop
      vertex -14.597136325281976 -26.552092405329063 0
      vertex -12.901112534421696 -27.416259689720395 0
      vertex -12.901112534421696 -27.416259689720395 13
    endloop
  endfacet
  facet normal -0.3971478906347805 -0.9177546256839811 0
    outer loop
      vertex -12.901112534421696 -27.416259689720395 0
      vertex -11.15417394634574 -28.17222752241402 0
      vertex -11.15417394634574 -28.17222752241402 13
    endloop
  endfacet
  facet normal -0.33873792024529054 -0.9408807689542257 0
    outer loop
      vertex -11.15417394634574 -28.17222752241402 0
      vertex -9.363214929560906 -28.817012443743153 0
      vertex -9.363214929560906 -28.817012443743153 13
    endloop
  endfacet
  facet normal -0.27899110603923033 -0.9602936856769428 0
    outer loop
      vertex -9.363214929560906 -28.817012443743153 0
      vertex -7.535303581095103 -29.348069782197523 0
      vertex -7.535303581095103 -29.348069782197523 13
    endloop
  endfacet
  facet normal -0.15643446504023223 -0.9876883405951375 0
    outer loop
      vertex -5.677653831947462 -29.763303697079266 0
      vertex -3.7975969769984133 -30.06107544982868 0
      vertex -3.7975969769984133 -30.06107544982868 13
    endloop
  endfacet
  facet normal -0.21814324139654218 -0.9759167619387475 0
    outer loop
      vertex -7.535303581095103 -29.348069782197523 0
      vertex -5.677653831947462 -29.763303697079266 0
      vertex -5.677653831947462 -29.763303697079266 13
    endloop
  endfacet
  facet normal -0.09410831331851317 -0.9955619646030801 0
    outer loop
      vertex -3.7975969769984133 -30.06107544982868 0
      vertex -1.902552741738207 -30.240209871376628 0
      vertex -1.902552741738207 -30.240209871376628 13
    endloop
  endfacet
  facet normal -0.03141075907812872 -0.9995065603657316 0
    outer loop
      vertex -1.902552741738207 -30.240209871376628 0
      vertex 0 -30.3 0
      vertex 0 -30.3 13
    endloop
  endfacet
  facet normal -0.661311865323653 -0.7501110696304586 0
    outer loop
      vertex -20.74177730963926 -22.087749410868774 0
      vertex -19.313946889385296 -23.34655125610642 13
      vertex -20.74177730963926 -22.087749410868774 13
    endloop
  endfacet
  facet normal -0.7501110696304586 -0.661311865323653 0
    outer loop
      vertex -23.34655125610642 -19.313946889385296 0
      vertex -22.087749410868774 -20.74177730963926 13
      vertex -23.34655125610642 -19.313946889385296 13
    endloop
  endfacet
  facet normal -0.7901550123756902 -0.6129070536529767 0
    outer loop
      vertex -24.51321492956091 -17.809893144461938 0
      vertex -23.34655125610642 -19.313946889385296 13
      vertex -24.51321492956091 -17.809893144461938 13
    endloop
  endfacet
  facet normal -0.7071067811865475 -0.7071067811865475 0
    outer loop
      vertex -22.087749410868774 -20.74177730963926 0
      vertex -20.74177730963926 -22.087749410868774 13
      vertex -22.087749410868774 -20.74177730963926 13
    endloop
  endfacet
  facet normal -0.6129070536529767 -0.7901550123756902 0
    outer loop
      vertex -19.313946889385296 -23.34655125610642 0
      vertex -17.809893144461938 -24.51321492956091 13
      vertex -19.313946889385296 -23.34655125610642 13
    endloop
  endfacet
  facet normal -0.56208337785213 -0.8270805742745623 0
    outer loop
      vertex -17.809893144461938 -24.51321492956091 0
      vertex -16.235551887863604 -25.583136142711055 13
      vertex -17.809893144461938 -24.51321492956091 13
    endloop
  endfacet
  facet normal -0.9408807689542257 -0.33873792024529054 0
    outer loop
      vertex -28.817012443743153 -9.363214929560906 0
      vertex -28.17222752241402 -11.15417394634574 13
      vertex -28.817012443743153 -9.363214929560906 13
    endloop
  endfacet
  facet normal -0.8910065241883675 -0.4539904997395478 0
    outer loop
      vertex -27.416259689720395 -12.901112534421696 0
      vertex -26.552092405329063 -14.597136325281976 13
      vertex -27.416259689720395 -12.901112534421696 13
    endloop
  endfacet
  facet normal -0.8607420270039445 -0.5090414157503698 0
    outer loop
      vertex -26.552092405329063 -14.597136325281976 0
      vertex -25.583136142711055 -16.235551887863604 13
      vertex -26.552092405329063 -14.597136325281976 13
    endloop
  endfacet
  facet normal -0.8270805742745623 -0.56208337785213 0
    outer loop
      vertex -25.583136142711055 -16.235551887863604 0
      vertex -24.51321492956091 -17.809893144461938 13
      vertex -25.583136142711055 -16.235551887863604 13
    endloop
  endfacet
  facet normal -0.9177546256839811 -0.3971478906347805 0
    outer loop
      vertex -28.17222752241402 -11.15417394634574 0
      vertex -27.416259689720395 -12.901112534421696 13
      vertex -28.17222752241402 -11.15417394634574 13
    endloop
  endfacet
  facet normal -0.9602936856769428 -0.27899110603923033 0
    outer loop
      vertex -29.348069782197523 -7.535303581095103 0
      vertex -28.817012443743153 -9.363214929560906 13
      vertex -29.348069782197523 -7.535303581095103 13
    endloop
  endfacet
  facet normal -0.9759167619387475 -0.21814324139654218 0
    outer loop
      vertex -29.763303697079266 -5.677653831947462 0
      vertex -29.348069782197523 -7.535303581095103 13
      vertex -29.763303697079266 -5.677653831947462 13
    endloop
  endfacet
  facet normal -0.9876883405951375 -0.15643446504023223 0
    outer loop
      vertex -30.06107544982868 -3.7975969769984133 0
      vertex -29.763303697079266 -5.677653831947462 13
      vertex -30.06107544982868 -3.7975969769984133 13
    endloop
  endfacet
  facet normal -0.9955619646030802 -0.09410831331851245 0
    outer loop
      vertex -30.240209871376628 -1.9025527417381922 0
      vertex -30.06107544982868 -3.7975969769984133 13
      vertex -30.240209871376628 -1.9025527417381922 13
    endloop
  endfacet
  facet normal -0.9995065603657316 -0.031410759078128965 0
    outer loop
      vertex -30.240209871376628 -1.9025527417381922 13
      vertex -30.3 0 13
      vertex -30.3 0 0
    endloop
  endfacet
  facet normal -0.5090414157503698 -0.8607420270039445 0
    outer loop
      vertex -16.235551887863604 -25.583136142711055 0
      vertex -14.597136325281976 -26.552092405329063 13
      vertex -16.235551887863604 -25.583136142711055 13
    endloop
  endfacet
  facet normal -0.4539904997395478 -0.8910065241883675 0
    outer loop
      vertex -14.597136325281976 -26.552092405329063 0
      vertex -12.901112534421696 -27.416259689720395 13
      vertex -14.597136325281976 -26.552092405329063 13
    endloop
  endfacet
  facet normal -0.3971478906347805 -0.9177546256839811 0
    outer loop
      vertex -12.901112534421696 -27.416259689720395 0
      vertex -11.15417394634574 -28.17222752241402 13
      vertex -12.901112534421696 -27.416259689720395 13
    endloop
  endfacet
  facet normal -0.33873792024529054 -0.9408807689542257 0
    outer loop
      vertex -11.15417394634574 -28.17222752241402 0
      vertex -9.363214929560906 -28.817012443743153 13
      vertex -11.15417394634574 -28.17222752241402 13
    endloop
  endfacet
  facet normal -0.27899110603923033 -0.9602936856769428 0
    outer loop
      vertex -9.363214929560906 -28.817012443743153 0
      vertex -7.535303581095103 -29.348069782197523 13
      vertex -9.363214929560906 -28.817012443743153 13
    endloop
  endfacet
  facet normal -0.21814324139654218 -0.9759167619387475 0
    outer loop
      vertex -7.535303581095103 -29.348069782197523 0
      vertex -5.677653831947462 -29.763303697079266 13
      vertex -7.535303581095103 -29.348069782197523 13
    endloop
  endfacet
  facet normal -0.15643446504023223 -0.9876883405951375 0
    outer loop
      vertex -5.677653831947462 -29.763303697079266 0
      vertex -3.7975969769984133 -30.06107544982868 13
      vertex -5.677653831947462 -29.763303697079266 13
    endloop
  endfacet
  facet normal -0.09410831331851383 -0.9955619646030802 0
    outer loop
      vertex -3.7975969769984133 -30.06107544982868 0
      vertex -2 -30.230998393398774 13
      vertex -3.7975969769984133 -30.06107544982868 13
    endloop
  endfacet
  facet normal -0.09410831331850127 -0.9955619646030812 -1.7450004558031841e-15
    outer loop
      vertex -3.7975969769984133 -30.06107544982868 0
      vertex -1.902552741738207 -30.240209871376628 13
      vertex -2 -30.230998393398774 13
    endloop
  endfacet
  facet normal -0.03141075907812872 -0.9995065603657316 0
    outer loop
      vertex -1.902552741738207 -30.240209871376628 0
      vertex 0 -30.3 13
      vertex -1.902552741738207 -30.240209871376628 13
    endloop
  endfacet
  facet normal 0 0 -1
    outer loop
      vertex -30.240209871376628 -1.9025527417381922 0
      vertex -30.3 0 0
      vertex -30.240209871376628 1.9025527417381922 0
    endloop
  endfacet
  facet normal 0 0 -1
    outer loop
      vertex -30.240209871376628 -1.9025527417381922 0
      vertex -30.240209871376628 1.9025527417381922 0
      vertex -30.06107544982868 3.7975969769984133 0
    endloop
  endfacet
  facet normal 0 0 -1
    outer loop
      vertex -30.06107544982868 -3.7975969769984133 0
      vertex -30.06107544982868 3.7975969769984133 0
      vertex -29.763303697079266 5.677653831947462 0
    endloop
  endfacet
  facet normal 0 0 -1
    outer loop
      vertex -28.817012443743153 -9.363214929560906 0
      vertex -28.17222752241402 11.15417394634574 0
      vertex -28.244156414520084 1.7769717026795657 0
    endloop
  endfacet
  facet normal 0 0 -1
    outer loop
      vertex -29.763303697079266 -5.677653831947462 0
      vertex -29.763303697079266 5.677653831947462 0
      vertex -29.348069782197523 7.535303581095103 0
    endloop
  endfacet
  facet normal 0 0 -1
    outer loop
      vertex -29.348069782197523 -7.535303581095103 0
      vertex -29.348069782197523 7.535303581095103 0
      vertex -28.817012443743153 9.363214929560906 0
    endloop
  endfacet
  facet normal 0 0 -1
    outer loop
      vertex -28.817012443743153 -9.363214929560906 0
      vertex -28.817012443743153 9.363214929560906 0
      vertex -28.17222752241402 11.15417394634574 0
    endloop
  endfacet
  facet normal 0 0 -1
    outer loop
      vertex -28.244156414520084 1.7769717026795657 0
      vertex -28.17222752241402 11.15417394634574 0
      vertex -28.076846047199723 3.546930509869805 0
    endloop
  endfacet
  facet normal 0 0 -1
    outer loop
      vertex -28.076846047199723 3.546930509869805 0
      vertex -28.17222752241402 11.15417394634574 0
      vertex -27.79872919562189 5.302891202776013 0
    endloop
  endfacet
  facet normal 0 0 -1
    outer loop
      vertex -27.79872919562189 5.302891202776013 0
      vertex -27.416259689720395 12.901112534421696 0
      vertex -27.41090345994026 7.037923806765392 0
    endloop
  endfacet
  facet normal 0 0 -1
    outer loop
      vertex -27.79872919562189 5.302891202776013 0
      vertex -28.17222752241402 11.15417394634574 0
      vertex -27.416259689720395 12.901112534421696 0
    endloop
  endfacet
  facet normal 0 0 -1
    outer loop
      vertex -27.41090345994026 7.037923806765392 0
      vertex -27.416259689720395 12.901112534421696 0
      vertex -26.914899411152845 8.74518094081101 0
    endloop
  endfacet
  facet normal 0 0 -1
    outer loop
      vertex -26.914899411152845 8.74518094081101 0
      vertex -26.552092405329063 14.597136325281976 0
      vertex -26.312674550637517 10.417924840976383 0
    endloop
  endfacet
  facet normal 0 0 -1
    outer loop
      vertex -26.914899411152845 8.74518094081101 0
      vertex -27.416259689720395 12.901112534421696 0
      vertex -26.552092405329063 14.597136325281976 0
    endloop
  endfacet
  facet normal 0 0 -1
    outer loop
      vertex -26.312674550637517 10.417924840976383 0
      vertex -25.583136142711055 16.235551887863604 0
      vertex -25.606605584788355 12.04955395129155 0
    endloop
  endfacet
  facet normal 0 0 -1
    outer loop
      vertex -26.312674550637517 10.417924840976383 0
      vertex -26.552092405329063 14.597136325281976 0
      vertex -25.583136142711055 16.235551887863604 0
    endloop
  endfacet
  facet normal 0 0 -1
    outer loop
      vertex -25.606605584788355 12.04955395129155 0
      vertex -25.583136142711055 16.235551887863604 0
      vertex -24.799479045241338 13.633628977078546 0
    endloop
  endfacet
  facet normal 0 0 -1
    outer loop
      vertex -24.799479045241338 13.633628977078546 0
      vertex -25.583136142711055 16.235551887863604 0
      vertex -24.51321492956091 17.809893144461938 0
    endloop
  endfacet
  facet normal 0 0 -1
    outer loop
      vertex -24.799479045241338 13.633628977078546 0
      vertex -24.51321492956091 17.809893144461938 0
      vertex -23.894480291707023 15.16389829790561 0
    endloop
  endfacet
  facet normal 0 0 -1
    outer loop
      vertex -23.894480291707023 15.16389829790561 0
      vertex -23.34655125610642 19.313946889385296 0
      vertex -22.895180940811013 16.63432263987699 0
    endloop
  endfacet
  facet normal -0.9995065603657316 0.031410759078128965 0
    outer loop
      vertex -30.3 0 0
      vertex -30.3 0 13
      vertex -30.240209871376628 1.9025527417381922 0
    endloop
  endfacet
  facet normal -0.9955619646030802 0.09410831331851245 0
    outer loop
      vertex -30.240209871376628 1.9025527417381922 0
      vertex -30.240209871376628 1.9025527417381922 13
      vertex -30.06107544982868 3.7975969769984133 0
    endloop
  endfacet
  facet normal -0.9876883405951375 0.15643446504023223 0
    outer loop
      vertex -30.06107544982868 3.7975969769984133 0
      vertex -30.06107544982868 3.7975969769984133 13
      vertex -29.763303697079266 5.677653831947462 0
    endloop
  endfacet
  facet normal -0.9759167619387475 0.21814324139654218 0
    outer loop
      vertex -29.763303697079266 5.677653831947462 0
      vertex -29.763303697079266 5.677653831947462 13
      vertex -29.348069782197523 7.535303581095103 0
    endloop
  endfacet
  facet normal -0.9602936856769428 0.27899110603923033 0
    outer loop
      vertex -29.348069782197523 7.535303581095103 0
      vertex -29.348069782197523 7.535303581095103 13
      vertex -28.817012443743153 9.363214929560906 0
    endloop
  endfacet
  facet normal -0.9408807689542257 0.33873792024529054 0
    outer loop
      vertex -28.817012443743153 9.363214929560906 0
      vertex -28.817012443743153 9.363214929560906 13
      vertex -28.17222752241402 11.15417394634574 0
    endloop
  endfacet
  facet normal -0.9177546256839811 0.3971478906347805 0
    outer loop
      vertex -28.17222752241402 11.15417394634574 0
      vertex -28.17222752241402 11.15417394634574 13
      vertex -27.416259689720395 12.901112534421696 0
    endloop
  endfacet
  facet normal -0.8910065241883675 0.4539904997395478 0
    outer loop
      vertex -27.416259689720395 12.901112534421696 0
      vertex -27.416259689720395 12.901112534421696 13
      vertex -26.552092405329063 14.597136325281976 0
    endloop
  endfacet
  facet normal -0.8607420270039445 0.5090414157503698 0
    outer loop
      vertex -26.552092405329063 14.597136325281976 0
      vertex -26.552092405329063 14.597136325281976 13
      vertex -25.583136142711055 16.235551887863604 0
    endloop
  endfacet
  facet normal -0.8270805742745623 0.56208337785213 0
    outer loop
      vertex -25.583136142711055 16.235551887863604 0
      vertex -25.583136142711055 16.235551887863604 13
      vertex -24.51321492956091 17.809893144461938 0
    endloop
  endfacet
  facet normal 0 0 -1
    outer loop
      vertex -23.894480291707023 15.16389829790561 0
      vertex -24.51321492956091 17.809893144461938 0
      vertex -23.34655125610642 19.313946889385296 0
    endloop
  endfacet
  facet normal 0 0 -1
    outer loop
      vertex -22.895180940811013 16.63432263987699 0
      vertex -23.34655125610642 19.313946889385296 0
      vertex -22.087749410868774 20.74177730963926 0
    endloop
  endfacet
  facet normal 0 0 -1
    outer loop
      vertex -22.895180940811013 16.63432263987699 0
      vertex -22.087749410868774 20.74177730963926 0
      vertex -21.80552477055484 18.03909890988792 0
    endloop
  endfacet
  facet normal 0 0 -1
    outer loop
      vertex -21.80552477055484 18.03909890988792 0
      vertex -22.087749410868774 20.74177730963926 0
      vertex -20.74177730963926 22.087749410868774 0
    endloop
  endfacet
  facet normal 0 0 -1
    outer loop
      vertex -21.80552477055484 18.03909890988792 0
      vertex -20.74177730963926 22.087749410868774 0
      vertex -20.62981215602595 19.372683097781884 0
    endloop
  endfacet
  facet normal 0 0 -1
    outer loop
      vertex -20.62981215602595 19.372683097781884 0
      vertex -20.74177730963926 22.087749410868774 0
      vertex -19.313946889385296 23.34655125610642 0
    endloop
  endfacet
  facet normal 0 0 -1
    outer loop
      vertex -20.62981215602595 19.372683097781884 0
      vertex -19.313946889385296 23.34655125610642 0
      vertex -19.372683097781884 20.62981215602595 0
    endloop
  endfacet
  facet normal 0 0 -1
    outer loop
      vertex -19.372683097781884 20.62981215602595 0
      vertex -19.313946889385296 23.34655125610642 0
      vertex -18.03909890988792 21.80552477055484 0
    endloop
  endfacet
  facet normal 0 0 -1
    outer loop
      vertex -19.313946889385296 23.34655125610642 0
      vertex -17.809893144461938 24.51321492956091 0
      vertex -18.03909890988792 21.80552477055484 0
    endloop
  endfacet
  facet normal 0 0 -1
    outer loop
      vertex -18.03909890988792 21.80552477055484 0
      vertex -17.809893144461938 24.51321492956091 0
      vertex -16.63432263987699 22.895180940811013 0
    endloop
  endfacet
  facet normal 0 0 -1
    outer loop
      vertex -16.63432263987699 22.895180940811013 0
      vertex -17.809893144461938 24.51321492956091 0
      vertex -16.235551887863604 25.583136142711055 0
    endloop
  endfacet
  facet normal -0.7901550123756902 0.6129070536529767 0
    outer loop
      vertex -24.51321492956091 17.809893144461938 0
      vertex -24.51321492956091 17.809893144461938 13
      vertex -23.34655125610642 19.313946889385296 0
    endloop
  endfacet
  facet normal -0.7501110696304586 0.661311865323653 0
    outer loop
      vertex -23.34655125610642 19.313946889385296 0
      vertex -23.34655125610642 19.313946889385296 13
      vertex -22.087749410868774 20.74177730963926 0
    endloop
  endfacet
  facet normal -0.7071067811865475 0.7071067811865475 0
    outer loop
      vertex -22.087749410868774 20.74177730963926 0
      vertex -22.087749410868774 20.74177730963926 13
      vertex -20.74177730963926 22.087749410868774 0
    endloop
  endfacet
  facet normal -0.661311865323653 0.7501110696304586 0
    outer loop
      vertex -20.74177730963926 22.087749410868774 0
      vertex -20.74177730963926 22.087749410868774 13
      vertex -19.313946889385296 23.34655125610642 0
    endloop
  endfacet
  facet normal -0.6129070536529767 0.7901550123756902 0
    outer loop
      vertex -19.313946889385296 23.34655125610642 0
      vertex -19.313946889385296 23.34655125610642 13
      vertex -17.809893144461938 24.51321492956091 0
    endloop
  endfacet
  facet normal -0.56208337785213 0.8270805742745623 0
    outer loop
      vertex -17.809893144461938 24.51321492956091 0
      vertex -17.809893144461938 24.51321492956091 13
      vertex -16.235551887863604 25.583136142711055 0
    endloop
  endfacet
  facet normal 0 0 -1
    outer loop
      vertex -16.63432263987699 22.895180940811013 0
      vertex -16.235551887863604 25.583136142711055 0
      vertex -15.16389829790561 23.894480291707023 0
    endloop
  endfacet
  facet normal 0 0 -1
    outer loop
      vertex -16.235551887863604 25.583136142711055 0
      vertex -14.597136325281971 26.552092405329066 0
      vertex -15.16389829790561 23.894480291707023 0
    endloop
  endfacet
  facet normal 0 0 -1
    outer loop
      vertex -15.16389829790561 23.894480291707023 0
      vertex -14.597136325281971 26.552092405329066 0
      vertex -13.63362897707854 24.79947904524134 0
    endloop
  endfacet
  facet normal 0 0 -1
    outer loop
      vertex -13.63362897707854 24.79947904524134 0
      vertex -14.597136325281971 26.552092405329066 0
      vertex -12.901112534421703 27.41625968972039 0
    endloop
  endfacet
  facet normal 0 0 -1
    outer loop
      vertex -13.63362897707854 24.79947904524134 0
      vertex -12.901112534421703 27.41625968972039 0
      vertex -12.049553951291559 25.60660558478835 0
    endloop
  endfacet
  facet normal 0 0 -1
    outer loop
      vertex -12.049553951291559 25.60660558478835 0
      vertex -11.15417394634574 28.17222752241402 0
      vertex -10.417924840976383 26.312674550637517 0
    endloop
  endfacet
  facet normal 0 0 -1
    outer loop
      vertex -12.049553951291559 25.60660558478835 0
      vertex -12.901112534421703 27.41625968972039 0
      vertex -11.15417394634574 28.17222752241402 0
    endloop
  endfacet
  facet normal 0 0 -1
    outer loop
      vertex -10.417924840976383 26.312674550637517 0
      vertex -11.15417394634574 28.17222752241402 0
      vertex -9.363214929560906 28.817012443743153 0
    endloop
  endfacet
  facet normal 0 0 -1
    outer loop
      vertex -10.417924840976383 26.312674550637517 0
      vertex -9.363214929560906 28.817012443743153 0
      vertex -8.74518094081101 26.914899411152845 0
    endloop
  endfacet
  facet normal 0 0 -1
    outer loop
      vertex -8.74518094081101 26.914899411152845 0
      vertex -9.363214929560906 28.817012443743153 0
      vertex -7.535303581095103 29.348069782197523 0
    endloop
  endfacet
  facet normal 0 0 -1
    outer loop
      vertex -8.74518094081101 26.914899411152845 0
      vertex -7.535303581095103 29.348069782197523 0
      vertex -7.037923806765392 27.41090345994026 0
    endloop
  endfacet
  facet normal 0 0 -1
    outer loop
      vertex -7.037923806765392 27.41090345994026 0
      vertex -7.535303581095103 29.348069782197523 0
      vertex -5.677653831947454 29.76330369707927 0
    endloop
  endfacet
  facet normal 0 0 -1
    outer loop
      vertex -7.037923806765392 27.41090345994026 0
      vertex -5.677653831947454 29.76330369707927 0
      vertex -5.302891202776006 27.798729195621892 0
    endloop
  endfacet
  facet normal 0 0 -1
    outer loop
      vertex -5.302891202776006 27.798729195621892 0
      vertex -3.79759697699842 30.06107544982868 0
      vertex -3.5469305098698114 28.076846047199723 0
    endloop
  endfacet
  facet normal 0 0 -1
    outer loop
      vertex -5.302891202776006 27.798729195621892 0
      vertex -5.677653831947454 29.76330369707927 0
      vertex -3.79759697699842 30.06107544982868 0
    endloop
  endfacet
  facet normal 0 0 -1
    outer loop
      vertex -3.5469305098698114 28.076846047199723 0
      vertex -3.79759697699842 30.06107544982868 0
      vertex -1.9025527417381922 30.240209871376628 0
    endloop
  endfacet
  facet normal 0 0 -1
    outer loop
      vertex -3.5469305098698114 28.076846047199723 0
      vertex -1.9025527417381922 30.240209871376628 0
      vertex -1.7769717026795657 28.244156414520084 0
    endloop
  endfacet
  facet normal 0 0 -1
    outer loop
      vertex -1.7769717026795657 28.244156414520084 0
      vertex -1.9025527417381922 30.240209871376628 0
      vertex 0 30.3 0
    endloop
  endfacet
  facet normal 0 0 -1
    outer loop
      vertex -1.7769717026795657 28.244156414520084 0
      vertex 0 30.3 0
      vertex 0 28.3 0
    endloop
  endfacet
  facet normal -0.50904141575037 0.8607420270039445 0
    outer loop
      vertex -16.235551887863604 25.583136142711055 0
      vertex -16.235551887863604 25.583136142711055 13
      vertex -14.597136325281971 26.552092405329066 0
    endloop
  endfacet
  facet normal -0.4539904997395475 0.8910065241883676 0
    outer loop
      vertex -14.597136325281971 26.552092405329066 0
      vertex -14.597136325281971 26.552092405329066 13
      vertex -12.901112534421703 27.41625968972039 0
    endloop
  endfacet
  facet normal -0.39714789063478073 0.917754625683981 0
    outer loop
      vertex -12.901112534421703 27.41625968972039 0
      vertex -12.901112534421703 27.41625968972039 13
      vertex -11.15417394634574 28.17222752241402 0
    endloop
  endfacet
  facet normal -0.33873792024529054 0.9408807689542257 0
    outer loop
      vertex -11.15417394634574 28.17222752241402 0
      vertex -11.15417394634574 28.17222752241402 13
      vertex -9.363214929560906 28.817012443743153 0
    endloop
  endfacet
  facet normal -0.27899110603923033 0.9602936856769428 0
    outer loop
      vertex -9.363214929560906 28.817012443743153 0
      vertex -9.363214929560906 28.817012443743153 13
      vertex -7.535303581095103 29.348069782197523 0
    endloop
  endfacet
  facet normal -0.21814324139654306 0.9759167619387473 0
    outer loop
      vertex -7.535303581095103 29.348069782197523 0
      vertex -7.535303581095103 29.348069782197523 13
      vertex -5.677653831947454 29.76330369707927 0
    endloop
  endfacet
  facet normal -0.15643446504023162 0.9876883405951377 0
    outer loop
      vertex -5.677653831947454 29.76330369707927 0
      vertex -5.677653831947454 29.76330369707927 13
      vertex -3.79759697699842 30.06107544982868 0
    endloop
  endfacet
  facet normal -0.09410831331851212 0.9955619646030802 0
    outer loop
      vertex -3.79759697699842 30.06107544982868 0
      vertex -3.79759697699842 30.06107544982868 13
      vertex -1.9025527417381922 30.240209871376628 0
    endloop
  endfacet
  facet normal -0.031410759078128965 0.9995065603657316 0
    outer loop
      vertex -1.9025527417381922 30.240209871376628 0
      vertex -1.9025527417381922 30.240209871376628 13
      vertex 0 30.3 0
    endloop
  endfacet
  facet normal -0.9995065603657316 0.031410759078128965 0
    outer loop
      vertex -30.240209871376628 1.9025527417381922 0
      vertex -30.3 0 13
      vertex -30.240209871376628 1.9025527417381922 13
    endloop
  endfacet
  facet normal -0.9955619646030802 0.09410831331851245 0
    outer loop
      vertex -30.06107544982868 3.7975969769984133 0
      vertex -30.240209871376628 1.9025527417381922 13
      vertex -30.06107544982868 3.7975969769984133 13
    endloop
  endfacet
  facet normal -0.9876883405951375 0.15643446504023223 0
    outer loop
      vertex -29.763303697079266 5.677653831947462 0
      vertex -30.06107544982868 3.7975969769984133 13
      vertex -29.763303697079266 5.677653831947462 13
    endloop
  endfacet
  facet normal -0.9759167619387475 0.21814324139654218 0
    outer loop
      vertex -29.348069782197523 7.535303581095103 0
      vertex -29.763303697079266 5.677653831947462 13
      vertex -29.348069782197523 7.535303581095103 13
    endloop
  endfacet
  facet normal -0.9602936856769428 0.27899110603923033 0
    outer loop
      vertex -28.817012443743153 9.363214929560906 0
      vertex -29.348069782197523 7.535303581095103 13
      vertex -28.817012443743153 9.363214929560906 13
    endloop
  endfacet
  facet normal -0.9408807689542257 0.33873792024529054 0
    outer loop
      vertex -28.17222752241402 11.15417394634574 0
      vertex -28.817012443743153 9.363214929560906 13
      vertex -28.17222752241402 11.15417394634574 13
    endloop
  endfacet
  facet normal -0.9177546256839811 0.3971478906347805 0
    outer loop
      vertex -27.416259689720395 12.901112534421696 0
      vertex -28.17222752241402 11.15417394634574 13
      vertex -27.416259689720395 12.901112534421696 13
    endloop
  endfacet
  facet normal -0.8910065241883675 0.4539904997395478 0
    outer loop
      vertex -26.552092405329063 14.597136325281976 0
      vertex -27.416259689720395 12.901112534421696 13
      vertex -26.552092405329063 14.597136325281976 13
    endloop
  endfacet
  facet normal -0.8607420270039445 0.5090414157503698 0
    outer loop
      vertex -25.583136142711055 16.235551887863604 0
      vertex -26.552092405329063 14.597136325281976 13
      vertex -25.583136142711055 16.235551887863604 13
    endloop
  endfacet
  facet normal -0.8270805742745623 0.56208337785213 0
    outer loop
      vertex -24.51321492956091 17.809893144461938 0
      vertex -25.583136142711055 16.235551887863604 13
      vertex -24.51321492956091 17.809893144461938 13
    endloop
  endfacet
  facet normal -0.7901550123756902 0.6129070536529767 0
    outer loop
      vertex -23.34655125610642 19.313946889385296 0
      vertex -24.51321492956091 17.809893144461938 13
      vertex -23.34655125610642 19.313946889385296 13
    endloop
  endfacet
  facet normal -0.7501110696304586 0.661311865323653 0
    outer loop
      vertex -22.087749410868774 20.74177730963926 0
      vertex -23.34655125610642 19.313946889385296 13
      vertex -22.087749410868774 20.74177730963926 13
    endloop
  endfacet
  facet normal -0.7071067811865475 0.7071067811865475 0
    outer loop
      vertex -20.74177730963926 22.087749410868774 0
      vertex -22.087749410868774 20.74177730963926 13
      vertex -20.74177730963926 22.087749410868774 13
    endloop
  endfacet
  facet normal -0.661311865323653 0.7501110696304586 0
    outer loop
      vertex -19.313946889385296 23.34655125610642 0
      vertex -20.74177730963926 22.087749410868774 13
      vertex -19.313946889385296 23.34655125610642 13
    endloop
  endfacet
  facet normal -0.6129070536529767 0.7901550123756902 0
    outer loop
      vertex -17.809893144461938 24.51321492956091 0
      vertex -19.313946889385296 23.34655125610642 13
      vertex -17.809893144461938 24.51321492956091 13
    endloop
  endfacet
  facet normal -0.56208337785213 0.8270805742745623 0
    outer loop
      vertex -16.235551887863604 25.583136142711055 0
      vertex -17.809893144461938 24.51321492956091 13
      vertex -16.235551887863604 25.583136142711055 13
    endloop
  endfacet
  facet normal -0.50904141575037 0.8607420270039445 0
    outer loop
      vertex -14.597136325281971 26.552092405329066 0
      vertex -16.235551887863604 25.583136142711055 13
      vertex -14.597136325281971 26.552092405329066 13
    endloop
  endfacet
  facet normal -0.4539904997395475 0.8910065241883676 0
    outer loop
      vertex -12.901112534421703 27.41625968972039 0
      vertex -14.597136325281971 26.552092405329066 13
      vertex -12.901112534421703 27.41625968972039 13
    endloop
  endfacet
  facet normal -0.39714789063478073 0.917754625683981 0
    outer loop
      vertex -11.15417394634574 28.17222752241402 0
      vertex -12.901112534421703 27.41625968972039 13
      vertex -11.15417394634574 28.17222752241402 13
    endloop
  endfacet
  facet normal -0.33873792024529054 0.9408807689542257 0
    outer loop
      vertex -9.363214929560906 28.817012443743153 0
      vertex -11.15417394634574 28.17222752241402 13
      vertex -9.363214929560906 28.817012443743153 13
    endloop
  endfacet
  facet normal -0.27899110603923033 0.9602936856769428 0
    outer loop
      vertex -7.535303581095103 29.348069782197523 0
      vertex -9.363214929560906 28.817012443743153 13
      vertex -7.535303581095103 29.348069782197523 13
    endloop
  endfacet
  facet normal -0.21814324139654306 0.9759167619387473 0
    outer loop
      vertex -5.677653831947454 29.76330369707927 0
      vertex -7.535303581095103 29.348069782197523 13
      vertex -5.677653831947454 29.76330369707927 13
    endloop
  endfacet
  facet normal -0.15643446504023162 0.9876883405951377 0
    outer loop
      vertex -3.79759697699842 30.06107544982868 0
      vertex -5.677653831947454 29.76330369707927 13
      vertex -3.79759697699842 30.06107544982868 13
    endloop
  endfacet
  facet normal -0.09410831331851151 0.9955619646030802 8.75013136092226e-17
    outer loop
      vertex -1.9025527417381922 30.240209871376628 0
      vertex -3.79759697699842 30.06107544982868 13
      vertex -2 30.23099839339877 13
    endloop
  endfacet
  facet normal -0.09410831331852308 0.9955619646030791 0
    outer loop
      vertex -1.9025527417381922 30.240209871376628 0
      vertex -2 30.23099839339877 13
      vertex -1.9025527417381922 30.240209871376628 13
    endloop
  endfacet
  facet normal -0.031410759078128965 0.9995065603657316 0
    outer loop
      vertex -1.9025527417381922 30.240209871376628 13
      vertex 0 30.3 13
      vertex 0 30.3 0
    endloop
  endfacet
  facet normal 0 0 -1
    outer loop
      vertex 0 -30.3 0
      vertex 0 -28.3 0
      vertex 1.7769717026795795 -28.244156414520084 0
    endloop
  endfacet
  facet normal 0 0 -1
    outer loop
      vertex 0 -30.3 0
      vertex 1.7769717026795795 -28.244156414520084 0
      vertex 1.902552741738207 -30.240209871376628 0
    endloop
  endfacet
  facet normal 0 0 -1
    outer loop
      vertex 1.902552741738207 -30.240209871376628 0
      vertex 1.7769717026795795 -28.244156414520084 0
      vertex 3.546930509869805 -28.076846047199723 0
    endloop
  endfacet
  facet normal 0 0 -1
    outer loop
      vertex 1.902552741738207 -30.240209871376628 0
      vertex 3.546930509869805 -28.076846047199723 0
      vertex 3.7975969769984133 -30.06107544982868 0
    endloop
  endfacet
  facet normal 0 0 -1
    outer loop
      vertex 3.7975969769984133 -30.06107544982868 0
      vertex 5.302891202776013 -27.79872919562189 0
      vertex 5.677653831947462 -29.763303697079266 0
    endloop
  endfacet
  facet normal 0 0 -1
    outer loop
      vertex 3.7975969769984133 -30.06107544982868 0
      vertex 3.546930509869805 -28.076846047199723 0
      vertex 5.302891202776013 -27.79872919562189 0
    endloop
  endfacet
  facet normal 0 0 -1
    outer loop
      vertex 5.677653831947462 -29.763303697079266 0
      vertex 5.302891202776013 -27.79872919562189 0
      vertex 7.037923806765381 -27.410903459940265 0
    endloop
  endfacet
  facet normal 0 0 -1
    outer loop
      vertex 5.677653831947462 -29.763303697079266 0
      vertex 7.037923806765381 -27.410903459940265 0
      vertex 7.535303581095089 -29.348069782197527 0
    endloop
  endfacet
  facet normal 0 0 -1
    outer loop
      vertex 7.535303581095089 -29.348069782197527 0
      vertex 7.037923806765381 -27.410903459940265 0
      vertex 8.74518094081101 -26.914899411152845 0
    endloop
  endfacet
  facet normal 0 0 -1
    outer loop
      vertex 7.535303581095089 -29.348069782197527 0
      vertex 8.74518094081101 -26.914899411152845 0
      vertex 9.363214929560906 -28.817012443743153 0
    endloop
  endfacet
  facet normal 0 0 -1
    outer loop
      vertex 9.363214929560906 -28.817012443743153 0
      vertex 8.74518094081101 -26.914899411152845 0
      vertex 10.417924840976397 -26.31267455063751 0
    endloop
  endfacet
  facet normal 0 0 -1
    outer loop
      vertex 9.363214929560906 -28.817012443743153 0
      vertex 10.417924840976397 -26.31267455063751 0
      vertex 11.154173946345754 -28.172227522414012 0
    endloop
  endfacet
  facet normal 0 0 -1
    outer loop
      vertex 11.154173946345754 -28.172227522414012 0
      vertex 12.04955395129155 -25.606605584788355 0
      vertex 12.901112534421696 -27.416259689720395 0
    endloop
  endfacet
  facet normal 0 0 -1
    outer loop
      vertex 11.154173946345754 -28.172227522414012 0
      vertex 10.417924840976397 -26.31267455063751 0
      vertex 12.04955395129155 -25.606605584788355 0
    endloop
  endfacet
  facet normal 0 0 -1
    outer loop
      vertex 12.901112534421696 -27.416259689720395 0
      vertex 12.04955395129155 -25.606605584788355 0
      vertex 13.633628977078546 -24.799479045241338 0
    endloop
  endfacet
  facet normal 0 0 -1
    outer loop
      vertex 12.901112534421696 -27.416259689720395 0
      vertex 13.633628977078546 -24.799479045241338 0
      vertex 14.597136325281976 -26.552092405329063 0
    endloop
  endfacet
  facet normal 0 0 -1
    outer loop
      vertex 14.597136325281976 -26.552092405329063 0
      vertex 13.633628977078546 -24.799479045241338 0
      vertex 15.163898297905593 -23.894480291707033 0
    endloop
  endfacet
  facet normal 0 0 -1
    outer loop
      vertex 14.597136325281976 -26.552092405329063 0
      vertex 15.163898297905593 -23.894480291707033 0
      vertex 16.235551887863586 -25.583136142711066 0
    endloop
  endfacet
  facet normal 0 0 -1
    outer loop
      vertex 15.163898297905593 -23.894480291707033 0
      vertex 16.63432263987699 -22.895180940811013 0
      vertex 16.235551887863586 -25.583136142711066 0
    endloop
  endfacet
  facet normal 0.03141075907812872 -0.9995065603657316 0
    outer loop
      vertex 0 -30.3 0
      vertex 1.902552741738207 -30.240209871376628 0
      vertex 1.902552741738207 -30.240209871376628 13
    endloop
  endfacet
  facet normal 0.09410831331851317 -0.9955619646030801 0
    outer loop
      vertex 1.902552741738207 -30.240209871376628 0
      vertex 3.7975969769984133 -30.06107544982868 0
      vertex 3.7975969769984133 -30.06107544982868 13
    endloop
  endfacet
  facet normal 0.15643446504023223 -0.9876883405951375 0
    outer loop
      vertex 3.7975969769984133 -30.06107544982868 0
      vertex 5.677653831947462 -29.763303697079266 0
      vertex 5.677653831947462 -29.763303697079266 13
    endloop
  endfacet
  facet normal 0.2181432413965419 -0.9759167619387477 0
    outer loop
      vertex 5.677653831947462 -29.763303697079266 0
      vertex 7.535303581095089 -29.348069782197527 0
      vertex 7.535303581095089 -29.348069782197527 13
    endloop
  endfacet
  facet normal 0.27899110603923016 -0.9602936856769428 0
    outer loop
      vertex 7.535303581095089 -29.348069782197527 0
      vertex 9.363214929560906 -28.817012443743153 0
      vertex 9.363214929560906 -28.817012443743153 13
    endloop
  endfacet
  facet normal 0.3387379202452915 -0.9408807689542255 0
    outer loop
      vertex 9.363214929560906 -28.817012443743153 0
      vertex 11.154173946345754 -28.172227522414012 0
      vertex 11.154173946345754 -28.172227522414012 13
    endloop
  endfacet
  facet normal 0.39714789063478007 -0.9177546256839814 0
    outer loop
      vertex 11.154173946345754 -28.172227522414012 0
      vertex 12.901112534421696 -27.416259689720395 0
      vertex 12.901112534421696 -27.416259689720395 13
    endloop
  endfacet
  facet normal 0.4539904997395478 -0.8910065241883675 0
    outer loop
      vertex 12.901112534421696 -27.416259689720395 0
      vertex 14.597136325281976 -26.552092405329063 0
      vertex 14.597136325281976 -26.552092405329063 13
    endloop
  endfacet
  facet normal 0.5090414157503698 -0.8607420270039445 0
    outer loop
      vertex 14.597136325281976 -26.552092405329063 0
      vertex 16.235551887863586 -25.583136142711066 0
      vertex 16.235551887863586 -25.583136142711066 13
    endloop
  endfacet
  facet normal 0 0 -1
    outer loop
      vertex 16.235551887863586 -25.583136142711066 0
      vertex 16.63432263987699 -22.895180940811013 0
      vertex 17.809893144461938 -24.51321492956091 0
    endloop
  endfacet
  facet normal 0 0 -1
    outer loop
      vertex 17.809893144461938 -24.51321492956091 0
      vertex 16.63432263987699 -22.895180940811013 0
      vertex 18.039098909887926 -21.80552477055483 0
    endloop
  endfacet
  facet normal 0 0 -1
    outer loop
      vertex 17.809893144461938 -24.51321492956091 0
      vertex 18.039098909887926 -21.80552477055483 0
      vertex 19.313946889385306 -23.34655125610641 0
    endloop
  endfacet
  facet normal 0 0 -1
    outer loop
      vertex 18.039098909887926 -21.80552477055483 0
      vertex 19.372683097781884 -20.62981215602595 0
      vertex 19.313946889385306 -23.34655125610641 0
    endloop
  endfacet
  facet normal 0 0 -1
    outer loop
      vertex 19.313946889385306 -23.34655125610641 0
      vertex 19.372683097781884 -20.62981215602595 0
      vertex 20.62981215602595 -19.372683097781884 0
    endloop
  endfacet
  facet normal 0 0 -1
    outer loop
      vertex 19.313946889385306 -23.34655125610641 0
      vertex 20.62981215602595 -19.372683097781884 0
      vertex 20.74177730963926 -22.087749410868774 0
    endloop
  endfacet
  facet normal 0 0 -1
    outer loop
      vertex 20.74177730963926 -22.087749410868774 0
      vertex 20.62981215602595 -19.372683097781884 0
      vertex 21.80552477055483 -18.039098909887926 0
    endloop
  endfacet
  facet normal 0 0 -1
    outer loop
      vertex 20.74177730963926 -22.087749410868774 0
      vertex 21.80552477055483 -18.039098909887926 0
      vertex 22.087749410868774 -20.74177730963926 0
    endloop
  endfacet
  facet normal 0 0 -1
    outer loop
      vertex 22.087749410868774 -20.74177730963926 0
      vertex 21.80552477055483 -18.039098909887926 0
      vertex 22.895180940811013 -16.63432263987699 0
    endloop
  endfacet
  facet normal 0 0 -1
    outer loop
      vertex 22.087749410868774 -20.74177730963926 0
      vertex 22.895180940811013 -16.63432263987699 0
      vertex 23.34655125610641 -19.313946889385306 0
    endloop
  endfacet
  facet normal 0 0 -1
    outer loop
      vertex 23.34655125610641 -19.313946889385306 0
      vertex 23.894480291707033 -15.163898297905593 0
      vertex 24.51321492956091 -17.809893144461938 0
    endloop
  endfacet
  facet normal 0.5620833778521295 -0.8270805742745626 0
    outer loop
      vertex 16.235551887863586 -25.583136142711066 0
      vertex 17.809893144461938 -24.51321492956091 0
      vertex 17.809893144461938 -24.51321492956091 13
    endloop
  endfacet
  facet normal 0.6129070536529775 -0.7901550123756895 0
    outer loop
      vertex 17.809893144461938 -24.51321492956091 0
      vertex 19.313946889385306 -23.34655125610641 0
      vertex 19.313946889385306 -23.34655125610641 13
    endloop
  endfacet
  facet normal 0.6613118653236526 -0.7501110696304589 0
    outer loop
      vertex 19.313946889385306 -23.34655125610641 0
      vertex 20.74177730963926 -22.087749410868774 0
      vertex 20.74177730963926 -22.087749410868774 13
    endloop
  endfacet
  facet normal 0.7071067811865475 -0.7071067811865475 0
    outer loop
      vertex 20.74177730963926 -22.087749410868774 0
      vertex 22.087749410868774 -20.74177730963926 0
      vertex 22.087749410868774 -20.74177730963926 13
    endloop
  endfacet
  facet normal 0.7501110696304589 -0.6613118653236526 0
    outer loop
      vertex 22.087749410868774 -20.74177730963926 0
      vertex 23.34655125610641 -19.313946889385306 0
      vertex 23.34655125610641 -19.313946889385306 13
    endloop
  endfacet
  facet normal 0.7901550123756895 -0.6129070536529775 0
    outer loop
      vertex 23.34655125610641 -19.313946889385306 0
      vertex 24.51321492956091 -17.809893144461938 0
      vertex 24.51321492956091 -17.809893144461938 13
    endloop
  endfacet
  facet normal 0 0 -1
    outer loop
      vertex 23.34655125610641 -19.313946889385306 0
      vertex 22.895180940811013 -16.63432263987699 0
      vertex 23.894480291707033 -15.163898297905593 0
    endloop
  endfacet
  facet normal 0 0 -1
    outer loop
      vertex 24.51321492956091 -17.809893144461938 0
      vertex 23.894480291707033 -15.163898297905593 0
      vertex 24.799479045241338 -13.633628977078546 0
    endloop
  endfacet
  facet normal 0 0 -1
    outer loop
      vertex 24.51321492956091 -17.809893144461938 0
      vertex 24.799479045241338 -13.633628977078546 0
      vertex 25.583136142711066 -16.235551887863586 0
    endloop
  endfacet
  facet normal 0 0 -1
    outer loop
      vertex 25.583136142711066 -16.235551887863586 0
      vertex 24.799479045241338 -13.633628977078546 0
      vertex 25.606605584788355 -12.04955395129155 0
    endloop
  endfacet
  facet normal 0 0 -1
    outer loop
      vertex 25.583136142711066 -16.235551887863586 0
      vertex 26.31267455063751 -10.417924840976397 0
      vertex 26.552092405329063 -14.597136325281976 0
    endloop
  endfacet
  facet normal 0 0 -1
    outer loop
      vertex 25.583136142711066 -16.235551887863586 0
      vertex 25.606605584788355 -12.04955395129155 0
      vertex 26.31267455063751 -10.417924840976397 0
    endloop
  endfacet
  facet normal 0 0 -1
    outer loop
      vertex 26.552092405329063 -14.597136325281976 0
      vertex 26.914899411152845 -8.74518094081101 0
      vertex 27.416259689720395 -12.901112534421696 0
    endloop
  endfacet
  facet normal 0 0 -1
    outer loop
      vertex 26.552092405329063 -14.597136325281976 0
      vertex 26.31267455063751 -10.417924840976397 0
      vertex 26.914899411152845 -8.74518094081101 0
    endloop
  endfacet
  facet normal 0 0 -1
    outer loop
      vertex 27.416259689720395 -12.901112534421696 0
      vertex 26.914899411152845 -8.74518094081101 0
      vertex 27.410903459940265 -7.037923806765381 0
    endloop
  endfacet
  facet normal 0 0 -1
    outer loop
      vertex 27.416259689720395 -12.901112534421696 0
      vertex 27.79872919562189 -5.302891202776013 0
      vertex 28.172227522414012 -11.154173946345754 0
    endloop
  endfacet
  facet normal 0 0 -1
    outer loop
      vertex 27.416259689720395 -12.901112534421696 0
      vertex 27.410903459940265 -7.037923806765381 0
      vertex 27.79872919562189 -5.302891202776013 0
    endloop
  endfacet
  facet normal 0 0 -1
    outer loop
      vertex 28.172227522414012 -11.154173946345754 0
      vertex 27.79872919562189 -5.302891202776013 0
      vertex 28.076846047199723 -3.546930509869805 0
    endloop
  endfacet
  facet normal 0 0 -1
    outer loop
      vertex 28.172227522414012 -11.154173946345754 0
      vertex 28.076846047199723 -3.546930509869805 0
      vertex 28.244156414520084 -1.7769717026795795 0
    endloop
  endfacet
  facet normal 0 0 -1
    outer loop
      vertex 28.172227522414012 -11.154173946345754 0
      vertex 28.817012443743153 9.363214929560906 0
      vertex 28.817012443743153 -9.363214929560906 0
    endloop
  endfacet
  facet normal 0 0 -1
    outer loop
      vertex 28.817012443743153 -9.363214929560906 0
      vertex 29.348069782197523 7.535303581095101 0
      vertex 29.348069782197527 -7.535303581095089 0
    endloop
  endfacet
  facet normal 0 0 -1
    outer loop
      vertex 29.348069782197527 -7.535303581095089 0
      vertex 29.76330369707927 5.677653831947456 0
      vertex 29.763303697079266 -5.677653831947462 0
    endloop
  endfacet
  facet normal 0 0 -1
    outer loop
      vertex 28.172227522414012 -11.154173946345754 0
      vertex 28.244156414520084 -1.7769717026795795 0
      vertex 28.817012443743153 9.363214929560906 0
    endloop
  endfacet
  facet normal 0 0 -1
    outer loop
      vertex 29.763303697079266 -5.677653831947462 0
      vertex 30.06107544982868 3.797596976998419 0
      vertex 30.06107544982868 -3.7975969769984133 0
    endloop
  endfacet
  facet normal 0 0 -1
    outer loop
      vertex 30.06107544982868 -3.7975969769984133 0
      vertex 30.240209871376628 1.9025527417381953 0
      vertex 30.240209871376628 -1.902552741738207 0
    endloop
  endfacet
  facet normal 0 0 -1
    outer loop
      vertex 30.240209871376628 -1.902552741738207 0
      vertex 30.240209871376628 1.9025527417381953 0
      vertex 30.3 0 0
    endloop
  endfacet
  facet normal 0.8270805742745626 -0.5620833778521295 0
    outer loop
      vertex 24.51321492956091 -17.809893144461938 0
      vertex 25.583136142711066 -16.235551887863586 0
      vertex 25.583136142711066 -16.235551887863586 13
    endloop
  endfacet
  facet normal 0.8607420270039445 -0.5090414157503698 0
    outer loop
      vertex 25.583136142711066 -16.235551887863586 0
      vertex 26.552092405329063 -14.597136325281976 0
      vertex 26.552092405329063 -14.597136325281976 13
    endloop
  endfacet
  facet normal 0.8910065241883675 -0.4539904997395478 0
    outer loop
      vertex 26.552092405329063 -14.597136325281976 0
      vertex 27.416259689720395 -12.901112534421696 0
      vertex 27.416259689720395 -12.901112534421696 13
    endloop
  endfacet
  facet normal 0.9177546256839814 -0.39714789063478007 0
    outer loop
      vertex 27.416259689720395 -12.901112534421696 0
      vertex 28.172227522414012 -11.154173946345754 0
      vertex 28.172227522414012 -11.154173946345754 13
    endloop
  endfacet
  facet normal 0.9408807689542255 -0.3387379202452915 0
    outer loop
      vertex 28.172227522414012 -11.154173946345754 0
      vertex 28.817012443743153 -9.363214929560906 0
      vertex 28.817012443743153 -9.363214929560906 13
    endloop
  endfacet
  facet normal 0.9602936856769428 -0.27899110603923016 0
    outer loop
      vertex 28.817012443743153 -9.363214929560906 0
      vertex 29.348069782197527 -7.535303581095089 0
      vertex 29.348069782197527 -7.535303581095089 13
    endloop
  endfacet
  facet normal 0.9759167619387477 -0.2181432413965419 0
    outer loop
      vertex 29.348069782197527 -7.535303581095089 0
      vertex 29.763303697079266 -5.677653831947462 0
      vertex 29.763303697079266 -5.677653831947462 13
    endloop
  endfacet
  facet normal 0.9876883405951375 -0.15643446504023223 0
    outer loop
      vertex 29.763303697079266 -5.677653831947462 0
      vertex 30.06107544982868 -3.7975969769984133 0
      vertex 30.06107544982868 -3.7975969769984133 13
    endloop
  endfacet
  facet normal 0.9955619646030801 -0.09410831331851317 0
    outer loop
      vertex 30.06107544982868 -3.7975969769984133 0
      vertex 30.240209871376628 -1.902552741738207 0
      vertex 30.240209871376628 -1.902552741738207 13
    endloop
  endfacet
  facet normal 0.9995065603657316 -0.03141075907812872 0
    outer loop
      vertex 30.240209871376628 -1.902552741738207 0
      vertex 30.3 0 0
      vertex 30.3 0 13
    endloop
  endfacet
  facet normal 0.03141075907812872 -0.9995065603657316 0
    outer loop
      vertex 0 -30.3 0
      vertex 1.902552741738207 -30.240209871376628 13
      vertex 0 -30.3 13
    endloop
  endfacet
  facet normal 0.09410831331850135 -0.9955619646030812 0
    outer loop
      vertex 1.902552741738207 -30.240209871376628 0
      vertex 2 -30.230998393398774 13
      vertex 1.902552741738207 -30.240209871376628 13
    endloop
  endfacet
  facet normal 0.09410831331851383 -0.9955619646030802 -9.430040216669633e-17
    outer loop
      vertex 1.902552741738207 -30.240209871376628 0
      vertex 3.7975969769984133 -30.06107544982868 13
      vertex 2 -30.230998393398774 13
    endloop
  endfacet
  facet normal 0.15643446504023223 -0.9876883405951375 0
    outer loop
      vertex 3.7975969769984133 -30.06107544982868 0
      vertex 5.677653831947462 -29.763303697079266 13
      vertex 3.7975969769984133 -30.06107544982868 13
    endloop
  endfacet
  facet normal 0.2181432413965419 -0.9759167619387477 0
    outer loop
      vertex 5.677653831947462 -29.763303697079266 0
      vertex 7.535303581095089 -29.348069782197527 13
      vertex 5.677653831947462 -29.763303697079266 13
    endloop
  endfacet
  facet normal 0.27899110603923016 -0.9602936856769428 0
    outer loop
      vertex 7.535303581095089 -29.348069782197527 0
      vertex 9.363214929560906 -28.817012443743153 13
      vertex 7.535303581095089 -29.348069782197527 13
    endloop
  endfacet
  facet normal 0.3387379202452915 -0.9408807689542255 0
    outer loop
      vertex 9.363214929560906 -28.817012443743153 0
      vertex 11.154173946345754 -28.172227522414012 13
      vertex 9.363214929560906 -28.817012443743153 13
    endloop
  endfacet
  facet normal 0.39714789063478007 -0.9177546256839814 0
    outer loop
      vertex 11.154173946345754 -28.172227522414012 0
      vertex 12.901112534421696 -27.416259689720395 13
      vertex 11.154173946345754 -28.172227522414012 13
    endloop
  endfacet
  facet normal 0.4539904997395478 -0.8910065241883675 0
    outer loop
      vertex 12.901112534421696 -27.416259689720395 0
      vertex 14.597136325281976 -26.552092405329063 13
      vertex 12.901112534421696 -27.416259689720395 13
    endloop
  endfacet
  facet normal 0.5090414157503698 -0.8607420270039445 0
    outer loop
      vertex 14.597136325281976 -26.552092405329063 0
      vertex 16.235551887863586 -25.583136142711066 13
      vertex 14.597136325281976 -26.552092405329063 13
    endloop
  endfacet
  facet normal 0.5620833778521295 -0.8270805742745626 0
    outer loop
      vertex 16.235551887863586 -25.583136142711066 0
      vertex 17.809893144461938 -24.51321492956091 13
      vertex 16.235551887863586 -25.583136142711066 13
    endloop
  endfacet
  facet normal 0.6129070536529775 -0.7901550123756895 0
    outer loop
      vertex 17.809893144461938 -24.51321492956091 0
      vertex 19.313946889385306 -23.34655125610641 13
      vertex 17.809893144461938 -24.51321492956091 13
    endloop
  endfacet
  facet normal 0.6613118653236526 -0.7501110696304589 0
    outer loop
      vertex 19.313946889385306 -23.34655125610641 0
      vertex 20.74177730963926 -22.087749410868774 13
      vertex 19.313946889385306 -23.34655125610641 13
    endloop
  endfacet
  facet normal 0.7071067811865475 -0.7071067811865475 0
    outer loop
      vertex 20.74177730963926 -22.087749410868774 0
      vertex 22.087749410868774 -20.74177730963926 13
      vertex 20.74177730963926 -22.087749410868774 13
    endloop
  endfacet
  facet normal 0.7501110696304589 -0.6613118653236526 0
    outer loop
      vertex 22.087749410868774 -20.74177730963926 0
      vertex 23.34655125610641 -19.313946889385306 13
      vertex 22.087749410868774 -20.74177730963926 13
    endloop
  endfacet
  facet normal 0.7901550123756895 -0.6129070536529775 0
    outer loop
      vertex 23.34655125610641 -19.313946889385306 0
      vertex 24.51321492956091 -17.809893144461938 13
      vertex 23.34655125610641 -19.313946889385306 13
    endloop
  endfacet
  facet normal 0.8270805742745626 -0.5620833778521295 0
    outer loop
      vertex 24.51321492956091 -17.809893144461938 0
      vertex 25.583136142711066 -16.235551887863586 13
      vertex 24.51321492956091 -17.809893144461938 13
    endloop
  endfacet
  facet normal 0.8607420270039445 -0.5090414157503698 0
    outer loop
      vertex 25.583136142711066 -16.235551887863586 0
      vertex 26.552092405329063 -14.597136325281976 13
      vertex 25.583136142711066 -16.235551887863586 13
    endloop
  endfacet
  facet normal 0.8910065241883675 -0.4539904997395478 0
    outer loop
      vertex 26.552092405329063 -14.597136325281976 0
      vertex 27.416259689720395 -12.901112534421696 13
      vertex 26.552092405329063 -14.597136325281976 13
    endloop
  endfacet
  facet normal 0.9177546256839814 -0.39714789063478007 0
    outer loop
      vertex 27.416259689720395 -12.901112534421696 0
      vertex 28.172227522414012 -11.154173946345754 13
      vertex 27.416259689720395 -12.901112534421696 13
    endloop
  endfacet
  facet normal 0.9408807689542255 -0.3387379202452915 0
    outer loop
      vertex 28.172227522414012 -11.154173946345754 0
      vertex 28.817012443743153 -9.363214929560906 13
      vertex 28.172227522414012 -11.154173946345754 13
    endloop
  endfacet
  facet normal 0.9602936856769428 -0.27899110603923016 0
    outer loop
      vertex 28.817012443743153 -9.363214929560906 0
      vertex 29.348069782197527 -7.535303581095089 13
      vertex 28.817012443743153 -9.363214929560906 13
    endloop
  endfacet
  facet normal 0.9759167619387477 -0.2181432413965419 0
    outer loop
      vertex 29.348069782197527 -7.535303581095089 0
      vertex 29.763303697079266 -5.677653831947462 13
      vertex 29.348069782197527 -7.535303581095089 13
    endloop
  endfacet
  facet normal 0.9876883405951375 -0.15643446504023223 0
    outer loop
      vertex 29.763303697079266 -5.677653831947462 0
      vertex 30.06107544982868 -3.7975969769984133 13
      vertex 29.763303697079266 -5.677653831947462 13
    endloop
  endfacet
  facet normal 0.9955619646030801 -0.09410831331851317 0
    outer loop
      vertex 30.06107544982868 -3.7975969769984133 0
      vertex 30.240209871376628 -1.902552741738207 13
      vertex 30.06107544982868 -3.7975969769984133 13
    endloop
  endfacet
  facet normal 0.9995065603657316 -0.03141075907812872 0
    outer loop
      vertex 30.240209871376628 -1.902552741738207 0
      vertex 30.3 0 13
      vertex 30.240209871376628 -1.902552741738207 13
    endloop
  endfacet
  facet normal 0 0 -1
    outer loop
      vertex 0 28.3 0
      vertex 0 30.3 0
      vertex 1.9025527417381922 30.240209871376628 0
    endloop
  endfacet
  facet normal 0 0 -1
    outer loop
      vertex 0 28.3 0
      vertex 1.9025527417381922 30.240209871376628 0
      vertex 1.7769717026795657 28.244156414520084 0
    endloop
  endfacet
  facet normal 0 0 -1
    outer loop
      vertex 1.7769717026795657 28.244156414520084 0
      vertex 1.9025527417381922 30.240209871376628 0
      vertex 3.79759697699842 30.06107544982868 0
    endloop
  endfacet
  facet normal 0 0 -1
    outer loop
      vertex 1.7769717026795657 28.244156414520084 0
      vertex 3.79759697699842 30.06107544982868 0
      vertex 3.5469305098698114 28.076846047199723 0
    endloop
  endfacet
  facet normal 0 0 -1
    outer loop
      vertex 3.5469305098698114 28.076846047199723 0
      vertex 5.677653831947454 29.76330369707927 0
      vertex 5.302891202776006 27.798729195621892 0
    endloop
  endfacet
  facet normal 0 0 -1
    outer loop
      vertex 3.5469305098698114 28.076846047199723 0
      vertex 3.79759697699842 30.06107544982868 0
      vertex 5.677653831947454 29.76330369707927 0
    endloop
  endfacet
  facet normal 0 0 -1
    outer loop
      vertex 5.302891202776006 27.798729195621892 0
      vertex 7.535303581095103 29.348069782197523 0
      vertex 7.037923806765392 27.41090345994026 0
    endloop
  endfacet
  facet normal 0 0 -1
    outer loop
      vertex 5.302891202776006 27.798729195621892 0
      vertex 5.677653831947454 29.76330369707927 0
      vertex 7.535303581095103 29.348069782197523 0
    endloop
  endfacet
  facet normal 0 0 -1
    outer loop
      vertex 7.037923806765392 27.41090345994026 0
      vertex 7.535303581095103 29.348069782197523 0
      vertex 9.363214929560906 28.817012443743153 0
    endloop
  endfacet
  facet normal 0 0 -1
    outer loop
      vertex 13.63362897707854 24.79947904524134 0
      vertex 16.2355518878636 25.58313614271106 0
      vertex 15.163898297905606 23.894480291707026 0
    endloop
  endfacet
  facet normal 0 0 -1
    outer loop
      vertex 13.63362897707854 24.79947904524134 0
      vertex 14.597136325281971 26.552092405329066 0
      vertex 16.2355518878636 25.58313614271106 0
    endloop
  endfacet
  facet normal 0 0 -1
    outer loop
      vertex 7.037923806765392 27.41090345994026 0
      vertex 9.363214929560906 28.817012443743153 0
      vertex 8.74518094081101 26.914899411152845 0
    endloop
  endfacet
  facet normal 0 0 -1
    outer loop
      vertex 8.74518094081101 26.914899411152845 0
      vertex 9.363214929560906 28.817012443743153 0
      vertex 11.15417394634574 28.17222752241402 0
    endloop
  endfacet
  facet normal 0 0 -1
    outer loop
      vertex 8.74518094081101 26.914899411152845 0
      vertex 11.15417394634574 28.17222752241402 0
      vertex 10.417924840976383 26.312674550637517 0
    endloop
  endfacet
  facet normal 0 0 -1
    outer loop
      vertex 12.049553951291559 25.60660558478835 0
      vertex 10.417924840976383 26.312674550637517 0
      vertex 12.901112534421703 27.41625968972039 0
    endloop
  endfacet
  facet normal 0 0 -1
    outer loop
      vertex 10.417924840976383 26.312674550637517 0
      vertex 11.15417394634574 28.17222752241402 0
      vertex 12.901112534421703 27.41625968972039 0
    endloop
  endfacet
  facet normal 0 0 -1
    outer loop
      vertex 12.049553951291559 25.60660558478835 0
      vertex 14.597136325281971 26.552092405329066 0
      vertex 13.63362897707854 24.79947904524134 0
    endloop
  endfacet
  facet normal 0 0 -1
    outer loop
      vertex 12.049553951291559 25.60660558478835 0
      vertex 12.901112534421703 27.41625968972039 0
      vertex 14.597136325281971 26.552092405329066 0
    endloop
  endfacet
  facet normal 0.031410759078128965 0.9995065603657316 0
    outer loop
      vertex 0 30.3 0
      vertex 0 30.3 13
      vertex 1.9025527417381922 30.240209871376628 0
    endloop
  endfacet
  facet normal 0.09410831331851212 0.9955619646030802 0
    outer loop
      vertex 1.9025527417381922 30.240209871376628 0
      vertex 1.9025527417381922 30.240209871376628 13
      vertex 3.79759697699842 30.06107544982868 0
    endloop
  endfacet
  facet normal 0.21814324139654306 0.9759167619387473 0
    outer loop
      vertex 5.677653831947454 29.76330369707927 0
      vertex 5.677653831947454 29.76330369707927 13
      vertex 7.535303581095103 29.348069782197523 0
    endloop
  endfacet
  facet normal 0.15643446504023162 0.9876883405951377 0
    outer loop
      vertex 3.79759697699842 30.06107544982868 0
      vertex 3.79759697699842 30.06107544982868 13
      vertex 5.677653831947454 29.76330369707927 0
    endloop
  endfacet
  facet normal 0.27899110603923033 0.9602936856769428 0
    outer loop
      vertex 7.535303581095103 29.348069782197523 0
      vertex 7.535303581095103 29.348069782197523 13
      vertex 9.363214929560906 28.817012443743153 0
    endloop
  endfacet
  facet normal 0.33873792024529054 0.9408807689542257 0
    outer loop
      vertex 9.363214929560906 28.817012443743153 0
      vertex 9.363214929560906 28.817012443743153 13
      vertex 11.15417394634574 28.17222752241402 0
    endloop
  endfacet
  facet normal 0.39714789063478073 0.917754625683981 0
    outer loop
      vertex 11.15417394634574 28.17222752241402 0
      vertex 11.15417394634574 28.17222752241402 13
      vertex 12.901112534421703 27.41625968972039 0
    endloop
  endfacet
  facet normal 0.4539904997395475 0.8910065241883676 0
    outer loop
      vertex 12.901112534421703 27.41625968972039 0
      vertex 12.901112534421703 27.41625968972039 13
      vertex 14.597136325281971 26.552092405329066 0
    endloop
  endfacet
  facet normal 0.5090414157503694 0.8607420270039448 0
    outer loop
      vertex 14.597136325281971 26.552092405329066 0
      vertex 14.597136325281971 26.552092405329066 13
      vertex 16.2355518878636 25.58313614271106 0
    endloop
  endfacet
  facet normal 0 0 -1
    outer loop
      vertex 22.895180940811013 16.63432263987699 0
      vertex 24.51321492956091 17.809893144461938 0
      vertex 23.894480291707026 15.163898297905606 0
    endloop
  endfacet
  facet normal 0 0 -1
    outer loop
      vertex 28.076846047199723 3.5469305098698105 0
      vertex 27.798729195621892 5.302891202776007 0
      vertex 28.172227522414016 11.154173946345743 0
    endloop
  endfacet
  facet normal 0 0 -1
    outer loop
      vertex 27.798729195621892 5.302891202776007 0
      vertex 27.41090345994026 7.037923806765391 0
      vertex 28.172227522414016 11.154173946345743 0
    endloop
  endfacet
  facet normal 0 0 -1
    outer loop
      vertex 28.244156414520084 -1.7769717026795795 0
      vertex 28.252860600934973 -1.5 0
      vertex 28.817012443743153 9.363214929560906 0
    endloop
  endfacet
  facet normal 0 0 -1
    outer loop
      vertex 30.06107544982868 -3.7975969769984133 0
      vertex 30.06107544982868 3.797596976998419 0
      vertex 30.240209871376628 1.9025527417381953 0
    endloop
  endfacet
  facet normal 0 0 -1
    outer loop
      vertex 29.348069782197527 -7.535303581095089 0
      vertex 29.348069782197523 7.535303581095101 0
      vertex 29.76330369707927 5.677653831947456 0
    endloop
  endfacet
  facet normal 0 0 -1
    outer loop
      vertex 29.763303697079266 -5.677653831947462 0
      vertex 29.76330369707927 5.677653831947456 0
      vertex 30.06107544982868 3.797596976998419 0
    endloop
  endfacet
  facet normal 0 0 -1
    outer loop
      vertex 28.817012443743153 9.363214929560906 0
      vertex 28.252860600934973 -1.5 0
      vertex 28.3 0 0
    endloop
  endfacet
  facet normal 0 0 -1
    outer loop
      vertex 28.817012443743153 -9.363214929560906 0
      vertex 28.817012443743153 9.363214929560906 0
      vertex 29.348069782197523 7.535303581095101 0
    endloop
  endfacet
  facet normal 0 0 -1
    outer loop
      vertex 28.817012443743153 9.363214929560906 0
      vertex 28.3 0 0
      vertex 28.252860600934973 1.5 0
    endloop
  endfacet
  facet normal 0 0 -1
    outer loop
      vertex 28.244156414520084 1.7769717026795686 0
      vertex 28.817012443743153 9.363214929560906 0
      vertex 28.252860600934973 1.5 0
    endloop
  endfacet
  facet normal 0 0 -1
    outer loop
      vertex 28.244156414520084 1.7769717026795686 0
      vertex 28.076846047199723 3.5469305098698105 0
      vertex 28.817012443743153 9.363214929560906 0
    endloop
  endfacet
  facet normal 0 0 -1
    outer loop
      vertex 28.076846047199723 3.5469305098698105 0
      vertex 28.172227522414016 11.154173946345743 0
      vertex 28.817012443743153 9.363214929560906 0
    endloop
  endfacet
  facet normal 0 0 -1
    outer loop
      vertex 25.606605584788355 12.049553951291557 0
      vertex 26.552092405329066 14.597136325281975 0
      vertex 26.312674550637514 10.417924840976386 0
    endloop
  endfacet
  facet normal 0 0 -1
    outer loop
      vertex 27.41090345994026 7.037923806765391 0
      vertex 26.914899411152845 8.74518094081101 0
      vertex 27.416259689720395 12.901112534421701 0
    endloop
  endfacet
  facet normal 0 0 -1
    outer loop
      vertex 27.41090345994026 7.037923806765391 0
      vertex 27.416259689720395 12.901112534421701 0
      vertex 28.172227522414016 11.154173946345743 0
    endloop
  endfacet
  facet normal 0 0 -1
    outer loop
      vertex 26.914899411152845 8.74518094081101 0
      vertex 26.312674550637514 10.417924840976386 0
      vertex 27.416259689720395 12.901112534421701 0
    endloop
  endfacet
  facet normal 0 0 -1
    outer loop
      vertex 26.312674550637514 10.417924840976386 0
      vertex 26.552092405329066 14.597136325281975 0
      vertex 27.416259689720395 12.901112534421701 0
    endloop
  endfacet
  facet normal 0 0 -1
    outer loop
      vertex 25.606605584788355 12.049553951291557 0
      vertex 24.79947904524134 13.633628977078544 0
      vertex 26.552092405329066 14.597136325281975 0
    endloop
  endfacet
  facet normal 0 0 -1
    outer loop
      vertex 24.79947904524134 13.633628977078544 0
      vertex 25.58313614271106 16.2355518878636 0
      vertex 26.552092405329066 14.597136325281975 0
    endloop
  endfacet
  facet normal 0 0 -1
    outer loop
      vertex 23.894480291707026 15.163898297905606 0
      vertex 25.58313614271106 16.2355518878636 0
      vertex 24.79947904524134 13.633628977078544 0
    endloop
  endfacet
  facet normal 0 0 -1
    outer loop
      vertex 23.894480291707026 15.163898297905606 0
      vertex 24.51321492956091 17.809893144461938 0
      vertex 25.58313614271106 16.2355518878636 0
    endloop
  endfacet
  facet normal 0.9995065603657316 0.031410759078128916 0
    outer loop
      vertex 30.240209871376628 1.9025527417381953 0
      vertex 30.240209871376628 1.9025527417381953 13
      vertex 30.3 0 0
    endloop
  endfacet
  facet normal 0.9955619646030802 0.09410831331851231 0
    outer loop
      vertex 30.240209871376628 1.9025527417381953 0
      vertex 30.06107544982868 3.797596976998419 0
      vertex 30.06107544982868 3.797596976998419 13
    endloop
  endfacet
  facet normal 0.9876883405951375 0.15643446504023137 0
    outer loop
      vertex 30.06107544982868 3.797596976998419 0
      vertex 29.76330369707927 5.677653831947456 0
      vertex 29.76330369707927 5.677653831947456 13
    endloop
  endfacet
  facet normal 0.9759167619387472 0.21814324139654345 0
    outer loop
      vertex 29.76330369707927 5.677653831947456 0
      vertex 29.348069782197523 7.535303581095101 0
      vertex 29.348069782197523 7.535303581095101 13
    endloop
  endfacet
  facet normal 0.917754625683982 0.3971478906347786 0
    outer loop
      vertex 28.172227522414016 11.154173946345743 0
      vertex 27.416259689720395 12.901112534421701 0
      vertex 27.416259689720395 12.901112534421701 13
    endloop
  endfacet
  facet normal 0.8607420270039442 0.5090414157503701 0
    outer loop
      vertex 25.58313614271106 16.2355518878636 0
      vertex 25.58313614271106 16.2355518878636 13
      vertex 26.552092405329066 14.597136325281975 0
    endloop
  endfacet
  facet normal 0.8910065241883673 0.4539904997395478 0
    outer loop
      vertex 26.552092405329066 14.597136325281975 0
      vertex 26.552092405329066 14.597136325281975 13
      vertex 27.416259689720395 12.901112534421701 0
    endloop
  endfacet
  facet normal 0.9602936856769428 0.2789911060392301 0
    outer loop
      vertex 29.348069782197523 7.535303581095101 0
      vertex 28.817012443743153 9.363214929560906 0
      vertex 28.817012443743153 9.363214929560906 13
    endloop
  endfacet
  facet normal 0.9408807689542255 0.3387379202452916 0
    outer loop
      vertex 28.172227522414016 11.154173946345743 0
      vertex 28.172227522414016 11.154173946345743 13
      vertex 28.817012443743153 9.363214929560906 0
    endloop
  endfacet
  facet normal 0 0 -1
    outer loop
      vertex 16.63432263987699 22.895180940811013 0
      vertex 19.3139468893853 23.346551256106412 0
      vertex 18.03909890988792 21.805524770554833 0
    endloop
  endfacet
  facet normal 0 0 -1
    outer loop
      vertex 15.163898297905606 23.894480291707026 0
      vertex 17.809893144461938 24.51321492956091 0
      vertex 16.63432263987699 22.895180940811013 0
    endloop
  endfacet
  facet normal 0 0 -1
    outer loop
      vertex 15.163898297905606 23.894480291707026 0
      vertex 16.2355518878636 25.58313614271106 0
      vertex 17.809893144461938 24.51321492956091 0
    endloop
  endfacet
  facet normal 0 0 -1
    outer loop
      vertex 16.63432263987699 22.895180940811013 0
      vertex 17.809893144461938 24.51321492956091 0
      vertex 19.3139468893853 23.346551256106412 0
    endloop
  endfacet
  facet normal 0 0 -1
    outer loop
      vertex 19.37268309778189 20.62981215602595 0
      vertex 18.03909890988792 21.805524770554833 0
      vertex 20.741777309639268 22.08774941086877 0
    endloop
  endfacet
  facet normal 0 0 -1
    outer loop
      vertex 18.03909890988792 21.805524770554833 0
      vertex 19.3139468893853 23.346551256106412 0
      vertex 20.741777309639268 22.08774941086877 0
    endloop
  endfacet
  facet normal 0 0 -1
    outer loop
      vertex 19.37268309778189 20.62981215602595 0
      vertex 20.741777309639268 22.08774941086877 0
      vertex 20.62981215602595 19.37268309778189 0
    endloop
  endfacet
  facet normal 0 0 -1
    outer loop
      vertex 20.62981215602595 19.37268309778189 0
      vertex 20.741777309639268 22.08774941086877 0
      vertex 22.08774941086877 20.741777309639268 0
    endloop
  endfacet
  facet normal 0 0 -1
    outer loop
      vertex 21.805524770554833 18.03909890988792 0
      vertex 20.62981215602595 19.37268309778189 0
      vertex 22.08774941086877 20.741777309639268 0
    endloop
  endfacet
  facet normal 0 0 -1
    outer loop
      vertex 22.895180940811013 16.63432263987699 0
      vertex 21.805524770554833 18.03909890988792 0
      vertex 23.346551256106412 19.3139468893853 0
    endloop
  endfacet
  facet normal 0 0 -1
    outer loop
      vertex 22.895180940811013 16.63432263987699 0
      vertex 23.346551256106412 19.3139468893853 0
      vertex 24.51321492956091 17.809893144461938 0
    endloop
  endfacet
  facet normal 0 0 -1
    outer loop
      vertex 21.805524770554833 18.03909890988792 0
      vertex 22.08774941086877 20.741777309639268 0
      vertex 23.346551256106412 19.3139468893853 0
    endloop
  endfacet
  facet normal 0.5620833778521304 0.8270805742745618 0
    outer loop
      vertex 16.2355518878636 25.58313614271106 0
      vertex 16.2355518878636 25.58313614271106 13
      vertex 17.809893144461938 24.51321492956091 0
    endloop
  endfacet
  facet normal 0.6613118653236509 0.7501110696304603 0
    outer loop
      vertex 19.3139468893853 23.346551256106412 0
      vertex 19.3139468893853 23.346551256106412 13
      vertex 20.741777309639268 22.08774941086877 0
    endloop
  endfacet
  facet normal 0.6129070536529782 0.7901550123756891 0
    outer loop
      vertex 17.809893144461938 24.51321492956091 0
      vertex 17.809893144461938 24.51321492956091 13
      vertex 19.3139468893853 23.346551256106412 0
    endloop
  endfacet
  facet normal 0.7901550123756891 0.6129070536529782 0
    outer loop
      vertex 23.346551256106412 19.3139468893853 0
      vertex 23.346551256106412 19.3139468893853 13
      vertex 24.51321492956091 17.809893144461938 0
    endloop
  endfacet
  facet normal 0.7501110696304603 0.6613118653236509 0
    outer loop
      vertex 22.08774941086877 20.741777309639268 0
      vertex 22.08774941086877 20.741777309639268 13
      vertex 23.346551256106412 19.3139468893853 0
    endloop
  endfacet
  facet normal 0.7071067811865476 0.7071067811865476 0
    outer loop
      vertex 22.08774941086877 20.741777309639268 0
      vertex 20.741777309639268 22.08774941086877 0
      vertex 20.741777309639268 22.08774941086877 13
    endloop
  endfacet
  facet normal 0.8270805742745618 0.5620833778521304 0
    outer loop
      vertex 25.58313614271106 16.2355518878636 0
      vertex 24.51321492956091 17.809893144461938 0
      vertex 24.51321492956091 17.809893144461938 13
    endloop
  endfacet
  facet normal 0.031410759078128965 0.9995065603657316 0
    outer loop
      vertex 1.9025527417381922 30.240209871376628 0
      vertex 0 30.3 13
      vertex 1.9025527417381922 30.240209871376628 13
    endloop
  endfacet
  facet normal 0.09410831331852287 0.9955619646030793 1.6141254216176933e-15
    outer loop
      vertex 3.79759697699842 30.06107544982868 0
      vertex 1.9025527417381922 30.240209871376628 13
      vertex 2 30.23099839339877 13
    endloop
  endfacet
  facet normal 0.09410831331851152 0.9955619646030802 0
    outer loop
      vertex 3.79759697699842 30.06107544982868 0
      vertex 2 30.23099839339877 13
      vertex 3.79759697699842 30.06107544982868 13
    endloop
  endfacet
  facet normal 0.15643446504023162 0.9876883405951377 0
    outer loop
      vertex 5.677653831947454 29.76330369707927 0
      vertex 3.79759697699842 30.06107544982868 13
      vertex 5.677653831947454 29.76330369707927 13
    endloop
  endfacet
  facet normal 0.21814324139654306 0.9759167619387473 0
    outer loop
      vertex 7.535303581095103 29.348069782197523 0
      vertex 5.677653831947454 29.76330369707927 13
      vertex 7.535303581095103 29.348069782197523 13
    endloop
  endfacet
  facet normal 0.27899110603923033 0.9602936856769428 0
    outer loop
      vertex 9.363214929560906 28.817012443743153 0
      vertex 7.535303581095103 29.348069782197523 13
      vertex 9.363214929560906 28.817012443743153 13
    endloop
  endfacet
  facet normal 0.33873792024529054 0.9408807689542257 0
    outer loop
      vertex 11.15417394634574 28.17222752241402 0
      vertex 9.363214929560906 28.817012443743153 13
      vertex 11.15417394634574 28.17222752241402 13
    endloop
  endfacet
  facet normal 0.39714789063478073 0.917754625683981 0
    outer loop
      vertex 12.901112534421703 27.41625968972039 0
      vertex 11.15417394634574 28.17222752241402 13
      vertex 12.901112534421703 27.41625968972039 13
    endloop
  endfacet
  facet normal 0.4539904997395475 0.8910065241883676 0
    outer loop
      vertex 14.597136325281971 26.552092405329066 0
      vertex 12.901112534421703 27.41625968972039 13
      vertex 14.597136325281971 26.552092405329066 13
    endloop
  endfacet
  facet normal 0.5090414157503694 0.8607420270039448 0
    outer loop
      vertex 16.2355518878636 25.58313614271106 0
      vertex 14.597136325281971 26.552092405329066 13
      vertex 16.2355518878636 25.58313614271106 13
    endloop
  endfacet
  facet normal 0.9995065603657316 0.031410759078128916 0
    outer loop
      vertex 30.3 0 0
      vertex 30.240209871376628 1.9025527417381953 13
      vertex 30.3 0 13
    endloop
  endfacet
  facet normal 0.9955619646030802 0.09410831331851231 0
    outer loop
      vertex 30.240209871376628 1.9025527417381953 0
      vertex 30.06107544982868 3.797596976998419 13
      vertex 30.240209871376628 1.9025527417381953 13
    endloop
  endfacet
  facet normal 0.9876883405951375 0.15643446504023137 0
    outer loop
      vertex 30.06107544982868 3.797596976998419 0
      vertex 29.76330369707927 5.677653831947456 13
      vertex 30.06107544982868 3.797596976998419 13
    endloop
  endfacet
  facet normal 0.9759167619387472 0.21814324139654345 0
    outer loop
      vertex 29.76330369707927 5.677653831947456 0
      vertex 29.348069782197523 7.535303581095101 13
      vertex 29.76330369707927 5.677653831947456 13
    endloop
  endfacet
  facet normal 0.9602936856769428 0.2789911060392301 0
    outer loop
      vertex 29.348069782197523 7.535303581095101 0
      vertex 28.817012443743153 9.363214929560906 13
      vertex 29.348069782197523 7.535303581095101 13
    endloop
  endfacet
  facet normal 0.917754625683982 0.3971478906347786 0
    outer loop
      vertex 28.172227522414016 11.154173946345743 0
      vertex 27.416259689720395 12.901112534421701 13
      vertex 28.172227522414016 11.154173946345743 13
    endloop
  endfacet
  facet normal 0.8270805742745618 0.5620833778521304 0
    outer loop
      vertex 25.58313614271106 16.2355518878636 0
      vertex 24.51321492956091 17.809893144461938 13
      vertex 25.58313614271106 16.2355518878636 13
    endloop
  endfacet
  facet normal 0.8607420270039442 0.5090414157503701 0
    outer loop
      vertex 26.552092405329066 14.597136325281975 0
      vertex 25.58313614271106 16.2355518878636 13
      vertex 26.552092405329066 14.597136325281975 13
    endloop
  endfacet
  facet normal 0.8910065241883673 0.4539904997395478 0
    outer loop
      vertex 27.416259689720395 12.901112534421701 0
      vertex 26.552092405329066 14.597136325281975 13
      vertex 27.416259689720395 12.901112534421701 13
    endloop
  endfacet
  facet normal 0.9408807689542255 0.3387379202452916 0
    outer loop
      vertex 28.817012443743153 9.363214929560906 0
      vertex 28.172227522414016 11.154173946345743 13
      vertex 28.817012443743153 9.363214929560906 13
    endloop
  endfacet
  facet normal 0.5620833778521304 0.8270805742745618 0
    outer loop
      vertex 17.809893144461938 24.51321492956091 0
      vertex 16.2355518878636 25.58313614271106 13
      vertex 17.809893144461938 24.51321492956091 13
    endloop
  endfacet
  facet normal 0.6129070536529782 0.7901550123756891 0
    outer loop
      vertex 19.3139468893853 23.346551256106412 0
      vertex 17.809893144461938 24.51321492956091 13
      vertex 19.3139468893853 23.346551256106412 13
    endloop
  endfacet
  facet normal 0.7071067811865476 0.7071067811865476 0
    outer loop
      vertex 22.08774941086877 20.741777309639268 0
      vertex 20.741777309639268 22.08774941086877 13
      vertex 22.08774941086877 20.741777309639268 13
    endloop
  endfacet
  facet normal 0.7901550123756891 0.6129070536529782 0
    outer loop
      vertex 24.51321492956091 17.809893144461938 0
      vertex 23.346551256106412 19.3139468893853 13
      vertex 24.51321492956091 17.809893144461938 13
    endloop
  endfacet
  facet normal 0.7501110696304603 0.6613118653236509 0
    outer loop
      vertex 23.346551256106412 19.3139468893853 0
      vertex 22.08774941086877 20.741777309639268 13
      vertex 23.346551256106412 19.3139468893853 13
    endloop
  endfacet
  facet normal 0.6613118653236509 0.7501110696304603 0
    outer loop
      vertex 20.741777309639268 22.08774941086877 0
      vertex 19.3139468893853 23.346551256106412 13
      vertex 20.741777309639268 22.08774941086877 13
    endloop
  endfacet
  facet normal 0 0 -1
    outer loop
      vertex -27.27179199371508 -17.307205477821594 13
      vertex -25.583136142711055 -16.235551887863604 13
      vertex -26.1312489183108 -18.98546364904688 13
    endloop
  endfacet
  facet normal 0 0 -1
    outer loop
      vertex -24.887577741657996 -20.588794868882673 13
      vertex -24.51321492956091 -17.809893144461938 13
      vertex -23.34655125610642 -19.313946889385296 13
    endloop
  endfacet
  facet normal 0 0 -1
    outer loop
      vertex -26.1312489183108 -18.98546364904688 13
      vertex -25.583136142711055 -16.235551887863604 13
      vertex -24.51321492956091 -17.809893144461938 13
    endloop
  endfacet
  facet normal 0 0 -1
    outer loop
      vertex -24.887577741657996 -20.588794868882673 13
      vertex -26.1312489183108 -18.98546364904688 13
      vertex -24.51321492956091 -17.809893144461938 13
    endloop
  endfacet
  facet normal -0.8270805742745623 -0.56208337785213 0
    outer loop
      vertex -27.27179199371508 -17.307205477821594 13
      vertex -26.1312489183108 -18.98546364904688 13
      vertex -27.27179199371508 -17.307205477821594 15
    endloop
  endfacet
  facet normal -0.790155012375691 -0.6129070536529756 0
    outer loop
      vertex -24.887577741657996 -20.588794868882673 13
      vertex -26.1312489183108 -18.98546364904688 15
      vertex -26.1312489183108 -18.98546364904688 13
    endloop
  endfacet
  facet normal -0.7501110696304593 -0.6613118653236523 0
    outer loop
      vertex -24.887577741657996 -20.588794868882673 13
      vertex -23.545686665711596 -22.110871521496637 13
      vertex -24.887577741657996 -20.588794868882673 15
    endloop
  endfacet
  facet normal -0.8270805742745623 -0.56208337785213 0
    outer loop
      vertex -26.1312489183108 -18.98546364904688 13
      vertex -26.1312489183108 -18.98546364904688 15
      vertex -27.27179199371508 -17.307205477821594 15
    endloop
  endfacet
  facet normal -0.790155012375691 -0.6129070536529756 0
    outer loop
      vertex -24.887577741657996 -20.588794868882673 13
      vertex -24.887577741657996 -20.588794868882673 15
      vertex -26.1312489183108 -18.98546364904688 15
    endloop
  endfacet
  facet normal 0 0 1
    outer loop
      vertex -24.887577741657996 -20.588794868882673 15
      vertex -23.545686665711596 -22.110871521496637 15
      vertex -24.69860212551847 -15.674209531218938 15
    endloop
  endfacet
  facet normal 0 0 1
    outer loop
      vertex -24.887577741657996 -20.588794868882673 15
      vertex -25.634056835759303 -14.092442000032559 15
      vertex -26.1312489183108 -18.98546364904688 15
    endloop
  endfacet
  facet normal 0 0 -1
    outer loop
      vertex -18.98546364904688 -26.1312489183108 13
      vertex -16.235551887863604 -25.583136142711055 13
      vertex -17.307205477821594 -27.27179199371508 13
    endloop
  endfacet
  facet normal -0.6129070536529756 -0.790155012375691 0
    outer loop
      vertex -18.98546364904688 -26.1312489183108 13
      vertex -18.98546364904688 -26.1312489183108 15
      vertex -20.588794868882673 -24.887577741657996 13
    endloop
  endfacet
  facet normal -0.56208337785213 -0.8270805742745623 0
    outer loop
      vertex -18.98546364904688 -26.1312489183108 13
      vertex -17.307205477821594 -27.27179199371508 13
      vertex -17.307205477821594 -27.27179199371508 15
    endloop
  endfacet
  facet normal -0.56208337785213 -0.8270805742745623 0
    outer loop
      vertex -18.98546364904688 -26.1312489183108 13
      vertex -17.307205477821594 -27.27179199371508 15
      vertex -18.98546364904688 -26.1312489183108 15
    endloop
  endfacet
  facet normal -0.5090414157503713 -0.8607420270039436 0
    outer loop
      vertex -17.307205477821594 -27.27179199371508 13
      vertex -15.560643673485405 -28.304705765416788 15
      vertex -17.307205477821594 -27.27179199371508 15
    endloop
  endfacet
  facet normal 0 0 1
    outer loop
      vertex -17.307205477821594 -27.27179199371508 15
      vertex -15.560643673485405 -28.304705765416788 15
      vertex -15.674209531218938 -24.69860212551847 15
    endloop
  endfacet
  facet normal 0 0 -1
    outer loop
      vertex -23.545686665711596 -22.110871521496637 13
      vertex -22.087749410868774 -20.74177730963926 13
      vertex -22.110871521496637 -23.545686665711596 13
    endloop
  endfacet
  facet normal 0 0 -1
    outer loop
      vertex -22.110871521496637 -23.545686665711596 13
      vertex -19.313946889385296 -23.34655125610642 13
      vertex -20.588794868882673 -24.887577741657996 13
    endloop
  endfacet
  facet normal 0 0 -1
    outer loop
      vertex -22.110871521496637 -23.545686665711596 13
      vertex -22.087749410868774 -20.74177730963926 13
      vertex -20.74177730963926 -22.087749410868774 13
    endloop
  endfacet
  facet normal 0 0 -1
    outer loop
      vertex -22.110871521496637 -23.545686665711596 13
      vertex -20.74177730963926 -22.087749410868774 13
      vertex -19.313946889385296 -23.34655125610642 13
    endloop
  endfacet
  facet normal 0 0 -1
    outer loop
      vertex -24.887577741657996 -20.588794868882673 13
      vertex -23.34655125610642 -19.313946889385296 13
      vertex -23.545686665711596 -22.110871521496637 13
    endloop
  endfacet
  facet normal 0 0 -1
    outer loop
      vertex -23.545686665711596 -22.110871521496637 13
      vertex -23.34655125610642 -19.313946889385296 13
      vertex -22.087749410868774 -20.74177730963926 13
    endloop
  endfacet
  facet normal 0 0 -1
    outer loop
      vertex -20.588794868882673 -24.887577741657996 13
      vertex -19.313946889385296 -23.34655125610642 13
      vertex -17.809893144461938 -24.51321492956091 13
    endloop
  endfacet
  facet normal 0 0 -1
    outer loop
      vertex -18.98546364904688 -26.1312489183108 13
      vertex -20.588794868882673 -24.887577741657996 13
      vertex -17.809893144461938 -24.51321492956091 13
    endloop
  endfacet
  facet normal 0 0 -1
    outer loop
      vertex -18.98546364904688 -26.1312489183108 13
      vertex -17.809893144461938 -24.51321492956091 13
      vertex -16.235551887863604 -25.583136142711055 13
    endloop
  endfacet
  facet normal -0.7071067811865475 -0.7071067811865475 0
    outer loop
      vertex -23.545686665711596 -22.110871521496637 13
      vertex -22.110871521496637 -23.545686665711596 13
      vertex -23.545686665711596 -22.110871521496637 15
    endloop
  endfacet
  facet normal -0.6613118653236523 -0.7501110696304593 0
    outer loop
      vertex -22.110871521496637 -23.545686665711596 13
      vertex -20.588794868882673 -24.887577741657996 13
      vertex -20.588794868882673 -24.887577741657996 15
    endloop
  endfacet
  facet normal -0.7501110696304593 -0.6613118653236523 0
    outer loop
      vertex -24.887577741657996 -20.588794868882673 15
      vertex -23.545686665711596 -22.110871521496637 13
      vertex -23.545686665711596 -22.110871521496637 15
    endloop
  endfacet
  facet normal -0.7071067811865475 -0.7071067811865475 0
    outer loop
      vertex -22.110871521496637 -23.545686665711596 13
      vertex -22.110871521496637 -23.545686665711596 15
      vertex -23.545686665711596 -22.110871521496637 15
    endloop
  endfacet
  facet normal 0 0 1
    outer loop
      vertex -23.545686665711596 -22.110871521496637 15
      vertex -22.110871521496637 -23.545686665711596 15
      vertex -22.53934690653178 -18.64616937631524 15
    endloop
  endfacet
  facet normal -0.6613118653236523 -0.7501110696304593 0
    outer loop
      vertex -22.110871521496637 -23.545686665711596 13
      vertex -20.588794868882673 -24.887577741657996 15
      vertex -22.110871521496637 -23.545686665711596 15
    endloop
  endfacet
  facet normal 0 0 1
    outer loop
      vertex -22.110871521496637 -23.545686665711596 15
      vertex -20.588794868882673 -24.887577741657996 15
      vertex -21.32406799166539 -20.024632722475875 15
    endloop
  endfacet
  facet normal 0 0 1
    outer loop
      vertex -20.588794868882673 -24.887577741657996 15
      vertex -20.024632722475875 -21.32406799166539 15
      vertex -21.32406799166539 -20.024632722475875 15
    endloop
  endfacet
  facet normal 0 0 1
    outer loop
      vertex -23.545686665711596 -22.110871521496637 15
      vertex -22.53934690653178 -18.64616937631524 15
      vertex -23.6656733164062 -17.194118118250778 15
    endloop
  endfacet
  facet normal 0 0 1
    outer loop
      vertex -23.545686665711596 -22.110871521496637 15
      vertex -23.6656733164062 -17.194118118250778 15
      vertex -24.69860212551847 -15.674209531218938 15
    endloop
  endfacet
  facet normal 0 0 1
    outer loop
      vertex -22.110871521496637 -23.545686665711596 15
      vertex -21.32406799166539 -20.024632722475875 15
      vertex -22.53934690653178 -18.64616937631524 15
    endloop
  endfacet
  facet normal -0.6129070536529756 -0.790155012375691 0
    outer loop
      vertex -18.98546364904688 -26.1312489183108 15
      vertex -20.588794868882673 -24.887577741657996 15
      vertex -20.588794868882673 -24.887577741657996 13
    endloop
  endfacet
  facet normal 0 0 1
    outer loop
      vertex -18.98546364904688 -26.1312489183108 15
      vertex -20.024632722475875 -21.32406799166539 15
      vertex -20.588794868882673 -24.887577741657996 15
    endloop
  endfacet
  facet normal 0 0 1
    outer loop
      vertex -18.98546364904688 -26.1312489183108 15
      vertex -17.307205477821594 -27.27179199371508 15
      vertex -18.64616937631524 -22.53934690653178 15
    endloop
  endfacet
  facet normal 0 0 1
    outer loop
      vertex -18.98546364904688 -26.1312489183108 15
      vertex -18.64616937631524 -22.53934690653178 15
      vertex -20.024632722475875 -21.32406799166539 15
    endloop
  endfacet
  facet normal 0 0 1
    outer loop
      vertex -17.307205477821594 -27.27179199371508 15
      vertex -17.194118118250774 -23.6656733164062 15
      vertex -18.64616937631524 -22.53934690653178 15
    endloop
  endfacet
  facet normal 0 0 1
    outer loop
      vertex -17.307205477821594 -27.27179199371508 15
      vertex -15.674209531218938 -24.69860212551847 15
      vertex -17.194118118250774 -23.6656733164062 15
    endloop
  endfacet
  facet normal 0 0 -1
    outer loop
      vertex -28.304705765416788 -15.560643673485405 13
      vertex -29.22591379465243 -13.752671117551838 13
      vertex -28.17222752241402 -11.15417394634574 13
    endloop
  endfacet
  facet normal 0 0 -1
    outer loop
      vertex -29.22591379465243 -13.752671117551838 13
      vertex -30.03178049419052 -11.890423051715095 13
      vertex -28.817012443743153 -9.363214929560906 13
    endloop
  endfacet
  facet normal 0 0 -1
    outer loop
      vertex -29.22591379465243 -13.752671117551838 13
      vertex -28.817012443743153 -9.363214929560906 13
      vertex -28.17222752241402 -11.15417394634574 13
    endloop
  endfacet
  facet normal 0 0 -1
    outer loop
      vertex -30.719125476333456 -9.9812489183108 13
      vertex -29.763303697079266 -5.677653831947462 13
      vertex -30.03178049419052 -11.890423051715095 13
    endloop
  endfacet
  facet normal 0 0 -1
    outer loop
      vertex -30.03178049419052 -11.890423051715095 13
      vertex -29.348069782197523 -7.535303581095103 13
      vertex -28.817012443743153 -9.363214929560906 13
    endloop
  endfacet
  facet normal 0 0 -1
    outer loop
      vertex -27.27179199371508 -17.307205477821594 13
      vertex -28.304705765416788 -15.560643673485405 13
      vertex -26.552092405329063 -14.597136325281976 13
    endloop
  endfacet
  facet normal 0 0 -1
    outer loop
      vertex -27.27179199371508 -17.307205477821594 13
      vertex -26.552092405329063 -14.597136325281976 13
      vertex -25.583136142711055 -16.235551887863604 13
    endloop
  endfacet
  facet normal 0 0 -1
    outer loop
      vertex -28.304705765416788 -15.560643673485405 13
      vertex -27.416259689720395 -12.901112534421696 13
      vertex -26.552092405329063 -14.597136325281976 13
    endloop
  endfacet
  facet normal 0 0 -1
    outer loop
      vertex -28.304705765416788 -15.560643673485405 13
      vertex -28.17222752241402 -11.15417394634574 13
      vertex -27.416259689720395 -12.901112534421696 13
    endloop
  endfacet
  facet normal -0.8910065241883675 -0.4539904997395472 0
    outer loop
      vertex -28.304705765416788 -15.560643673485405 13
      vertex -29.22591379465243 -13.752671117551838 15
      vertex -29.22591379465243 -13.752671117551838 13
    endloop
  endfacet
  facet normal -0.9177546256839806 -0.3971478906347815 0
    outer loop
      vertex -29.22591379465243 -13.752671117551838 13
      vertex -29.22591379465243 -13.752671117551838 15
      vertex -30.03178049419052 -11.890423051715095 15
    endloop
  endfacet
  facet normal -0.8910065241883675 -0.4539904997395472 0
    outer loop
      vertex -28.304705765416788 -15.560643673485405 13
      vertex -28.304705765416788 -15.560643673485405 15
      vertex -29.22591379465243 -13.752671117551838 15
    endloop
  endfacet
  facet normal -0.940880768954226 -0.3387379202452897 0
    outer loop
      vertex -30.719125476333456 -9.9812489183108 13
      vertex -30.03178049419052 -11.890423051715095 13
      vertex -30.719125476333456 -9.9812489183108 15
    endloop
  endfacet
  facet normal -0.9602936856769427 -0.2789911060392301 0
    outer loop
      vertex -30.719125476333456 -9.9812489183108 13
      vertex -31.285236104454782 -8.032683355424812 15
      vertex -31.285236104454782 -8.032683355424812 13
    endloop
  endfacet
  facet normal -0.9177546256839806 -0.3971478906347815 0
    outer loop
      vertex -29.22591379465243 -13.752671117551838 13
      vertex -30.03178049419052 -11.890423051715095 15
      vertex -30.03178049419052 -11.890423051715095 13
    endloop
  endfacet
  facet normal -0.9602936856769427 -0.2789911060392301 0
    outer loop
      vertex -30.719125476333456 -9.9812489183108 13
      vertex -30.719125476333456 -9.9812489183108 15
      vertex -31.285236104454782 -8.032683355424812 15
    endloop
  endfacet
  facet normal -0.940880768954226 -0.3387379202452897 0
    outer loop
      vertex -30.03178049419052 -11.890423051715095 13
      vertex -30.03178049419052 -11.890423051715095 15
      vertex -30.719125476333456 -9.9812489183108 15
    endloop
  endfacet
  facet normal 0 0 1
    outer loop
      vertex -28.304705765416788 -15.560643673485405 15
      vertex -28.734240862982546 -5.48134959761956 15
      vertex -29.22591379465243 -13.752671117551838 15
    endloop
  endfacet
  facet normal 0 0 1
    outer loop
      vertex -28.304705765416788 -15.560643673485405 15
      vertex -28.3333636133961 -7.274771318350968 15
      vertex -28.734240862982546 -5.48134959761956 15
    endloop
  endfacet
  facet normal -0.8607420270039436 -0.5090414157503713 0
    outer loop
      vertex -27.27179199371508 -17.307205477821594 13
      vertex -28.304705765416788 -15.560643673485405 15
      vertex -28.304705765416788 -15.560643673485405 13
    endloop
  endfacet
  facet normal -0.8607420270039436 -0.5090414157503713 0
    outer loop
      vertex -27.27179199371508 -17.307205477821594 13
      vertex -27.27179199371508 -17.307205477821594 15
      vertex -28.304705765416788 -15.560643673485405 15
    endloop
  endfacet
  facet normal 0 0 1
    outer loop
      vertex -27.27179199371508 -17.307205477821594 15
      vertex -26.1312489183108 -18.98546364904688 15
      vertex -26.46834563475599 -12.455058038496382 15
    endloop
  endfacet
  facet normal 0 0 1
    outer loop
      vertex -27.27179199371508 -17.307205477821594 15
      vertex -27.820667521910135 -9.039482840215724 15
      vertex -28.304705765416788 -15.560643673485405 15
    endloop
  endfacet
  facet normal 0 0 1
    outer loop
      vertex -27.27179199371508 -17.307205477821594 15
      vertex -26.46834563475599 -12.455058038496382 15
      vertex -27.198175965769185 -10.768519653057028 15
    endloop
  endfacet
  facet normal 0 0 1
    outer loop
      vertex -26.1312489183108 -18.98546364904688 15
      vertex -25.634056835759303 -14.092442000032559 15
      vertex -26.46834563475599 -12.455058038496382 15
    endloop
  endfacet
  facet normal 0 0 1
    outer loop
      vertex -24.887577741657996 -20.588794868882673 15
      vertex -24.69860212551847 -15.674209531218938 15
      vertex -25.634056835759303 -14.092442000032559 15
    endloop
  endfacet
  facet normal 0 0 1
    outer loop
      vertex -27.27179199371508 -17.307205477821594 15
      vertex -27.198175965769185 -10.768519653057028 15
      vertex -27.820667521910135 -9.039482840215724 15
    endloop
  endfacet
  facet normal 0 0 1
    outer loop
      vertex -28.304705765416788 -15.560643673485405 15
      vertex -27.820667521910135 -9.039482840215724 15
      vertex -28.3333636133961 -7.274771318350968 15
    endloop
  endfacet
  facet normal 0 0 -1
    outer loop
      vertex -30.719125476333456 -9.9812489183108 13
      vertex -30.240209871376628 -1.9025527417381922 13
      vertex -30.06107544982868 -3.7975969769984133 13
    endloop
  endfacet
  facet normal 0 0 -1
    outer loop
      vertex -30.03178049419052 -11.890423051715095 13
      vertex -29.763303697079266 -5.677653831947462 13
      vertex -29.348069782197523 -7.535303581095103 13
    endloop
  endfacet
  facet normal 0 0 -1
    outer loop
      vertex -30.719125476333456 -9.9812489183108 13
      vertex -30.06107544982868 -3.7975969769984133 13
      vertex -29.763303697079266 -5.677653831947462 13
    endloop
  endfacet
  facet normal 0 0 -1
    outer loop
      vertex -30.719125476333456 -9.9812489183108 13
      vertex -30.3 0 13
      vertex -30.240209871376628 -1.9025527417381922 13
    endloop
  endfacet
  facet normal 0 0 -1
    outer loop
      vertex -30.719125476333456 -9.9812489183108 13
      vertex -31.285236104454782 -8.032683355424812 13
      vertex -30.719125476333456 9.9812489183108 13
    endloop
  endfacet
  facet normal 0 0 -1
    outer loop
      vertex -30.719125476333456 -9.9812489183108 13
      vertex -30.240209871376628 1.9025527417381922 13
      vertex -30.3 0 13
    endloop
  endfacet
  facet normal 0 0 -1
    outer loop
      vertex -31.72787819853664 -6.052416461118911 13
      vertex -32.04530485245763 -4.048263444127021 13
      vertex -31.72787819853664 6.052416461118911 13
    endloop
  endfacet
  facet normal 0 0 -1
    outer loop
      vertex -31.285236104454782 -8.032683355424812 13
      vertex -31.72787819853664 -6.052416461118911 13
      vertex -31.285236104454782 8.032683355424812 13
    endloop
  endfacet
  facet normal 0 0 -1
    outer loop
      vertex -32.04530485245763 -4.048263444127021 13
      vertex -32.23626332823317 -2.0281337807968187 13
      vertex -32.04530485245763 4.048263444127021 13
    endloop
  endfacet
  facet normal -0.9759167619387475 -0.21814324139654237 0
    outer loop
      vertex -31.285236104454782 -8.032683355424812 13
      vertex -31.72787819853664 -6.052416461118911 15
      vertex -31.72787819853664 -6.052416461118911 13
    endloop
  endfacet
  facet normal -0.9876883405951375 -0.15643446504023167 0
    outer loop
      vertex -31.72787819853664 -6.052416461118911 13
      vertex -32.04530485245763 -4.048263444127021 15
      vertex -32.04530485245763 -4.048263444127021 13
    endloop
  endfacet
  facet normal -0.9759167619387475 -0.21814324139654237 0
    outer loop
      vertex -31.285236104454782 -8.032683355424812 13
      vertex -31.285236104454782 -8.032683355424812 15
      vertex -31.72787819853664 -6.052416461118911 15
    endloop
  endfacet
  facet normal -0.9876883405951375 -0.15643446504023167 0
    outer loop
      vertex -31.72787819853664 -6.052416461118911 13
      vertex -31.72787819853664 -6.052416461118911 15
      vertex -32.04530485245763 -4.048263444127021 15
    endloop
  endfacet
  facet normal 0 0 1
    outer loop
      vertex -29.22591379465243 -13.752671117551838 15
      vertex -28.734240862982546 -5.48134959761956 15
      vertex -29.021717191308753 -3.666295494216761 15
    endloop
  endfacet
  facet normal 0 0 1
    outer loop
      vertex -29.22591379465243 -13.752671117551838 15
      vertex -29.021717191308753 -3.666295494216761 15
      vertex -29.194658060642247 -1.8367721974693878 15
    endloop
  endfacet
  facet normal 0 0 1
    outer loop
      vertex -29.22591379465243 -13.752671117551838 15
      vertex -30.03178049419052 11.890423051715095 15
      vertex -30.03178049419052 -11.890423051715095 15
    endloop
  endfacet
  facet normal 0 0 1
    outer loop
      vertex -29.22591379465243 -13.752671117551838 15
      vertex -29.194658060642247 -1.8367721974693878 15
      vertex -29.252380952380953 0 15
    endloop
  endfacet
  facet normal -0.9955619646030799 -0.09410831331851481 0
    outer loop
      vertex -32.04530485245763 -4.048263444127021 13
      vertex -32.23626332823317 -2.0281337807968187 15
      vertex -32.23626332823317 -2.0281337807968187 13
    endloop
  endfacet
  facet normal -0.9995065603657315 -0.03141075907812696 0
    outer loop
      vertex -32.23626332823317 -2.0281337807968187 13
      vertex -32.3 0 15
      vertex -32.3 0 13
    endloop
  endfacet
  facet normal -0.9955619646030799 -0.09410831331851481 0
    outer loop
      vertex -32.04530485245763 -4.048263444127021 13
      vertex -32.04530485245763 -4.048263444127021 15
      vertex -32.23626332823317 -2.0281337807968187 15
    endloop
  endfacet
  facet normal 0 0 1
    outer loop
      vertex -31.285236104454782 -8.032683355424812 15
      vertex -31.72787819853664 6.052416461118911 15
      vertex -31.72787819853664 -6.052416461118911 15
    endloop
  endfacet
  facet normal 0 0 1
    outer loop
      vertex -30.719125476333456 -9.9812489183108 15
      vertex -31.285236104454782 8.032683355424812 15
      vertex -31.285236104454782 -8.032683355424812 15
    endloop
  endfacet
  facet normal 0 0 1
    outer loop
      vertex -30.719125476333456 -9.9812489183108 15
      vertex -30.03178049419052 -11.890423051715095 15
      vertex -30.719125476333456 9.9812489183108 15
    endloop
  endfacet
  facet normal -0.9995065603657315 -0.03141075907812696 0
    outer loop
      vertex -32.23626332823317 -2.0281337807968187 13
      vertex -32.23626332823317 -2.0281337807968187 15
      vertex -32.3 0 15
    endloop
  endfacet
  facet normal 0 0 1
    outer loop
      vertex -31.72787819853664 -6.052416461118911 15
      vertex -32.04530485245763 4.048263444127021 15
      vertex -32.04530485245763 -4.048263444127021 15
    endloop
  endfacet
  facet normal 0 0 1
    outer loop
      vertex -32.04530485245763 -4.048263444127021 15
      vertex -32.23626332823317 2.0281337807968187 15
      vertex -32.23626332823317 -2.0281337807968187 15
    endloop
  endfacet
  facet normal 0 0 1
    outer loop
      vertex -29.22591379465243 -13.752671117551838 15
      vertex -29.252380952380953 0 15
      vertex -30.03178049419052 11.890423051715095 15
    endloop
  endfacet
  facet normal 0 0 -1
    outer loop
      vertex -17.307205477821594 -27.27179199371508 13
      vertex -14.597136325281976 -26.552092405329063 13
      vertex -15.560643673485405 -28.304705765416788 13
    endloop
  endfacet
  facet normal 0 0 -1
    outer loop
      vertex -17.307205477821594 -27.27179199371508 13
      vertex -16.235551887863604 -25.583136142711055 13
      vertex -14.597136325281976 -26.552092405329063 13
    endloop
  endfacet
  facet normal 0 0 -1
    outer loop
      vertex -15.560643673485405 -28.304705765416788 13
      vertex -14.597136325281976 -26.552092405329063 13
      vertex -12.901112534421696 -27.416259689720395 13
    endloop
  endfacet
  facet normal 0 0 -1
    outer loop
      vertex -15.560643673485405 -28.304705765416788 13
      vertex -12.901112534421696 -27.416259689720395 13
      vertex -13.752671117551838 -29.22591379465243 13
    endloop
  endfacet
  facet normal 0 0 -1
    outer loop
      vertex -13.752671117551838 -29.22591379465243 13
      vertex -11.15417394634574 -28.17222752241402 13
      vertex -11.890423051715095 -30.03178049419052 13
    endloop
  endfacet
  facet normal 0 0 -1
    outer loop
      vertex -13.752671117551838 -29.22591379465243 13
      vertex -12.901112534421696 -27.416259689720395 13
      vertex -11.15417394634574 -28.17222752241402 13
    endloop
  endfacet
  facet normal 0 0 -1
    outer loop
      vertex -9.9812489183108 -30.719125476333456 13
      vertex -7.535303581095103 -29.348069782197523 13
      vertex -8.032683355424812 -31.285236104454782 13
    endloop
  endfacet
  facet normal 0 0 -1
    outer loop
      vertex -11.890423051715095 -30.03178049419052 13
      vertex -11.15417394634574 -28.17222752241402 13
      vertex -9.363214929560906 -28.817012443743153 13
    endloop
  endfacet
  facet normal 0 0 -1
    outer loop
      vertex -11.890423051715095 -30.03178049419052 13
      vertex -9.363214929560906 -28.817012443743153 13
      vertex -9.9812489183108 -30.719125476333456 13
    endloop
  endfacet
  facet normal 0 0 -1
    outer loop
      vertex -9.9812489183108 -30.719125476333456 13
      vertex -9.363214929560906 -28.817012443743153 13
      vertex -7.535303581095103 -29.348069782197523 13
    endloop
  endfacet
  facet normal -0.5090414157503713 -0.8607420270039436 0
    outer loop
      vertex -17.307205477821594 -27.27179199371508 13
      vertex -15.560643673485405 -28.304705765416788 13
      vertex -15.560643673485405 -28.304705765416788 15
    endloop
  endfacet
  facet normal -0.4539904997395472 -0.8910065241883675 0
    outer loop
      vertex -15.560643673485405 -28.304705765416788 13
      vertex -13.752671117551838 -29.22591379465243 13
      vertex -13.752671117551838 -29.22591379465243 15
    endloop
  endfacet
  facet normal -0.3971478906347815 -0.9177546256839806 0
    outer loop
      vertex -13.752671117551838 -29.22591379465243 13
      vertex -11.890423051715095 -30.03178049419052 13
      vertex -11.890423051715095 -30.03178049419052 15
    endloop
  endfacet
  facet normal -0.4539904997395472 -0.8910065241883675 0
    outer loop
      vertex -15.560643673485405 -28.304705765416788 13
      vertex -13.752671117551838 -29.22591379465243 15
      vertex -15.560643673485405 -28.304705765416788 15
    endloop
  endfacet
  facet normal 0 0 1
    outer loop
      vertex -15.560643673485405 -28.304705765416788 15
      vertex -13.752671117551838 -29.22591379465243 15
      vertex -14.092442000032559 -25.634056835759303 15
    endloop
  endfacet
  facet normal 0 0 1
    outer loop
      vertex -15.560643673485405 -28.304705765416788 15
      vertex -14.092442000032559 -25.634056835759303 15
      vertex -15.674209531218938 -24.69860212551847 15
    endloop
  endfacet
  facet normal -0.3971478906347815 -0.9177546256839806 0
    outer loop
      vertex -13.752671117551838 -29.22591379465243 13
      vertex -11.890423051715095 -30.03178049419052 15
      vertex -13.752671117551838 -29.22591379465243 15
    endloop
  endfacet
  facet normal 0 0 1
    outer loop
      vertex -13.752671117551838 -29.22591379465243 15
      vertex -11.890423051715095 -30.03178049419052 15
      vertex -12.45505803849638 -26.46834563475599 15
    endloop
  endfacet
  facet normal 0 0 1
    outer loop
      vertex -13.752671117551838 -29.22591379465243 15
      vertex -12.45505803849638 -26.46834563475599 15
      vertex -14.092442000032559 -25.634056835759303 15
    endloop
  endfacet
  facet normal -0.3387379202452897 -0.940880768954226 0
    outer loop
      vertex -11.890423051715095 -30.03178049419052 13
      vertex -9.9812489183108 -30.719125476333456 13
      vertex -9.9812489183108 -30.719125476333456 15
    endloop
  endfacet
  facet normal -0.2789911060392301 -0.9602936856769427 0
    outer loop
      vertex -9.9812489183108 -30.719125476333456 13
      vertex -8.032683355424812 -31.285236104454782 13
      vertex -8.032683355424812 -31.285236104454782 15
    endloop
  endfacet
  facet normal -0.3387379202452897 -0.940880768954226 0
    outer loop
      vertex -11.890423051715095 -30.03178049419052 13
      vertex -9.9812489183108 -30.719125476333456 15
      vertex -11.890423051715095 -30.03178049419052 15
    endloop
  endfacet
  facet normal -0.2789911060392301 -0.9602936856769427 0
    outer loop
      vertex -9.9812489183108 -30.719125476333456 13
      vertex -8.032683355424812 -31.285236104454782 15
      vertex -9.9812489183108 -30.719125476333456 15
    endloop
  endfacet
  facet normal 0 0 1
    outer loop
      vertex -9.9812489183108 -30.719125476333456 15
      vertex -8.032683355424812 -31.285236104454782 15
      vertex -9.039482840215724 -27.820667521910135 15
    endloop
  endfacet
  facet normal 0 0 1
    outer loop
      vertex -12.45505803849638 -26.46834563475599 15
      vertex -11.890423051715095 -30.03178049419052 15
      vertex -10.768519653057028 -27.198175965769185 15
    endloop
  endfacet
  facet normal 0 0 1
    outer loop
      vertex -11.890423051715095 -30.03178049419052 15
      vertex -9.9812489183108 -30.719125476333456 15
      vertex -10.768519653057028 -27.198175965769185 15
    endloop
  endfacet
  facet normal 0 0 1
    outer loop
      vertex -9.9812489183108 -30.719125476333456 15
      vertex -9.039482840215724 -27.820667521910135 15
      vertex -10.768519653057028 -27.198175965769185 15
    endloop
  endfacet
  facet normal 0 0 1
    outer loop
      vertex -9.039482840215724 -27.820667521910135 15
      vertex -8.032683355424812 -31.285236104454782 15
      vertex -7.274771318350969 -28.333363613396102 15
    endloop
  endfacet
  facet normal 0 0 -1
    outer loop
      vertex -8.032683355424812 -31.285236104454782 13
      vertex -7.535303581095103 -29.348069782197523 13
      vertex -5.677653831947462 -29.763303697079266 13
    endloop
  endfacet
  facet normal 0 0 -1
    outer loop
      vertex -8.032683355424812 -31.285236104454782 13
      vertex -5.677653831947462 -29.763303697079266 13
      vertex -6.052416461118911 -31.72787819853664 13
    endloop
  endfacet
  facet normal 0 0 -1
    outer loop
      vertex -6.052416461118911 -31.72787819853664 13
      vertex -5.677653831947462 -29.763303697079266 13
      vertex -3.7975969769984133 -30.06107544982868 13
    endloop
  endfacet
  facet normal 0 0 -1
    outer loop
      vertex -6.052416461118911 -31.72787819853664 13
      vertex -3.7975969769984133 -30.06107544982868 13
      vertex -4.048263444127021 -32.04530485245763 13
    endloop
  endfacet
  facet normal 0 0 -1
    outer loop
      vertex -4.048263444127021 -32.04530485245763 13
      vertex -2 -32.237147467913296 13
      vertex -2.0281337807968343 -32.23626332823317 13
    endloop
  endfacet
  facet normal 0 0 -1
    outer loop
      vertex -4.048263444127021 -32.04530485245763 13
      vertex -3.7975969769984133 -30.06107544982868 13
      vertex -2 -32.237147467913296 13
    endloop
  endfacet
  facet normal 0 0 -1
    outer loop
      vertex -3.7975969769984133 -30.06107544982868 13
      vertex -2 -30.230998393398774 13
      vertex -2 -32.237147467913296 13
    endloop
  endfacet
  facet normal -0.21814324139654237 -0.9759167619387475 0
    outer loop
      vertex -8.032683355424812 -31.285236104454782 13
      vertex -6.052416461118911 -31.72787819853664 13
      vertex -6.052416461118911 -31.72787819853664 15
    endloop
  endfacet
  facet normal -0.15643446504023167 -0.9876883405951375 0
    outer loop
      vertex -6.052416461118911 -31.72787819853664 13
      vertex -4.048263444127021 -32.04530485245763 13
      vertex -4.048263444127021 -32.04530485245763 15
    endloop
  endfacet
  facet normal -0.21814324139654237 -0.9759167619387475 0
    outer loop
      vertex -8.032683355424812 -31.285236104454782 13
      vertex -6.052416461118911 -31.72787819853664 15
      vertex -8.032683355424812 -31.285236104454782 15
    endloop
  endfacet
  facet normal 0 0 1
    outer loop
      vertex -8.032683355424812 -31.285236104454782 15
      vertex -6.052416461118911 -31.72787819853664 15
      vertex -7.274771318350969 -28.333363613396102 15
    endloop
  endfacet
  facet normal -0.15643446504023167 -0.9876883405951375 0
    outer loop
      vertex -6.052416461118911 -31.72787819853664 13
      vertex -4.048263444127021 -32.04530485245763 15
      vertex -6.052416461118911 -31.72787819853664 15
    endloop
  endfacet
  facet normal 0 0 1
    outer loop
      vertex -6.052416461118911 -31.72787819853664 15
      vertex -4.048263444127021 -32.04530485245763 15
      vertex -5.48134959761956 -28.734240862982546 15
    endloop
  endfacet
  facet normal 0 0 1
    outer loop
      vertex -4.048263444127021 -32.04530485245763 15
      vertex -3.666295494216761 -29.021717191308753 15
      vertex -5.48134959761956 -28.734240862982546 15
    endloop
  endfacet
  facet normal 0 0 1
    outer loop
      vertex -6.052416461118911 -31.72787819853664 15
      vertex -5.48134959761956 -28.734240862982546 15
      vertex -7.274771318350969 -28.333363613396102 15
    endloop
  endfacet
  facet normal -0.09410831331851553 -0.9955619646030799 0
    outer loop
      vertex -4.048263444127021 -32.04530485245763 13
      vertex -2.0281337807968343 -32.23626332823317 13
      vertex -2.0281337807968343 -32.23626332823317 15
    endloop
  endfacet
  facet normal -0.03141075907805112 -0.9995065603657339 0
    outer loop
      vertex -2.0281337807968343 -32.23626332823317 13
      vertex -2 -32.237147467913296 13
      vertex -2 -32.237147467913296 15
    endloop
  endfacet
  facet normal -0.09410831331851553 -0.9955619646030799 0
    outer loop
      vertex -4.048263444127021 -32.04530485245763 13
      vertex -2.0281337807968343 -32.23626332823317 15
      vertex -4.048263444127021 -32.04530485245763 15
    endloop
  endfacet
  facet normal -0.03141075907805112 -0.9995065603657339 0
    outer loop
      vertex -2.0281337807968343 -32.23626332823317 13
      vertex -2 -32.237147467913296 15
      vertex -2.0281337807968343 -32.23626332823317 15
    endloop
  endfacet
  facet normal 0 0 1
    outer loop
      vertex -4.048263444127021 -32.04530485245763 15
      vertex -2.0281337807968343 -32.23626332823317 15
      vertex -3.666295494216761 -29.021717191308753 15
    endloop
  endfacet
  facet normal 0 0 1
    outer loop
      vertex -2.0281337807968343 -32.23626332823317 15
      vertex -2 -29.17922849048087 15
      vertex -3.666295494216761 -29.021717191308753 15
    endloop
  endfacet
  facet normal 0 0 1
    outer loop
      vertex -2.0281337807968343 -32.23626332823317 15
      vertex -2 -32.237147467913296 15
      vertex -2 -29.17922849048087 15
    endloop
  endfacet
  facet normal 0 0 -1
    outer loop
      vertex -32.23626332823317 -2.0281337807968187 13
      vertex -32.3 0 13
      vertex -32.23626332823317 2.0281337807968187 13
    endloop
  endfacet
  facet normal 0 0 -1
    outer loop
      vertex -32.23626332823317 -2.0281337807968187 13
      vertex -32.23626332823317 2.0281337807968187 13
      vertex -32.04530485245763 4.048263444127021 13
    endloop
  endfacet
  facet normal 0 0 -1
    outer loop
      vertex -32.04530485245763 -4.048263444127021 13
      vertex -32.04530485245763 4.048263444127021 13
      vertex -31.72787819853664 6.052416461118911 13
    endloop
  endfacet
  facet normal 0 0 -1
    outer loop
      vertex -30.719125476333456 -9.9812489183108 13
      vertex -30.03178049419052 11.890423051715095 13
      vertex -30.240209871376628 1.9025527417381922 13
    endloop
  endfacet
  facet normal 0 0 -1
    outer loop
      vertex -31.72787819853664 -6.052416461118911 13
      vertex -31.72787819853664 6.052416461118911 13
      vertex -31.285236104454782 8.032683355424812 13
    endloop
  endfacet
  facet normal 0 0 -1
    outer loop
      vertex -31.285236104454782 -8.032683355424812 13
      vertex -31.285236104454782 8.032683355424812 13
      vertex -30.719125476333456 9.9812489183108 13
    endloop
  endfacet
  facet normal 0 0 -1
    outer loop
      vertex -30.719125476333456 -9.9812489183108 13
      vertex -30.719125476333456 9.9812489183108 13
      vertex -30.03178049419052 11.890423051715095 13
    endloop
  endfacet
  facet normal 0 0 -1
    outer loop
      vertex -30.240209871376628 1.9025527417381922 13
      vertex -30.03178049419052 11.890423051715095 13
      vertex -30.06107544982868 3.7975969769984133 13
    endloop
  endfacet
  facet normal 0 0 -1
    outer loop
      vertex -30.06107544982868 3.7975969769984133 13
      vertex -30.03178049419052 11.890423051715095 13
      vertex -29.763303697079266 5.677653831947462 13
    endloop
  endfacet
  facet normal -0.9995065603657315 0.03141075907812696 0
    outer loop
      vertex -32.3 0 13
      vertex -32.23626332823317 2.0281337807968187 15
      vertex -32.23626332823317 2.0281337807968187 13
    endloop
  endfacet
  facet normal -0.9955619646030799 0.09410831331851481 0
    outer loop
      vertex -32.23626332823317 2.0281337807968187 13
      vertex -32.04530485245763 4.048263444127021 15
      vertex -32.04530485245763 4.048263444127021 13
    endloop
  endfacet
  facet normal -0.9995065603657315 0.03141075907812696 0
    outer loop
      vertex -32.3 0 13
      vertex -32.3 0 15
      vertex -32.23626332823317 2.0281337807968187 15
    endloop
  endfacet
  facet normal 0 0 1
    outer loop
      vertex -32.23626332823317 -2.0281337807968187 15
      vertex -32.23626332823317 2.0281337807968187 15
      vertex -32.3 0 15
    endloop
  endfacet
  facet normal 0 0 1
    outer loop
      vertex -32.04530485245763 -4.048263444127021 15
      vertex -32.04530485245763 4.048263444127021 15
      vertex -32.23626332823317 2.0281337807968187 15
    endloop
  endfacet
  facet normal 0 0 1
    outer loop
      vertex -31.72787819853664 -6.052416461118911 15
      vertex -31.72787819853664 6.052416461118911 15
      vertex -32.04530485245763 4.048263444127021 15
    endloop
  endfacet
  facet normal 0 0 1
    outer loop
      vertex -31.285236104454782 -8.032683355424812 15
      vertex -31.285236104454782 8.032683355424812 15
      vertex -31.72787819853664 6.052416461118911 15
    endloop
  endfacet
  facet normal -0.9955619646030799 0.09410831331851481 0
    outer loop
      vertex -32.23626332823317 2.0281337807968187 13
      vertex -32.23626332823317 2.0281337807968187 15
      vertex -32.04530485245763 4.048263444127021 15
    endloop
  endfacet
  facet normal 0 0 1
    outer loop
      vertex -30.719125476333456 -9.9812489183108 15
      vertex -30.719125476333456 9.9812489183108 15
      vertex -31.285236104454782 8.032683355424812 15
    endloop
  endfacet
  facet normal 0 0 1
    outer loop
      vertex -30.03178049419052 -11.890423051715095 15
      vertex -30.03178049419052 11.890423051715095 15
      vertex -30.719125476333456 9.9812489183108 15
    endloop
  endfacet
  facet normal -0.9876883405951375 0.15643446504023167 0
    outer loop
      vertex -32.04530485245763 4.048263444127021 13
      vertex -31.72787819853664 6.052416461118911 15
      vertex -31.72787819853664 6.052416461118911 13
    endloop
  endfacet
  facet normal -0.9759167619387475 0.21814324139654237 0
    outer loop
      vertex -31.72787819853664 6.052416461118911 13
      vertex -31.285236104454782 8.032683355424812 15
      vertex -31.285236104454782 8.032683355424812 13
    endloop
  endfacet
  facet normal -0.9876883405951375 0.15643446504023167 0
    outer loop
      vertex -32.04530485245763 4.048263444127021 13
      vertex -32.04530485245763 4.048263444127021 15
      vertex -31.72787819853664 6.052416461118911 15
    endloop
  endfacet
  facet normal -0.9759167619387475 0.21814324139654237 0
    outer loop
      vertex -31.72787819853664 6.052416461118911 13
      vertex -31.72787819853664 6.052416461118911 15
      vertex -31.285236104454782 8.032683355424812 15
    endloop
  endfacet
  facet normal 0 0 1
    outer loop
      vertex -29.252380952380953 0 15
      vertex -29.194658060642247 1.8367721974693878 15
      vertex -30.03178049419052 11.890423051715095 15
    endloop
  endfacet
  facet normal 0 0 1
    outer loop
      vertex -29.194658060642247 1.8367721974693878 15
      vertex -29.021717191308753 3.666295494216761 15
      vertex -29.22591379465243 13.752671117551838 15
    endloop
  endfacet
  facet normal 0 0 1
    outer loop
      vertex -29.021717191308753 3.666295494216761 15
      vertex -28.734240862982546 5.48134959761956 15
      vertex -29.22591379465243 13.752671117551838 15
    endloop
  endfacet
  facet normal 0 0 -1
    outer loop
      vertex -29.763303697079266 5.677653831947462 13
      vertex -29.22591379465243 13.752671117551838 13
      vertex -29.348069782197523 7.535303581095103 13
    endloop
  endfacet
  facet normal 0 0 -1
    outer loop
      vertex -29.763303697079266 5.677653831947462 13
      vertex -30.03178049419052 11.890423051715095 13
      vertex -29.22591379465243 13.752671117551838 13
    endloop
  endfacet
  facet normal 0 0 -1
    outer loop
      vertex -29.348069782197523 7.535303581095103 13
      vertex -29.22591379465243 13.752671117551838 13
      vertex -28.817012443743153 9.363214929560906 13
    endloop
  endfacet
  facet normal 0 0 -1
    outer loop
      vertex -28.817012443743153 9.363214929560906 13
      vertex -28.304705765416788 15.560643673485405 13
      vertex -28.17222752241402 11.15417394634574 13
    endloop
  endfacet
  facet normal 0 0 -1
    outer loop
      vertex -28.817012443743153 9.363214929560906 13
      vertex -29.22591379465243 13.752671117551838 13
      vertex -28.304705765416788 15.560643673485405 13
    endloop
  endfacet
  facet normal 0 0 -1
    outer loop
      vertex -28.304705765416788 15.560643673485405 13
      vertex -27.416259689720395 12.901112534421696 13
      vertex -28.17222752241402 11.15417394634574 13
    endloop
  endfacet
  facet normal 0 0 -1
    outer loop
      vertex -27.416259689720395 12.901112534421696 13
      vertex -27.27179199371508 17.307205477821594 13
      vertex -26.552092405329063 14.597136325281976 13
    endloop
  endfacet
  facet normal 0 0 -1
    outer loop
      vertex -28.304705765416788 15.560643673485405 13
      vertex -27.27179199371508 17.307205477821594 13
      vertex -27.416259689720395 12.901112534421696 13
    endloop
  endfacet
  facet normal 0 0 -1
    outer loop
      vertex -26.552092405329063 14.597136325281976 13
      vertex -27.27179199371508 17.307205477821594 13
      vertex -26.1312489183108 18.98546364904688 13
    endloop
  endfacet
  facet normal 0 0 -1
    outer loop
      vertex -26.552092405329063 14.597136325281976 13
      vertex -26.1312489183108 18.98546364904688 13
      vertex -25.583136142711055 16.235551887863604 13
    endloop
  endfacet
  facet normal -0.9602936856769427 0.2789911060392301 0
    outer loop
      vertex -31.285236104454782 8.032683355424812 13
      vertex -30.719125476333456 9.9812489183108 15
      vertex -30.719125476333456 9.9812489183108 13
    endloop
  endfacet
  facet normal -0.940880768954226 0.3387379202452897 0
    outer loop
      vertex -30.719125476333456 9.9812489183108 13
      vertex -30.03178049419052 11.890423051715095 15
      vertex -30.03178049419052 11.890423051715095 13
    endloop
  endfacet
  facet normal -0.9602936856769427 0.2789911060392301 0
    outer loop
      vertex -31.285236104454782 8.032683355424812 13
      vertex -31.285236104454782 8.032683355424812 15
      vertex -30.719125476333456 9.9812489183108 15
    endloop
  endfacet
  facet normal -0.940880768954226 0.3387379202452897 0
    outer loop
      vertex -30.719125476333456 9.9812489183108 13
      vertex -30.719125476333456 9.9812489183108 15
      vertex -30.03178049419052 11.890423051715095 15
    endloop
  endfacet
  facet normal 0 0 1
    outer loop
      vertex -29.194658060642247 1.8367721974693878 15
      vertex -29.22591379465243 13.752671117551838 15
      vertex -30.03178049419052 11.890423051715095 15
    endloop
  endfacet
  facet normal 0 0 1
    outer loop
      vertex -28.734240862982546 5.48134959761956 15
      vertex -28.3333636133961 7.274771318350968 15
      vertex -29.22591379465243 13.752671117551838 15
    endloop
  endfacet
  facet normal 0 0 1
    outer loop
      vertex -28.3333636133961 7.274771318350968 15
      vertex -27.820667521910135 9.039482840215724 15
      vertex -29.22591379465243 13.752671117551838 15
    endloop
  endfacet
  facet normal -0.9177546256839806 0.3971478906347815 0
    outer loop
      vertex -30.03178049419052 11.890423051715095 13
      vertex -30.03178049419052 11.890423051715095 15
      vertex -29.22591379465243 13.752671117551838 15
    endloop
  endfacet
  facet normal 0 0 1
    outer loop
      vertex -29.22591379465243 13.752671117551838 15
      vertex -27.820667521910135 9.039482840215724 15
      vertex -28.304705765416788 15.560643673485405 15
    endloop
  endfacet
  facet normal -0.9177546256839806 0.3971478906347815 0
    outer loop
      vertex -30.03178049419052 11.890423051715095 13
      vertex -29.22591379465243 13.752671117551838 15
      vertex -29.22591379465243 13.752671117551838 13
    endloop
  endfacet
  facet normal -0.8910065241883675 0.4539904997395472 0
    outer loop
      vertex -29.22591379465243 13.752671117551838 13
      vertex -28.304705765416788 15.560643673485405 15
      vertex -28.304705765416788 15.560643673485405 13
    endloop
  endfacet
  facet normal -0.8910065241883675 0.4539904997395472 0
    outer loop
      vertex -29.22591379465243 13.752671117551838 13
      vertex -29.22591379465243 13.752671117551838 15
      vertex -28.304705765416788 15.560643673485405 15
    endloop
  endfacet
  facet normal 0 0 1
    outer loop
      vertex -28.304705765416788 15.560643673485405 15
      vertex -27.820667521910135 9.039482840215724 15
      vertex -27.198175965769185 10.768519653057028 15
    endloop
  endfacet
  facet normal -0.8607420270039436 0.5090414157503713 0
    outer loop
      vertex -28.304705765416788 15.560643673485405 13
      vertex -27.27179199371508 17.307205477821594 15
      vertex -27.27179199371508 17.307205477821594 13
    endloop
  endfacet
  facet normal 0 0 1
    outer loop
      vertex -28.304705765416788 15.560643673485405 15
      vertex -27.198175965769185 10.768519653057028 15
      vertex -27.27179199371508 17.307205477821594 15
    endloop
  endfacet
  facet normal 0 0 1
    outer loop
      vertex -27.198175965769185 10.768519653057028 15
      vertex -26.46834563475599 12.45505803849638 15
      vertex -27.27179199371508 17.307205477821594 15
    endloop
  endfacet
  facet normal 0 0 1
    outer loop
      vertex -26.46834563475599 12.45505803849638 15
      vertex -25.634056835759303 14.092442000032559 15
      vertex -27.27179199371508 17.307205477821594 15
    endloop
  endfacet
  facet normal -0.8607420270039436 0.5090414157503713 0
    outer loop
      vertex -28.304705765416788 15.560643673485405 13
      vertex -28.304705765416788 15.560643673485405 15
      vertex -27.27179199371508 17.307205477821594 15
    endloop
  endfacet
  facet normal 0 0 1
    outer loop
      vertex -25.634056835759303 14.092442000032559 15
      vertex -26.1312489183108 18.98546364904688 15
      vertex -27.27179199371508 17.307205477821594 15
    endloop
  endfacet
  facet normal 0 0 1
    outer loop
      vertex -25.634056835759303 14.092442000032559 15
      vertex -24.69860212551847 15.674209531218938 15
      vertex -26.1312489183108 18.98546364904688 15
    endloop
  endfacet
  facet normal 0 0 -1
    outer loop
      vertex -25.583136142711055 16.235551887863604 13
      vertex -26.1312489183108 18.98546364904688 13
      vertex -24.887577741657996 20.588794868882673 13
    endloop
  endfacet
  facet normal 0 0 -1
    outer loop
      vertex -25.583136142711055 16.235551887863604 13
      vertex -24.887577741657996 20.588794868882673 13
      vertex -24.51321492956091 17.809893144461938 13
    endloop
  endfacet
  facet normal 0 0 -1
    outer loop
      vertex -24.51321492956091 17.809893144461938 13
      vertex -24.887577741657996 20.588794868882673 13
      vertex -23.545686665711596 22.110871521496637 13
    endloop
  endfacet
  facet normal -0.8270805742745623 0.56208337785213 0
    outer loop
      vertex -27.27179199371508 17.307205477821594 13
      vertex -26.1312489183108 18.98546364904688 15
      vertex -26.1312489183108 18.98546364904688 13
    endloop
  endfacet
  facet normal -0.790155012375691 0.6129070536529756 0
    outer loop
      vertex -26.1312489183108 18.98546364904688 13
      vertex -24.887577741657996 20.588794868882673 15
      vertex -24.887577741657996 20.588794868882673 13
    endloop
  endfacet
  facet normal -0.8270805742745623 0.56208337785213 0
    outer loop
      vertex -27.27179199371508 17.307205477821594 13
      vertex -27.27179199371508 17.307205477821594 15
      vertex -26.1312489183108 18.98546364904688 15
    endloop
  endfacet
  facet normal 0 0 1
    outer loop
      vertex -24.69860212551847 15.674209531218938 15
      vertex -24.887577741657996 20.588794868882673 15
      vertex -26.1312489183108 18.98546364904688 15
    endloop
  endfacet
  facet normal 0 0 1
    outer loop
      vertex -24.69860212551847 15.674209531218938 15
      vertex -23.6656733164062 17.194118118250778 15
      vertex -24.887577741657996 20.588794868882673 15
    endloop
  endfacet
  facet normal -0.790155012375691 0.6129070536529756 0
    outer loop
      vertex -26.1312489183108 18.98546364904688 13
      vertex -26.1312489183108 18.98546364904688 15
      vertex -24.887577741657996 20.588794868882673 15
    endloop
  endfacet
  facet normal -0.7501110696304593 0.6613118653236523 0
    outer loop
      vertex -24.887577741657996 20.588794868882673 13
      vertex -24.887577741657996 20.588794868882673 15
      vertex -23.545686665711596 22.110871521496637 15
    endloop
  endfacet
  facet normal 0 0 -1
    outer loop
      vertex -24.51321492956091 17.809893144461938 13
      vertex -23.545686665711596 22.110871521496637 13
      vertex -23.34655125610642 19.313946889385296 13
    endloop
  endfacet
  facet normal 0 0 -1
    outer loop
      vertex -23.34655125610642 19.313946889385296 13
      vertex -22.110871521496637 23.545686665711596 13
      vertex -22.087749410868774 20.74177730963926 13
    endloop
  endfacet
  facet normal 0 0 -1
    outer loop
      vertex -23.34655125610642 19.313946889385296 13
      vertex -23.545686665711596 22.110871521496637 13
      vertex -22.110871521496637 23.545686665711596 13
    endloop
  endfacet
  facet normal 0 0 -1
    outer loop
      vertex -22.087749410868774 20.74177730963926 13
      vertex -22.110871521496637 23.545686665711596 13
      vertex -20.74177730963926 22.087749410868774 13
    endloop
  endfacet
  facet normal 0 0 -1
    outer loop
      vertex -20.74177730963926 22.087749410868774 13
      vertex -22.110871521496637 23.545686665711596 13
      vertex -20.588794868882673 24.887577741657996 13
    endloop
  endfacet
  facet normal 0 0 -1
    outer loop
      vertex -20.74177730963926 22.087749410868774 13
      vertex -20.588794868882673 24.887577741657996 13
      vertex -19.313946889385296 23.34655125610642 13
    endloop
  endfacet
  facet normal 0 0 -1
    outer loop
      vertex -20.588794868882673 24.887577741657996 13
      vertex -18.98546364904688 26.1312489183108 13
      vertex -19.313946889385296 23.34655125610642 13
    endloop
  endfacet
  facet normal 0 0 -1
    outer loop
      vertex -19.313946889385296 23.34655125610642 13
      vertex -18.98546364904688 26.1312489183108 13
      vertex -17.809893144461938 24.51321492956091 13
    endloop
  endfacet
  facet normal 0 0 1
    outer loop
      vertex -24.887577741657996 20.588794868882673 15
      vertex -23.6656733164062 17.194118118250778 15
      vertex -22.53934690653178 18.64616937631524 15
    endloop
  endfacet
  facet normal 0 0 1
    outer loop
      vertex -24.887577741657996 20.588794868882673 15
      vertex -22.53934690653178 18.64616937631524 15
      vertex -23.545686665711596 22.110871521496637 15
    endloop
  endfacet
  facet normal 0 0 1
    outer loop
      vertex -22.53934690653178 18.64616937631524 15
      vertex -21.32406799166539 20.024632722475875 15
      vertex -23.545686665711596 22.110871521496637 15
    endloop
  endfacet
  facet normal -0.7501110696304593 0.6613118653236523 0
    outer loop
      vertex -24.887577741657996 20.588794868882673 13
      vertex -23.545686665711596 22.110871521496637 15
      vertex -23.545686665711596 22.110871521496637 13
    endloop
  endfacet
  facet normal -0.7071067811865475 0.7071067811865475 0
    outer loop
      vertex -23.545686665711596 22.110871521496637 13
      vertex -22.110871521496637 23.545686665711596 15
      vertex -22.110871521496637 23.545686665711596 13
    endloop
  endfacet
  facet normal -0.6613118653236523 0.7501110696304593 0
    outer loop
      vertex -22.110871521496637 23.545686665711596 13
      vertex -22.110871521496637 23.545686665711596 15
      vertex -20.588794868882673 24.887577741657996 13
    endloop
  endfacet
  facet normal -0.7071067811865475 0.7071067811865475 0
    outer loop
      vertex -23.545686665711596 22.110871521496637 13
      vertex -23.545686665711596 22.110871521496637 15
      vertex -22.110871521496637 23.545686665711596 15
    endloop
  endfacet
  facet normal 0 0 1
    outer loop
      vertex -21.32406799166539 20.024632722475875 15
      vertex -22.110871521496637 23.545686665711596 15
      vertex -23.545686665711596 22.110871521496637 15
    endloop
  endfacet
  facet normal 0 0 1
    outer loop
      vertex -21.32406799166539 20.024632722475875 15
      vertex -20.024632722475875 21.32406799166539 15
      vertex -22.110871521496637 23.545686665711596 15
    endloop
  endfacet
  facet normal 0 0 1
    outer loop
      vertex -22.110871521496637 23.545686665711596 15
      vertex -20.024632722475875 21.32406799166539 15
      vertex -20.588794868882673 24.887577741657996 15
    endloop
  endfacet
  facet normal -0.6613118653236523 0.7501110696304593 0
    outer loop
      vertex -20.588794868882673 24.887577741657996 13
      vertex -22.110871521496637 23.545686665711596 15
      vertex -20.588794868882673 24.887577741657996 15
    endloop
  endfacet
  facet normal -0.6129070536529756 0.790155012375691 0
    outer loop
      vertex -20.588794868882673 24.887577741657996 13
      vertex -20.588794868882673 24.887577741657996 15
      vertex -18.98546364904688 26.1312489183108 13
    endloop
  endfacet
  facet normal 0 0 1
    outer loop
      vertex -20.588794868882673 24.887577741657996 15
      vertex -20.024632722475875 21.32406799166539 15
      vertex -18.64616937631524 22.53934690653178 15
    endloop
  endfacet
  facet normal 0 0 1
    outer loop
      vertex -20.588794868882673 24.887577741657996 15
      vertex -18.64616937631524 22.53934690653178 15
      vertex -18.98546364904688 26.1312489183108 15
    endloop
  endfacet
  facet normal 0 0 1
    outer loop
      vertex -18.64616937631524 22.53934690653178 15
      vertex -17.194118118250778 23.6656733164062 15
      vertex -18.98546364904688 26.1312489183108 15
    endloop
  endfacet
  facet normal 0 0 1
    outer loop
      vertex -17.194118118250778 23.6656733164062 15
      vertex -15.674209531218938 24.69860212551847 15
      vertex -17.307205477821594 27.27179199371508 15
    endloop
  endfacet
  facet normal 0 0 -1
    outer loop
      vertex -17.809893144461938 24.51321492956091 13
      vertex -18.98546364904688 26.1312489183108 13
      vertex -17.307205477821594 27.27179199371508 13
    endloop
  endfacet
  facet normal 0 0 -1
    outer loop
      vertex -17.809893144461938 24.51321492956091 13
      vertex -17.307205477821594 27.27179199371508 13
      vertex -16.235551887863604 25.583136142711055 13
    endloop
  endfacet
  facet normal 0 0 -1
    outer loop
      vertex -16.235551887863604 25.583136142711055 13
      vertex -17.307205477821594 27.27179199371508 13
      vertex -15.5606436734854 28.30470576541679 13
    endloop
  endfacet
  facet normal -0.56208337785213 0.8270805742745623 0
    outer loop
      vertex -18.98546364904688 26.1312489183108 13
      vertex -18.98546364904688 26.1312489183108 15
      vertex -17.307205477821594 27.27179199371508 13
    endloop
  endfacet
  facet normal -0.5090414157503714 0.8607420270039435 0
    outer loop
      vertex -17.307205477821594 27.27179199371508 13
      vertex -17.307205477821594 27.27179199371508 15
      vertex -15.5606436734854 28.30470576541679 13
    endloop
  endfacet
  facet normal -0.6129070536529756 0.790155012375691 0
    outer loop
      vertex -20.588794868882673 24.887577741657996 15
      vertex -18.98546364904688 26.1312489183108 15
      vertex -18.98546364904688 26.1312489183108 13
    endloop
  endfacet
  facet normal -0.56208337785213 0.8270805742745623 0
    outer loop
      vertex -17.307205477821594 27.27179199371508 13
      vertex -18.98546364904688 26.1312489183108 15
      vertex -17.307205477821594 27.27179199371508 15
    endloop
  endfacet
  facet normal 0 0 1
    outer loop
      vertex -17.194118118250778 23.6656733164062 15
      vertex -17.307205477821594 27.27179199371508 15
      vertex -18.98546364904688 26.1312489183108 15
    endloop
  endfacet
  facet normal 0 0 -1
    outer loop
      vertex -16.235551887863604 25.583136142711055 13
      vertex -15.5606436734854 28.30470576541679 13
      vertex -14.597136325281971 26.552092405329066 13
    endloop
  endfacet
  facet normal 0 0 -1
    outer loop
      vertex -14.597136325281971 26.552092405329066 13
      vertex -15.5606436734854 28.30470576541679 13
      vertex -13.752671117551847 29.225913794652428 13
    endloop
  endfacet
  facet normal 0 0 -1
    outer loop
      vertex -14.597136325281971 26.552092405329066 13
      vertex -13.752671117551847 29.225913794652428 13
      vertex -12.901112534421703 27.41625968972039 13
    endloop
  endfacet
  facet normal 0 0 -1
    outer loop
      vertex -12.901112534421703 27.41625968972039 13
      vertex -13.752671117551847 29.225913794652428 13
      vertex -11.890423051715095 30.03178049419052 13
    endloop
  endfacet
  facet normal 0 0 -1
    outer loop
      vertex -12.901112534421703 27.41625968972039 13
      vertex -11.890423051715095 30.03178049419052 13
      vertex -11.15417394634574 28.17222752241402 13
    endloop
  endfacet
  facet normal 0 0 -1
    outer loop
      vertex -11.15417394634574 28.17222752241402 13
      vertex -11.890423051715095 30.03178049419052 13
      vertex -9.9812489183108 30.719125476333456 13
    endloop
  endfacet
  facet normal 0 0 -1
    outer loop
      vertex -11.15417394634574 28.17222752241402 13
      vertex -9.9812489183108 30.719125476333456 13
      vertex -9.363214929560906 28.817012443743153 13
    endloop
  endfacet
  facet normal 0 0 -1
    outer loop
      vertex -9.363214929560906 28.817012443743153 13
      vertex -8.032683355424812 31.285236104454782 13
      vertex -7.535303581095103 29.348069782197523 13
    endloop
  endfacet
  facet normal 0 0 -1
    outer loop
      vertex -9.363214929560906 28.817012443743153 13
      vertex -9.9812489183108 30.719125476333456 13
      vertex -8.032683355424812 31.285236104454782 13
    endloop
  endfacet
  facet normal -0.45399049973954725 0.8910065241883676 0
    outer loop
      vertex -15.5606436734854 28.30470576541679 13
      vertex -15.5606436734854 28.30470576541679 15
      vertex -13.752671117551847 29.225913794652428 13
    endloop
  endfacet
  facet normal -0.39714789063478145 0.9177546256839808 0
    outer loop
      vertex -13.752671117551847 29.225913794652428 13
      vertex -13.752671117551847 29.225913794652428 15
      vertex -11.890423051715095 30.03178049419052 13
    endloop
  endfacet
  facet normal 0 0 1
    outer loop
      vertex -17.307205477821594 27.27179199371508 15
      vertex -15.674209531218938 24.69860212551847 15
      vertex -14.092442000032555 25.634056835759303 15
    endloop
  endfacet
  facet normal 0 0 1
    outer loop
      vertex -17.307205477821594 27.27179199371508 15
      vertex -14.092442000032555 25.634056835759303 15
      vertex -15.5606436734854 28.30470576541679 15
    endloop
  endfacet
  facet normal -0.5090414157503714 0.8607420270039435 0
    outer loop
      vertex -17.307205477821594 27.27179199371508 15
      vertex -15.5606436734854 28.30470576541679 15
      vertex -15.5606436734854 28.30470576541679 13
    endloop
  endfacet
  facet normal -0.45399049973954725 0.8910065241883676 0
    outer loop
      vertex -13.752671117551847 29.225913794652428 13
      vertex -15.5606436734854 28.30470576541679 15
      vertex -13.752671117551847 29.225913794652428 15
    endloop
  endfacet
  facet normal 0 0 1
    outer loop
      vertex -14.092442000032555 25.634056835759303 15
      vertex -12.45505803849639 26.468345634755988 15
      vertex -15.5606436734854 28.30470576541679 15
    endloop
  endfacet
  facet normal 0 0 1
    outer loop
      vertex -12.45505803849639 26.468345634755988 15
      vertex -10.768519653057028 27.198175965769185 15
      vertex -13.752671117551847 29.225913794652428 15
    endloop
  endfacet
  facet normal -0.39714789063478145 0.9177546256839808 0
    outer loop
      vertex -11.890423051715095 30.03178049419052 13
      vertex -13.752671117551847 29.225913794652428 15
      vertex -11.890423051715095 30.03178049419052 15
    endloop
  endfacet
  facet normal 0 0 1
    outer loop
      vertex -15.5606436734854 28.30470576541679 15
      vertex -12.45505803849639 26.468345634755988 15
      vertex -13.752671117551847 29.225913794652428 15
    endloop
  endfacet
  facet normal 0 0 1
    outer loop
      vertex -13.752671117551847 29.225913794652428 15
      vertex -10.768519653057028 27.198175965769185 15
      vertex -11.890423051715095 30.03178049419052 15
    endloop
  endfacet
  facet normal 0 0 1
    outer loop
      vertex -10.768519653057028 27.198175965769185 15
      vertex -9.039482840215724 27.820667521910135 15
      vertex -11.890423051715095 30.03178049419052 15
    endloop
  endfacet
  facet normal 0 0 1
    outer loop
      vertex -9.039482840215724 27.820667521910135 15
      vertex -9.9812489183108 30.719125476333456 15
      vertex -11.890423051715095 30.03178049419052 15
    endloop
  endfacet
  facet normal 0 0 1
    outer loop
      vertex -9.039482840215724 27.820667521910135 15
      vertex -7.274771318350969 28.333363613396102 15
      vertex -9.9812489183108 30.719125476333456 15
    endloop
  endfacet
  facet normal -0.3387379202452897 0.940880768954226 0
    outer loop
      vertex -11.890423051715095 30.03178049419052 13
      vertex -11.890423051715095 30.03178049419052 15
      vertex -9.9812489183108 30.719125476333456 13
    endloop
  endfacet
  facet normal -0.2789911060392301 0.9602936856769427 0
    outer loop
      vertex -9.9812489183108 30.719125476333456 13
      vertex -9.9812489183108 30.719125476333456 15
      vertex -8.032683355424812 31.285236104454782 13
    endloop
  endfacet
  facet normal -0.3387379202452897 0.940880768954226 0
    outer loop
      vertex -9.9812489183108 30.719125476333456 13
      vertex -11.890423051715095 30.03178049419052 15
      vertex -9.9812489183108 30.719125476333456 15
    endloop
  endfacet
  facet normal -0.2789911060392301 0.9602936856769427 0
    outer loop
      vertex -9.9812489183108 30.719125476333456 15
      vertex -8.032683355424812 31.285236104454782 15
      vertex -8.032683355424812 31.285236104454782 13
    endloop
  endfacet
  facet normal 0 0 1
    outer loop
      vertex -9.9812489183108 30.719125476333456 15
      vertex -7.274771318350969 28.333363613396102 15
      vertex -8.032683355424812 31.285236104454782 15
    endloop
  endfacet
  facet normal 0 0 -1
    outer loop
      vertex -7.535303581095103 29.348069782197523 13
      vertex -8.032683355424812 31.285236104454782 13
      vertex -6.052416461118903 31.727878198536644 13
    endloop
  endfacet
  facet normal 0 0 -1
    outer loop
      vertex -7.535303581095103 29.348069782197523 13
      vertex -6.052416461118903 31.727878198536644 13
      vertex -5.677653831947454 29.76330369707927 13
    endloop
  endfacet
  facet normal 0 0 -1
    outer loop
      vertex -5.677653831947454 29.76330369707927 13
      vertex -6.052416461118903 31.727878198536644 13
      vertex -4.048263444127028 32.04530485245763 13
    endloop
  endfacet
  facet normal 0 0 -1
    outer loop
      vertex -5.677653831947454 29.76330369707927 13
      vertex -4.048263444127028 32.04530485245763 13
      vertex -3.79759697699842 30.06107544982868 13
    endloop
  endfacet
  facet normal 0 0 -1
    outer loop
      vertex -4.048263444127028 32.04530485245763 13
      vertex -2.0281337807968187 32.23626332823317 13
      vertex -3.79759697699842 30.06107544982868 13
    endloop
  endfacet
  facet normal 0 0 -1
    outer loop
      vertex -3.79759697699842 30.06107544982868 13
      vertex -2 31.78908968773066 13
      vertex -2 30.23099839339877 13
    endloop
  endfacet
  facet normal 0 0 -1
    outer loop
      vertex -3.79759697699842 30.06107544982868 13
      vertex -2.0281337807968187 32.23626332823317 13
      vertex -2 31.78908968773066 13
    endloop
  endfacet
  facet normal 0 0 -1
    outer loop
      vertex -2.0281337807968187 32.23626332823317 13
      vertex -2 32.237147467913296 13
      vertex -2 31.78908968773066 13
    endloop
  endfacet
  facet normal 0 0 1
    outer loop
      vertex -7.274771318350969 28.333363613396102 15
      vertex -5.481349597619553 28.73424086298255 15
      vertex -8.032683355424812 31.285236104454782 15
    endloop
  endfacet
  facet normal 0 0 1
    outer loop
      vertex -5.481349597619553 28.73424086298255 15
      vertex -3.666295494216768 29.021717191308753 15
      vertex -6.052416461118903 31.727878198536644 15
    endloop
  endfacet
  facet normal -0.2181432413965432 0.9759167619387473 0
    outer loop
      vertex -8.032683355424812 31.285236104454782 13
      vertex -8.032683355424812 31.285236104454782 15
      vertex -6.052416461118903 31.727878198536644 13
    endloop
  endfacet
  facet normal -0.15643446504023112 0.9876883405951377 0
    outer loop
      vertex -6.052416461118903 31.727878198536644 13
      vertex -6.052416461118903 31.727878198536644 15
      vertex -4.048263444127028 32.04530485245763 13
    endloop
  endfacet
  facet normal -0.2181432413965432 0.9759167619387473 0
    outer loop
      vertex -6.052416461118903 31.727878198536644 13
      vertex -8.032683355424812 31.285236104454782 15
      vertex -6.052416461118903 31.727878198536644 15
    endloop
  endfacet
  facet normal 0 0 1
    outer loop
      vertex -5.481349597619553 28.73424086298255 15
      vertex -6.052416461118903 31.727878198536644 15
      vertex -8.032683355424812 31.285236104454782 15
    endloop
  endfacet
  facet normal -0.15643446504023112 0.9876883405951377 0
    outer loop
      vertex -4.048263444127028 32.04530485245763 13
      vertex -6.052416461118903 31.727878198536644 15
      vertex -4.048263444127028 32.04530485245763 15
    endloop
  endfacet
  facet normal 0 0 1
    outer loop
      vertex -6.052416461118903 31.727878198536644 15
      vertex -3.666295494216768 29.021717191308753 15
      vertex -4.048263444127028 32.04530485245763 15
    endloop
  endfacet
  facet normal 0 0 1
    outer loop
      vertex -1.8628736179514798 29.192190749973378 15
      vertex -1.8367721974693878 29.194658060642247 15
      vertex -2 31.34103190754802 15
    endloop
  endfacet
  facet normal 0 0 1
    outer loop
      vertex -1.8367721974693878 29.194658060642247 15
      vertex -1.7075274701653338 29.198719739827204 15
      vertex -2 31.34103190754802 15
    endloop
  endfacet
  facet normal -0.09410831331851449 0.9955619646030799 0
    outer loop
      vertex -4.048263444127028 32.04530485245763 13
      vertex -4.048263444127028 32.04530485245763 15
      vertex -2.0281337807968187 32.23626332823317 13
    endloop
  endfacet
  facet normal -0.03141075907806846 0.9995065603657334 0
    outer loop
      vertex -2.0281337807968187 32.23626332823317 13
      vertex -2.0281337807968187 32.23626332823317 15
      vertex -2 32.237147467913296 13
    endloop
  endfacet
  facet normal 0 0 1
    outer loop
      vertex -4.048263444127028 32.04530485245763 15
      vertex -3.666295494216768 29.021717191308753 15
      vertex -2 29.17922849048087 15
    endloop
  endfacet
  facet normal 0 0 1
    outer loop
      vertex -4.048263444127028 32.04530485245763 15
      vertex -2 29.17922849048087 15
      vertex -2.0281337807968187 32.23626332823317 15
    endloop
  endfacet
  facet normal -0.09410831331851449 0.9955619646030799 0
    outer loop
      vertex -2.0281337807968187 32.23626332823317 13
      vertex -4.048263444127028 32.04530485245763 15
      vertex -2.0281337807968187 32.23626332823317 15
    endloop
  endfacet
  facet normal 0 0 1
    outer loop
      vertex -2 29.17922849048087 15
      vertex -2 31.34103190754802 15
      vertex -2.0281337807968187 32.23626332823317 15
    endloop
  endfacet
  facet normal 0 0 1
    outer loop
      vertex -1.7075274701653338 29.198719739827204 15
      vertex -1.8854238694662966 32.24074816787367 15
      vertex -2 31.34103190754802 15
    endloop
  endfacet
  facet normal 0 0 1
    outer loop
      vertex -2.0281337807968187 32.23626332823317 15
      vertex -2 31.34103190754802 15
      vertex -2 32.237147467913296 15
    endloop
  endfacet
  facet normal 0 0 1
    outer loop
      vertex -2 31.34103190754802 15
      vertex -1.8854238694662966 32.24074816787367 15
      vertex -2 32.237147467913296 15
    endloop
  endfacet
  facet normal -0.03141075907806846 0.9995065603657334 0
    outer loop
      vertex -2 32.237147467913296 13
      vertex -2.0281337807968187 32.23626332823317 15
      vertex -2 32.237147467913296 15
    endloop
  endfacet
  facet normal 0 0 -1
    outer loop
      vertex 2 -32.237147467913296 13
      vertex 3.7975969769984133 -30.06107544982868 13
      vertex 2.0281337807968343 -32.23626332823317 13
    endloop
  endfacet
  facet normal 0 0 -1
    outer loop
      vertex 2 -32.237147467913296 13
      vertex 2 -30.230998393398774 13
      vertex 3.7975969769984133 -30.06107544982868 13
    endloop
  endfacet
  facet normal 0 0 -1
    outer loop
      vertex 2.0281337807968343 -32.23626332823317 13
      vertex 3.7975969769984133 -30.06107544982868 13
      vertex 4.048263444127021 -32.04530485245763 13
    endloop
  endfacet
  facet normal 0 0 -1
    outer loop
      vertex 3.7975969769984133 -30.06107544982868 13
      vertex 5.677653831947462 -29.763303697079266 13
      vertex 4.048263444127021 -32.04530485245763 13
    endloop
  endfacet
  facet normal 0 0 -1
    outer loop
      vertex 4.048263444127021 -32.04530485245763 13
      vertex 5.677653831947462 -29.763303697079266 13
      vertex 6.052416461118911 -31.72787819853664 13
    endloop
  endfacet
  facet normal 0 0 -1
    outer loop
      vertex 6.052416461118911 -31.72787819853664 13
      vertex 5.677653831947462 -29.763303697079266 13
      vertex 7.535303581095089 -29.348069782197527 13
    endloop
  endfacet
  facet normal 0 0 -1
    outer loop
      vertex 6.052416461118911 -31.72787819853664 13
      vertex 7.535303581095089 -29.348069782197527 13
      vertex 8.032683355424798 -31.285236104454786 13
    endloop
  endfacet
  facet normal 0.03141075907805112 -0.9995065603657339 0
    outer loop
      vertex 2 -32.237147467913296 13
      vertex 2.0281337807968343 -32.23626332823317 13
      vertex 2.0281337807968343 -32.23626332823317 15
    endloop
  endfacet
  facet normal 0.09410831331851553 -0.9955619646030799 0
    outer loop
      vertex 2.0281337807968343 -32.23626332823317 13
      vertex 4.048263444127021 -32.04530485245763 13
      vertex 4.048263444127021 -32.04530485245763 15
    endloop
  endfacet
  facet normal 0.03141075907805112 -0.9995065603657339 0
    outer loop
      vertex 2 -32.237147467913296 13
      vertex 2.0281337807968343 -32.23626332823317 15
      vertex 2 -32.237147467913296 15
    endloop
  endfacet
  facet normal 0 0 1
    outer loop
      vertex 2 -32.237147467913296 15
      vertex 2.0281337807968343 -32.23626332823317 15
      vertex 2 -29.17922849048087 15
    endloop
  endfacet
  facet normal 0.09410831331851553 -0.9955619646030799 0
    outer loop
      vertex 2.0281337807968343 -32.23626332823317 13
      vertex 4.048263444127021 -32.04530485245763 15
      vertex 2.0281337807968343 -32.23626332823317 15
    endloop
  endfacet
  facet normal 0 0 1
    outer loop
      vertex 2.0281337807968343 -32.23626332823317 15
      vertex 4.048263444127021 -32.04530485245763 15
      vertex 2 -29.17922849048087 15
    endloop
  endfacet
  facet normal 0 0 1
    outer loop
      vertex 2 -29.17922849048087 15
      vertex 4.048263444127021 -32.04530485245763 15
      vertex 3.666295494216761 -29.021717191308753 15
    endloop
  endfacet
  facet normal 0.15643446504023167 -0.9876883405951375 0
    outer loop
      vertex 4.048263444127021 -32.04530485245763 13
      vertex 6.052416461118911 -31.72787819853664 13
      vertex 6.052416461118911 -31.72787819853664 15
    endloop
  endfacet
  facet normal 0.21814324139654218 -0.9759167619387475 0
    outer loop
      vertex 6.052416461118911 -31.72787819853664 13
      vertex 8.032683355424798 -31.285236104454786 13
      vertex 8.032683355424798 -31.285236104454786 15
    endloop
  endfacet
  facet normal 0.15643446504023167 -0.9876883405951375 0
    outer loop
      vertex 4.048263444127021 -32.04530485245763 13
      vertex 6.052416461118911 -31.72787819853664 15
      vertex 4.048263444127021 -32.04530485245763 15
    endloop
  endfacet
  facet normal 0 0 1
    outer loop
      vertex 3.666295494216761 -29.021717191308753 15
      vertex 4.048263444127021 -32.04530485245763 15
      vertex 6.052416461118911 -31.72787819853664 15
    endloop
  endfacet
  facet normal 0.21814324139654218 -0.9759167619387475 0
    outer loop
      vertex 6.052416461118911 -31.72787819853664 13
      vertex 8.032683355424798 -31.285236104454786 15
      vertex 6.052416461118911 -31.72787819853664 15
    endloop
  endfacet
  facet normal 0 0 1
    outer loop
      vertex 6.052416461118911 -31.72787819853664 15
      vertex 8.032683355424798 -31.285236104454786 15
      vertex 5.48134959761956 -28.734240862982546 15
    endloop
  endfacet
  facet normal 0 0 1
    outer loop
      vertex 3.666295494216761 -29.021717191308753 15
      vertex 6.052416461118911 -31.72787819853664 15
      vertex 5.48134959761956 -28.734240862982546 15
    endloop
  endfacet
  facet normal 0 0 1
    outer loop
      vertex 8.032683355424798 -31.285236104454786 15
      vertex 7.274771318350957 -28.333363613396106 15
      vertex 5.48134959761956 -28.734240862982546 15
    endloop
  endfacet
  facet normal 0 0 -1
    outer loop
      vertex 8.032683355424798 -31.285236104454786 13
      vertex 9.363214929560906 -28.817012443743153 13
      vertex 9.9812489183108 -30.719125476333456 13
    endloop
  endfacet
  facet normal 0 0 -1
    outer loop
      vertex 8.032683355424798 -31.285236104454786 13
      vertex 7.535303581095089 -29.348069782197527 13
      vertex 9.363214929560906 -28.817012443743153 13
    endloop
  endfacet
  facet normal 0 0 -1
    outer loop
      vertex 9.9812489183108 -30.719125476333456 13
      vertex 9.363214929560906 -28.817012443743153 13
      vertex 11.154173946345754 -28.172227522414012 13
    endloop
  endfacet
  facet normal 0 0 -1
    outer loop
      vertex 9.9812489183108 -30.719125476333456 13
      vertex 11.154173946345754 -28.172227522414012 13
      vertex 11.89042305171511 -30.031780494190514 13
    endloop
  endfacet
  facet normal 0 0 -1
    outer loop
      vertex 11.89042305171511 -30.031780494190514 13
      vertex 11.154173946345754 -28.172227522414012 13
      vertex 12.901112534421696 -27.416259689720395 13
    endloop
  endfacet
  facet normal 0 0 -1
    outer loop
      vertex 11.89042305171511 -30.031780494190514 13
      vertex 12.901112534421696 -27.416259689720395 13
      vertex 13.752671117551838 -29.22591379465243 13
    endloop
  endfacet
  facet normal 0 0 -1
    outer loop
      vertex 13.752671117551838 -29.22591379465243 13
      vertex 12.901112534421696 -27.416259689720395 13
      vertex 14.597136325281976 -26.552092405329063 13
    endloop
  endfacet
  facet normal 0 0 -1
    outer loop
      vertex 13.752671117551838 -29.22591379465243 13
      vertex 14.597136325281976 -26.552092405329063 13
      vertex 15.560643673485405 -28.304705765416788 13
    endloop
  endfacet
  facet normal 0 0 -1
    outer loop
      vertex 15.560643673485405 -28.304705765416788 13
      vertex 14.597136325281976 -26.552092405329063 13
      vertex 16.235551887863586 -25.583136142711066 13
    endloop
  endfacet
  facet normal 0.27899110603922983 -0.9602936856769428 0
    outer loop
      vertex 8.032683355424798 -31.285236104454786 13
      vertex 9.9812489183108 -30.719125476333456 13
      vertex 9.9812489183108 -30.719125476333456 15
    endloop
  endfacet
  facet normal 0.3387379202452903 -0.9408807689542259 0
    outer loop
      vertex 9.9812489183108 -30.719125476333456 13
      vertex 11.89042305171511 -30.031780494190514 13
      vertex 11.89042305171511 -30.031780494190514 15
    endloop
  endfacet
  facet normal 0.27899110603922983 -0.9602936856769428 0
    outer loop
      vertex 8.032683355424798 -31.285236104454786 13
      vertex 9.9812489183108 -30.719125476333456 15
      vertex 8.032683355424798 -31.285236104454786 15
    endloop
  endfacet
  facet normal 0 0 1
    outer loop
      vertex 8.032683355424798 -31.285236104454786 15
      vertex 9.9812489183108 -30.719125476333456 15
      vertex 7.274771318350957 -28.333363613396106 15
    endloop
  endfacet
  facet normal 0.3387379202452903 -0.9408807689542259 0
    outer loop
      vertex 9.9812489183108 -30.719125476333456 13
      vertex 11.89042305171511 -30.031780494190514 15
      vertex 9.9812489183108 -30.719125476333456 15
    endloop
  endfacet
  facet normal 0 0 1
    outer loop
      vertex 7.274771318350957 -28.333363613396106 15
      vertex 9.9812489183108 -30.719125476333456 15
      vertex 9.039482840215724 -27.820667521910135 15
    endloop
  endfacet
  facet normal 0 0 1
    outer loop
      vertex 9.9812489183108 -30.719125476333456 15
      vertex 11.89042305171511 -30.031780494190514 15
      vertex 9.039482840215724 -27.820667521910135 15
    endloop
  endfacet
  facet normal 0 0 1
    outer loop
      vertex 11.89042305171511 -30.031780494190514 15
      vertex 10.768519653057043 -27.198175965769178 15
      vertex 9.039482840215724 -27.820667521910135 15
    endloop
  endfacet
  facet normal 0.3971478906347815 -0.9177546256839808 0
    outer loop
      vertex 11.89042305171511 -30.031780494190514 13
      vertex 13.752671117551838 -29.22591379465243 13
      vertex 13.752671117551838 -29.22591379465243 15
    endloop
  endfacet
  facet normal 0.4539904997395472 -0.8910065241883675 0
    outer loop
      vertex 13.752671117551838 -29.22591379465243 13
      vertex 15.560643673485405 -28.304705765416788 13
      vertex 15.560643673485405 -28.304705765416788 15
    endloop
  endfacet
  facet normal 0.3971478906347815 -0.9177546256839808 0
    outer loop
      vertex 11.89042305171511 -30.031780494190514 13
      vertex 13.752671117551838 -29.22591379465243 15
      vertex 11.89042305171511 -30.031780494190514 15
    endloop
  endfacet
  facet normal 0 0 1
    outer loop
      vertex 11.89042305171511 -30.031780494190514 15
      vertex 13.752671117551838 -29.22591379465243 15
      vertex 10.768519653057043 -27.198175965769178 15
    endloop
  endfacet
  facet normal 0 0 1
    outer loop
      vertex 13.752671117551838 -29.22591379465243 15
      vertex 15.560643673485405 -28.304705765416788 15
      vertex 12.45505803849638 -26.46834563475599 15
    endloop
  endfacet
  facet normal 0 0 1
    outer loop
      vertex 10.768519653057043 -27.198175965769178 15
      vertex 13.752671117551838 -29.22591379465243 15
      vertex 12.45505803849638 -26.46834563475599 15
    endloop
  endfacet
  facet normal 0 0 1
    outer loop
      vertex 12.45505803849638 -26.46834563475599 15
      vertex 15.560643673485405 -28.304705765416788 15
      vertex 14.092442000032559 -25.634056835759303 15
    endloop
  endfacet
  facet normal 0.4539904997395472 -0.8910065241883675 0
    outer loop
      vertex 13.752671117551838 -29.22591379465243 13
      vertex 15.560643673485405 -28.304705765416788 15
      vertex 13.752671117551838 -29.22591379465243 15
    endloop
  endfacet
  facet normal 0.5090414157503712 -0.8607420270039436 0
    outer loop
      vertex 15.560643673485405 -28.304705765416788 13
      vertex 17.307205477821576 -27.27179199371509 15
      vertex 15.560643673485405 -28.304705765416788 15
    endloop
  endfacet
  facet normal 0 0 1
    outer loop
      vertex 15.560643673485405 -28.304705765416788 15
      vertex 17.307205477821576 -27.27179199371509 15
      vertex 14.092442000032559 -25.634056835759303 15
    endloop
  endfacet
  facet normal 0 0 1
    outer loop
      vertex 14.092442000032559 -25.634056835759303 15
      vertex 17.307205477821576 -27.27179199371509 15
      vertex 15.674209531218924 -24.698602125518477 15
    endloop
  endfacet
  facet normal 0 0 -1
    outer loop
      vertex 15.560643673485405 -28.304705765416788 13
      vertex 16.235551887863586 -25.583136142711066 13
      vertex 17.307205477821576 -27.27179199371509 13
    endloop
  endfacet
  facet normal 0 0 -1
    outer loop
      vertex 17.307205477821576 -27.27179199371509 13
      vertex 16.235551887863586 -25.583136142711066 13
      vertex 17.809893144461938 -24.51321492956091 13
    endloop
  endfacet
  facet normal 0 0 -1
    outer loop
      vertex 17.307205477821576 -27.27179199371509 13
      vertex 17.809893144461938 -24.51321492956091 13
      vertex 18.98546364904688 -26.1312489183108 13
    endloop
  endfacet
  facet normal 0.5090414157503712 -0.8607420270039436 0
    outer loop
      vertex 15.560643673485405 -28.304705765416788 13
      vertex 17.307205477821576 -27.27179199371509 13
      vertex 17.307205477821576 -27.27179199371509 15
    endloop
  endfacet
  facet normal 0.5620833778521296 -0.8270805742745625 0
    outer loop
      vertex 17.307205477821576 -27.27179199371509 13
      vertex 18.98546364904688 -26.1312489183108 13
      vertex 18.98546364904688 -26.1312489183108 15
    endloop
  endfacet
  facet normal 0.5620833778521296 -0.8270805742745625 0
    outer loop
      vertex 17.307205477821576 -27.27179199371509 13
      vertex 18.98546364904688 -26.1312489183108 15
      vertex 17.307205477821576 -27.27179199371509 15
    endloop
  endfacet
  facet normal 0 0 1
    outer loop
      vertex 17.307205477821576 -27.27179199371509 15
      vertex 18.98546364904688 -26.1312489183108 15
      vertex 17.194118118250778 -23.6656733164062 15
    endloop
  endfacet
  facet normal 0.6129070536529765 -0.7901550123756905 0
    outer loop
      vertex 18.98546364904688 -26.1312489183108 13
      vertex 20.588794868882683 -24.887577741657985 15
      vertex 18.98546364904688 -26.1312489183108 15
    endloop
  endfacet
  facet normal 0 0 -1
    outer loop
      vertex 18.98546364904688 -26.1312489183108 13
      vertex 17.809893144461938 -24.51321492956091 13
      vertex 19.313946889385306 -23.34655125610641 13
    endloop
  endfacet
  facet normal 0 0 -1
    outer loop
      vertex 18.98546364904688 -26.1312489183108 13
      vertex 19.313946889385306 -23.34655125610641 13
      vertex 20.588794868882683 -24.887577741657985 13
    endloop
  endfacet
  facet normal 0 0 -1
    outer loop
      vertex 19.313946889385306 -23.34655125610641 13
      vertex 20.74177730963926 -22.087749410868774 13
      vertex 20.588794868882683 -24.887577741657985 13
    endloop
  endfacet
  facet normal 0 0 -1
    outer loop
      vertex 20.588794868882683 -24.887577741657985 13
      vertex 20.74177730963926 -22.087749410868774 13
      vertex 22.110871521496637 -23.545686665711596 13
    endloop
  endfacet
  facet normal 0 0 -1
    outer loop
      vertex 22.110871521496637 -23.545686665711596 13
      vertex 20.74177730963926 -22.087749410868774 13
      vertex 22.087749410868774 -20.74177730963926 13
    endloop
  endfacet
  facet normal 0 0 -1
    outer loop
      vertex 22.110871521496637 -23.545686665711596 13
      vertex 23.34655125610641 -19.313946889385306 13
      vertex 23.545686665711596 -22.110871521496637 13
    endloop
  endfacet
  facet normal 0 0 -1
    outer loop
      vertex 22.110871521496637 -23.545686665711596 13
      vertex 22.087749410868774 -20.74177730963926 13
      vertex 23.34655125610641 -19.313946889385306 13
    endloop
  endfacet
  facet normal 0 0 -1
    outer loop
      vertex 23.545686665711596 -22.110871521496637 13
      vertex 23.34655125610641 -19.313946889385306 13
      vertex 24.51321492956091 -17.809893144461938 13
    endloop
  endfacet
  facet normal 0.6129070536529765 -0.7901550123756905 0
    outer loop
      vertex 18.98546364904688 -26.1312489183108 13
      vertex 20.588794868882683 -24.887577741657985 13
      vertex 20.588794868882683 -24.887577741657985 15
    endloop
  endfacet
  facet normal 0 0 1
    outer loop
      vertex 15.674209531218924 -24.698602125518477 15
      vertex 17.307205477821576 -27.27179199371509 15
      vertex 17.194118118250778 -23.6656733164062 15
    endloop
  endfacet
  facet normal 0 0 1
    outer loop
      vertex 18.98546364904688 -26.1312489183108 15
      vertex 18.64616937631525 -22.539346906531772 15
      vertex 17.194118118250778 -23.6656733164062 15
    endloop
  endfacet
  facet normal 0 0 1
    outer loop
      vertex 18.98546364904688 -26.1312489183108 15
      vertex 20.588794868882683 -24.887577741657985 15
      vertex 18.64616937631525 -22.539346906531772 15
    endloop
  endfacet
  facet normal 0 0 1
    outer loop
      vertex 18.64616937631525 -22.539346906531772 15
      vertex 20.588794868882683 -24.887577741657985 15
      vertex 20.024632722475875 -21.32406799166539 15
    endloop
  endfacet
  facet normal 0.6613118653236519 -0.7501110696304596 0
    outer loop
      vertex 20.588794868882683 -24.887577741657985 13
      vertex 22.110871521496637 -23.545686665711596 13
      vertex 22.110871521496637 -23.545686665711596 15
    endloop
  endfacet
  facet normal 0.7071067811865475 -0.7071067811865475 0
    outer loop
      vertex 22.110871521496637 -23.545686665711596 13
      vertex 23.545686665711596 -22.110871521496637 13
      vertex 22.110871521496637 -23.545686665711596 15
    endloop
  endfacet
  facet normal 0.7501110696304596 -0.6613118653236519 0
    outer loop
      vertex 23.545686665711596 -22.110871521496637 13
      vertex 24.887577741657985 -20.588794868882683 13
      vertex 23.545686665711596 -22.110871521496637 15
    endloop
  endfacet
  facet normal 0.6613118653236519 -0.7501110696304596 0
    outer loop
      vertex 20.588794868882683 -24.887577741657985 13
      vertex 22.110871521496637 -23.545686665711596 15
      vertex 20.588794868882683 -24.887577741657985 15
    endloop
  endfacet
  facet normal 0 0 1
    outer loop
      vertex 20.024632722475875 -21.32406799166539 15
      vertex 20.588794868882683 -24.887577741657985 15
      vertex 22.110871521496637 -23.545686665711596 15
    endloop
  endfacet
  facet normal 0 0 1
    outer loop
      vertex 20.024632722475875 -21.32406799166539 15
      vertex 22.110871521496637 -23.545686665711596 15
      vertex 21.32406799166539 -20.024632722475875 15
    endloop
  endfacet
  facet normal 0.7071067811865475 -0.7071067811865475 0
    outer loop
      vertex 23.545686665711596 -22.110871521496637 13
      vertex 23.545686665711596 -22.110871521496637 15
      vertex 22.110871521496637 -23.545686665711596 15
    endloop
  endfacet
  facet normal 0 0 1
    outer loop
      vertex 22.110871521496637 -23.545686665711596 15
      vertex 23.545686665711596 -22.110871521496637 15
      vertex 21.32406799166539 -20.024632722475875 15
    endloop
  endfacet
  facet normal 0 0 1
    outer loop
      vertex 23.545686665711596 -22.110871521496637 15
      vertex 22.539346906531772 -18.64616937631525 15
      vertex 21.32406799166539 -20.024632722475875 15
    endloop
  endfacet
  facet normal 0 0 1
    outer loop
      vertex 23.545686665711596 -22.110871521496637 15
      vertex 24.887577741657985 -20.588794868882683 15
      vertex 22.539346906531772 -18.64616937631525 15
    endloop
  endfacet
  facet normal 0 0 1
    outer loop
      vertex 22.539346906531772 -18.64616937631525 15
      vertex 24.887577741657985 -20.588794868882683 15
      vertex 23.6656733164062 -17.194118118250778 15
    endloop
  endfacet
  facet normal 0 0 -1
    outer loop
      vertex 23.545686665711596 -22.110871521496637 13
      vertex 24.51321492956091 -17.809893144461938 13
      vertex 24.887577741657985 -20.588794868882683 13
    endloop
  endfacet
  facet normal 0 0 -1
    outer loop
      vertex 24.887577741657985 -20.588794868882683 13
      vertex 24.51321492956091 -17.809893144461938 13
      vertex 25.583136142711066 -16.235551887863586 13
    endloop
  endfacet
  facet normal 0 0 -1
    outer loop
      vertex 24.887577741657985 -20.588794868882683 13
      vertex 25.583136142711066 -16.235551887863586 13
      vertex 26.1312489183108 -18.98546364904688 13
    endloop
  endfacet
  facet normal 0.7901550123756905 -0.6129070536529765 0
    outer loop
      vertex 24.887577741657985 -20.588794868882683 13
      vertex 26.1312489183108 -18.98546364904688 13
      vertex 24.887577741657985 -20.588794868882683 15
    endloop
  endfacet
  facet normal 0.8270805742745625 -0.5620833778521296 0
    outer loop
      vertex 26.1312489183108 -18.98546364904688 13
      vertex 27.27179199371509 -17.307205477821576 13
      vertex 26.1312489183108 -18.98546364904688 15
    endloop
  endfacet
  facet normal 0.7501110696304596 -0.6613118653236519 0
    outer loop
      vertex 23.545686665711596 -22.110871521496637 15
      vertex 24.887577741657985 -20.588794868882683 13
      vertex 24.887577741657985 -20.588794868882683 15
    endloop
  endfacet
  facet normal 0.7901550123756905 -0.6129070536529765 0
    outer loop
      vertex 26.1312489183108 -18.98546364904688 13
      vertex 26.1312489183108 -18.98546364904688 15
      vertex 24.887577741657985 -20.588794868882683 15
    endloop
  endfacet
  facet normal 0 0 1
    outer loop
      vertex 23.6656733164062 -17.194118118250778 15
      vertex 24.887577741657985 -20.588794868882683 15
      vertex 24.698602125518477 -15.674209531218924 15
    endloop
  endfacet
  facet normal 0 0 1
    outer loop
      vertex 24.887577741657985 -20.588794868882683 15
      vertex 26.1312489183108 -18.98546364904688 15
      vertex 24.698602125518477 -15.674209531218924 15
    endloop
  endfacet
  facet normal 0.8270805742745625 -0.5620833778521296 0
    outer loop
      vertex 27.27179199371509 -17.307205477821576 13
      vertex 27.27179199371509 -17.307205477821576 15
      vertex 26.1312489183108 -18.98546364904688 15
    endloop
  endfacet
  facet normal 0 0 -1
    outer loop
      vertex 26.1312489183108 -18.98546364904688 13
      vertex 25.583136142711066 -16.235551887863586 13
      vertex 26.552092405329063 -14.597136325281976 13
    endloop
  endfacet
  facet normal 0 0 -1
    outer loop
      vertex 26.1312489183108 -18.98546364904688 13
      vertex 26.552092405329063 -14.597136325281976 13
      vertex 27.27179199371509 -17.307205477821576 13
    endloop
  endfacet
  facet normal 0 0 -1
    outer loop
      vertex 27.27179199371509 -17.307205477821576 13
      vertex 27.416259689720395 -12.901112534421696 13
      vertex 28.304705765416788 -15.560643673485405 13
    endloop
  endfacet
  facet normal 0 0 -1
    outer loop
      vertex 27.27179199371509 -17.307205477821576 13
      vertex 26.552092405329063 -14.597136325281976 13
      vertex 27.416259689720395 -12.901112534421696 13
    endloop
  endfacet
  facet normal 0 0 -1
    outer loop
      vertex 27.416259689720395 -12.901112534421696 13
      vertex 28.172227522414012 -11.154173946345754 13
      vertex 28.304705765416788 -15.560643673485405 13
    endloop
  endfacet
  facet normal 0 0 -1
    outer loop
      vertex 28.304705765416788 -15.560643673485405 13
      vertex 28.817012443743153 -9.363214929560906 13
      vertex 29.22591379465243 -13.752671117551838 13
    endloop
  endfacet
  facet normal 0 0 -1
    outer loop
      vertex 28.172227522414012 -11.154173946345754 13
      vertex 28.817012443743153 -9.363214929560906 13
      vertex 28.304705765416788 -15.560643673485405 13
    endloop
  endfacet
  facet normal 0 0 -1
    outer loop
      vertex 29.22591379465243 -13.752671117551838 13
      vertex 28.817012443743153 -9.363214929560906 13
      vertex 29.348069782197527 -7.535303581095089 13
    endloop
  endfacet
  facet normal 0 0 -1
    outer loop
      vertex 29.22591379465243 -13.752671117551838 13
      vertex 29.763303697079266 -5.677653831947462 13
      vertex 30.031780494190514 -11.89042305171511 13
    endloop
  endfacet
  facet normal 0 0 -1
    outer loop
      vertex 29.22591379465243 -13.752671117551838 13
      vertex 29.348069782197527 -7.535303581095089 13
      vertex 29.763303697079266 -5.677653831947462 13
    endloop
  endfacet
  facet normal 0.8607420270039436 -0.5090414157503712 0
    outer loop
      vertex 27.27179199371509 -17.307205477821576 13
      vertex 28.304705765416788 -15.560643673485405 13
      vertex 27.27179199371509 -17.307205477821576 15
    endloop
  endfacet
  facet normal 0 0 1
    outer loop
      vertex 26.1312489183108 -18.98546364904688 15
      vertex 25.634056835759303 -14.092442000032559 15
      vertex 24.698602125518477 -15.674209531218924 15
    endloop
  endfacet
  facet normal 0.8607420270039436 -0.5090414157503712 0
    outer loop
      vertex 27.27179199371509 -17.307205477821576 15
      vertex 28.304705765416788 -15.560643673485405 13
      vertex 28.304705765416788 -15.560643673485405 15
    endloop
  endfacet
  facet normal 0 0 1
    outer loop
      vertex 26.1312489183108 -18.98546364904688 15
      vertex 27.27179199371509 -17.307205477821576 15
      vertex 25.634056835759303 -14.092442000032559 15
    endloop
  endfacet
  facet normal 0 0 1
    outer loop
      vertex 27.27179199371509 -17.307205477821576 15
      vertex 26.46834563475599 -12.45505803849638 15
      vertex 25.634056835759303 -14.092442000032559 15
    endloop
  endfacet
  facet normal 0 0 1
    outer loop
      vertex 27.27179199371509 -17.307205477821576 15
      vertex 27.198175965769178 -10.768519653057043 15
      vertex 26.46834563475599 -12.45505803849638 15
    endloop
  endfacet
  facet normal 0 0 1
    outer loop
      vertex 27.27179199371509 -17.307205477821576 15
      vertex 28.304705765416788 -15.560643673485405 15
      vertex 27.198175965769178 -10.768519653057043 15
    endloop
  endfacet
  facet normal 0 0 1
    outer loop
      vertex 27.198175965769178 -10.768519653057043 15
      vertex 28.304705765416788 -15.560643673485405 15
      vertex 27.820667521910135 -9.039482840215724 15
    endloop
  endfacet
  facet normal 0.8910065241883675 -0.4539904997395472 0
    outer loop
      vertex 28.304705765416788 -15.560643673485405 13
      vertex 29.22591379465243 -13.752671117551838 13
      vertex 28.304705765416788 -15.560643673485405 15
    endloop
  endfacet
  facet normal 0.9177546256839808 -0.3971478906347815 0
    outer loop
      vertex 29.22591379465243 -13.752671117551838 13
      vertex 30.031780494190514 -11.89042305171511 13
      vertex 29.22591379465243 -13.752671117551838 15
    endloop
  endfacet
  facet normal 0.8910065241883675 -0.4539904997395472 0
    outer loop
      vertex 29.22591379465243 -13.752671117551838 13
      vertex 29.22591379465243 -13.752671117551838 15
      vertex 28.304705765416788 -15.560643673485405 15
    endloop
  endfacet
  facet normal 0.9408807689542259 -0.3387379202452903 0
    outer loop
      vertex 30.031780494190514 -11.89042305171511 13
      vertex 30.719125476333456 -9.9812489183108 13
      vertex 30.031780494190514 -11.89042305171511 15
    endloop
  endfacet
  facet normal 0.9602936856769428 -0.27899110603922983 0
    outer loop
      vertex 30.719125476333456 -9.9812489183108 13
      vertex 31.285236104454786 -8.032683355424798 13
      vertex 30.719125476333456 -9.9812489183108 15
    endloop
  endfacet
  facet normal 0.9177546256839808 -0.3971478906347815 0
    outer loop
      vertex 30.031780494190514 -11.89042305171511 13
      vertex 30.031780494190514 -11.89042305171511 15
      vertex 29.22591379465243 -13.752671117551838 15
    endloop
  endfacet
  facet normal 0 0 1
    outer loop
      vertex 27.820667521910135 -9.039482840215724 15
      vertex 28.304705765416788 -15.560643673485405 15
      vertex 29.22591379465243 -13.752671117551838 15
    endloop
  endfacet
  facet normal 0 0 1
    outer loop
      vertex 27.820667521910135 -9.039482840215724 15
      vertex 29.22591379465243 -13.752671117551838 15
      vertex 28.333363613396102 -7.274771318350956 15
    endloop
  endfacet
  facet normal 0 0 1
    outer loop
      vertex 29.22591379465243 -13.752671117551838 15
      vertex 28.734240862982546 -5.48134959761956 15
      vertex 28.333363613396102 -7.274771318350956 15
    endloop
  endfacet
  facet normal 0 0 1
    outer loop
      vertex 29.22591379465243 -13.752671117551838 15
      vertex 30.031780494190514 -11.89042305171511 15
      vertex 29.194658060642247 -1.836772197469402 15
    endloop
  endfacet
  facet normal 0.9408807689542259 -0.3387379202452903 0
    outer loop
      vertex 30.719125476333456 -9.9812489183108 13
      vertex 30.719125476333456 -9.9812489183108 15
      vertex 30.031780494190514 -11.89042305171511 15
    endloop
  endfacet
  facet normal 0.9602936856769428 -0.27899110603922983 0
    outer loop
      vertex 30.719125476333456 -9.9812489183108 15
      vertex 31.285236104454786 -8.032683355424798 13
      vertex 31.285236104454786 -8.032683355424798 15
    endloop
  endfacet
  facet normal 0 0 -1
    outer loop
      vertex 30.031780494190514 -11.89042305171511 13
      vertex 29.763303697079266 -5.677653831947462 13
      vertex 30.06107544982868 -3.7975969769984133 13
    endloop
  endfacet
  facet normal 0 0 -1
    outer loop
      vertex 30.031780494190514 -11.89042305171511 13
      vertex 30.06107544982868 -3.7975969769984133 13
      vertex 30.240209871376628 -1.902552741738207 13
    endloop
  endfacet
  facet normal 0 0 -1
    outer loop
      vertex 30.031780494190514 -11.89042305171511 13
      vertex 30.719125476333456 9.9812489183108 13
      vertex 30.719125476333456 -9.9812489183108 13
    endloop
  endfacet
  facet normal 0 0 -1
    outer loop
      vertex 30.719125476333456 -9.9812489183108 13
      vertex 31.285236104454782 8.03268335542481 13
      vertex 31.285236104454786 -8.032683355424798 13
    endloop
  endfacet
  facet normal 0 0 -1
    outer loop
      vertex 31.285236104454786 -8.032683355424798 13
      vertex 31.727878198536644 6.052416461118905 13
      vertex 31.72787819853664 -6.052416461118911 13
    endloop
  endfacet
  facet normal 0 0 -1
    outer loop
      vertex 30.031780494190514 -11.89042305171511 13
      vertex 30.240209871376628 -1.902552741738207 13
      vertex 30.719125476333456 9.9812489183108 13
    endloop
  endfacet
  facet normal 0 0 -1
    outer loop
      vertex 31.72787819853664 -6.052416461118911 13
      vertex 32.04530485245763 4.048263444127027 13
      vertex 32.04530485245763 -4.048263444127021 13
    endloop
  endfacet
  facet normal 0 0 -1
    outer loop
      vertex 32.04530485245763 -4.048263444127021 13
      vertex 32.23626332823317 2.028133780796822 13
      vertex 32.23626332823317 -2.0281337807968343 13
    endloop
  endfacet
  facet normal 0 0 -1
    outer loop
      vertex 32.23626332823317 -2.0281337807968343 13
      vertex 32.23626332823317 2.028133780796822 13
      vertex 32.3 0 13
    endloop
  endfacet
  facet normal 0.9759167619387475 -0.21814324139654218 0
    outer loop
      vertex 31.285236104454786 -8.032683355424798 13
      vertex 31.72787819853664 -6.052416461118911 13
      vertex 31.285236104454786 -8.032683355424798 15
    endloop
  endfacet
  facet normal 0.9876883405951375 -0.15643446504023167 0
    outer loop
      vertex 31.72787819853664 -6.052416461118911 13
      vertex 32.04530485245763 -4.048263444127021 13
      vertex 31.72787819853664 -6.052416461118911 15
    endloop
  endfacet
  facet normal 0 0 1
    outer loop
      vertex 29.22591379465243 -13.752671117551838 15
      vertex 29.021717191308753 -3.666295494216761 15
      vertex 28.734240862982546 -5.48134959761956 15
    endloop
  endfacet
  facet normal 0 0 1
    outer loop
      vertex 29.22591379465243 -13.752671117551838 15
      vertex 29.194658060642247 -1.836772197469402 15
      vertex 29.021717191308753 -3.666295494216761 15
    endloop
  endfacet
  facet normal 0 0 1
    outer loop
      vertex 30.031780494190514 -11.89042305171511 15
      vertex 29.252380952380953 0 15
      vertex 29.194658060642247 -1.836772197469402 15
    endloop
  endfacet
  facet normal 0.9759167619387475 -0.21814324139654218 0
    outer loop
      vertex 31.72787819853664 -6.052416461118911 13
      vertex 31.72787819853664 -6.052416461118911 15
      vertex 31.285236104454786 -8.032683355424798 15
    endloop
  endfacet
  facet normal 0.9876883405951375 -0.15643446504023167 0
    outer loop
      vertex 32.04530485245763 -4.048263444127021 13
      vertex 32.04530485245763 -4.048263444127021 15
      vertex 31.72787819853664 -6.052416461118911 15
    endloop
  endfacet
  facet normal 0.9955619646030799 -0.09410831331851553 0
    outer loop
      vertex 32.04530485245763 -4.048263444127021 13
      vertex 32.23626332823317 -2.0281337807968343 13
      vertex 32.04530485245763 -4.048263444127021 15
    endloop
  endfacet
  facet normal 0.9995065603657315 -0.03141075907812672 0
    outer loop
      vertex 32.23626332823317 -2.0281337807968343 13
      vertex 32.3 0 13
      vertex 32.23626332823317 -2.0281337807968343 15
    endloop
  endfacet
  facet normal 0 0 1
    outer loop
      vertex 30.031780494190514 -11.89042305171511 15
      vertex 30.719125476333456 -9.9812489183108 15
      vertex 30.031780494190517 11.890423051715098 15
    endloop
  endfacet
  facet normal 0.9955619646030799 -0.09410831331851553 0
    outer loop
      vertex 32.23626332823317 -2.0281337807968343 13
      vertex 32.23626332823317 -2.0281337807968343 15
      vertex 32.04530485245763 -4.048263444127021 15
    endloop
  endfacet
  facet normal 0 0 1
    outer loop
      vertex 30.719125476333456 -9.9812489183108 15
      vertex 31.285236104454786 -8.032683355424798 15
      vertex 30.719125476333456 9.9812489183108 15
    endloop
  endfacet
  facet normal 0.9995065603657315 -0.03141075907812672 0
    outer loop
      vertex 32.23626332823317 -2.0281337807968343 15
      vertex 32.3 0 13
      vertex 32.3 0 15
    endloop
  endfacet
  facet normal 0 0 1
    outer loop
      vertex 31.285236104454786 -8.032683355424798 15
      vertex 31.72787819853664 -6.052416461118911 15
      vertex 31.285236104454782 8.03268335542481 15
    endloop
  endfacet
  facet normal 0 0 1
    outer loop
      vertex 31.72787819853664 -6.052416461118911 15
      vertex 32.04530485245763 -4.048263444127021 15
      vertex 31.727878198536644 6.052416461118905 15
    endloop
  endfacet
  facet normal 0 0 1
    outer loop
      vertex 32.04530485245763 -4.048263444127021 15
      vertex 32.23626332823317 -2.0281337807968343 15
      vertex 32.04530485245763 4.048263444127027 15
    endloop
  endfacet
  facet normal 0 0 1
    outer loop
      vertex 32.23626332823317 -2.0281337807968343 15
      vertex 32.3 0 15
      vertex 32.23626332823317 2.028133780796822 15
    endloop
  endfacet
  facet normal 0 0 -1
    outer loop
      vertex 2 32.237147467913296 13
      vertex 2.0281337807968187 32.23626332823317 13
      vertex 2 32.20940395211252 13
    endloop
  endfacet
  facet normal 0 0 -1
    outer loop
      vertex 2 30.23099839339877 13
      vertex 2 32.20940395211252 13
      vertex 3.79759697699842 30.06107544982868 13
    endloop
  endfacet
  facet normal 0 0 -1
    outer loop
      vertex 2 32.20940395211252 13
      vertex 4.048263444127028 32.04530485245763 13
      vertex 3.79759697699842 30.06107544982868 13
    endloop
  endfacet
  facet normal 0 0 -1
    outer loop
      vertex 2 32.20940395211252 13
      vertex 2.0281337807968187 32.23626332823317 13
      vertex 4.048263444127028 32.04530485245763 13
    endloop
  endfacet
  facet normal 0 0 -1
    outer loop
      vertex 3.79759697699842 30.06107544982868 13
      vertex 4.048263444127028 32.04530485245763 13
      vertex 6.052416461118903 31.727878198536644 13
    endloop
  endfacet
  facet normal 0 0 -1
    outer loop
      vertex 3.79759697699842 30.06107544982868 13
      vertex 6.052416461118903 31.727878198536644 13
      vertex 5.677653831947454 29.76330369707927 13
    endloop
  endfacet
  facet normal 0 0 -1
    outer loop
      vertex 5.677653831947454 29.76330369707927 13
      vertex 6.052416461118903 31.727878198536644 13
      vertex 8.032683355424812 31.285236104454782 13
    endloop
  endfacet
  facet normal 0 0 -1
    outer loop
      vertex 5.677653831947454 29.76330369707927 13
      vertex 8.032683355424812 31.285236104454782 13
      vertex 7.535303581095103 29.348069782197523 13
    endloop
  endfacet
  facet normal 0.03141075907806846 0.9995065603657334 0
    outer loop
      vertex 2 32.237147467913296 13
      vertex 2 32.237147467913296 15
      vertex 2.0281337807968187 32.23626332823317 13
    endloop
  endfacet
  facet normal 0.09410831331851449 0.9955619646030799 0
    outer loop
      vertex 2.0281337807968187 32.23626332823317 13
      vertex 2.0281337807968187 32.23626332823317 15
      vertex 4.048263444127028 32.04530485245763 13
    endloop
  endfacet
  facet normal 0 0 1
    outer loop
      vertex 2 29.17922849048087 15
      vertex 2.0281337807968187 32.23626332823317 15
      vertex 2 32.237147467913296 15
    endloop
  endfacet
  facet normal 0 0 1
    outer loop
      vertex 2 29.17922849048087 15
      vertex 3.666295494216768 29.021717191308753 15
      vertex 2.0281337807968187 32.23626332823317 15
    endloop
  endfacet
  facet normal 0 0 1
    outer loop
      vertex 3.666295494216768 29.021717191308753 15
      vertex 4.048263444127028 32.04530485245763 15
      vertex 2.0281337807968187 32.23626332823317 15
    endloop
  endfacet
  facet normal 0.03141075907806846 0.9995065603657334 0
    outer loop
      vertex 2.0281337807968187 32.23626332823317 13
      vertex 2 32.237147467913296 15
      vertex 2.0281337807968187 32.23626332823317 15
    endloop
  endfacet
  facet normal 0.09410831331851449 0.9955619646030799 0
    outer loop
      vertex 4.048263444127028 32.04530485245763 13
      vertex 2.0281337807968187 32.23626332823317 15
      vertex 4.048263444127028 32.04530485245763 15
    endloop
  endfacet
  facet normal 0 0 1
    outer loop
      vertex 5.481349597619553 28.73424086298255 15
      vertex 7.274771318350969 28.333363613396102 15
      vertex 6.052416461118903 31.727878198536644 15
    endloop
  endfacet
  facet normal 0.15643446504023112 0.9876883405951377 0
    outer loop
      vertex 4.048263444127028 32.04530485245763 13
      vertex 4.048263444127028 32.04530485245763 15
      vertex 6.052416461118903 31.727878198536644 13
    endloop
  endfacet
  facet normal 0.2181432413965432 0.9759167619387473 0
    outer loop
      vertex 6.052416461118903 31.727878198536644 13
      vertex 6.052416461118903 31.727878198536644 15
      vertex 8.032683355424812 31.285236104454782 13
    endloop
  endfacet
  facet normal 0.15643446504023112 0.9876883405951377 0
    outer loop
      vertex 6.052416461118903 31.727878198536644 13
      vertex 4.048263444127028 32.04530485245763 15
      vertex 6.052416461118903 31.727878198536644 15
    endloop
  endfacet
  facet normal 0 0 1
    outer loop
      vertex 3.666295494216768 29.021717191308753 15
      vertex 5.481349597619553 28.73424086298255 15
      vertex 4.048263444127028 32.04530485245763 15
    endloop
  endfacet
  facet normal 0 0 1
    outer loop
      vertex 5.481349597619553 28.73424086298255 15
      vertex 6.052416461118903 31.727878198536644 15
      vertex 4.048263444127028 32.04530485245763 15
    endloop
  endfacet
  facet normal 0.2181432413965432 0.9759167619387473 0
    outer loop
      vertex 8.032683355424812 31.285236104454782 13
      vertex 6.052416461118903 31.727878198536644 15
      vertex 8.032683355424812 31.285236104454782 15
    endloop
  endfacet
  facet normal 0 0 1
    outer loop
      vertex 7.274771318350969 28.333363613396102 15
      vertex 8.032683355424812 31.285236104454782 15
      vertex 6.052416461118903 31.727878198536644 15
    endloop
  endfacet
  facet normal 0 0 -1
    outer loop
      vertex 7.535303581095103 29.348069782197523 13
      vertex 9.9812489183108 30.719125476333456 13
      vertex 9.363214929560906 28.817012443743153 13
    endloop
  endfacet
  facet normal 0 0 -1
    outer loop
      vertex 9.363214929560906 28.817012443743153 13
      vertex 9.9812489183108 30.719125476333456 13
      vertex 11.890423051715095 30.03178049419052 13
    endloop
  endfacet
  facet normal 0 0 -1
    outer loop
      vertex 9.363214929560906 28.817012443743153 13
      vertex 11.890423051715095 30.03178049419052 13
      vertex 11.15417394634574 28.17222752241402 13
    endloop
  endfacet
  facet normal 0 0 -1
    outer loop
      vertex 7.535303581095103 29.348069782197523 13
      vertex 8.032683355424812 31.285236104454782 13
      vertex 9.9812489183108 30.719125476333456 13
    endloop
  endfacet
  facet normal 0 0 -1
    outer loop
      vertex 11.15417394634574 28.17222752241402 13
      vertex 13.752671117551847 29.225913794652428 13
      vertex 12.901112534421703 27.41625968972039 13
    endloop
  endfacet
  facet normal 0 0 -1
    outer loop
      vertex 11.15417394634574 28.17222752241402 13
      vertex 11.890423051715095 30.03178049419052 13
      vertex 13.752671117551847 29.225913794652428 13
    endloop
  endfacet
  facet normal 0 0 -1
    outer loop
      vertex 12.901112534421703 27.41625968972039 13
      vertex 13.752671117551847 29.225913794652428 13
      vertex 15.5606436734854 28.30470576541679 13
    endloop
  endfacet
  facet normal 0 0 -1
    outer loop
      vertex 12.901112534421703 27.41625968972039 13
      vertex 15.5606436734854 28.30470576541679 13
      vertex 14.597136325281971 26.552092405329066 13
    endloop
  endfacet
  facet normal 0 0 -1
    outer loop
      vertex 14.597136325281971 26.552092405329066 13
      vertex 17.30720547782159 27.271791993715084 13
      vertex 16.2355518878636 25.58313614271106 13
    endloop
  endfacet
  facet normal 0 0 -1
    outer loop
      vertex 14.597136325281971 26.552092405329066 13
      vertex 15.5606436734854 28.30470576541679 13
      vertex 17.30720547782159 27.271791993715084 13
    endloop
  endfacet
  facet normal 0 0 1
    outer loop
      vertex 7.274771318350969 28.333363613396102 15
      vertex 9.039482840215724 27.820667521910135 15
      vertex 8.032683355424812 31.285236104454782 15
    endloop
  endfacet
  facet normal 0 0 1
    outer loop
      vertex 9.039482840215724 27.820667521910135 15
      vertex 10.768519653057028 27.198175965769185 15
      vertex 9.9812489183108 30.719125476333456 15
    endloop
  endfacet
  facet normal 0 0 1
    outer loop
      vertex 10.768519653057028 27.198175965769185 15
      vertex 11.890423051715095 30.03178049419052 15
      vertex 9.9812489183108 30.719125476333456 15
    endloop
  endfacet
  facet normal 0 0 1
    outer loop
      vertex 10.768519653057028 27.198175965769185 15
      vertex 12.45505803849639 26.468345634755988 15
      vertex 11.890423051715095 30.03178049419052 15
    endloop
  endfacet
  facet normal 0.2789911060392301 0.9602936856769427 0
    outer loop
      vertex 8.032683355424812 31.285236104454782 13
      vertex 8.032683355424812 31.285236104454782 15
      vertex 9.9812489183108 30.719125476333456 13
    endloop
  endfacet
  facet normal 0.3387379202452897 0.940880768954226 0
    outer loop
      vertex 9.9812489183108 30.719125476333456 13
      vertex 9.9812489183108 30.719125476333456 15
      vertex 11.890423051715095 30.03178049419052 13
    endloop
  endfacet
  facet normal 0.2789911060392301 0.9602936856769427 0
    outer loop
      vertex 8.032683355424812 31.285236104454782 15
      vertex 9.9812489183108 30.719125476333456 15
      vertex 9.9812489183108 30.719125476333456 13
    endloop
  endfacet
  facet normal 0 0 1
    outer loop
      vertex 8.032683355424812 31.285236104454782 15
      vertex 9.039482840215724 27.820667521910135 15
      vertex 9.9812489183108 30.719125476333456 15
    endloop
  endfacet
  facet normal 0.3387379202452897 0.940880768954226 0
    outer loop
      vertex 11.890423051715095 30.03178049419052 13
      vertex 9.9812489183108 30.719125476333456 15
      vertex 11.890423051715095 30.03178049419052 15
    endloop
  endfacet
  facet normal 0.39714789063478145 0.9177546256839808 0
    outer loop
      vertex 11.890423051715095 30.03178049419052 13
      vertex 11.890423051715095 30.03178049419052 15
      vertex 13.752671117551847 29.225913794652428 13
    endloop
  endfacet
  facet normal 0.45399049973954725 0.8910065241883676 0
    outer loop
      vertex 13.752671117551847 29.225913794652428 13
      vertex 13.752671117551847 29.225913794652428 15
      vertex 15.5606436734854 28.30470576541679 13
    endloop
  endfacet
  facet normal 0.509041415750371 0.860742027003944 0
    outer loop
      vertex 15.5606436734854 28.30470576541679 13
      vertex 15.5606436734854 28.30470576541679 15
      vertex 17.30720547782159 27.271791993715084 13
    endloop
  endfacet
  facet normal 0 0 1
    outer loop
      vertex 14.092442000032555 25.634056835759303 15
      vertex 13.752671117551847 29.225913794652428 15
      vertex 12.45505803849639 26.468345634755988 15
    endloop
  endfacet
  facet normal 0.39714789063478145 0.9177546256839808 0
    outer loop
      vertex 13.752671117551847 29.225913794652428 13
      vertex 11.890423051715095 30.03178049419052 15
      vertex 13.752671117551847 29.225913794652428 15
    endloop
  endfacet
  facet normal 0 0 1
    outer loop
      vertex 11.890423051715095 30.03178049419052 15
      vertex 12.45505803849639 26.468345634755988 15
      vertex 13.752671117551847 29.225913794652428 15
    endloop
  endfacet
  facet normal 0 0 1
    outer loop
      vertex 14.092442000032555 25.634056835759303 15
      vertex 15.674209531218935 24.69860212551847 15
      vertex 15.5606436734854 28.30470576541679 15
    endloop
  endfacet
  facet normal 0 0 1
    outer loop
      vertex 14.092442000032555 25.634056835759303 15
      vertex 15.5606436734854 28.30470576541679 15
      vertex 13.752671117551847 29.225913794652428 15
    endloop
  endfacet
  facet normal 0.45399049973954725 0.8910065241883676 0
    outer loop
      vertex 15.5606436734854 28.30470576541679 13
      vertex 13.752671117551847 29.225913794652428 15
      vertex 15.5606436734854 28.30470576541679 15
    endloop
  endfacet
  facet normal 0 0 -1
    outer loop
      vertex 32.04530485245763 -4.048263444127021 13
      vertex 32.04530485245763 4.048263444127027 13
      vertex 32.23626332823317 2.028133780796822 13
    endloop
  endfacet
  facet normal 0 0 -1
    outer loop
      vertex 31.285236104454786 -8.032683355424798 13
      vertex 31.285236104454782 8.03268335542481 13
      vertex 31.727878198536644 6.052416461118905 13
    endloop
  endfacet
  facet normal 0 0 -1
    outer loop
      vertex 31.72787819853664 -6.052416461118911 13
      vertex 31.727878198536644 6.052416461118905 13
      vertex 32.04530485245763 4.048263444127027 13
    endloop
  endfacet
  facet normal 0 0 -1
    outer loop
      vertex 30.240209871376628 -1.902552741738207 13
      vertex 30.3 0 13
      vertex 30.719125476333456 9.9812489183108 13
    endloop
  endfacet
  facet normal 0 0 -1
    outer loop
      vertex 30.719125476333456 -9.9812489183108 13
      vertex 30.719125476333456 9.9812489183108 13
      vertex 31.285236104454782 8.03268335542481 13
    endloop
  endfacet
  facet normal 0 0 -1
    outer loop
      vertex 30.240209871376628 1.9025527417381953 13
      vertex 30.719125476333456 9.9812489183108 13
      vertex 30.3 0 13
    endloop
  endfacet
  facet normal 0 0 -1
    outer loop
      vertex 30.06107544982868 3.797596976998419 13
      vertex 29.76330369707927 5.677653831947456 13
      vertex 30.719125476333456 9.9812489183108 13
    endloop
  endfacet
  facet normal 0 0 -1
    outer loop
      vertex 29.76330369707927 5.677653831947456 13
      vertex 29.348069782197523 7.535303581095101 13
      vertex 30.031780494190517 11.890423051715098 13
    endloop
  endfacet
  facet normal 0 0 -1
    outer loop
      vertex 30.240209871376628 1.9025527417381953 13
      vertex 30.06107544982868 3.797596976998419 13
      vertex 30.719125476333456 9.9812489183108 13
    endloop
  endfacet
  facet normal 0.9995065603657315 0.03141075907812691 0
    outer loop
      vertex 32.3 0 13
      vertex 32.23626332823317 2.028133780796822 13
      vertex 32.3 0 15
    endloop
  endfacet
  facet normal 0.9955619646030801 0.0941083133185147 0
    outer loop
      vertex 32.23626332823317 2.028133780796822 13
      vertex 32.04530485245763 4.048263444127027 13
      vertex 32.23626332823317 2.028133780796822 15
    endloop
  endfacet
  facet normal 0 0 1
    outer loop
      vertex 30.031780494190514 -11.89042305171511 15
      vertex 29.22591379465243 13.752671117551845 15
      vertex 29.252380952380953 0 15
    endloop
  endfacet
  facet normal 0.9995065603657315 0.03141075907812691 0
    outer loop
      vertex 32.23626332823317 2.028133780796822 13
      vertex 32.23626332823317 2.028133780796822 15
      vertex 32.3 0 15
    endloop
  endfacet
  facet normal 0 0 1
    outer loop
      vertex 32.23626332823317 -2.0281337807968343 15
      vertex 32.23626332823317 2.028133780796822 15
      vertex 32.04530485245763 4.048263444127027 15
    endloop
  endfacet
  facet normal 0 0 1
    outer loop
      vertex 32.04530485245763 -4.048263444127021 15
      vertex 32.04530485245763 4.048263444127027 15
      vertex 31.727878198536644 6.052416461118905 15
    endloop
  endfacet
  facet normal 0.9955619646030801 0.0941083133185147 0
    outer loop
      vertex 32.04530485245763 4.048263444127027 13
      vertex 32.04530485245763 4.048263444127027 15
      vertex 32.23626332823317 2.028133780796822 15
    endloop
  endfacet
  facet normal 0 0 1
    outer loop
      vertex 30.719125476333456 -9.9812489183108 15
      vertex 30.719125476333456 9.9812489183108 15
      vertex 30.031780494190517 11.890423051715098 15
    endloop
  endfacet
  facet normal 0 0 1
    outer loop
      vertex 31.285236104454786 -8.032683355424798 15
      vertex 31.285236104454782 8.03268335542481 15
      vertex 30.719125476333456 9.9812489183108 15
    endloop
  endfacet
  facet normal 0 0 1
    outer loop
      vertex 31.72787819853664 -6.052416461118911 15
      vertex 31.727878198536644 6.052416461118905 15
      vertex 31.285236104454782 8.03268335542481 15
    endloop
  endfacet
  facet normal 0.9876883405951377 0.15643446504023092 0
    outer loop
      vertex 32.04530485245763 4.048263444127027 13
      vertex 31.727878198536644 6.052416461118905 13
      vertex 32.04530485245763 4.048263444127027 15
    endloop
  endfacet
  facet normal 0.9759167619387471 0.21814324139654354 0
    outer loop
      vertex 31.727878198536644 6.052416461118905 13
      vertex 31.285236104454782 8.03268335542481 13
      vertex 31.727878198536644 6.052416461118905 15
    endloop
  endfacet
  facet normal 0 0 1
    outer loop
      vertex 29.252380952380953 0 15
      vertex 29.22591379465243 13.752671117551845 15
      vertex 29.194658060642247 1.8367721974693907 15
    endloop
  endfacet
  facet normal 0 0 1
    outer loop
      vertex 30.031780494190514 -11.89042305171511 15
      vertex 30.031780494190517 11.890423051715098 15
      vertex 29.22591379465243 13.752671117551845 15
    endloop
  endfacet
  facet normal 0 0 1
    outer loop
      vertex 29.194658060642247 1.8367721974693907 15
      vertex 29.22591379465243 13.752671117551845 15
      vertex 29.021717191308753 3.666295494216767 15
    endloop
  endfacet
  facet normal 0 0 1
    outer loop
      vertex 29.021717191308753 3.666295494216767 15
      vertex 29.22591379465243 13.752671117551845 15
      vertex 28.73424086298255 5.4813495976195545 15
    endloop
  endfacet
  facet normal 0.9876883405951377 0.15643446504023092 0
    outer loop
      vertex 31.727878198536644 6.052416461118905 13
      vertex 31.727878198536644 6.052416461118905 15
      vertex 32.04530485245763 4.048263444127027 15
    endloop
  endfacet
  facet normal 0.9759167619387471 0.21814324139654354 0
    outer loop
      vertex 31.285236104454782 8.03268335542481 13
      vertex 31.285236104454782 8.03268335542481 15
      vertex 31.727878198536644 6.052416461118905 15
    endloop
  endfacet
  facet normal 0 0 -1
    outer loop
      vertex 28.172227522414016 11.154173946345743 13
      vertex 27.416259689720395 12.901112534421701 13
      vertex 28.30470576541679 15.560643673485403 13
    endloop
  endfacet
  facet normal 0 0 -1
    outer loop
      vertex 26.552092405329066 14.597136325281975 13
      vertex 28.30470576541679 15.560643673485403 13
      vertex 27.416259689720395 12.901112534421701 13
    endloop
  endfacet
  facet normal 0 0 -1
    outer loop
      vertex 25.58313614271106 16.2355518878636 13
      vertex 27.271791993715084 17.30720547782159 13
      vertex 26.552092405329066 14.597136325281975 13
    endloop
  endfacet
  facet normal 0 0 -1
    outer loop
      vertex 26.552092405329066 14.597136325281975 13
      vertex 27.271791993715084 17.30720547782159 13
      vertex 28.30470576541679 15.560643673485403 13
    endloop
  endfacet
  facet normal 0 0 -1
    outer loop
      vertex 29.348069782197523 7.535303581095101 13
      vertex 28.817012443743153 9.363214929560906 13
      vertex 30.031780494190517 11.890423051715098 13
    endloop
  endfacet
  facet normal 0 0 -1
    outer loop
      vertex 29.76330369707927 5.677653831947456 13
      vertex 30.031780494190517 11.890423051715098 13
      vertex 30.719125476333456 9.9812489183108 13
    endloop
  endfacet
  facet normal 0 0 -1
    outer loop
      vertex 28.172227522414016 11.154173946345743 13
      vertex 29.22591379465243 13.752671117551845 13
      vertex 28.817012443743153 9.363214929560906 13
    endloop
  endfacet
  facet normal 0 0 -1
    outer loop
      vertex 28.817012443743153 9.363214929560906 13
      vertex 29.22591379465243 13.752671117551845 13
      vertex 30.031780494190517 11.890423051715098 13
    endloop
  endfacet
  facet normal 0 0 -1
    outer loop
      vertex 28.172227522414016 11.154173946345743 13
      vertex 28.30470576541679 15.560643673485403 13
      vertex 29.22591379465243 13.752671117551845 13
    endloop
  endfacet
  facet normal 0 0 1
    outer loop
      vertex 28.333363613396102 7.274771318350967 15
      vertex 28.30470576541679 15.560643673485403 15
      vertex 27.820667521910135 9.039482840215724 15
    endloop
  endfacet
  facet normal 0 0 1
    outer loop
      vertex 27.820667521910135 9.039482840215724 15
      vertex 27.271791993715084 17.30720547782159 15
      vertex 27.19817596576918 10.768519653057032 15
    endloop
  endfacet
  facet normal 0.8607420270039434 0.5090414157503718 0
    outer loop
      vertex 28.30470576541679 15.560643673485403 13
      vertex 27.271791993715084 17.30720547782159 13
      vertex 28.30470576541679 15.560643673485403 15
    endloop
  endfacet
  facet normal 0 0 1
    outer loop
      vertex 25.634056835759303 14.092442000032557 15
      vertex 24.88757774165799 20.588794868882676 15
      vertex 24.69860212551847 15.674209531218935 15
    endloop
  endfacet
  facet normal 0 0 1
    outer loop
      vertex 26.46834563475599 12.455058038496388 15
      vertex 26.1312489183108 18.98546364904688 15
      vertex 25.634056835759303 14.092442000032557 15
    endloop
  endfacet
  facet normal 0 0 1
    outer loop
      vertex 27.19817596576918 10.768519653057032 15
      vertex 27.271791993715084 17.30720547782159 15
      vertex 26.46834563475599 12.455058038496388 15
    endloop
  endfacet
  facet normal 0 0 1
    outer loop
      vertex 27.820667521910135 9.039482840215724 15
      vertex 28.30470576541679 15.560643673485403 15
      vertex 27.271791993715084 17.30720547782159 15
    endloop
  endfacet
  facet normal 0.8607420270039434 0.5090414157503718 0
    outer loop
      vertex 28.30470576541679 15.560643673485403 15
      vertex 27.271791993715084 17.30720547782159 13
      vertex 27.271791993715084 17.30720547782159 15
    endloop
  endfacet
  facet normal 0 0 1
    outer loop
      vertex 26.46834563475599 12.455058038496388 15
      vertex 27.271791993715084 17.30720547782159 15
      vertex 26.1312489183108 18.98546364904688 15
    endloop
  endfacet
  facet normal 0.9177546256839816 0.39714789063477945 0
    outer loop
      vertex 30.031780494190517 11.890423051715098 13
      vertex 29.22591379465243 13.752671117551845 13
      vertex 30.031780494190517 11.890423051715098 15
    endloop
  endfacet
  facet normal 0.9602936856769427 0.27899110603922983 0
    outer loop
      vertex 31.285236104454782 8.03268335542481 13
      vertex 30.719125476333456 9.9812489183108 13
      vertex 31.285236104454782 8.03268335542481 15
    endloop
  endfacet
  facet normal 0.9408807689542257 0.3387379202452907 0
    outer loop
      vertex 30.031780494190517 11.890423051715098 13
      vertex 30.719125476333456 9.9812489183108 15
      vertex 30.719125476333456 9.9812489183108 13
    endloop
  endfacet
  facet normal 0 0 1
    outer loop
      vertex 28.73424086298255 5.4813495976195545 15
      vertex 28.30470576541679 15.560643673485403 15
      vertex 28.333363613396102 7.274771318350967 15
    endloop
  endfacet
  facet normal 0.9408807689542257 0.3387379202452907 0
    outer loop
      vertex 30.031780494190517 11.890423051715098 13
      vertex 30.031780494190517 11.890423051715098 15
      vertex 30.719125476333456 9.9812489183108 15
    endloop
  endfacet
  facet normal 0 0 1
    outer loop
      vertex 28.73424086298255 5.4813495976195545 15
      vertex 29.22591379465243 13.752671117551845 15
      vertex 28.30470576541679 15.560643673485403 15
    endloop
  endfacet
  facet normal 0.9602936856769427 0.27899110603922983 0
    outer loop
      vertex 31.285236104454782 8.03268335542481 15
      vertex 30.719125476333456 9.9812489183108 13
      vertex 30.719125476333456 9.9812489183108 15
    endloop
  endfacet
  facet normal 0.8910065241883675 0.45399049973954764 0
    outer loop
      vertex 29.22591379465243 13.752671117551845 13
      vertex 28.30470576541679 15.560643673485403 13
      vertex 29.22591379465243 13.752671117551845 15
    endloop
  endfacet
  facet normal 0.8910065241883675 0.45399049973954764 0
    outer loop
      vertex 28.30470576541679 15.560643673485403 13
      vertex 28.30470576541679 15.560643673485403 15
      vertex 29.22591379465243 13.752671117551845 15
    endloop
  endfacet
  facet normal 0.9177546256839816 0.39714789063477945 0
    outer loop
      vertex 29.22591379465243 13.752671117551845 13
      vertex 29.22591379465243 13.752671117551845 15
      vertex 30.031780494190517 11.890423051715098 15
    endloop
  endfacet
  facet normal 0 0 -1
    outer loop
      vertex 16.2355518878636 25.58313614271106 13
      vertex 18.98546364904688 26.1312489183108 13
      vertex 17.809893144461938 24.51321492956091 13
    endloop
  endfacet
  facet normal 0 0 -1
    outer loop
      vertex 17.809893144461938 24.51321492956091 13
      vertex 18.98546364904688 26.1312489183108 13
      vertex 20.588794868882676 24.88757774165799 13
    endloop
  endfacet
  facet normal 0 0 -1
    outer loop
      vertex 17.809893144461938 24.51321492956091 13
      vertex 20.588794868882676 24.88757774165799 13
      vertex 19.3139468893853 23.346551256106412 13
    endloop
  endfacet
  facet normal 0 0 -1
    outer loop
      vertex 22.08774941086877 20.741777309639268 13
      vertex 23.545686665711592 22.110871521496644 13
      vertex 23.346551256106412 19.3139468893853 13
    endloop
  endfacet
  facet normal 0 0 -1
    outer loop
      vertex 23.346551256106412 19.3139468893853 13
      vertex 23.545686665711592 22.110871521496644 13
      vertex 24.88757774165799 20.588794868882676 13
    endloop
  endfacet
  facet normal 0 0 -1
    outer loop
      vertex 19.3139468893853 23.346551256106412 13
      vertex 22.110871521496644 23.545686665711592 13
      vertex 20.741777309639268 22.08774941086877 13
    endloop
  endfacet
  facet normal 0 0 -1
    outer loop
      vertex 22.08774941086877 20.741777309639268 13
      vertex 20.741777309639268 22.08774941086877 13
      vertex 22.110871521496644 23.545686665711592 13
    endloop
  endfacet
  facet normal 0 0 -1
    outer loop
      vertex 19.3139468893853 23.346551256106412 13
      vertex 20.588794868882676 24.88757774165799 13
      vertex 22.110871521496644 23.545686665711592 13
    endloop
  endfacet
  facet normal 0 0 -1
    outer loop
      vertex 22.08774941086877 20.741777309639268 13
      vertex 22.110871521496644 23.545686665711592 13
      vertex 23.545686665711592 22.110871521496644 13
    endloop
  endfacet
  facet normal 0 0 1
    outer loop
      vertex 15.674209531218935 24.69860212551847 15
      vertex 17.194118118250774 23.6656733164062 15
      vertex 17.30720547782159 27.271791993715084 15
    endloop
  endfacet
  facet normal 0 0 1
    outer loop
      vertex 17.194118118250774 23.6656733164062 15
      vertex 18.646169376315243 22.539346906531772 15
      vertex 17.30720547782159 27.271791993715084 15
    endloop
  endfacet
  facet normal 0 0 1
    outer loop
      vertex 20.024632722475882 21.324067991665387 15
      vertex 18.98546364904688 26.1312489183108 15
      vertex 18.646169376315243 22.539346906531772 15
    endloop
  endfacet
  facet normal 0.6129070536529769 0.79015501237569 0
    outer loop
      vertex 20.588794868882676 24.88757774165799 13
      vertex 18.98546364904688 26.1312489183108 15
      vertex 20.588794868882676 24.88757774165799 15
    endloop
  endfacet
  facet normal 0 0 1
    outer loop
      vertex 18.646169376315243 22.539346906531772 15
      vertex 18.98546364904688 26.1312489183108 15
      vertex 17.30720547782159 27.271791993715084 15
    endloop
  endfacet
  facet normal 0 0 1
    outer loop
      vertex 20.024632722475882 21.324067991665387 15
      vertex 20.588794868882676 24.88757774165799 15
      vertex 18.98546364904688 26.1312489183108 15
    endloop
  endfacet
  facet normal 0 0 1
    outer loop
      vertex 21.324067991665387 20.024632722475882 15
      vertex 22.539346906531772 18.646169376315243 15
      vertex 22.110871521496644 23.545686665711592 15
    endloop
  endfacet
  facet normal 0 0 1
    outer loop
      vertex 24.69860212551847 15.674209531218935 15
      vertex 23.545686665711592 22.110871521496644 15
      vertex 23.665673316406203 17.194118118250778 15
    endloop
  endfacet
  facet normal 0 0 1
    outer loop
      vertex 22.539346906531772 18.646169376315243 15
      vertex 23.665673316406203 17.194118118250778 15
      vertex 23.545686665711592 22.110871521496644 15
    endloop
  endfacet
  facet normal 0.6613118653236504 0.7501110696304608 0
    outer loop
      vertex 20.588794868882676 24.88757774165799 13
      vertex 20.588794868882676 24.88757774165799 15
      vertex 22.110871521496644 23.545686665711592 13
    endloop
  endfacet
  facet normal 0.7071067811865475 0.7071067811865475 0
    outer loop
      vertex 22.110871521496644 23.545686665711592 13
      vertex 23.545686665711592 22.110871521496644 15
      vertex 23.545686665711592 22.110871521496644 13
    endloop
  endfacet
  facet normal 0 0 1
    outer loop
      vertex 20.024632722475882 21.324067991665387 15
      vertex 21.324067991665387 20.024632722475882 15
      vertex 20.588794868882676 24.88757774165799 15
    endloop
  endfacet
  facet normal 0 0 1
    outer loop
      vertex 21.324067991665387 20.024632722475882 15
      vertex 22.110871521496644 23.545686665711592 15
      vertex 20.588794868882676 24.88757774165799 15
    endloop
  endfacet
  facet normal 0.6613118653236504 0.7501110696304608 0
    outer loop
      vertex 22.110871521496644 23.545686665711592 13
      vertex 20.588794868882676 24.88757774165799 15
      vertex 22.110871521496644 23.545686665711592 15
    endloop
  endfacet
  facet normal 0.7071067811865475 0.7071067811865475 0
    outer loop
      vertex 22.110871521496644 23.545686665711592 13
      vertex 22.110871521496644 23.545686665711592 15
      vertex 23.545686665711592 22.110871521496644 15
    endloop
  endfacet
  facet normal 0.7501110696304608 0.6613118653236504 0
    outer loop
      vertex 23.545686665711592 22.110871521496644 13
      vertex 23.545686665711592 22.110871521496644 15
      vertex 24.88757774165799 20.588794868882676 15
    endloop
  endfacet
  facet normal 0 0 1
    outer loop
      vertex 22.539346906531772 18.646169376315243 15
      vertex 23.545686665711592 22.110871521496644 15
      vertex 22.110871521496644 23.545686665711592 15
    endloop
  endfacet
  facet normal 0 0 -1
    outer loop
      vertex 16.2355518878636 25.58313614271106 13
      vertex 17.30720547782159 27.271791993715084 13
      vertex 18.98546364904688 26.1312489183108 13
    endloop
  endfacet
  facet normal 0.5620833778521304 0.8270805742745618 0
    outer loop
      vertex 17.30720547782159 27.271791993715084 13
      vertex 17.30720547782159 27.271791993715084 15
      vertex 18.98546364904688 26.1312489183108 13
    endloop
  endfacet
  facet normal 0.6129070536529769 0.79015501237569 0
    outer loop
      vertex 20.588794868882676 24.88757774165799 13
      vertex 18.98546364904688 26.1312489183108 13
      vertex 18.98546364904688 26.1312489183108 15
    endloop
  endfacet
  facet normal 0.509041415750371 0.860742027003944 0
    outer loop
      vertex 15.5606436734854 28.30470576541679 15
      vertex 17.30720547782159 27.271791993715084 15
      vertex 17.30720547782159 27.271791993715084 13
    endloop
  endfacet
  facet normal 0 0 1
    outer loop
      vertex 15.674209531218935 24.69860212551847 15
      vertex 17.30720547782159 27.271791993715084 15
      vertex 15.5606436734854 28.30470576541679 15
    endloop
  endfacet
  facet normal 0.5620833778521304 0.8270805742745618 0
    outer loop
      vertex 18.98546364904688 26.1312489183108 13
      vertex 17.30720547782159 27.271791993715084 15
      vertex 18.98546364904688 26.1312489183108 15
    endloop
  endfacet
  facet normal 0 0 -1
    outer loop
      vertex 24.51321492956091 17.809893144461938 13
      vertex 24.88757774165799 20.588794868882676 13
      vertex 26.1312489183108 18.98546364904688 13
    endloop
  endfacet
  facet normal 0 0 -1
    outer loop
      vertex 25.58313614271106 16.2355518878636 13
      vertex 24.51321492956091 17.809893144461938 13
      vertex 26.1312489183108 18.98546364904688 13
    endloop
  endfacet
  facet normal 0 0 -1
    outer loop
      vertex 23.346551256106412 19.3139468893853 13
      vertex 24.88757774165799 20.588794868882676 13
      vertex 24.51321492956091 17.809893144461938 13
    endloop
  endfacet
  facet normal 0 0 -1
    outer loop
      vertex 25.58313614271106 16.2355518878636 13
      vertex 26.1312489183108 18.98546364904688 13
      vertex 27.271791993715084 17.30720547782159 13
    endloop
  endfacet
  facet normal 0.7501110696304608 0.6613118653236504 0
    outer loop
      vertex 23.545686665711592 22.110871521496644 13
      vertex 24.88757774165799 20.588794868882676 15
      vertex 24.88757774165799 20.588794868882676 13
    endloop
  endfacet
  facet normal 0.79015501237569 0.6129070536529769 0
    outer loop
      vertex 26.1312489183108 18.98546364904688 13
      vertex 24.88757774165799 20.588794868882676 13
      vertex 26.1312489183108 18.98546364904688 15
    endloop
  endfacet
  facet normal 0.8270805742745618 0.5620833778521304 0
    outer loop
      vertex 26.1312489183108 18.98546364904688 13
      vertex 27.271791993715084 17.30720547782159 15
      vertex 27.271791993715084 17.30720547782159 13
    endloop
  endfacet
  facet normal 0 0 1
    outer loop
      vertex 25.634056835759303 14.092442000032557 15
      vertex 26.1312489183108 18.98546364904688 15
      vertex 24.88757774165799 20.588794868882676 15
    endloop
  endfacet
  facet normal 0.79015501237569 0.6129070536529769 0
    outer loop
      vertex 24.88757774165799 20.588794868882676 13
      vertex 24.88757774165799 20.588794868882676 15
      vertex 26.1312489183108 18.98546364904688 15
    endloop
  endfacet
  facet normal 0 0 1
    outer loop
      vertex 24.69860212551847 15.674209531218935 15
      vertex 24.88757774165799 20.588794868882676 15
      vertex 23.545686665711592 22.110871521496644 15
    endloop
  endfacet
  facet normal 0.8270805742745618 0.5620833778521304 0
    outer loop
      vertex 26.1312489183108 18.98546364904688 13
      vertex 26.1312489183108 18.98546364904688 15
      vertex 27.271791993715084 17.30720547782159 15
    endloop
  endfacet
  facet normal 0 0 -1
    outer loop
      vertex -2 -34.199999999999996 13
      vertex -2 -32.237147467913296 13
      vertex -1.902552741738207 -30.240209871376628 13
    endloop
  endfacet
  facet normal 0 0 -1
    outer loop
      vertex -2 -34.199999999999996 13
      vertex -1.902552741738207 -30.240209871376628 13
      vertex 0 -30.3 13
    endloop
  endfacet
  facet normal 0 0 -1
    outer loop
      vertex -2 -32.237147467913296 13
      vertex -2 -30.230998393398774 13
      vertex -1.902552741738207 -30.240209871376628 13
    endloop
  endfacet
  facet normal -1 0 0
    outer loop
      vertex -2 -34.199999999999996 13
      vertex -2 -32.237147467913296 15
      vertex -2 -32.237147467913296 13
    endloop
  endfacet
  facet normal -1 0 0
    outer loop
      vertex -2 -34.199999999999996 13
      vertex -2 -34.199999999999996 15
      vertex -2 -32.237147467913296 15
    endloop
  endfacet
  facet normal 0 -1 0
    outer loop
      vertex -2 -34.199999999999996 13
      vertex 2 -34.199999999999996 15
      vertex -2 -34.199999999999996 15
    endloop
  endfacet
  facet normal 0 0 1
    outer loop
      vertex -2 -34.199999999999996 15
      vertex 2 -34.199999999999996 15
      vertex -2 -32.237147467913296 15
    endloop
  endfacet
  facet normal 0 0 1
    outer loop
      vertex -2 -32.237147467913296 15
      vertex -1.836772197469402 -29.194658060642247 15
      vertex -2 -29.17922849048087 15
    endloop
  endfacet
  facet normal 0 0 1
    outer loop
      vertex -2 -32.237147467913296 15
      vertex 2 -34.199999999999996 15
      vertex -1.836772197469402 -29.194658060642247 15
    endloop
  endfacet
  facet normal 0 0 -1
    outer loop
      vertex -2 30.23099839339877 13
      vertex -2 31.78908968773066 13
      vertex -1.9025527417381922 30.240209871376628 13
    endloop
  endfacet
  facet normal 0 0 -1
    outer loop
      vertex -1.9025527417381922 30.240209871376628 13
      vertex -2 31.78908968773066 13
      vertex 0 30.3 13
    endloop
  endfacet
  facet normal 0 0 -1
    outer loop
      vertex -2 31.78908968773066 13
      vertex -2 32.237147467913296 13
      vertex 2 34.199999999999996 13
    endloop
  endfacet
  facet normal 0 0 -1
    outer loop
      vertex -2 32.237147467913296 13
      vertex -2 34.199999999999996 13
      vertex 2 34.199999999999996 13
    endloop
  endfacet
  facet normal 0 0 1
    outer loop
      vertex -2 29.17922849048087 15
      vertex -1.8628736179514798 29.192190749973378 15
      vertex -2 31.34103190754802 15
    endloop
  endfacet
  facet normal -1 0 0
    outer loop
      vertex -2 32.237147467913296 13
      vertex -2 34.199999999999996 15
      vertex -2 34.199999999999996 13
    endloop
  endfacet
  facet normal 0 1 0
    outer loop
      vertex -2 34.199999999999996 13
      vertex -2 34.199999999999996 15
      vertex 2 34.199999999999996 13
    endloop
  endfacet
  facet normal 0 0 1
    outer loop
      vertex -1.7075274701653338 29.198719739827204 15
      vertex 0 29.252380952380953 15
      vertex -1.8854238694662966 32.24074816787367 15
    endloop
  endfacet
  facet normal 0 0 1
    outer loop
      vertex -1.8854238694662966 32.24074816787367 15
      vertex 0 29.252380952380953 15
      vertex 1.8367721974693878 29.194658060642247 15
    endloop
  endfacet
  facet normal -1 0 0
    outer loop
      vertex -2 32.237147467913296 13
      vertex -2 32.237147467913296 15
      vertex -2 34.199999999999996 15
    endloop
  endfacet
  facet normal 0 0 1
    outer loop
      vertex -2 32.237147467913296 15
      vertex -1.8854238694662966 32.24074816787367 15
      vertex -2 34.199999999999996 15
    endloop
  endfacet
  facet normal 0 0 1
    outer loop
      vertex -1.8854238694662966 32.24074816787367 15
      vertex 2 34.199999999999996 15
      vertex -2 34.199999999999996 15
    endloop
  endfacet
  facet normal 0 0 -1
    outer loop
      vertex -2 -34.199999999999996 13
      vertex 2 -32.237147467913296 13
      vertex 2 -34.199999999999996 13
    endloop
  endfacet
  facet normal 0 0 -1
    outer loop
      vertex -2 -34.199999999999996 13
      vertex 0 -30.3 13
      vertex 2 -32.237147467913296 13
    endloop
  endfacet
  facet normal 0 0 -1
    outer loop
      vertex 2 -32.237147467913296 13
      vertex 0 -30.3 13
      vertex 1.902552741738207 -30.240209871376628 13
    endloop
  endfacet
  facet normal 0 0 -1
    outer loop
      vertex 2 -32.237147467913296 13
      vertex 1.902552741738207 -30.240209871376628 13
      vertex 2 -30.230998393398774 13
    endloop
  endfacet
  facet normal 0 -1 0
    outer loop
      vertex -2 -34.199999999999996 13
      vertex 2 -34.199999999999996 13
      vertex 2 -34.199999999999996 15
    endloop
  endfacet
  facet normal 1 0 0
    outer loop
      vertex 2 -34.199999999999996 13
      vertex 2 -32.237147467913296 13
      vertex 2 -34.199999999999996 15
    endloop
  endfacet
  facet normal 1 0 0
    outer loop
      vertex 2 -32.237147467913296 13
      vertex 2 -32.237147467913296 15
      vertex 2 -34.199999999999996 15
    endloop
  endfacet
  facet normal 0 0 1
    outer loop
      vertex -1.836772197469402 -29.194658060642247 15
      vertex 2 -34.199999999999996 15
      vertex 0 -29.252380952380953 15
    endloop
  endfacet
  facet normal 0 0 1
    outer loop
      vertex 2 -34.199999999999996 15
      vertex 2 -32.237147467913296 15
      vertex 0 -29.252380952380953 15
    endloop
  endfacet
  facet normal 0 0 1
    outer loop
      vertex 2 -32.237147467913296 15
      vertex 1.836772197469402 -29.194658060642247 15
      vertex 0 -29.252380952380953 15
    endloop
  endfacet
  facet normal 0 0 1
    outer loop
      vertex 2 -32.237147467913296 15
      vertex 2 -29.17922849048087 15
      vertex 1.836772197469402 -29.194658060642247 15
    endloop
  endfacet
  facet normal 0 0 -1
    outer loop
      vertex 1.9025527417381922 30.240209871376628 13
      vertex 2 32.20940395211252 13
      vertex 2 30.23099839339877 13
    endloop
  endfacet
  facet normal 0 0 -1
    outer loop
      vertex 0 30.3 13
      vertex 2 34.199999999999996 13
      vertex 1.9025527417381922 30.240209871376628 13
    endloop
  endfacet
  facet normal 0 0 -1
    outer loop
      vertex 1.9025527417381922 30.240209871376628 13
      vertex 2 32.237147467913296 13
      vertex 2 32.20940395211252 13
    endloop
  endfacet
  facet normal 0 0 -1
    outer loop
      vertex -2 31.78908968773066 13
      vertex 2 34.199999999999996 13
      vertex 0 30.3 13
    endloop
  endfacet
  facet normal 0 0 -1
    outer loop
      vertex 1.9025527417381922 30.240209871376628 13
      vertex 2 34.199999999999996 13
      vertex 2 32.237147467913296 13
    endloop
  endfacet
  facet normal 1 0 0
    outer loop
      vertex 2 32.237147467913296 13
      vertex 2 34.199999999999996 13
      vertex 2 32.237147467913296 15
    endloop
  endfacet
  facet normal 0 0 1
    outer loop
      vertex -1.8854238694662966 32.24074816787367 15
      vertex 1.8367721974693878 29.194658060642247 15
      vertex 2 32.237147467913296 15
    endloop
  endfacet
  facet normal 0 0 1
    outer loop
      vertex 1.8367721974693878 29.194658060642247 15
      vertex 2 29.17922849048087 15
      vertex 2 32.237147467913296 15
    endloop
  endfacet
  facet normal 0 1 0
    outer loop
      vertex -2 34.199999999999996 15
      vertex 2 34.199999999999996 15
      vertex 2 34.199999999999996 13
    endloop
  endfacet
  facet normal 1 0 0
    outer loop
      vertex 2 34.199999999999996 13
      vertex 2 34.199999999999996 15
      vertex 2 32.237147467913296 15
    endloop
  endfacet
  facet normal 0 0 1
    outer loop
      vertex -1.8854238694662966 32.24074816787367 15
      vertex 2 32.237147467913296 15
      vertex 2 34.199999999999996 15
    endloop
  endfacet
  facet normal 0.790155012375691 0.6129070536529758 0
    outer loop
      vertex -21.80552477055484 -18.03909890988792 0
      vertex -22.895180940811013 -16.63432263987699 0
      vertex -22.895180940811013 -16.63432263987699 13
    endloop
  endfacet
  facet normal 0.7071067811865475 0.7071067811865475 0
    outer loop
      vertex -20.62981215602595 -19.372683097781884 0
      vertex -20.62981215602595 -19.372683097781884 13
      vertex -19.372683097781884 -20.62981215602595 0
    endloop
  endfacet
  facet normal 0.7501110696304577 0.6613118653236538 0
    outer loop
      vertex -20.62981215602595 -19.372683097781884 0
      vertex -21.80552477055484 -18.03909890988792 0
      vertex -21.80552477055484 -18.03909890988792 13
    endloop
  endfacet
  facet normal 0.6129070536529758 0.790155012375691 0
    outer loop
      vertex -18.03909890988792 -21.80552477055484 0
      vertex -18.03909890988792 -21.80552477055484 13
      vertex -16.63432263987699 -22.895180940811013 0
    endloop
  endfacet
  facet normal 0.6613118653236538 0.7501110696304577 0
    outer loop
      vertex -18.03909890988792 -21.80552477055484 0
      vertex -19.372683097781884 -20.62981215602595 0
      vertex -19.372683097781884 -20.62981215602595 13
    endloop
  endfacet
  facet normal 0.9995065603657315 0.031410759078130804 0
    outer loop
      vertex -28.244156414520084 -1.7769717026795657 0
      vertex -28.252860600934973 -1.5 0
      vertex -28.252860600934973 -1.5 4.547139399065027
    endloop
  endfacet
  facet normal 0.8607420270039433 0.5090414157503719 0
    outer loop
      vertex -24.799479045241338 -13.633628977078546 0
      vertex -24.799479045241338 -13.633628977078546 13
      vertex -23.894480291707023 -15.16389829790561 0
    endloop
  endfacet
  facet normal 0.940880768954226 0.3387379202452901 0
    outer loop
      vertex -26.312674550637517 -10.417924840976383 0
      vertex -26.914899411152845 -8.74518094081101 0
      vertex -26.914899411152845 -8.74518094081101 13
    endloop
  endfacet
  facet normal 0.8910065241883681 0.4539904997395464 0
    outer loop
      vertex -24.799479045241338 -13.633628977078546 0
      vertex -25.606605584788355 -12.04955395129155 0
      vertex -25.606605584788355 -12.04955395129155 13
    endloop
  endfacet
  facet normal 0.9177546256839808 0.3971478906347814 0
    outer loop
      vertex -26.312674550637517 -10.417924840976383 0
      vertex -26.312674550637517 -10.417924840976383 13
      vertex -25.606605584788355 -12.04955395129155 0
    endloop
  endfacet
  facet normal 0.9602936856769427 0.27899110603923044 0
    outer loop
      vertex -26.914899411152845 -8.74518094081101 0
      vertex -27.41090345994026 -7.037923806765392 0
      vertex -27.41090345994026 -7.037923806765392 13
    endloop
  endfacet
  facet normal 0.9759167619387475 0.21814324139654193 0
    outer loop
      vertex -27.41090345994026 -7.037923806765392 0
      vertex -27.79872919562189 -5.302891202776013 0
      vertex -27.79872919562189 -5.302891202776013 13
    endloop
  endfacet
  facet normal 0.9876883405951378 0.15643446504023092 0
    outer loop
      vertex -27.79872919562189 -5.302891202776013 0
      vertex -28.076846047199723 -3.546930509869805 0
      vertex -28.076846047199723 -3.546930509869805 13
    endloop
  endfacet
  facet normal 0.9955619646030801 0.09410831331851373 0
    outer loop
      vertex -28.076846047199723 -3.546930509869805 0
      vertex -28.244156414520084 -1.7769717026795657 0
      vertex -28.244156414520084 -1.7769717026795657 13
    endloop
  endfacet
  facet normal 0.9995065603657315 0.03141075907812896 -6.023113580560354e-17
    outer loop
      vertex -28.244156414520084 -1.7769717026795657 13
      vertex -28.252860600934973 -1.5 4.547139399065027
      vertex -28.3 0 4.5
    endloop
  endfacet
  facet normal 0.9995065603657315 0.0314107590781308 0
    outer loop
      vertex -28.244156414520084 -1.7769717026795657 0
      vertex -28.252860600934973 -1.5 4.547139399065027
      vertex -28.244156414520084 -1.7769717026795657 13
    endloop
  endfacet
  facet normal 0.8270805742745625 0.5620833778521295 0
    outer loop
      vertex -23.894480291707023 -15.16389829790561 0
      vertex -23.894480291707023 -15.16389829790561 13
      vertex -22.895180940811013 -16.63432263987699 0
    endloop
  endfacet
  facet normal 0.3971478906347814 0.9177546256839808 0
    outer loop
      vertex -10.417924840976383 -26.312674550637517 0
      vertex -12.04955395129155 -25.606605584788355 0
      vertex -12.04955395129155 -25.606605584788355 13
    endloop
  endfacet
  facet normal 0.3387379202452901 0.940880768954226 0
    outer loop
      vertex -10.417924840976383 -26.312674550637517 0
      vertex -10.417924840976383 -26.312674550637517 13
      vertex -8.74518094081101 -26.914899411152845 0
    endloop
  endfacet
  facet normal 0.27899110603923044 0.9602936856769427 0
    outer loop
      vertex -8.74518094081101 -26.914899411152845 0
      vertex -8.74518094081101 -26.914899411152845 13
      vertex -7.037923806765392 -27.41090345994026 0
    endloop
  endfacet
  facet normal 0.5090414157503719 0.8607420270039433 0
    outer loop
      vertex -15.16389829790561 -23.894480291707023 0
      vertex -15.16389829790561 -23.894480291707023 13
      vertex -13.633628977078546 -24.799479045241338 0
    endloop
  endfacet
  facet normal 0.5620833778521295 0.8270805742745625 0
    outer loop
      vertex -16.63432263987699 -22.895180940811013 0
      vertex -16.63432263987699 -22.895180940811013 13
      vertex -15.16389829790561 -23.894480291707023 0
    endloop
  endfacet
  facet normal 0.4539904997395464 0.8910065241883681 0
    outer loop
      vertex -13.633628977078546 -24.799479045241338 0
      vertex -13.633628977078546 -24.799479045241338 13
      vertex -12.04955395129155 -25.606605584788355 0
    endloop
  endfacet
  facet normal 0.21814324139654193 0.9759167619387475 0
    outer loop
      vertex -7.037923806765392 -27.41090345994026 0
      vertex -7.037923806765392 -27.41090345994026 13
      vertex -5.302891202776013 -27.79872919562189 0
    endloop
  endfacet
  facet normal 0.15643446504023092 0.9876883405951378 0
    outer loop
      vertex -5.302891202776013 -27.79872919562189 0
      vertex -5.302891202776013 -27.79872919562189 13
      vertex -3.546930509869805 -28.076846047199723 0
    endloop
  endfacet
  facet normal 0.09410831331851446 0.9955619646030801 0
    outer loop
      vertex -3.546930509869805 -28.076846047199723 0
      vertex -3.546930509869805 -28.076846047199723 13
      vertex -1.7769717026795795 -28.244156414520084 0
    endloop
  endfacet
  facet normal 0.03141075907812901 0.9995065603657315 0
    outer loop
      vertex -1.7769717026795795 -28.244156414520084 0
      vertex -1.7769717026795795 -28.244156414520084 13
      vertex 0 -28.3 0
    endloop
  endfacet
  facet normal 0.790155012375691 0.6129070536529758 0
    outer loop
      vertex -21.80552477055484 -18.03909890988792 0
      vertex -22.895180940811013 -16.63432263987699 13
      vertex -21.80552477055484 -18.03909890988792 13
    endloop
  endfacet
  facet normal 0.7501110696304577 0.6613118653236538 0
    outer loop
      vertex -20.62981215602595 -19.372683097781884 0
      vertex -21.80552477055484 -18.03909890988792 13
      vertex -20.62981215602595 -19.372683097781884 13
    endloop
  endfacet
  facet normal 0.6613118653236538 0.7501110696304577 0
    outer loop
      vertex -18.03909890988792 -21.80552477055484 0
      vertex -19.372683097781884 -20.62981215602595 13
      vertex -18.03909890988792 -21.80552477055484 13
    endloop
  endfacet
  facet normal 0.6129070536529758 0.790155012375691 0
    outer loop
      vertex -16.63432263987699 -22.895180940811013 0
      vertex -18.03909890988792 -21.80552477055484 13
      vertex -16.63432263987699 -22.895180940811013 13
    endloop
  endfacet
  facet normal 0.7071067811865475 0.7071067811865475 0
    outer loop
      vertex -19.372683097781884 -20.62981215602595 0
      vertex -20.62981215602595 -19.372683097781884 13
      vertex -19.372683097781884 -20.62981215602595 13
    endloop
  endfacet
  facet normal 0.8910065241883681 0.4539904997395464 0
    outer loop
      vertex -24.799479045241338 -13.633628977078546 0
      vertex -25.606605584788355 -12.04955395129155 13
      vertex -24.799479045241338 -13.633628977078546 13
    endloop
  endfacet
  facet normal 0.940880768954226 0.3387379202452901 0
    outer loop
      vertex -26.312674550637517 -10.417924840976383 0
      vertex -26.914899411152845 -8.74518094081101 13
      vertex -26.312674550637517 -10.417924840976383 13
    endloop
  endfacet
  facet normal 0.9177546256839808 0.3971478906347814 0
    outer loop
      vertex -25.606605584788355 -12.04955395129155 0
      vertex -26.312674550637517 -10.417924840976383 13
      vertex -25.606605584788355 -12.04955395129155 13
    endloop
  endfacet
  facet normal 0.9759167619387475 0.21814324139654193 0
    outer loop
      vertex -27.41090345994026 -7.037923806765392 0
      vertex -27.79872919562189 -5.302891202776013 13
      vertex -27.41090345994026 -7.037923806765392 13
    endloop
  endfacet
  facet normal 0.9602936856769427 0.27899110603923044 0
    outer loop
      vertex -26.914899411152845 -8.74518094081101 0
      vertex -27.41090345994026 -7.037923806765392 13
      vertex -26.914899411152845 -8.74518094081101 13
    endloop
  endfacet
  facet normal 0.9876883405951378 0.15643446504023092 0
    outer loop
      vertex -27.79872919562189 -5.302891202776013 0
      vertex -28.076846047199723 -3.546930509869805 13
      vertex -27.79872919562189 -5.302891202776013 13
    endloop
  endfacet
  facet normal 0.9955619646030801 0.09410831331851373 0
    outer loop
      vertex -28.076846047199723 -3.546930509869805 0
      vertex -28.244156414520084 -1.7769717026795657 13
      vertex -28.076846047199723 -3.546930509869805 13
    endloop
  endfacet
  facet normal 0.9995065603657316 0.03141075907812925 0
    outer loop
      vertex -28.244156414520084 -1.7769717026795657 13
      vertex -28.3 0 4.5
      vertex -28.3 0 13
    endloop
  endfacet
  facet normal 0.8270805742745625 0.5620833778521295 0
    outer loop
      vertex -22.895180940811013 -16.63432263987699 0
      vertex -23.894480291707023 -15.16389829790561 13
      vertex -22.895180940811013 -16.63432263987699 13
    endloop
  endfacet
  facet normal 0.8607420270039433 0.5090414157503719 0
    outer loop
      vertex -23.894480291707023 -15.16389829790561 0
      vertex -24.799479045241338 -13.633628977078546 13
      vertex -23.894480291707023 -15.16389829790561 13
    endloop
  endfacet
  facet normal 0.3971478906347814 0.9177546256839808 0
    outer loop
      vertex -10.417924840976383 -26.312674550637517 0
      vertex -12.04955395129155 -25.606605584788355 13
      vertex -10.417924840976383 -26.312674550637517 13
    endloop
  endfacet
  facet normal 0.3387379202452901 0.940880768954226 0
    outer loop
      vertex -8.74518094081101 -26.914899411152845 0
      vertex -10.417924840976383 -26.312674550637517 13
      vertex -8.74518094081101 -26.914899411152845 13
    endloop
  endfacet
  facet normal 0.5620833778521295 0.8270805742745625 0
    outer loop
      vertex -15.16389829790561 -23.894480291707023 0
      vertex -16.63432263987699 -22.895180940811013 13
      vertex -15.16389829790561 -23.894480291707023 13
    endloop
  endfacet
  facet normal 0.5090414157503719 0.8607420270039433 0
    outer loop
      vertex -13.633628977078546 -24.799479045241338 0
      vertex -15.16389829790561 -23.894480291707023 13
      vertex -13.633628977078546 -24.799479045241338 13
    endloop
  endfacet
  facet normal 0.4539904997395464 0.8910065241883681 0
    outer loop
      vertex -12.04955395129155 -25.606605584788355 0
      vertex -13.633628977078546 -24.799479045241338 13
      vertex -12.04955395129155 -25.606605584788355 13
    endloop
  endfacet
  facet normal 0.27899110603923044 0.9602936856769427 0
    outer loop
      vertex -7.037923806765392 -27.41090345994026 0
      vertex -8.74518094081101 -26.914899411152845 13
      vertex -7.037923806765392 -27.41090345994026 13
    endloop
  endfacet
  facet normal 0.15643446504023092 0.9876883405951378 0
    outer loop
      vertex -3.546930509869805 -28.076846047199723 0
      vertex -5.302891202776013 -27.79872919562189 13
      vertex -3.546930509869805 -28.076846047199723 13
    endloop
  endfacet
  facet normal 0.21814324139654193 0.9759167619387475 0
    outer loop
      vertex -5.302891202776013 -27.79872919562189 0
      vertex -7.037923806765392 -27.41090345994026 13
      vertex -5.302891202776013 -27.79872919562189 13
    endloop
  endfacet
  facet normal 0.09410831331851446 0.9955619646030801 0
    outer loop
      vertex -1.7769717026795795 -28.244156414520084 0
      vertex -3.546930509869805 -28.076846047199723 13
      vertex -1.7769717026795795 -28.244156414520084 13
    endloop
  endfacet
  facet normal 0.03141075907812901 0.9995065603657315 0
    outer loop
      vertex -1.7769717026795795 -28.244156414520084 13
      vertex 0 -28.3 13
      vertex 0 -28.3 0
    endloop
  endfacet
  facet normal 0.9995065603657315 -0.0314107590781308 0
    outer loop
      vertex -28.244156414520084 1.7769717026795657 0
      vertex -28.252860600934973 1.5 4.547139399065028
      vertex -28.252860600934973 1.5 0
    endloop
  endfacet
  facet normal 0.9955619646030801 -0.09410831331851373 0
    outer loop
      vertex -28.244156414520084 1.7769717026795657 0
      vertex -28.076846047199723 3.546930509869805 0
      vertex -28.076846047199723 3.546930509869805 13
    endloop
  endfacet
  facet normal 0.9876883405951378 -0.15643446504023092 0
    outer loop
      vertex -28.076846047199723 3.546930509869805 0
      vertex -27.79872919562189 5.302891202776013 0
      vertex -27.79872919562189 5.302891202776013 13
    endloop
  endfacet
  facet normal 0.9759167619387475 -0.21814324139654193 0
    outer loop
      vertex -27.79872919562189 5.302891202776013 0
      vertex -27.41090345994026 7.037923806765392 0
      vertex -27.41090345994026 7.037923806765392 13
    endloop
  endfacet
  facet normal 0.9602936856769427 -0.27899110603923044 0
    outer loop
      vertex -27.41090345994026 7.037923806765392 0
      vertex -26.914899411152845 8.74518094081101 0
      vertex -26.914899411152845 8.74518094081101 13
    endloop
  endfacet
  facet normal 0.9995065603657316 -0.03141075907812897 0
    outer loop
      vertex -28.3 0 13
      vertex -28.3 0 4.5
      vertex -28.252860600934973 1.5 4.547139399065028
    endloop
  endfacet
  facet normal 0.9995065603657315 -0.0314107590781308 0
    outer loop
      vertex -28.244156414520084 1.7769717026795657 0
      vertex -28.244156414520084 1.7769717026795657 13
      vertex -28.252860600934973 1.5 4.547139399065028
    endloop
  endfacet
  facet normal 0.940880768954226 -0.3387379202452901 0
    outer loop
      vertex -26.914899411152845 8.74518094081101 0
      vertex -26.312674550637517 10.417924840976383 0
      vertex -26.312674550637517 10.417924840976383 13
    endloop
  endfacet
  facet normal 0.9177546256839808 -0.3971478906347814 0
    outer loop
      vertex -26.312674550637517 10.417924840976383 0
      vertex -25.606605584788355 12.04955395129155 0
      vertex -25.606605584788355 12.04955395129155 13
    endloop
  endfacet
  facet normal 0.8910065241883681 -0.4539904997395464 0
    outer loop
      vertex -25.606605584788355 12.04955395129155 0
      vertex -24.799479045241338 13.633628977078546 0
      vertex -24.799479045241338 13.633628977078546 13
    endloop
  endfacet
  facet normal 0.8607420270039433 -0.5090414157503719 0
    outer loop
      vertex -24.799479045241338 13.633628977078546 0
      vertex -23.894480291707023 15.16389829790561 0
      vertex -23.894480291707023 15.16389829790561 13
    endloop
  endfacet
  facet normal 0.8270805742745625 -0.5620833778521295 0
    outer loop
      vertex -23.894480291707023 15.16389829790561 0
      vertex -22.895180940811013 16.63432263987699 0
      vertex -22.895180940811013 16.63432263987699 13
    endloop
  endfacet
  facet normal 0.790155012375691 -0.6129070536529758 0
    outer loop
      vertex -22.895180940811013 16.63432263987699 0
      vertex -21.80552477055484 18.03909890988792 0
      vertex -21.80552477055484 18.03909890988792 13
    endloop
  endfacet
  facet normal 0.7501110696304577 -0.6613118653236538 0
    outer loop
      vertex -21.80552477055484 18.03909890988792 0
      vertex -20.62981215602595 19.372683097781884 0
      vertex -20.62981215602595 19.372683097781884 13
    endloop
  endfacet
  facet normal 0.7071067811865475 -0.7071067811865475 0
    outer loop
      vertex -20.62981215602595 19.372683097781884 0
      vertex -19.372683097781884 20.62981215602595 0
      vertex -19.372683097781884 20.62981215602595 13
    endloop
  endfacet
  facet normal 0.6613118653236538 -0.7501110696304577 0
    outer loop
      vertex -19.372683097781884 20.62981215602595 0
      vertex -18.03909890988792 21.80552477055484 0
      vertex -18.03909890988792 21.80552477055484 13
    endloop
  endfacet
  facet normal 0.6129070536529758 -0.790155012375691 0
    outer loop
      vertex -18.03909890988792 21.80552477055484 0
      vertex -16.63432263987699 22.895180940811013 0
      vertex -16.63432263987699 22.895180940811013 13
    endloop
  endfacet
  facet normal 0.5620833778521295 -0.8270805742745625 0
    outer loop
      vertex -16.63432263987699 22.895180940811013 0
      vertex -15.16389829790561 23.894480291707023 0
      vertex -15.16389829790561 23.894480291707023 13
    endloop
  endfacet
  facet normal 0.5090414157503721 -0.8607420270039432 0
    outer loop
      vertex -15.16389829790561 23.894480291707023 0
      vertex -13.63362897707854 24.79947904524134 0
      vertex -13.63362897707854 24.79947904524134 13
    endloop
  endfacet
  facet normal 0.4539904997395464 -0.891006524188368 0
    outer loop
      vertex -13.63362897707854 24.79947904524134 0
      vertex -12.049553951291559 25.60660558478835 0
      vertex -12.049553951291559 25.60660558478835 13
    endloop
  endfacet
  facet normal 0.39714789063478123 -0.9177546256839808 0
    outer loop
      vertex -12.049553951291559 25.60660558478835 0
      vertex -10.417924840976383 26.312674550637517 0
      vertex -10.417924840976383 26.312674550637517 13
    endloop
  endfacet
  facet normal 0.3387379202452901 -0.940880768954226 0
    outer loop
      vertex -10.417924840976383 26.312674550637517 0
      vertex -8.74518094081101 26.914899411152845 0
      vertex -8.74518094081101 26.914899411152845 13
    endloop
  endfacet
  facet normal 0.27899110603923044 -0.9602936856769427 0
    outer loop
      vertex -8.74518094081101 26.914899411152845 0
      vertex -7.037923806765392 27.41090345994026 0
      vertex -7.037923806765392 27.41090345994026 13
    endloop
  endfacet
  facet normal 0.21814324139654298 -0.9759167619387473 0
    outer loop
      vertex -7.037923806765392 27.41090345994026 0
      vertex -5.302891202776006 27.798729195621892 0
      vertex -5.302891202776006 27.798729195621892 13
    endloop
  endfacet
  facet normal 0.15643446504023015 -0.9876883405951379 0
    outer loop
      vertex -5.302891202776006 27.798729195621892 0
      vertex -3.5469305098698114 28.076846047199723 0
      vertex -3.5469305098698114 28.076846047199723 13
    endloop
  endfacet
  facet normal 0.09410831331851341 -0.9955619646030801 0
    outer loop
      vertex -3.5469305098698114 28.076846047199723 0
      vertex -1.7769717026795657 28.244156414520084 0
      vertex -1.7769717026795657 28.244156414520084 13
    endloop
  endfacet
  facet normal 0.03141075907812925 -0.9995065603657315 0
    outer loop
      vertex -1.7769717026795657 28.244156414520084 0
      vertex 0 28.3 0
      vertex 0 28.3 13
    endloop
  endfacet
  facet normal 0.9955619646030801 -0.09410831331851373 0
    outer loop
      vertex -28.244156414520084 1.7769717026795657 0
      vertex -28.076846047199723 3.546930509869805 13
      vertex -28.244156414520084 1.7769717026795657 13
    endloop
  endfacet
  facet normal 0.9876883405951378 -0.15643446504023092 0
    outer loop
      vertex -28.076846047199723 3.546930509869805 0
      vertex -27.79872919562189 5.302891202776013 13
      vertex -28.076846047199723 3.546930509869805 13
    endloop
  endfacet
  facet normal 0.9759167619387475 -0.21814324139654193 0
    outer loop
      vertex -27.79872919562189 5.302891202776013 0
      vertex -27.41090345994026 7.037923806765392 13
      vertex -27.79872919562189 5.302891202776013 13
    endloop
  endfacet
  facet normal 0.9602936856769427 -0.27899110603923044 0
    outer loop
      vertex -27.41090345994026 7.037923806765392 0
      vertex -26.914899411152845 8.74518094081101 13
      vertex -27.41090345994026 7.037923806765392 13
    endloop
  endfacet
  facet normal 0.9995065603657316 -0.03141075907812925 -5.079071918989395e-17
    outer loop
      vertex -28.3 0 13
      vertex -28.252860600934973 1.5 4.547139399065028
      vertex -28.244156414520084 1.7769717026795657 13
    endloop
  endfacet
  facet normal 0.940880768954226 -0.3387379202452901 0
    outer loop
      vertex -26.914899411152845 8.74518094081101 0
      vertex -26.312674550637517 10.417924840976383 13
      vertex -26.914899411152845 8.74518094081101 13
    endloop
  endfacet
  facet normal 0.9177546256839808 -0.3971478906347814 0
    outer loop
      vertex -26.312674550637517 10.417924840976383 0
      vertex -25.606605584788355 12.04955395129155 13
      vertex -26.312674550637517 10.417924840976383 13
    endloop
  endfacet
  facet normal 0.8910065241883681 -0.4539904997395464 0
    outer loop
      vertex -25.606605584788355 12.04955395129155 0
      vertex -24.799479045241338 13.633628977078546 13
      vertex -25.606605584788355 12.04955395129155 13
    endloop
  endfacet
  facet normal 0.8607420270039433 -0.5090414157503719 0
    outer loop
      vertex -24.799479045241338 13.633628977078546 0
      vertex -23.894480291707023 15.16389829790561 13
      vertex -24.799479045241338 13.633628977078546 13
    endloop
  endfacet
  facet normal 0.8270805742745625 -0.5620833778521295 0
    outer loop
      vertex -23.894480291707023 15.16389829790561 0
      vertex -22.895180940811013 16.63432263987699 13
      vertex -23.894480291707023 15.16389829790561 13
    endloop
  endfacet
  facet normal 0.790155012375691 -0.6129070536529758 0
    outer loop
      vertex -22.895180940811013 16.63432263987699 0
      vertex -21.80552477055484 18.03909890988792 13
      vertex -22.895180940811013 16.63432263987699 13
    endloop
  endfacet
  facet normal 0.7501110696304577 -0.6613118653236538 0
    outer loop
      vertex -21.80552477055484 18.03909890988792 0
      vertex -20.62981215602595 19.372683097781884 13
      vertex -21.80552477055484 18.03909890988792 13
    endloop
  endfacet
  facet normal 0.7071067811865475 -0.7071067811865475 0
    outer loop
      vertex -20.62981215602595 19.372683097781884 0
      vertex -19.372683097781884 20.62981215602595 13
      vertex -20.62981215602595 19.372683097781884 13
    endloop
  endfacet
  facet normal 0.6613118653236538 -0.7501110696304577 0
    outer loop
      vertex -19.372683097781884 20.62981215602595 0
      vertex -18.03909890988792 21.80552477055484 13
      vertex -19.372683097781884 20.62981215602595 13
    endloop
  endfacet
  facet normal 0.6129070536529758 -0.790155012375691 0
    outer loop
      vertex -18.03909890988792 21.80552477055484 0
      vertex -16.63432263987699 22.895180940811013 13
      vertex -18.03909890988792 21.80552477055484 13
    endloop
  endfacet
  facet normal 0.5620833778521295 -0.8270805742745625 0
    outer loop
      vertex -16.63432263987699 22.895180940811013 0
      vertex -15.16389829790561 23.894480291707023 13
      vertex -16.63432263987699 22.895180940811013 13
    endloop
  endfacet
  facet normal 0.5090414157503721 -0.8607420270039432 0
    outer loop
      vertex -15.16389829790561 23.894480291707023 0
      vertex -13.63362897707854 24.79947904524134 13
      vertex -15.16389829790561 23.894480291707023 13
    endloop
  endfacet
  facet normal 0.4539904997395464 -0.891006524188368 0
    outer loop
      vertex -13.63362897707854 24.79947904524134 0
      vertex -12.049553951291559 25.60660558478835 13
      vertex -13.63362897707854 24.79947904524134 13
    endloop
  endfacet
  facet normal 0.39714789063478123 -0.9177546256839808 0
    outer loop
      vertex -12.049553951291559 25.60660558478835 0
      vertex -10.417924840976383 26.312674550637517 13
      vertex -12.049553951291559 25.60660558478835 13
    endloop
  endfacet
  facet normal 0.3387379202452901 -0.940880768954226 0
    outer loop
      vertex -10.417924840976383 26.312674550637517 0
      vertex -8.74518094081101 26.914899411152845 13
      vertex -10.417924840976383 26.312674550637517 13
    endloop
  endfacet
  facet normal 0.27899110603923044 -0.9602936856769427 0
    outer loop
      vertex -8.74518094081101 26.914899411152845 0
      vertex -7.037923806765392 27.41090345994026 13
      vertex -8.74518094081101 26.914899411152845 13
    endloop
  endfacet
  facet normal 0.21814324139654298 -0.9759167619387473 0
    outer loop
      vertex -7.037923806765392 27.41090345994026 0
      vertex -5.302891202776006 27.798729195621892 13
      vertex -7.037923806765392 27.41090345994026 13
    endloop
  endfacet
  facet normal 0.15643446504023015 -0.9876883405951379 0
    outer loop
      vertex -5.302891202776006 27.798729195621892 0
      vertex -3.5469305098698114 28.076846047199723 13
      vertex -5.302891202776006 27.798729195621892 13
    endloop
  endfacet
  facet normal 0.09410831331851341 -0.9955619646030801 0
    outer loop
      vertex -3.5469305098698114 28.076846047199723 0
      vertex -1.7769717026795657 28.244156414520084 13
      vertex -3.5469305098698114 28.076846047199723 13
    endloop
  endfacet
  facet normal 0.03141075907812925 -0.9995065603657315 0
    outer loop
      vertex -1.7769717026795657 28.244156414520084 0
      vertex 0 28.3 13
      vertex -1.7769717026795657 28.244156414520084 13
    endloop
  endfacet
  facet normal -0.03141075907812901 0.9995065603657315 0
    outer loop
      vertex 0 -28.3 0
      vertex 0 -28.3 13
      vertex 1.7769717026795795 -28.244156414520084 0
    endloop
  endfacet
  facet normal -0.09410831331851446 0.9955619646030801 0
    outer loop
      vertex 1.7769717026795795 -28.244156414520084 0
      vertex 1.7769717026795795 -28.244156414520084 13
      vertex 3.546930509869805 -28.076846047199723 0
    endloop
  endfacet
  facet normal -0.15643446504023092 0.9876883405951378 0
    outer loop
      vertex 3.546930509869805 -28.076846047199723 0
      vertex 3.546930509869805 -28.076846047199723 13
      vertex 5.302891202776013 -27.79872919562189 0
    endloop
  endfacet
  facet normal -0.21814324139654145 0.9759167619387477 0
    outer loop
      vertex 5.302891202776013 -27.79872919562189 0
      vertex 5.302891202776013 -27.79872919562189 13
      vertex 7.037923806765381 -27.410903459940265 0
    endloop
  endfacet
  facet normal -0.27899110603923055 0.9602936856769426 0
    outer loop
      vertex 7.037923806765381 -27.410903459940265 0
      vertex 7.037923806765381 -27.410903459940265 13
      vertex 8.74518094081101 -26.914899411152845 0
    endloop
  endfacet
  facet normal -0.33873792024529104 0.9408807689542256 0
    outer loop
      vertex 8.74518094081101 -26.914899411152845 0
      vertex 8.74518094081101 -26.914899411152845 13
      vertex 10.417924840976397 -26.31267455063751 0
    endloop
  endfacet
  facet normal -0.39714789063478095 0.917754625683981 0
    outer loop
      vertex 10.417924840976397 -26.31267455063751 0
      vertex 10.417924840976397 -26.31267455063751 13
      vertex 12.04955395129155 -25.606605584788355 0
    endloop
  endfacet
  facet normal -0.4539904997395464 0.8910065241883681 0
    outer loop
      vertex 12.04955395129155 -25.606605584788355 0
      vertex 12.04955395129155 -25.606605584788355 13
      vertex 13.633628977078546 -24.799479045241338 0
    endloop
  endfacet
  facet normal -0.5090414157503714 0.8607420270039436 0
    outer loop
      vertex 13.633628977078546 -24.799479045241338 0
      vertex 13.633628977078546 -24.799479045241338 13
      vertex 15.163898297905593 -23.894480291707033 0
    endloop
  endfacet
  facet normal -0.5620833778521294 0.8270805742745626 0
    outer loop
      vertex 15.163898297905593 -23.894480291707033 0
      vertex 15.163898297905593 -23.894480291707033 13
      vertex 16.63432263987699 -22.895180940811013 0
    endloop
  endfacet
  facet normal -0.6129070536529776 0.7901550123756896 0
    outer loop
      vertex 16.63432263987699 -22.895180940811013 0
      vertex 16.63432263987699 -22.895180940811013 13
      vertex 18.039098909887926 -21.80552477055483 0
    endloop
  endfacet
  facet normal -0.6613118653236524 0.7501110696304589 0
    outer loop
      vertex 18.039098909887926 -21.80552477055483 0
      vertex 18.039098909887926 -21.80552477055483 13
      vertex 19.372683097781884 -20.62981215602595 0
    endloop
  endfacet
  facet normal -0.7071067811865475 0.7071067811865475 0
    outer loop
      vertex 19.372683097781884 -20.62981215602595 0
      vertex 19.372683097781884 -20.62981215602595 13
      vertex 20.62981215602595 -19.372683097781884 0
    endloop
  endfacet
  facet normal -0.7501110696304589 0.6613118653236524 0
    outer loop
      vertex 20.62981215602595 -19.372683097781884 0
      vertex 20.62981215602595 -19.372683097781884 13
      vertex 21.80552477055483 -18.039098909887926 0
    endloop
  endfacet
  facet normal -0.7901550123756896 0.6129070536529776 0
    outer loop
      vertex 21.80552477055483 -18.039098909887926 0
      vertex 21.80552477055483 -18.039098909887926 13
      vertex 22.895180940811013 -16.63432263987699 0
    endloop
  endfacet
  facet normal -0.9995065603657315 0.03141075907812924 0
    outer loop
      vertex 28.244156414520084 -1.7769717026795795 0
      vertex 28.252860600934973 -1.5 4.547139399065028
      vertex 28.252860600934973 -1.5 0
    endloop
  endfacet
  facet normal -0.8270805742745626 0.5620833778521294 0
    outer loop
      vertex 22.895180940811013 -16.63432263987699 0
      vertex 22.895180940811013 -16.63432263987699 13
      vertex 23.894480291707033 -15.163898297905593 0
    endloop
  endfacet
  facet normal -0.8607420270039436 0.5090414157503714 0
    outer loop
      vertex 23.894480291707033 -15.163898297905593 0
      vertex 23.894480291707033 -15.163898297905593 13
      vertex 24.799479045241338 -13.633628977078546 0
    endloop
  endfacet
  facet normal -0.8910065241883681 0.4539904997395464 0
    outer loop
      vertex 24.799479045241338 -13.633628977078546 0
      vertex 24.799479045241338 -13.633628977078546 13
      vertex 25.606605584788355 -12.04955395129155 0
    endloop
  endfacet
  facet normal -0.917754625683981 0.39714789063478095 0
    outer loop
      vertex 25.606605584788355 -12.04955395129155 0
      vertex 25.606605584788355 -12.04955395129155 13
      vertex 26.31267455063751 -10.417924840976397 0
    endloop
  endfacet
  facet normal -0.9408807689542256 0.33873792024529104 0
    outer loop
      vertex 26.31267455063751 -10.417924840976397 0
      vertex 26.31267455063751 -10.417924840976397 13
      vertex 26.914899411152845 -8.74518094081101 0
    endloop
  endfacet
  facet normal -0.9602936856769426 0.27899110603923055 0
    outer loop
      vertex 26.914899411152845 -8.74518094081101 0
      vertex 26.914899411152845 -8.74518094081101 13
      vertex 27.410903459940265 -7.037923806765381 0
    endloop
  endfacet
  facet normal -0.9759167619387477 0.21814324139654145 0
    outer loop
      vertex 27.410903459940265 -7.037923806765381 0
      vertex 27.410903459940265 -7.037923806765381 13
      vertex 27.79872919562189 -5.302891202776013 0
    endloop
  endfacet
  facet normal -0.9876883405951378 0.15643446504023092 0
    outer loop
      vertex 27.79872919562189 -5.302891202776013 0
      vertex 27.79872919562189 -5.302891202776013 13
      vertex 28.076846047199723 -3.546930509869805 0
    endloop
  endfacet
  facet normal -0.9955619646030801 0.09410831331851446 0
    outer loop
      vertex 28.076846047199723 -3.546930509869805 0
      vertex 28.076846047199723 -3.546930509869805 13
      vertex 28.244156414520084 -1.7769717026795795 0
    endloop
  endfacet
  facet normal -0.9995065603657316 0.03141075907812924 0
    outer loop
      vertex 28.244156414520084 -1.7769717026795795 0
      vertex 28.244156414520084 -1.7769717026795795 13
      vertex 28.252860600934973 -1.5 4.547139399065028
    endloop
  endfacet
  facet normal -0.9995065603657316 0.03141075907812897 0
    outer loop
      vertex 28.3 0 13
      vertex 28.3 0 4.5
      vertex 28.252860600934973 -1.5 4.547139399065028
    endloop
  endfacet
  facet normal -0.03141075907812901 0.9995065603657315 0
    outer loop
      vertex 1.7769717026795795 -28.244156414520084 0
      vertex 0 -28.3 13
      vertex 1.7769717026795795 -28.244156414520084 13
    endloop
  endfacet
  facet normal -0.09410831331851446 0.9955619646030801 0
    outer loop
      vertex 3.546930509869805 -28.076846047199723 0
      vertex 1.7769717026795795 -28.244156414520084 13
      vertex 3.546930509869805 -28.076846047199723 13
    endloop
  endfacet
  facet normal -0.15643446504023092 0.9876883405951378 0
    outer loop
      vertex 5.302891202776013 -27.79872919562189 0
      vertex 3.546930509869805 -28.076846047199723 13
      vertex 5.302891202776013 -27.79872919562189 13
    endloop
  endfacet
  facet normal -0.21814324139654145 0.9759167619387477 0
    outer loop
      vertex 7.037923806765381 -27.410903459940265 0
      vertex 5.302891202776013 -27.79872919562189 13
      vertex 7.037923806765381 -27.410903459940265 13
    endloop
  endfacet
  facet normal -0.27899110603923055 0.9602936856769426 0
    outer loop
      vertex 8.74518094081101 -26.914899411152845 0
      vertex 7.037923806765381 -27.410903459940265 13
      vertex 8.74518094081101 -26.914899411152845 13
    endloop
  endfacet
  facet normal -0.33873792024529104 0.9408807689542256 0
    outer loop
      vertex 10.417924840976397 -26.31267455063751 0
      vertex 8.74518094081101 -26.914899411152845 13
      vertex 10.417924840976397 -26.31267455063751 13
    endloop
  endfacet
  facet normal -0.39714789063478095 0.917754625683981 0
    outer loop
      vertex 12.04955395129155 -25.606605584788355 0
      vertex 10.417924840976397 -26.31267455063751 13
      vertex 12.04955395129155 -25.606605584788355 13
    endloop
  endfacet
  facet normal -0.4539904997395464 0.8910065241883681 0
    outer loop
      vertex 13.633628977078546 -24.799479045241338 0
      vertex 12.04955395129155 -25.606605584788355 13
      vertex 13.633628977078546 -24.799479045241338 13
    endloop
  endfacet
  facet normal -0.5090414157503714 0.8607420270039436 0
    outer loop
      vertex 15.163898297905593 -23.894480291707033 0
      vertex 13.633628977078546 -24.799479045241338 13
      vertex 15.163898297905593 -23.894480291707033 13
    endloop
  endfacet
  facet normal -0.5620833778521294 0.8270805742745626 0
    outer loop
      vertex 16.63432263987699 -22.895180940811013 0
      vertex 15.163898297905593 -23.894480291707033 13
      vertex 16.63432263987699 -22.895180940811013 13
    endloop
  endfacet
  facet normal -0.6129070536529776 0.7901550123756896 0
    outer loop
      vertex 18.039098909887926 -21.80552477055483 0
      vertex 16.63432263987699 -22.895180940811013 13
      vertex 18.039098909887926 -21.80552477055483 13
    endloop
  endfacet
  facet normal -0.6613118653236524 0.7501110696304589 0
    outer loop
      vertex 19.372683097781884 -20.62981215602595 0
      vertex 18.039098909887926 -21.80552477055483 13
      vertex 19.372683097781884 -20.62981215602595 13
    endloop
  endfacet
  facet normal -0.7071067811865475 0.7071067811865475 0
    outer loop
      vertex 20.62981215602595 -19.372683097781884 0
      vertex 19.372683097781884 -20.62981215602595 13
      vertex 20.62981215602595 -19.372683097781884 13
    endloop
  endfacet
  facet normal -0.7501110696304589 0.6613118653236524 0
    outer loop
      vertex 21.80552477055483 -18.039098909887926 0
      vertex 20.62981215602595 -19.372683097781884 13
      vertex 21.80552477055483 -18.039098909887926 13
    endloop
  endfacet
  facet normal -0.7901550123756896 0.6129070536529776 0
    outer loop
      vertex 22.895180940811013 -16.63432263987699 0
      vertex 21.80552477055483 -18.039098909887926 13
      vertex 22.895180940811013 -16.63432263987699 13
    endloop
  endfacet
  facet normal -0.8270805742745626 0.5620833778521294 0
    outer loop
      vertex 23.894480291707033 -15.163898297905593 0
      vertex 22.895180940811013 -16.63432263987699 13
      vertex 23.894480291707033 -15.163898297905593 13
    endloop
  endfacet
  facet normal -0.8607420270039436 0.5090414157503714 0
    outer loop
      vertex 24.799479045241338 -13.633628977078546 0
      vertex 23.894480291707033 -15.163898297905593 13
      vertex 24.799479045241338 -13.633628977078546 13
    endloop
  endfacet
  facet normal -0.8910065241883681 0.4539904997395464 0
    outer loop
      vertex 25.606605584788355 -12.04955395129155 0
      vertex 24.799479045241338 -13.633628977078546 13
      vertex 25.606605584788355 -12.04955395129155 13
    endloop
  endfacet
  facet normal -0.917754625683981 0.39714789063478095 0
    outer loop
      vertex 26.31267455063751 -10.417924840976397 0
      vertex 25.606605584788355 -12.04955395129155 13
      vertex 26.31267455063751 -10.417924840976397 13
    endloop
  endfacet
  facet normal -0.9408807689542256 0.33873792024529104 0
    outer loop
      vertex 26.914899411152845 -8.74518094081101 0
      vertex 26.31267455063751 -10.417924840976397 13
      vertex 26.914899411152845 -8.74518094081101 13
    endloop
  endfacet
  facet normal -0.9602936856769426 0.27899110603923055 0
    outer loop
      vertex 27.410903459940265 -7.037923806765381 0
      vertex 26.914899411152845 -8.74518094081101 13
      vertex 27.410903459940265 -7.037923806765381 13
    endloop
  endfacet
  facet normal -0.9759167619387477 0.21814324139654145 0
    outer loop
      vertex 27.79872919562189 -5.302891202776013 0
      vertex 27.410903459940265 -7.037923806765381 13
      vertex 27.79872919562189 -5.302891202776013 13
    endloop
  endfacet
  facet normal -0.9876883405951378 0.15643446504023092 0
    outer loop
      vertex 28.076846047199723 -3.546930509869805 0
      vertex 27.79872919562189 -5.302891202776013 13
      vertex 28.076846047199723 -3.546930509869805 13
    endloop
  endfacet
  facet normal -0.9955619646030801 0.09410831331851446 0
    outer loop
      vertex 28.244156414520084 -1.7769717026795795 0
      vertex 28.076846047199723 -3.546930509869805 13
      vertex 28.244156414520084 -1.7769717026795795 13
    endloop
  endfacet
  facet normal -0.9995065603657315 0.03141075907812901 -7.50317442577973e-18
    outer loop
      vertex 28.244156414520084 -1.7769717026795795 13
      vertex 28.3 0 13
      vertex 28.252860600934973 -1.5 4.547139399065028
    endloop
  endfacet
  facet normal -0.03141075907812925 -0.9995065603657315 0
    outer loop
      vertex 0 28.3 0
      vertex 1.7769717026795657 28.244156414520084 0
      vertex 1.7769717026795657 28.244156414520084 13
    endloop
  endfacet
  facet normal -0.09410831331851341 -0.9955619646030801 0
    outer loop
      vertex 1.7769717026795657 28.244156414520084 0
      vertex 3.5469305098698114 28.076846047199723 0
      vertex 3.5469305098698114 28.076846047199723 13
    endloop
  endfacet
  facet normal -0.15643446504023015 -0.9876883405951379 0
    outer loop
      vertex 3.5469305098698114 28.076846047199723 0
      vertex 5.302891202776006 27.798729195621892 0
      vertex 5.302891202776006 27.798729195621892 13
    endloop
  endfacet
  facet normal -0.21814324139654298 -0.9759167619387473 0
    outer loop
      vertex 5.302891202776006 27.798729195621892 0
      vertex 7.037923806765392 27.41090345994026 0
      vertex 7.037923806765392 27.41090345994026 13
    endloop
  endfacet
  facet normal -0.4539904997395464 -0.891006524188368 0
    outer loop
      vertex 12.049553951291559 25.60660558478835 0
      vertex 13.63362897707854 24.79947904524134 0
      vertex 13.63362897707854 24.79947904524134 13
    endloop
  endfacet
  facet normal -0.5620833778521299 -0.8270805742745623 0
    outer loop
      vertex 15.163898297905606 23.894480291707026 0
      vertex 16.63432263987699 22.895180940811013 0
      vertex 16.63432263987699 22.895180940811013 13
    endloop
  endfacet
  facet normal -0.5090414157503714 -0.8607420270039436 0
    outer loop
      vertex 13.63362897707854 24.79947904524134 0
      vertex 15.163898297905606 23.894480291707026 0
      vertex 15.163898297905606 23.894480291707026 13
    endloop
  endfacet
  facet normal -0.27899110603923044 -0.9602936856769427 0
    outer loop
      vertex 7.037923806765392 27.41090345994026 0
      vertex 8.74518094081101 26.914899411152845 0
      vertex 8.74518094081101 26.914899411152845 13
    endloop
  endfacet
  facet normal -0.3387379202452901 -0.940880768954226 0
    outer loop
      vertex 8.74518094081101 26.914899411152845 0
      vertex 10.417924840976383 26.312674550637517 0
      vertex 10.417924840976383 26.312674550637517 13
    endloop
  endfacet
  facet normal -0.39714789063478123 -0.9177546256839808 0
    outer loop
      vertex 12.049553951291559 25.60660558478835 0
      vertex 12.049553951291559 25.60660558478835 13
      vertex 10.417924840976383 26.312674550637517 0
    endloop
  endfacet
  facet normal -0.9995065603657315 -0.03141075907813047 0
    outer loop
      vertex 28.244156414520084 1.7769717026795686 0
      vertex 28.252860600934973 1.5 0
      vertex 28.252860600934973 1.5 4.547139399065028
    endloop
  endfacet
  facet normal -0.8270805742745623 -0.5620833778521299 0
    outer loop
      vertex 22.895180940811013 16.63432263987699 0
      vertex 23.894480291707026 15.163898297905606 0
      vertex 23.894480291707026 15.163898297905606 13
    endloop
  endfacet
  facet normal -0.9955619646030801 -0.09410831331851359 0
    outer loop
      vertex 28.244156414520084 1.7769717026795686 0
      vertex 28.244156414520084 1.7769717026795686 13
      vertex 28.076846047199723 3.5469305098698105 0
    endloop
  endfacet
  facet normal -0.987688340595138 -0.1564344650402299 0
    outer loop
      vertex 28.076846047199723 3.5469305098698105 0
      vertex 28.076846047199723 3.5469305098698105 13
      vertex 27.798729195621892 5.302891202776007 0
    endloop
  endfacet
  facet normal -0.9759167619387473 -0.21814324139654345 0
    outer loop
      vertex 27.798729195621892 5.302891202776007 0
      vertex 27.798729195621892 5.302891202776007 13
      vertex 27.41090345994026 7.037923806765391 0
    endloop
  endfacet
  facet normal -0.9602936856769427 -0.27899110603923016 0
    outer loop
      vertex 27.41090345994026 7.037923806765391 0
      vertex 27.41090345994026 7.037923806765391 13
      vertex 26.914899411152845 8.74518094081101 0
    endloop
  endfacet
  facet normal -0.9995065603657315 -0.03141075907813047 0
    outer loop
      vertex 28.244156414520084 1.7769717026795686 0
      vertex 28.252860600934973 1.5 4.547139399065028
      vertex 28.244156414520084 1.7769717026795686 13
    endloop
  endfacet
  facet normal -0.9995065603657315 -0.03141075907812896 -4.9553798094610187e-17
    outer loop
      vertex 28.244156414520084 1.7769717026795686 13
      vertex 28.252860600934973 1.5 4.547139399065028
      vertex 28.3 0 4.5
    endloop
  endfacet
  facet normal -0.9177546256839819 -0.397147890634779 0
    outer loop
      vertex 25.606605584788355 12.049553951291557 0
      vertex 26.312674550637514 10.417924840976386 0
      vertex 26.312674550637514 10.417924840976386 13
    endloop
  endfacet
  facet normal -0.8910065241883679 -0.45399049973954686 0
    outer loop
      vertex 25.606605584788355 12.049553951291557 0
      vertex 25.606605584788355 12.049553951291557 13
      vertex 24.79947904524134 13.633628977078544 0
    endloop
  endfacet
  facet normal -0.9408807689542256 -0.3387379202452912 0
    outer loop
      vertex 26.914899411152845 8.74518094081101 0
      vertex 26.914899411152845 8.74518094081101 13
      vertex 26.312674550637514 10.417924840976386 0
    endloop
  endfacet
  facet normal -0.860742027003943 -0.5090414157503723 0
    outer loop
      vertex 23.894480291707026 15.163898297905606 0
      vertex 24.79947904524134 13.633628977078544 0
      vertex 24.79947904524134 13.633628977078544 13
    endloop
  endfacet
  facet normal -0.6613118653236496 -0.7501110696304615 0
    outer loop
      vertex 19.37268309778189 20.62981215602595 0
      vertex 19.37268309778189 20.62981215602595 13
      vertex 18.03909890988792 21.805524770554833 0
    endloop
  endfacet
  facet normal -0.6129070536529783 -0.790155012375689 0
    outer loop
      vertex 16.63432263987699 22.895180940811013 0
      vertex 18.03909890988792 21.805524770554833 0
      vertex 18.03909890988792 21.805524770554833 13
    endloop
  endfacet
  facet normal -0.7501110696304615 -0.6613118653236496 0
    outer loop
      vertex 21.805524770554833 18.03909890988792 0
      vertex 21.805524770554833 18.03909890988792 13
      vertex 20.62981215602595 19.37268309778189 0
    endloop
  endfacet
  facet normal -0.7071067811865475 -0.7071067811865475 0
    outer loop
      vertex 19.37268309778189 20.62981215602595 0
      vertex 20.62981215602595 19.37268309778189 0
      vertex 20.62981215602595 19.37268309778189 13
    endloop
  endfacet
  facet normal -0.790155012375689 -0.6129070536529783 0
    outer loop
      vertex 22.895180940811013 16.63432263987699 0
      vertex 22.895180940811013 16.63432263987699 13
      vertex 21.805524770554833 18.03909890988792 0
    endloop
  endfacet
  facet normal -0.03141075907812925 -0.9995065603657315 0
    outer loop
      vertex 0 28.3 0
      vertex 1.7769717026795657 28.244156414520084 13
      vertex 0 28.3 13
    endloop
  endfacet
  facet normal -0.09410831331851341 -0.9955619646030801 0
    outer loop
      vertex 1.7769717026795657 28.244156414520084 0
      vertex 3.5469305098698114 28.076846047199723 13
      vertex 1.7769717026795657 28.244156414520084 13
    endloop
  endfacet
  facet normal -0.21814324139654298 -0.9759167619387473 0
    outer loop
      vertex 5.302891202776006 27.798729195621892 0
      vertex 7.037923806765392 27.41090345994026 13
      vertex 5.302891202776006 27.798729195621892 13
    endloop
  endfacet
  facet normal -0.15643446504023015 -0.9876883405951379 0
    outer loop
      vertex 3.5469305098698114 28.076846047199723 0
      vertex 5.302891202776006 27.798729195621892 13
      vertex 3.5469305098698114 28.076846047199723 13
    endloop
  endfacet
  facet normal -0.27899110603923044 -0.9602936856769427 0
    outer loop
      vertex 7.037923806765392 27.41090345994026 0
      vertex 8.74518094081101 26.914899411152845 13
      vertex 7.037923806765392 27.41090345994026 13
    endloop
  endfacet
  facet normal -0.4539904997395464 -0.891006524188368 0
    outer loop
      vertex 12.049553951291559 25.60660558478835 0
      vertex 13.63362897707854 24.79947904524134 13
      vertex 12.049553951291559 25.60660558478835 13
    endloop
  endfacet
  facet normal -0.5090414157503714 -0.8607420270039436 0
    outer loop
      vertex 13.63362897707854 24.79947904524134 0
      vertex 15.163898297905606 23.894480291707026 13
      vertex 13.63362897707854 24.79947904524134 13
    endloop
  endfacet
  facet normal -0.5620833778521299 -0.8270805742745623 0
    outer loop
      vertex 15.163898297905606 23.894480291707026 0
      vertex 16.63432263987699 22.895180940811013 13
      vertex 15.163898297905606 23.894480291707026 13
    endloop
  endfacet
  facet normal -0.3387379202452901 -0.940880768954226 0
    outer loop
      vertex 8.74518094081101 26.914899411152845 0
      vertex 10.417924840976383 26.312674550637517 13
      vertex 8.74518094081101 26.914899411152845 13
    endloop
  endfacet
  facet normal -0.39714789063478123 -0.9177546256839808 0
    outer loop
      vertex 10.417924840976383 26.312674550637517 0
      vertex 12.049553951291559 25.60660558478835 13
      vertex 10.417924840976383 26.312674550637517 13
    endloop
  endfacet
  facet normal -0.860742027003943 -0.5090414157503723 0
    outer loop
      vertex 23.894480291707026 15.163898297905606 0
      vertex 24.79947904524134 13.633628977078544 13
      vertex 23.894480291707026 15.163898297905606 13
    endloop
  endfacet
  facet normal -0.8270805742745623 -0.5620833778521299 0
    outer loop
      vertex 22.895180940811013 16.63432263987699 0
      vertex 23.894480291707026 15.163898297905606 13
      vertex 22.895180940811013 16.63432263987699 13
    endloop
  endfacet
  facet normal -0.9955619646030801 -0.09410831331851359 0
    outer loop
      vertex 28.076846047199723 3.5469305098698105 0
      vertex 28.244156414520084 1.7769717026795686 13
      vertex 28.076846047199723 3.5469305098698105 13
    endloop
  endfacet
  facet normal -0.987688340595138 -0.1564344650402299 0
    outer loop
      vertex 27.798729195621892 5.302891202776007 0
      vertex 28.076846047199723 3.5469305098698105 13
      vertex 27.798729195621892 5.302891202776007 13
    endloop
  endfacet
  facet normal -0.9602936856769427 -0.27899110603923016 0
    outer loop
      vertex 26.914899411152845 8.74518094081101 0
      vertex 27.41090345994026 7.037923806765391 13
      vertex 26.914899411152845 8.74518094081101 13
    endloop
  endfacet
  facet normal -0.9759167619387473 -0.21814324139654345 0
    outer loop
      vertex 27.41090345994026 7.037923806765391 0
      vertex 27.798729195621892 5.302891202776007 13
      vertex 27.41090345994026 7.037923806765391 13
    endloop
  endfacet
  facet normal -0.9995065603657316 -0.0314107590781292 0
    outer loop
      vertex 28.244156414520084 1.7769717026795686 13
      vertex 28.3 0 4.5
      vertex 28.3 0 13
    endloop
  endfacet
  facet normal -0.9177546256839819 -0.397147890634779 0
    outer loop
      vertex 25.606605584788355 12.049553951291557 0
      vertex 26.312674550637514 10.417924840976386 13
      vertex 25.606605584788355 12.049553951291557 13
    endloop
  endfacet
  facet normal -0.9408807689542256 -0.3387379202452912 0
    outer loop
      vertex 26.312674550637514 10.417924840976386 0
      vertex 26.914899411152845 8.74518094081101 13
      vertex 26.312674550637514 10.417924840976386 13
    endloop
  endfacet
  facet normal -0.8910065241883679 -0.45399049973954686 0
    outer loop
      vertex 24.79947904524134 13.633628977078544 0
      vertex 25.606605584788355 12.049553951291557 13
      vertex 24.79947904524134 13.633628977078544 13
    endloop
  endfacet
  facet normal -0.7071067811865475 -0.7071067811865475 0
    outer loop
      vertex 19.37268309778189 20.62981215602595 0
      vertex 20.62981215602595 19.37268309778189 13
      vertex 19.37268309778189 20.62981215602595 13
    endloop
  endfacet
  facet normal -0.6129070536529783 -0.790155012375689 0
    outer loop
      vertex 16.63432263987699 22.895180940811013 0
      vertex 18.03909890988792 21.805524770554833 13
      vertex 16.63432263987699 22.895180940811013 13
    endloop
  endfacet
  facet normal -0.6613118653236496 -0.7501110696304615 0
    outer loop
      vertex 18.03909890988792 21.805524770554833 0
      vertex 19.37268309778189 20.62981215602595 13
      vertex 18.03909890988792 21.805524770554833 13
    endloop
  endfacet
  facet normal -0.7501110696304615 -0.6613118653236496 0
    outer loop
      vertex 20.62981215602595 19.37268309778189 0
      vertex 21.805524770554833 18.03909890988792 13
      vertex 20.62981215602595 19.37268309778189 13
    endloop
  endfacet
  facet normal -0.790155012375689 -0.6129070536529783 0
    outer loop
      vertex 21.805524770554833 18.03909890988792 0
      vertex 22.895180940811013 16.63432263987699 13
      vertex 21.805524770554833 18.03909890988792 13
    endloop
  endfacet
  facet normal 0.7134648256102625 0.5534200470804649 0.42976062419255423
    outer loop
      vertex -21.80552477055484 -18.03909890988792 13
      vertex -22.895180940811013 -16.63432263987699 13
      vertex -23.6656733164062 -17.194118118250778 15
    endloop
  endfacet
  facet normal 0.6384770183388064 0.6384770183388064 0.42976062419255534
    outer loop
      vertex -20.62981215602595 -19.372683097781884 13
      vertex -21.32406799166539 -20.024632722475875 15
      vertex -19.372683097781884 -20.62981215602595 13
    endloop
  endfacet
  facet normal 0.6773074334783366 0.5971268261002985 0.4297606241925528
    outer loop
      vertex -20.62981215602595 -19.372683097781884 13
      vertex -21.80552477055484 -18.03909890988792 13
      vertex -22.53934690653178 -18.64616937631524 15
    endloop
  endfacet
  facet normal 0.7134648256102619 0.5534200470804667 0.42976062419255284
    outer loop
      vertex -21.80552477055484 -18.03909890988792 13
      vertex -23.6656733164062 -17.194118118250778 15
      vertex -22.53934690653178 -18.64616937631524 15
    endloop
  endfacet
  facet normal 0.677307433478338 0.5971268261002952 0.4297606241925554
    outer loop
      vertex -20.62981215602595 -19.372683097781884 13
      vertex -22.53934690653178 -18.64616937631524 15
      vertex -21.32406799166539 -20.024632722475875 15
    endloop
  endfacet
  facet normal 0.6384770183388064 0.6384770183388064 0.42976062419255534
    outer loop
      vertex -19.372683097781884 -20.62981215602595 13
      vertex -21.32406799166539 -20.024632722475875 15
      vertex -20.024632722475875 -21.32406799166539 15
    endloop
  endfacet
  facet normal 0.5534200470804653 0.713464825610263 0.42976062419255284
    outer loop
      vertex -18.03909890988792 -21.80552477055484 13
      vertex -18.64616937631524 -22.53934690653178 15
      vertex -16.63432263987699 -22.895180940811013 13
    endloop
  endfacet
  facet normal 0.5075291719683769 0.7468064980265776 0.42976062419255334
    outer loop
      vertex -16.63432263987699 -22.895180940811013 13
      vertex -17.194118118250774 -23.6656733164062 15
      vertex -15.16389829790561 -23.894480291707023 13
    endloop
  endfacet
  facet normal 0.597126826100296 0.6773074334783389 0.42976062419255284
    outer loop
      vertex -18.03909890988792 -21.80552477055484 13
      vertex -20.024632722475875 -21.32406799166539 15
      vertex -18.64616937631524 -22.53934690653178 15
    endloop
  endfacet
  facet normal 0.5534200470804657 0.7134648256102624 0.4297606241925534
    outer loop
      vertex -16.63432263987699 -22.895180940811013 13
      vertex -18.64616937631524 -22.53934690653178 15
      vertex -17.194118118250774 -23.6656733164062 15
    endloop
  endfacet
  facet normal 0.5971268261002978 0.6773074334783356 0.4297606241925554
    outer loop
      vertex -18.03909890988792 -21.80552477055484 13
      vertex -19.372683097781884 -20.62981215602595 13
      vertex -20.024632722475875 -21.32406799166539 15
    endloop
  endfacet
  facet normal 0.7772008663786152 0.45963531108255434 0.42976062419255395
    outer loop
      vertex -24.799479045241338 -13.633628977078546 13
      vertex -25.634056835759303 -14.092442000032559 15
      vertex -23.894480291707023 -15.16389829790561 13
    endloop
  endfacet
  facet normal 0.7772008663786156 0.4596353110825524 0.4297606241925554
    outer loop
      vertex -24.69860212551847 -15.674209531218938 15
      vertex -23.894480291707023 -15.16389829790561 13
      vertex -25.634056835759303 -14.092442000032559 15
    endloop
  endfacet
  facet normal 0.8045279779803591 0.40992747961128606 0.42976062419255395
    outer loop
      vertex -24.799479045241338 -13.633628977078546 13
      vertex -26.46834563475599 -12.455058038496382 15
      vertex -25.634056835759303 -14.092442000032559 15
    endloop
  endfacet
  facet normal 0.8286799852068845 0.358601851656045 0.42976062419255395
    outer loop
      vertex -26.312674550637517 -10.417924840976383 13
      vertex -27.198175965769185 -10.768519653057028 15
      vertex -25.606605584788355 -12.04955395129155 13
    endloop
  endfacet
  facet normal 0.8495615711196726 0.30586098602191697 0.4297606241925546
    outer loop
      vertex -26.312674550637517 -10.417924840976383 13
      vertex -26.914899411152845 -8.74518094081101 13
      vertex -27.820667521910135 -9.039482840215724 15
    endloop
  endfacet
  facet normal 0.804527977980359 0.40992747961128584 0.429760624192554
    outer loop
      vertex -24.799479045241338 -13.633628977078546 13
      vertex -25.606605584788355 -12.04955395129155 13
      vertex -26.46834563475599 -12.455058038496382 15
    endloop
  endfacet
  facet normal 0.8286799852068845 0.35860185165604497 0.42976062419255395
    outer loop
      vertex -25.606605584788355 -12.04955395129155 13
      vertex -27.198175965769185 -10.768519653057028 15
      vertex -26.46834563475599 -12.455058038496382 15
    endloop
  endfacet
  facet normal 0.8495615711196727 0.3058609860219179 0.429760624192554
    outer loop
      vertex -26.312674550637517 -10.417924840976383 13
      vertex -27.820667521910135 -9.039482840215724 15
      vertex -27.198175965769185 -10.768519653057028 15
    endloop
  endfacet
  facet normal 0.8918261336611609 0.1412513830467189 0.42976062419255484
    outer loop
      vertex -27.79872919562189 -5.302891202776013 13
      vertex -29.021717191308753 -3.666295494216761 15
      vertex -28.734240862982546 -5.48134959761956 15
    endloop
  endfacet
  facet normal 0.8918261336611607 0.14125138304671808 0.42976062419255534
    outer loop
      vertex -27.79872919562189 -5.302891202776013 13
      vertex -28.076846047199723 -3.546930509869805 13
      vertex -29.021717191308753 -3.666295494216761 15
    endloop
  endfacet
  facet normal 0.8989355662304208 0.084974429445681 0.42976062419255406
    outer loop
      vertex -28.076846047199723 -3.546930509869805 13
      vertex -28.244156414520084 -1.7769717026795657 13
      vertex -29.194658060642247 -1.8367721974693878 15
    endloop
  endfacet
  facet normal 0.9024973108043638 0.028362120592747772 0.4297606241925543
    outer loop
      vertex -28.244156414520084 -1.7769717026795657 13
      vertex -28.3 0 13
      vertex -29.252380952380953 0 15
    endloop
  endfacet
  facet normal 0.8989355662304204 0.08497442944567922 0.42976062419255534
    outer loop
      vertex -28.076846047199723 -3.546930509869805 13
      vertex -29.194658060642247 -1.8367721974693878 15
      vertex -29.021717191308753 -3.666295494216761 15
    endloop
  endfacet
  facet normal 0.9024973108043641 0.028362120592748067 0.4297606241925541
    outer loop
      vertex -28.244156414520084 -1.7769717026795657 13
      vertex -29.252380952380953 0 15
      vertex -29.194658060642247 -1.8367721974693878 15
    endloop
  endfacet
  facet normal 0.8670903256390132 0.25191302681055755 0.42976062419255356
    outer loop
      vertex -26.914899411152845 -8.74518094081101 13
      vertex -27.41090345994026 -7.037923806765392 13
      vertex -28.3333636133961 -7.274771318350968 15
    endloop
  endfacet
  facet normal 0.8811970707789456 0.1969708819704873 0.42976062419255484
    outer loop
      vertex -27.41090345994026 -7.037923806765392 13
      vertex -27.79872919562189 -5.302891202776013 13
      vertex -28.734240862982546 -5.48134959761956 15
    endloop
  endfacet
  facet normal 0.8670903256390132 0.2519130268105561 0.42976062419255456
    outer loop
      vertex -26.914899411152845 -8.74518094081101 13
      vertex -28.3333636133961 -7.274771318350968 15
      vertex -27.820667521910135 -9.039482840215724 15
    endloop
  endfacet
  facet normal 0.8811970707789458 0.19697088197048898 0.4297606241925536
    outer loop
      vertex -27.41090345994026 -7.037923806765392 13
      vertex -28.734240862982546 -5.48134959761956 15
      vertex -28.3333636133961 -7.274771318350968 15
    endloop
  endfacet
  facet normal 0.7468064980265768 0.5075291719683764 0.4297606241925553
    outer loop
      vertex -24.69860212551847 -15.674209531218938 15
      vertex -22.895180940811013 -16.63432263987699 13
      vertex -23.894480291707023 -15.16389829790561 13
    endloop
  endfacet
  facet normal 0.7468064980265765 0.5075291719683781 0.4297606241925542
    outer loop
      vertex -23.6656733164062 -17.194118118250778 15
      vertex -22.895180940811013 -16.63432263987699 13
      vertex -24.69860212551847 -15.674209531218938 15
    endloop
  endfacet
  facet normal 0.4099274796112857 0.8045279779803592 0.4297606241925538
    outer loop
      vertex -12.45505803849638 -26.46834563475599 15
      vertex -12.04955395129155 -25.606605584788355 13
      vertex -14.092442000032559 -25.634056835759303 15
    endloop
  endfacet
  facet normal 0.3586018516560451 0.8286799852068846 0.4297606241925538
    outer loop
      vertex -10.417924840976383 -26.312674550637517 13
      vertex -12.04955395129155 -25.606605584788355 13
      vertex -12.45505803849638 -26.46834563475599 15
    endloop
  endfacet
  facet normal 0.305860986021917 0.8495615711196729 0.4297606241925539
    outer loop
      vertex -10.417924840976383 -26.312674550637517 13
      vertex -10.768519653057028 -27.198175965769185 15
      vertex -8.74518094081101 -26.914899411152845 13
    endloop
  endfacet
  facet normal 0.25191302681055744 0.8670903256390128 0.4297606241925546
    outer loop
      vertex -8.74518094081101 -26.914899411152845 13
      vertex -9.039482840215724 -27.820667521910135 15
      vertex -7.037923806765392 -27.41090345994026 13
    endloop
  endfacet
  facet normal 0.3586018516560453 0.8286799852068844 0.429760624192554
    outer loop
      vertex -10.417924840976383 -26.312674550637517 13
      vertex -12.45505803849638 -26.46834563475599 15
      vertex -10.768519653057028 -27.198175965769185 15
    endloop
  endfacet
  facet normal 0.30586098602191786 0.8495615711196725 0.4297606241925547
    outer loop
      vertex -8.74518094081101 -26.914899411152845 13
      vertex -10.768519653057028 -27.198175965769185 15
      vertex -9.039482840215724 -27.820667521910135 15
    endloop
  endfacet
  facet normal 0.45963531108255395 0.7772008663786145 0.4297606241925553
    outer loop
      vertex -15.16389829790561 -23.894480291707023 13
      vertex -15.674209531218938 -24.69860212551847 15
      vertex -13.633628977078546 -24.799479045241338 13
    endloop
  endfacet
  facet normal 0.4099274796112859 0.8045279779803591 0.42976062419255395
    outer loop
      vertex -13.633628977078546 -24.799479045241338 13
      vertex -14.092442000032559 -25.634056835759303 15
      vertex -12.04955395129155 -25.606605584788355 13
    endloop
  endfacet
  facet normal 0.5075291719683785 0.7468064980265754 0.42976062419255523
    outer loop
      vertex -17.194118118250774 -23.6656733164062 15
      vertex -15.674209531218938 -24.69860212551847 15
      vertex -15.16389829790561 -23.894480291707023 13
    endloop
  endfacet
  facet normal 0.4596353110825527 0.7772008663786161 0.429760624192554
    outer loop
      vertex -13.633628977078546 -24.799479045241338 13
      vertex -15.674209531218938 -24.69860212551847 15
      vertex -14.092442000032559 -25.634056835759303 15
    endloop
  endfacet
  facet normal 0.1969708819704873 0.8811970707789456 0.42976062419255495
    outer loop
      vertex -7.037923806765392 -27.41090345994026 13
      vertex -7.274771318350969 -28.333363613396102 15
      vertex -5.302891202776013 -27.79872919562189 13
    endloop
  endfacet
  facet normal 0.14125138304671814 0.891826133661161 0.42976062419255484
    outer loop
      vertex -5.302891202776013 -27.79872919562189 13
      vertex -5.48134959761956 -28.734240862982546 15
      vertex -3.546930509869805 -28.076846047199723 13
    endloop
  endfacet
  facet normal 0.2519130268105578 0.8670903256390126 0.42976062419255495
    outer loop
      vertex -9.039482840215724 -27.820667521910135 15
      vertex -7.274771318350969 -28.333363613396102 15
      vertex -7.037923806765392 -27.41090345994026 13
    endloop
  endfacet
  facet normal 0.1969708819704871 0.8811970707789456 0.42976062419255473
    outer loop
      vertex -5.302891202776013 -27.79872919562189 13
      vertex -7.274771318350969 -28.333363613396102 15
      vertex -5.48134959761956 -28.734240862982546 15
    endloop
  endfacet
  facet normal 0.14125138304671883 0.8918261336611607 0.4297606241925554
    outer loop
      vertex -3.546930509869805 -28.076846047199723 13
      vertex -5.48134959761956 -28.734240862982546 15
      vertex -3.666295494216761 -29.021717191308753 15
    endloop
  endfacet
  facet normal 0.08497442944568163 0.8989355662304206 0.4297606241925543
    outer loop
      vertex -3.546930509869805 -28.076846047199723 13
      vertex -2 -29.17922849048087 15
      vertex -1.7769717026795795 -28.244156414520084 13
    endloop
  endfacet
  facet normal 0.028362120592747554 0.9024973108043639 0.429760624192554
    outer loop
      vertex -1.7769717026795795 -28.244156414520084 13
      vertex -1.836772197469402 -29.194658060642247 15
      vertex 0 -28.3 13
    endloop
  endfacet
  facet normal 0.08497442944568005 0.8989355662304203 0.4297606241925554
    outer loop
      vertex -3.546930509869805 -28.076846047199723 13
      vertex -3.666295494216761 -29.021717191308753 15
      vertex -2 -29.17922849048087 15
    endloop
  endfacet
  facet normal 0.08497442944567804 0.898935566230421 0.42976062419255406
    outer loop
      vertex -1.7769717026795795 -28.244156414520084 13
      vertex -2 -29.17922849048087 15
      vertex -1.836772197469402 -29.194658060642247 15
    endloop
  endfacet
  facet normal 0.028362120592747845 0.902497310804364 0.42976062419255434
    outer loop
      vertex -1.836772197469402 -29.194658060642247 15
      vertex 0 -29.252380952380953 15
      vertex 0 -28.3 13
    endloop
  endfacet
  facet normal 0.9024973108043639 -0.028362120592747776 0.42976062419255406
    outer loop
      vertex -28.3 0 13
      vertex -28.244156414520084 1.7769717026795657 13
      vertex -29.194658060642247 1.8367721974693878 15
    endloop
  endfacet
  facet normal 0.8989355662304203 -0.08497442944568094 0.42976062419255534
    outer loop
      vertex -28.244156414520084 1.7769717026795657 13
      vertex -28.076846047199723 3.546930509869805 13
      vertex -29.021717191308753 3.666295494216761 15
    endloop
  endfacet
  facet normal 0.9024973108043639 -0.02836212059274806 0.4297606241925543
    outer loop
      vertex -28.3 0 13
      vertex -29.194658060642247 1.8367721974693878 15
      vertex -29.252380952380953 0 15
    endloop
  endfacet
  facet normal 0.8989355662304209 -0.08497442944567928 0.42976062419255406
    outer loop
      vertex -28.244156414520084 1.7769717026795657 13
      vertex -29.021717191308753 3.666295494216761 15
      vertex -29.194658060642247 1.8367721974693878 15
    endloop
  endfacet
  facet normal 0.8918261336611607 -0.14125138304671883 0.4297606241925554
    outer loop
      vertex -28.076846047199723 3.546930509869805 13
      vertex -28.734240862982546 5.48134959761956 15
      vertex -29.021717191308753 3.666295494216761 15
    endloop
  endfacet
  facet normal 0.8811970707789452 -0.19697088197048884 0.42976062419255473
    outer loop
      vertex -27.79872919562189 5.302891202776013 13
      vertex -28.3333636133961 7.274771318350968 15
      vertex -28.734240862982546 5.48134959761956 15
    endloop
  endfacet
  facet normal 0.891826133661161 -0.14125138304671814 0.42976062419255484
    outer loop
      vertex -28.076846047199723 3.546930509869805 13
      vertex -27.79872919562189 5.302891202776013 13
      vertex -28.734240862982546 5.48134959761956 15
    endloop
  endfacet
  facet normal 0.8811970707789462 -0.19697088197048743 0.42976062419255356
    outer loop
      vertex -27.79872919562189 5.302891202776013 13
      vertex -27.41090345994026 7.037923806765392 13
      vertex -28.3333636133961 7.274771318350968 15
    endloop
  endfacet
  facet normal 0.8670903256390128 -0.25191302681055744 0.42976062419255456
    outer loop
      vertex -27.41090345994026 7.037923806765392 13
      vertex -26.914899411152845 8.74518094081101 13
      vertex -27.820667521910135 9.039482840215724 15
    endloop
  endfacet
  facet normal 0.8670903256390136 -0.2519130268105562 0.42976062419255356
    outer loop
      vertex -27.41090345994026 7.037923806765392 13
      vertex -27.820667521910135 9.039482840215724 15
      vertex -28.3333636133961 7.274771318350968 15
    endloop
  endfacet
  facet normal 0.8495615711196729 -0.305860986021917 0.4297606241925539
    outer loop
      vertex -26.914899411152845 8.74518094081101 13
      vertex -26.312674550637517 10.417924840976383 13
      vertex -27.198175965769185 10.768519653057028 15
    endloop
  endfacet
  facet normal 0.8286799852068846 -0.3586018516560451 0.4297606241925538
    outer loop
      vertex -26.312674550637517 10.417924840976383 13
      vertex -25.606605584788355 12.04955395129155 13
      vertex -26.46834563475599 12.45505803849638 15
    endloop
  endfacet
  facet normal 0.8495615711196725 -0.30586098602191786 0.4297606241925547
    outer loop
      vertex -26.914899411152845 8.74518094081101 13
      vertex -27.198175965769185 10.768519653057028 15
      vertex -27.820667521910135 9.039482840215724 15
    endloop
  endfacet
  facet normal 0.8286799852068844 -0.3586018516560453 0.429760624192554
    outer loop
      vertex -26.312674550637517 10.417924840976383 13
      vertex -26.46834563475599 12.45505803849638 15
      vertex -27.198175965769185 10.768519653057028 15
    endloop
  endfacet
  facet normal 0.8045279779803591 -0.4099274796112859 0.42976062419255395
    outer loop
      vertex -25.606605584788355 12.04955395129155 13
      vertex -24.799479045241338 13.633628977078546 13
      vertex -25.634056835759303 14.092442000032559 15
    endloop
  endfacet
  facet normal 0.7772008663786145 -0.45963531108255395 0.42976062419255534
    outer loop
      vertex -24.799479045241338 13.633628977078546 13
      vertex -23.894480291707023 15.16389829790561 13
      vertex -24.69860212551847 15.674209531218938 15
    endloop
  endfacet
  facet normal 0.8045279779803595 -0.4099274796112858 0.4297606241925538
    outer loop
      vertex -25.606605584788355 12.04955395129155 13
      vertex -25.634056835759303 14.092442000032559 15
      vertex -26.46834563475599 12.45505803849638 15
    endloop
  endfacet
  facet normal 0.7772008663786161 -0.4596353110825527 0.429760624192554
    outer loop
      vertex -24.799479045241338 13.633628977078546 13
      vertex -24.69860212551847 15.674209531218938 15
      vertex -25.634056835759303 14.092442000032559 15
    endloop
  endfacet
  facet normal 0.7468064980265773 -0.5075291719683767 0.42976062419255406
    outer loop
      vertex -23.894480291707023 15.16389829790561 13
      vertex -22.895180940811013 16.63432263987699 13
      vertex -23.6656733164062 17.194118118250778 15
    endloop
  endfacet
  facet normal 0.746806498026576 -0.5075291719683778 0.42976062419255534
    outer loop
      vertex -24.69860212551847 15.674209531218938 15
      vertex -23.894480291707023 15.16389829790561 13
      vertex -23.6656733164062 17.194118118250778 15
    endloop
  endfacet
  facet normal 0.713464825610263 -0.5534200470804653 0.4297606241925528
    outer loop
      vertex -22.895180940811013 16.63432263987699 13
      vertex -21.80552477055484 18.03909890988792 13
      vertex -22.53934690653178 18.64616937631524 15
    endloop
  endfacet
  facet normal 0.6773074334783356 -0.5971268261002978 0.4297606241925554
    outer loop
      vertex -21.80552477055484 18.03909890988792 13
      vertex -20.62981215602595 19.372683097781884 13
      vertex -21.32406799166539 20.024632722475875 15
    endloop
  endfacet
  facet normal 0.7134648256102615 -0.5534200470804663 0.4297606241925542
    outer loop
      vertex -22.895180940811013 16.63432263987699 13
      vertex -22.53934690653178 18.64616937631524 15
      vertex -23.6656733164062 17.194118118250778 15
    endloop
  endfacet
  facet normal 0.6773074334783389 -0.597126826100296 0.42976062419255284
    outer loop
      vertex -21.80552477055484 18.03909890988792 13
      vertex -21.32406799166539 20.024632722475875 15
      vertex -22.53934690653178 18.64616937631524 15
    endloop
  endfacet
  facet normal 0.6384770183388064 -0.6384770183388064 0.42976062419255534
    outer loop
      vertex -20.62981215602595 19.372683097781884 13
      vertex -20.024632722475875 21.32406799166539 15
      vertex -21.32406799166539 20.024632722475875 15
    endloop
  endfacet
  facet normal 0.6384770183388064 -0.6384770183388064 0.42976062419255534
    outer loop
      vertex -20.62981215602595 19.372683097781884 13
      vertex -19.372683097781884 20.62981215602595 13
      vertex -20.024632722475875 21.32406799166539 15
    endloop
  endfacet
  facet normal 0.5971268261002985 -0.6773074334783366 0.4297606241925528
    outer loop
      vertex -19.372683097781884 20.62981215602595 13
      vertex -18.03909890988792 21.80552477055484 13
      vertex -18.64616937631524 22.53934690653178 15
    endloop
  endfacet
  facet normal 0.5534200470804649 -0.7134648256102625 0.42976062419255423
    outer loop
      vertex -18.03909890988792 21.80552477055484 13
      vertex -16.63432263987699 22.895180940811013 13
      vertex -17.194118118250778 23.6656733164062 15
    endloop
  endfacet
  facet normal 0.5971268261002952 -0.677307433478338 0.4297606241925554
    outer loop
      vertex -19.372683097781884 20.62981215602595 13
      vertex -18.64616937631524 22.53934690653178 15
      vertex -20.024632722475875 21.32406799166539 15
    endloop
  endfacet
  facet normal 0.5534200470804667 -0.7134648256102619 0.42976062419255284
    outer loop
      vertex -18.03909890988792 21.80552477055484 13
      vertex -17.194118118250778 23.6656733164062 15
      vertex -18.64616937631524 22.53934690653178 15
    endloop
  endfacet
  facet normal 0.507529171968378 -0.7468064980265763 0.4297606241925541
    outer loop
      vertex -16.63432263987699 22.895180940811013 13
      vertex -15.674209531218938 24.69860212551847 15
      vertex -17.194118118250778 23.6656733164062 15
    endloop
  endfacet
  facet normal 0.5075291719683764 -0.7468064980265768 0.4297606241925553
    outer loop
      vertex -16.63432263987699 22.895180940811013 13
      vertex -15.16389829790561 23.894480291707023 13
      vertex -15.674209531218938 24.69860212551847 15
    endloop
  endfacet
  facet normal 0.4596353110825546 -0.7772008663786153 0.4297606241925532
    outer loop
      vertex -15.16389829790561 23.894480291707023 13
      vertex -13.63362897707854 24.79947904524134 13
      vertex -14.092442000032555 25.634056835759303 15
    endloop
  endfacet
  facet normal 0.409927479611286 -0.8045279779803591 0.4297606241925538
    outer loop
      vertex -13.63362897707854 24.79947904524134 13
      vertex -12.049553951291559 25.60660558478835 13
      vertex -12.45505803849639 26.468345634755988 15
    endloop
  endfacet
  facet normal 0.4596353110825516 -0.777200866378616 0.4297606241925553
    outer loop
      vertex -15.16389829790561 23.894480291707023 13
      vertex -14.092442000032555 25.634056835759303 15
      vertex -15.674209531218938 24.69860212551847 15
    endloop
  endfacet
  facet normal 0.409927479611287 -0.8045279779803591 0.4297606241925531
    outer loop
      vertex -13.63362897707854 24.79947904524134 13
      vertex -12.45505803849639 26.468345634755988 15
      vertex -14.092442000032555 25.634056835759303 15
    endloop
  endfacet
  facet normal 0.3586018516560449 -0.8286799852068846 0.42976062419255406
    outer loop
      vertex -12.049553951291559 25.60660558478835 13
      vertex -10.417924840976383 26.312674550637517 13
      vertex -10.768519653057028 27.198175965769185 15
    endloop
  endfacet
  facet normal 0.30586098602191697 -0.8495615711196726 0.4297606241925546
    outer loop
      vertex -10.417924840976383 26.312674550637517 13
      vertex -8.74518094081101 26.914899411152845 13
      vertex -9.039482840215724 27.820667521910135 15
    endloop
  endfacet
  facet normal 0.35860185165604525 -0.8286799852068845 0.4297606241925538
    outer loop
      vertex -12.049553951291559 25.60660558478835 13
      vertex -10.768519653057028 27.198175965769185 15
      vertex -12.45505803849639 26.468345634755988 15
    endloop
  endfacet
  facet normal 0.3058609860219179 -0.8495615711196727 0.429760624192554
    outer loop
      vertex -10.417924840976383 26.312674550637517 13
      vertex -9.039482840215724 27.820667521910135 15
      vertex -10.768519653057028 27.198175965769185 15
    endloop
  endfacet
  facet normal 0.2519130268105579 -0.8670903256390128 0.4297606241925546
    outer loop
      vertex -8.74518094081101 26.914899411152845 13
      vertex -7.274771318350969 28.333363613396102 15
      vertex -9.039482840215724 27.820667521910135 15
    endloop
  endfacet
  facet normal 0.2519130268105574 -0.8670903256390126 0.42976062419255495
    outer loop
      vertex -8.74518094081101 26.914899411152845 13
      vertex -7.037923806765392 27.41090345994026 13
      vertex -7.274771318350969 28.333363613396102 15
    endloop
  endfacet
  facet normal 0.19697088197048823 -0.8811970707789453 0.4297606241925548
    outer loop
      vertex -7.037923806765392 27.41090345994026 13
      vertex -5.302891202776006 27.798729195621892 13
      vertex -5.481349597619553 28.73424086298255 15
    endloop
  endfacet
  facet normal 0.14125138304671736 -0.8918261336611608 0.42976062419255534
    outer loop
      vertex -5.302891202776006 27.798729195621892 13
      vertex -3.5469305098698114 28.076846047199723 13
      vertex -3.666295494216768 29.021717191308753 15
    endloop
  endfacet
  facet normal 0.19697088197048798 -0.8811970707789453 0.42976062419255495
    outer loop
      vertex -7.037923806765392 27.41090345994026 13
      vertex -5.481349597619553 28.73424086298255 15
      vertex -7.274771318350969 28.333363613396102 15
    endloop
  endfacet
  facet normal 0.14125138304671822 -0.8918261336611609 0.4297606241925548
    outer loop
      vertex -5.302891202776006 27.798729195621892 13
      vertex -3.666295494216768 29.021717191308753 15
      vertex -5.481349597619553 28.73424086298255 15
    endloop
  endfacet
  facet normal 0.08497442944568068 -0.8989355662304207 0.4297606241925545
    outer loop
      vertex -3.5469305098698114 28.076846047199723 13
      vertex -1.7769717026795657 28.244156414520084 13
      vertex -1.8628736179514798 29.192190749973378 15
    endloop
  endfacet
  facet normal 0.028362120592747772 -0.9024973108043638 0.4297606241925543
    outer loop
      vertex -1.7769717026795657 28.244156414520084 13
      vertex 0 28.3 13
      vertex 0 29.252380952380953 15
    endloop
  endfacet
  facet normal 0.08497442944567972 -0.8989355662304203 0.42976062419255534
    outer loop
      vertex -3.5469305098698114 28.076846047199723 13
      vertex -2 29.17922849048087 15
      vertex -3.666295494216768 29.021717191308753 15
    endloop
  endfacet
  facet normal 0.08497442944567583 -0.8989355662304197 0.4297606241925576
    outer loop
      vertex -3.5469305098698114 28.076846047199723 13
      vertex -1.8628736179514798 29.192190749973378 15
      vertex -2 29.17922849048087 15
    endloop
  endfacet
  facet normal 0.084974429445643 -0.8989355662304241 0.42976062419255445
    outer loop
      vertex -1.7769717026795657 28.244156414520084 13
      vertex -1.8367721974693878 29.194658060642247 15
      vertex -1.8628736179514798 29.192190749973378 15
    endloop
  endfacet
  facet normal 0.028362120592744712 -0.902497310804364 0.429760624192554
    outer loop
      vertex -1.7769717026795657 28.244156414520084 13
      vertex -1.7075274701653338 29.198719739827204 15
      vertex -1.8367721974693878 29.194658060642247 15
    endloop
  endfacet
  facet normal 0.02836212059274832 -0.902497310804364 0.42976062419255384
    outer loop
      vertex -1.7769717026795657 28.244156414520084 13
      vertex 0 29.252380952380953 15
      vertex -1.7075274701653338 29.198719739827204 15
    endloop
  endfacet
  facet normal -0.02836212059274755 0.9024973108043638 0.4297606241925543
    outer loop
      vertex 0 -28.3 13
      vertex 0 -29.252380952380953 15
      vertex 1.7769717026795795 -28.244156414520084 13
    endloop
  endfacet
  facet normal -0.08497442944568165 0.8989355662304207 0.4297606241925541
    outer loop
      vertex 1.7769717026795795 -28.244156414520084 13
      vertex 1.836772197469402 -29.194658060642247 15
      vertex 3.546930509869805 -28.076846047199723 13
    endloop
  endfacet
  facet normal -0.028362120592747845 0.902497310804364 0.42976062419255406
    outer loop
      vertex 1.7769717026795795 -28.244156414520084 13
      vertex 0 -29.252380952380953 15
      vertex 1.836772197469402 -29.194658060642247 15
    endloop
  endfacet
  facet normal -0.0849744294456779 0.8989355662304196 0.4297606241925571
    outer loop
      vertex 3.546930509869805 -28.076846047199723 13
      vertex 1.836772197469402 -29.194658060642247 15
      vertex 2 -29.17922849048087 15
    endloop
  endfacet
  facet normal -0.08497442944568005 0.8989355662304203 0.4297606241925554
    outer loop
      vertex 3.546930509869805 -28.076846047199723 13
      vertex 2 -29.17922849048087 15
      vertex 3.666295494216761 -29.021717191308753 15
    endloop
  endfacet
  facet normal -0.14125138304671808 0.8918261336611607 0.42976062419255534
    outer loop
      vertex 3.546930509869805 -28.076846047199723 13
      vertex 3.666295494216761 -29.021717191308753 15
      vertex 5.302891202776013 -27.79872919562189 13
    endloop
  endfacet
  facet normal -0.19697088197048684 0.8811970707789457 0.4297606241925548
    outer loop
      vertex 5.302891202776013 -27.79872919562189 13
      vertex 5.48134959761956 -28.734240862982546 15
      vertex 7.037923806765381 -27.410903459940265 13
    endloop
  endfacet
  facet normal -0.2519130268105575 0.8670903256390127 0.42976062419255484
    outer loop
      vertex 7.037923806765381 -27.410903459940265 13
      vertex 7.274771318350957 -28.333363613396106 15
      vertex 8.74518094081101 -26.914899411152845 13
    endloop
  endfacet
  facet normal -0.1412513830467189 0.8918261336611609 0.42976062419255484
    outer loop
      vertex 5.302891202776013 -27.79872919562189 13
      vertex 3.666295494216761 -29.021717191308753 15
      vertex 5.48134959761956 -28.734240862982546 15
    endloop
  endfacet
  facet normal -0.19697088197048673 0.8811970707789457 0.42976062419255484
    outer loop
      vertex 7.037923806765381 -27.410903459940265 13
      vertex 5.48134959761956 -28.734240862982546 15
      vertex 7.274771318350957 -28.333363613396106 15
    endloop
  endfacet
  facet normal -0.30586098602191786 0.8495615711196723 0.4297606241925546
    outer loop
      vertex 8.74518094081101 -26.914899411152845 13
      vertex 9.039482840215724 -27.820667521910135 15
      vertex 10.417924840976397 -26.31267455063751 13
    endloop
  endfacet
  facet normal -0.35860185165604463 0.8286799852068847 0.429760624192554
    outer loop
      vertex 10.417924840976397 -26.31267455063751 13
      vertex 10.768519653057043 -27.198175965769178 15
      vertex 12.04955395129155 -25.606605584788355 13
    endloop
  endfacet
  facet normal -0.2519130268105578 0.8670903256390126 0.4297606241925546
    outer loop
      vertex 7.274771318350957 -28.333363613396106 15
      vertex 9.039482840215724 -27.820667521910135 15
      vertex 8.74518094081101 -26.914899411152845 13
    endloop
  endfacet
  facet normal -0.30586098602191875 0.8495615711196722 0.429760624192554
    outer loop
      vertex 10.417924840976397 -26.31267455063751 13
      vertex 9.039482840215724 -27.820667521910135 15
      vertex 10.768519653057043 -27.198175965769178 15
    endloop
  endfacet
  facet normal -0.3586018516560449 0.8286799852068846 0.42976062419255373
    outer loop
      vertex 10.768519653057043 -27.198175965769178 15
      vertex 12.45505803849638 -26.46834563475599 15
      vertex 12.04955395129155 -25.606605584788355 13
    endloop
  endfacet
  facet normal -0.40992747961128595 0.8045279779803592 0.4297606241925538
    outer loop
      vertex 12.45505803849638 -26.46834563475599 15
      vertex 13.633628977078546 -24.799479045241338 13
      vertex 12.04955395129155 -25.606605584788355 13
    endloop
  endfacet
  facet normal -0.45963531108255384 0.7772008663786154 0.42976062419255395
    outer loop
      vertex 13.633628977078546 -24.799479045241338 13
      vertex 14.092442000032559 -25.634056835759303 15
      vertex 15.163898297905593 -23.894480291707033 13
    endloop
  endfacet
  facet normal -0.5075291719683765 0.7468064980265772 0.4297606241925545
    outer loop
      vertex 15.163898297905593 -23.894480291707033 13
      vertex 15.674209531218924 -24.698602125518477 15
      vertex 16.63432263987699 -22.895180940811013 13
    endloop
  endfacet
  facet normal -0.4099274796112857 0.8045279779803592 0.42976062419255395
    outer loop
      vertex 12.45505803849638 -26.46834563475599 15
      vertex 14.092442000032559 -25.634056835759303 15
      vertex 13.633628977078546 -24.799479045241338 13
    endloop
  endfacet
  facet normal -0.459635311082553 0.7772008663786155 0.4297606241925545
    outer loop
      vertex 15.163898297905593 -23.894480291707033 13
      vertex 14.092442000032559 -25.634056835759303 15
      vertex 15.674209531218924 -24.698602125518477 15
    endloop
  endfacet
  facet normal -0.5534200470804664 0.7134648256102613 0.4297606241925541
    outer loop
      vertex 16.63432263987699 -22.895180940811013 13
      vertex 17.194118118250778 -23.6656733164062 15
      vertex 18.039098909887926 -21.80552477055483 13
    endloop
  endfacet
  facet normal -0.5971268261002968 0.6773074334783369 0.4297606241925546
    outer loop
      vertex 18.039098909887926 -21.80552477055483 13
      vertex 18.64616937631525 -22.539346906531772 15
      vertex 19.372683097781884 -20.62981215602595 13
    endloop
  endfacet
  facet normal -0.5075291719683772 0.746806498026577 0.4297606241925541
    outer loop
      vertex 15.674209531218924 -24.698602125518477 15
      vertex 17.194118118250778 -23.6656733164062 15
      vertex 16.63432263987699 -22.895180940811013 13
    endloop
  endfacet
  facet normal -0.5534200470804657 0.7134648256102614 0.4297606241925546
    outer loop
      vertex 18.039098909887926 -21.80552477055483 13
      vertex 17.194118118250778 -23.6656733164062 15
      vertex 18.64616937631525 -22.539346906531772 15
    endloop
  endfacet
  facet normal -0.5971268261002957 0.6773074334783373 0.4297606241925553
    outer loop
      vertex 19.372683097781884 -20.62981215602595 13
      vertex 18.64616937631525 -22.539346906531772 15
      vertex 20.024632722475875 -21.32406799166539 15
    endloop
  endfacet
  facet normal -0.6384770183388064 0.6384770183388064 0.42976062419255534
    outer loop
      vertex 19.372683097781884 -20.62981215602595 13
      vertex 20.024632722475875 -21.32406799166539 15
      vertex 20.62981215602595 -19.372683097781884 13
    endloop
  endfacet
  facet normal -0.6773074334783367 0.5971268261002964 0.42976062419255534
    outer loop
      vertex 20.62981215602595 -19.372683097781884 13
      vertex 21.32406799166539 -20.024632722475875 15
      vertex 21.80552477055483 -18.039098909887926 13
    endloop
  endfacet
  facet normal -0.713464825610261 0.5534200470804663 0.4297606241925547
    outer loop
      vertex 21.80552477055483 -18.039098909887926 13
      vertex 22.539346906531772 -18.64616937631525 15
      vertex 22.895180940811013 -16.63432263987699 13
    endloop
  endfacet
  facet normal -0.6384770183388064 0.6384770183388064 0.42976062419255534
    outer loop
      vertex 20.62981215602595 -19.372683097781884 13
      vertex 20.024632722475875 -21.32406799166539 15
      vertex 21.32406799166539 -20.024632722475875 15
    endloop
  endfacet
  facet normal -0.6773074334783376 0.597126826100296 0.4297606241925546
    outer loop
      vertex 21.80552477055483 -18.039098909887926 13
      vertex 21.32406799166539 -20.024632722475875 15
      vertex 22.539346906531772 -18.64616937631525 15
    endloop
  endfacet
  facet normal -0.7134648256102616 0.5534200470804658 0.42976062419255406
    outer loop
      vertex 22.539346906531772 -18.64616937631525 15
      vertex 23.6656733164062 -17.194118118250778 15
      vertex 22.895180940811013 -16.63432263987699 13
    endloop
  endfacet
  facet normal -0.7468064980265773 0.5075291719683767 0.42976062419255406
    outer loop
      vertex 23.6656733164062 -17.194118118250778 15
      vertex 23.894480291707033 -15.163898297905593 13
      vertex 22.895180940811013 -16.63432263987699 13
    endloop
  endfacet
  facet normal -0.7468064980265768 0.5075291719683771 0.42976062419255456
    outer loop
      vertex 23.6656733164062 -17.194118118250778 15
      vertex 24.698602125518477 -15.674209531218924 15
      vertex 23.894480291707033 -15.163898297905593 13
    endloop
  endfacet
  facet normal -0.7772008663786151 0.4596353110825537 0.4297606241925545
    outer loop
      vertex 23.894480291707033 -15.163898297905593 13
      vertex 24.698602125518477 -15.674209531218924 15
      vertex 24.799479045241338 -13.633628977078546 13
    endloop
  endfacet
  facet normal -0.8045279779803591 0.4099274796112859 0.42976062419255395
    outer loop
      vertex 24.799479045241338 -13.633628977078546 13
      vertex 25.634056835759303 -14.092442000032559 15
      vertex 25.606605584788355 -12.04955395129155 13
    endloop
  endfacet
  facet normal -0.777200866378616 0.45963531108255323 0.42976062419255395
    outer loop
      vertex 24.799479045241338 -13.633628977078546 13
      vertex 24.698602125518477 -15.674209531218924 15
      vertex 25.634056835759303 -14.092442000032559 15
    endloop
  endfacet
  facet normal -0.8045279779803595 0.4099274796112858 0.4297606241925538
    outer loop
      vertex 25.606605584788355 -12.04955395129155 13
      vertex 25.634056835759303 -14.092442000032559 15
      vertex 26.46834563475599 -12.45505803849638 15
    endloop
  endfacet
  facet normal -0.8286799852068848 0.3586018516560447 0.4297606241925538
    outer loop
      vertex 25.606605584788355 -12.04955395129155 13
      vertex 26.46834563475599 -12.45505803849638 15
      vertex 26.31267455063751 -10.417924840976397 13
    endloop
  endfacet
  facet normal -0.8495615711196726 0.3058609860219179 0.429760624192554
    outer loop
      vertex 26.31267455063751 -10.417924840976397 13
      vertex 27.198175965769178 -10.768519653057043 15
      vertex 26.914899411152845 -8.74518094081101 13
    endloop
  endfacet
  facet normal -0.8286799852068846 0.3586018516560449 0.42976062419255395
    outer loop
      vertex 26.31267455063751 -10.417924840976397 13
      vertex 26.46834563475599 -12.45505803849638 15
      vertex 27.198175965769178 -10.768519653057043 15
    endloop
  endfacet
  facet normal -0.849561571119672 0.30586098602191863 0.4297606241925546
    outer loop
      vertex 26.914899411152845 -8.74518094081101 13
      vertex 27.198175965769178 -10.768519653057043 15
      vertex 27.820667521910135 -9.039482840215724 15
    endloop
  endfacet
  facet normal -0.8670903256390128 0.25191302681055755 0.4297606241925546
    outer loop
      vertex 26.914899411152845 -8.74518094081101 13
      vertex 27.820667521910135 -9.039482840215724 15
      vertex 27.410903459940265 -7.037923806765381 13
    endloop
  endfacet
  facet normal -0.8811970707789464 0.19697088197048698 0.4297606241925535
    outer loop
      vertex 27.410903459940265 -7.037923806765381 13
      vertex 28.333363613396102 -7.274771318350956 15
      vertex 27.79872919562189 -5.302891202776013 13
    endloop
  endfacet
  facet normal -0.891826133661161 0.14125138304671814 0.42976062419255484
    outer loop
      vertex 27.79872919562189 -5.302891202776013 13
      vertex 28.734240862982546 -5.48134959761956 15
      vertex 28.076846047199723 -3.546930509869805 13
    endloop
  endfacet
  facet normal -0.8670903256390136 0.2519130268105562 0.4297606241925535
    outer loop
      vertex 27.820667521910135 -9.039482840215724 15
      vertex 28.333363613396102 -7.274771318350956 15
      vertex 27.410903459940265 -7.037923806765381 13
    endloop
  endfacet
  facet normal -0.8811970707789455 0.1969708819704885 0.4297606241925548
    outer loop
      vertex 27.79872919562189 -5.302891202776013 13
      vertex 28.333363613396102 -7.274771318350956 15
      vertex 28.734240862982546 -5.48134959761956 15
    endloop
  endfacet
  facet normal -0.8989355662304201 0.08497442944568159 0.4297606241925554
    outer loop
      vertex 28.076846047199723 -3.546930509869805 13
      vertex 29.021717191308753 -3.666295494216761 15
      vertex 28.244156414520084 -1.7769717026795795 13
    endloop
  endfacet
  facet normal -0.9024973108043639 0.028362120592747554 0.429760624192554
    outer loop
      vertex 28.244156414520084 -1.7769717026795795 13
      vertex 29.194658060642247 -1.836772197469402 15
      vertex 28.3 0 13
    endloop
  endfacet
  facet normal -0.8918261336611607 0.14125138304671883 0.4297606241925554
    outer loop
      vertex 28.076846047199723 -3.546930509869805 13
      vertex 28.734240862982546 -5.48134959761956 15
      vertex 29.021717191308753 -3.666295494216761 15
    endloop
  endfacet
  facet normal -0.8989355662304208 0.08497442944567993 0.42976062419255406
    outer loop
      vertex 28.244156414520084 -1.7769717026795795 13
      vertex 29.021717191308753 -3.666295494216761 15
      vertex 29.194658060642247 -1.836772197469402 15
    endloop
  endfacet
  facet normal -0.902497310804364 0.028362120592747845 0.42976062419255434
    outer loop
      vertex 29.194658060642247 -1.836772197469402 15
      vertex 29.252380952380953 0 15
      vertex 28.3 0 13
    endloop
  endfacet
  facet normal -0.028362120592747776 -0.9024973108043639 0.42976062419255406
    outer loop
      vertex 0 28.3 13
      vertex 1.7769717026795657 28.244156414520084 13
      vertex 1.8367721974693878 29.194658060642247 15
    endloop
  endfacet
  facet normal -0.08497442944568066 -0.8989355662304206 0.4297606241925548
    outer loop
      vertex 1.7769717026795657 28.244156414520084 13
      vertex 3.5469305098698114 28.076846047199723 13
      vertex 2 29.17922849048087 15
    endloop
  endfacet
  facet normal -0.02836212059274806 -0.9024973108043639 0.4297606241925543
    outer loop
      vertex 0 28.3 13
      vertex 1.8367721974693878 29.194658060642247 15
      vertex 0 29.252380952380953 15
    endloop
  endfacet
  facet normal -0.08497442944567071 -0.8989355662304217 0.4297606241925542
    outer loop
      vertex 1.7769717026795657 28.244156414520084 13
      vertex 2 29.17922849048087 15
      vertex 1.8367721974693878 29.194658060642247 15
    endloop
  endfacet
  facet normal -0.08497442944567972 -0.8989355662304203 0.42976062419255534
    outer loop
      vertex 3.5469305098698114 28.076846047199723 13
      vertex 3.666295494216768 29.021717191308753 15
      vertex 2 29.17922849048087 15
    endloop
  endfacet
  facet normal -0.14125138304671742 -0.8918261336611611 0.42976062419255473
    outer loop
      vertex 3.5469305098698114 28.076846047199723 13
      vertex 5.302891202776006 27.798729195621892 13
      vertex 5.481349597619553 28.73424086298255 15
    endloop
  endfacet
  facet normal -0.19697088197048823 -0.8811970707789453 0.42976062419255495
    outer loop
      vertex 5.302891202776006 27.798729195621892 13
      vertex 7.037923806765392 27.41090345994026 13
      vertex 7.274771318350969 28.333363613396102 15
    endloop
  endfacet
  facet normal -0.14125138304671817 -0.8918261336611607 0.4297606241925554
    outer loop
      vertex 3.5469305098698114 28.076846047199723 13
      vertex 5.481349597619553 28.73424086298255 15
      vertex 3.666295494216768 29.021717191308753 15
    endloop
  endfacet
  facet normal -0.196970881970488 -0.8811970707789455 0.4297606241925548
    outer loop
      vertex 5.302891202776006 27.798729195621892 13
      vertex 7.274771318350969 28.333363613396102 15
      vertex 5.481349597619553 28.73424086298255 15
    endloop
  endfacet
  facet normal -0.2519130268105578 -0.8670903256390126 0.42976062419255495
    outer loop
      vertex 7.037923806765392 27.41090345994026 13
      vertex 9.039482840215724 27.820667521910135 15
      vertex 7.274771318350969 28.333363613396102 15
    endloop
  endfacet
  facet normal -0.40992747961128617 -0.8045279779803595 0.4297606241925531
    outer loop
      vertex 12.049553951291559 25.60660558478835 13
      vertex 13.63362897707854 24.79947904524134 13
      vertex 14.092442000032555 25.634056835759303 15
    endloop
  endfacet
  facet normal -0.4596353110825539 -0.7772008663786153 0.42976062419255423
    outer loop
      vertex 13.63362897707854 24.79947904524134 13
      vertex 15.163898297905606 23.894480291707026 13
      vertex 15.674209531218935 24.69860212551847 15
    endloop
  endfacet
  facet normal -0.4596353110825529 -0.7772008663786164 0.4297606241925532
    outer loop
      vertex 13.63362897707854 24.79947904524134 13
      vertex 15.674209531218935 24.69860212551847 15
      vertex 14.092442000032555 25.634056835759303 15
    endloop
  endfacet
  facet normal -0.507529171968378 -0.7468064980265763 0.4297606241925542
    outer loop
      vertex 15.163898297905606 23.894480291707026 13
      vertex 17.194118118250774 23.6656733164062 15
      vertex 15.674209531218935 24.69860212551847 15
    endloop
  endfacet
  facet normal -0.25191302681055744 -0.8670903256390128 0.42976062419255456
    outer loop
      vertex 7.037923806765392 27.41090345994026 13
      vertex 8.74518094081101 26.914899411152845 13
      vertex 9.039482840215724 27.820667521910135 15
    endloop
  endfacet
  facet normal -0.305860986021917 -0.8495615711196729 0.4297606241925539
    outer loop
      vertex 8.74518094081101 26.914899411152845 13
      vertex 10.417924840976383 26.312674550637517 13
      vertex 10.768519653057028 27.198175965769185 15
    endloop
  endfacet
  facet normal -0.35860185165604497 -0.8286799852068847 0.42976062419255373
    outer loop
      vertex 12.049553951291559 25.60660558478835 13
      vertex 12.45505803849639 26.468345634755988 15
      vertex 10.417924840976383 26.312674550637517 13
    endloop
  endfacet
  facet normal -0.30586098602191786 -0.8495615711196725 0.4297606241925547
    outer loop
      vertex 8.74518094081101 26.914899411152845 13
      vertex 10.768519653057028 27.198175965769185 15
      vertex 9.039482840215724 27.820667521910135 15
    endloop
  endfacet
  facet normal -0.35860185165604525 -0.8286799852068845 0.429760624192554
    outer loop
      vertex 10.417924840976383 26.312674550637517 13
      vertex 12.45505803849639 26.468345634755988 15
      vertex 10.768519653057028 27.198175965769185 15
    endloop
  endfacet
  facet normal -0.4099274796112868 -0.8045279779803588 0.4297606241925538
    outer loop
      vertex 12.049553951291559 25.60660558478835 13
      vertex 14.092442000032555 25.634056835759303 15
      vertex 12.45505803849639 26.468345634755988 15
    endloop
  endfacet
  facet normal -0.7468064980265771 -0.5075291719683771 0.42976062419255423
    outer loop
      vertex 22.895180940811013 16.63432263987699 13
      vertex 23.894480291707026 15.163898297905606 13
      vertex 24.69860212551847 15.674209531218935 15
    endloop
  endfacet
  facet normal -0.7468064980265773 -0.5075291719683757 0.4297606241925551
    outer loop
      vertex 22.895180940811013 16.63432263987699 13
      vertex 24.69860212551847 15.674209531218935 15
      vertex 23.665673316406203 17.194118118250778 15
    endloop
  endfacet
  facet normal -0.8811970707789453 -0.19697088197048862 0.4297606241925548
    outer loop
      vertex 27.798729195621892 5.302891202776007 13
      vertex 28.73424086298255 5.4813495976195545 15
      vertex 27.41090345994026 7.037923806765391 13
    endloop
  endfacet
  facet normal -0.8670903256390127 -0.25191302681055716 0.42976062419255495
    outer loop
      vertex 27.41090345994026 7.037923806765391 13
      vertex 28.333363613396102 7.274771318350967 15
      vertex 26.914899411152845 8.74518094081101 13
    endloop
  endfacet
  facet normal -0.8811970707789453 -0.19697088197048837 0.42976062419255495
    outer loop
      vertex 27.41090345994026 7.037923806765391 13
      vertex 28.73424086298255 5.4813495976195545 15
      vertex 28.333363613396102 7.274771318350967 15
    endloop
  endfacet
  facet normal -0.8670903256390127 -0.2519130268105576 0.4297606241925546
    outer loop
      vertex 28.333363613396102 7.274771318350967 15
      vertex 27.820667521910135 9.039482840215724 15
      vertex 26.914899411152845 8.74518094081101 13
    endloop
  endfacet
  facet normal -0.9024973108043639 -0.028362120592747727 0.4297606241925543
    outer loop
      vertex 28.244156414520084 1.7769717026795686 13
      vertex 28.3 0 13
      vertex 29.252380952380953 0 15
    endloop
  endfacet
  facet normal -0.8989355662304208 -0.08497442944568089 0.4297606241925541
    outer loop
      vertex 28.244156414520084 1.7769717026795686 13
      vertex 29.194658060642247 1.8367721974693907 15
      vertex 28.076846047199723 3.5469305098698105 13
    endloop
  endfacet
  facet normal -0.8918261336611608 -0.14125138304671717 0.4297606241925554
    outer loop
      vertex 28.076846047199723 3.5469305098698105 13
      vertex 29.021717191308753 3.666295494216767 15
      vertex 27.798729195621892 5.302891202776007 13
    endloop
  endfacet
  facet normal -0.9024973108043639 -0.02836212059274802 0.42976062419255406
    outer loop
      vertex 28.244156414520084 1.7769717026795686 13
      vertex 29.252380952380953 0 15
      vertex 29.194658060642247 1.8367721974693907 15
    endloop
  endfacet
  facet normal -0.8989355662304204 -0.0849744294456791 0.42976062419255534
    outer loop
      vertex 28.076846047199723 3.5469305098698105 13
      vertex 29.194658060642247 1.8367721974693907 15
      vertex 29.021717191308753 3.666295494216767 15
    endloop
  endfacet
  facet normal -0.891826133661161 -0.14125138304671803 0.4297606241925548
    outer loop
      vertex 27.798729195621892 5.302891202776007 13
      vertex 29.021717191308753 3.666295494216767 15
      vertex 28.73424086298255 5.4813495976195545 15
    endloop
  endfacet
  facet normal -0.804527977980359 -0.40992747961128634 0.42976062419255373
    outer loop
      vertex 25.606605584788355 12.049553951291557 13
      vertex 26.46834563475599 12.455058038496388 15
      vertex 24.79947904524134 13.633628977078544 13
    endloop
  endfacet
  facet normal -0.8495615711196723 -0.30586098602191797 0.4297606241925547
    outer loop
      vertex 26.914899411152845 8.74518094081101 13
      vertex 27.820667521910135 9.039482840215724 15
      vertex 26.312674550637514 10.417924840976386 13
    endloop
  endfacet
  facet normal -0.8286799852068854 -0.35860185165604286 0.42976062419255395
    outer loop
      vertex 25.606605584788355 12.049553951291557 13
      vertex 26.312674550637514 10.417924840976386 13
      vertex 27.19817596576918 10.768519653057032 15
    endloop
  endfacet
  facet normal -0.8495615711196723 -0.3058609860219189 0.429760624192554
    outer loop
      vertex 26.312674550637514 10.417924840976386 13
      vertex 27.820667521910135 9.039482840215724 15
      vertex 27.19817596576918 10.768519653057032 15
    endloop
  endfacet
  facet normal -0.8286799852068854 -0.35860185165604325 0.42976062419255373
    outer loop
      vertex 25.606605584788355 12.049553951291557 13
      vertex 27.19817596576918 10.768519653057032 15
      vertex 26.46834563475599 12.455058038496388 15
    endloop
  endfacet
  facet normal -0.7772008663786153 -0.45963531108255495 0.42976062419255284
    outer loop
      vertex 23.894480291707026 15.163898297905606 13
      vertex 24.79947904524134 13.633628977078544 13
      vertex 25.634056835759303 14.092442000032557 15
    endloop
  endfacet
  facet normal -0.8045279779803589 -0.4099274796112877 0.42976062419255284
    outer loop
      vertex 24.79947904524134 13.633628977078544 13
      vertex 26.46834563475599 12.455058038496388 15
      vertex 25.634056835759303 14.092442000032557 15
    endloop
  endfacet
  facet normal -0.7772008663786157 -0.459635311082553 0.4297606241925542
    outer loop
      vertex 23.894480291707026 15.163898297905606 13
      vertex 25.634056835759303 14.092442000032557 15
      vertex 24.69860212551847 15.674209531218935 15
    endloop
  endfacet
  facet normal -0.5971268261002942 -0.6773074334783392 0.4297606241925543
    outer loop
      vertex 19.37268309778189 20.62981215602595 13
      vertex 20.024632722475882 21.324067991665387 15
      vertex 18.03909890988792 21.805524770554833 13
    endloop
  endfacet
  facet normal -0.5075291719683773 -0.7468064980265774 0.4297606241925534
    outer loop
      vertex 15.163898297905606 23.894480291707026 13
      vertex 16.63432263987699 22.895180940811013 13
      vertex 17.194118118250774 23.6656733164062 15
    endloop
  endfacet
  facet normal -0.5534200470804672 -0.713464825610261 0.4297606241925537
    outer loop
      vertex 16.63432263987699 22.895180940811013 13
      vertex 18.03909890988792 21.805524770554833 13
      vertex 18.646169376315243 22.539346906531772 15
    endloop
  endfacet
  facet normal -0.553420047080467 -0.7134648256102614 0.42976062419255334
    outer loop
      vertex 16.63432263987699 22.895180940811013 13
      vertex 18.646169376315243 22.539346906531772 15
      vertex 17.194118118250774 23.6656733164062 15
    endloop
  endfacet
  facet normal -0.5971268261002938 -0.6773074334783401 0.42976062419255373
    outer loop
      vertex 18.03909890988792 21.805524770554833 13
      vertex 20.024632722475882 21.324067991665387 15
      vertex 18.646169376315243 22.539346906531772 15
    endloop
  endfacet
  facet normal -0.6773074334783395 -0.5971268261002944 0.4297606241925537
    outer loop
      vertex 21.805524770554833 18.03909890988792 13
      vertex 22.539346906531772 18.646169376315243 15
      vertex 20.62981215602595 19.37268309778189 13
    endloop
  endfacet
  facet normal -0.6384770183388068 -0.6384770183388068 0.4297606241925545
    outer loop
      vertex 19.37268309778189 20.62981215602595 13
      vertex 20.62981215602595 19.37268309778189 13
      vertex 21.324067991665387 20.024632722475882 15
    endloop
  endfacet
  facet normal -0.7134648256102605 -0.5534200470804668 0.4297606241925552
    outer loop
      vertex 22.895180940811013 16.63432263987699 13
      vertex 23.665673316406203 17.194118118250778 15
      vertex 21.805524770554833 18.03909890988792 13
    endloop
  endfacet
  facet normal -0.6384770183388068 -0.6384770183388068 0.4297606241925544
    outer loop
      vertex 19.37268309778189 20.62981215602595 13
      vertex 21.324067991665387 20.024632722475882 15
      vertex 20.024632722475882 21.324067991665387 15
    endloop
  endfacet
  facet normal -0.6773074334783399 -0.5971268261002936 0.42976062419255434
    outer loop
      vertex 20.62981215602595 19.37268309778189 13
      vertex 22.539346906531772 18.646169376315243 15
      vertex 21.324067991665387 20.024632722475882 15
    endloop
  endfacet
  facet normal -0.7134648256102598 -0.5534200470804689 0.4297606241925537
    outer loop
      vertex 21.805524770554833 18.03909890988792 13
      vertex 23.665673316406203 17.194118118250778 15
      vertex 22.539346906531772 18.646169376315243 15
    endloop
  endfacet
  facet normal 0 -1 0
    outer loop
      vertex -28.252860600934973 -1.5 4.547139399065027
      vertex -28.252860600934973 -1.5 0
      vertex 28.252860600934973 -1.5 0
    endloop
  endfacet
  facet normal 0 0 -1
    outer loop
      vertex -28.3 0 0
      vertex 28.252860600934973 1.5 0
      vertex -28.252860600934973 -1.5 0
    endloop
  endfacet
  facet normal 0 0 -1
    outer loop
      vertex -28.3 0 0
      vertex -28.252860600934973 1.5 0
      vertex 28.252860600934973 1.5 0
    endloop
  endfacet
  facet normal 0 1 0
    outer loop
      vertex -28.252860600934973 1.5 4.547139399065028
      vertex 28.252860600934973 1.5 4.547139399065028
      vertex -28.252860600934973 1.5 0
    endloop
  endfacet
  facet normal 0 0 -1
    outer loop
      vertex 28.3 0 0
      vertex 28.252860600934973 -1.5 0
      vertex -28.252860600934973 -1.5 0
    endloop
  endfacet
  facet normal 0 -1 0
    outer loop
      vertex -28.252860600934973 -1.5 4.547139399065027
      vertex 28.252860600934973 -1.5 0
      vertex 28.252860600934973 -1.5 4.547139399065028
    endloop
  endfacet
  facet normal 0 0 -1
    outer loop
      vertex 28.3 0 0
      vertex -28.252860600934973 -1.5 0
      vertex 28.252860600934973 1.5 0
    endloop
  endfacet
  facet normal 0 1 0
    outer loop
      vertex 28.252860600934973 1.5 4.547139399065028
      vertex 28.252860600934973 1.5 0
      vertex -28.252860600934973 1.5 0
    endloop
  endfacet
  facet normal -1.5710624311723065e-17 0.03141075907812838 0.9995065603657316
    outer loop
      vertex -28.3 0 4.5
      vertex -28.252860600934973 -1.5 4.547139399065027
      vertex 28.252860600934973 -1.5 4.547139399065028
    endloop
  endfacet
  facet normal 0 -0.031410759078128965 0.9995065603657315
    outer loop
      vertex -28.252860600934973 1.5 4.547139399065028
      vertex -28.3 0 4.5
      vertex 28.3 0 4.5
    endloop
  endfacet
  facet normal 0 0.031410759078128965 0.9995065603657315
    outer loop
      vertex 28.252860600934973 -1.5 4.547139399065028
      vertex 28.3 0 4.5
      vertex -28.3 0 4.5
    endloop
  endfacet
  facet normal 0 -0.03141075907812897 0.9995065603657316
    outer loop
      vertex -28.252860600934973 1.5 4.547139399065028
      vertex 28.3 0 4.5
      vertex 28.252860600934973 1.5 4.547139399065028
    endloop
  endfacet
endsolid OpenSCAD_Model
