solid OpenSCAD_Model
  facet normal 0 0 1
    outer loop
      vertex -24.348218471714944 -20.142598076058594 -8
      vertex -23.03540862651661 -21.631688547346556 -8
      vertex -23.25923858827974 -16.8988260034086 -8
    endloop
  endfacet
  facet normal 0 0 1
    outer loop
      vertex -18.574013972442152 -25.56493702224834 -8
      vertex -16.9321267213363 -26.680762445863675 -8
      vertex -16.8988260034086 -23.25923858827974 -8
    endloop
  endfacet
  facet normal 0 0 1
    outer loop
      vertex -21.631688547346556 -23.03540862651661 -8
      vertex -20.142598076058594 -24.348218471714944 -8
      vertex -19.680729295449794 -20.957848038365587 -8
    endloop
  endfacet
  facet normal 0 0 1
    outer loop
      vertex -21.631688547346556 -23.03540862651661 -8
      vertex -22.152255729803944 -18.325939705274827 -8
      vertex -23.03540862651661 -21.631688547346556 -8
    endloop
  endfacet
  facet normal 0 0 1
    outer loop
      vertex -21.631688547346556 -23.03540862651661 -8
      vertex -19.680729295449794 -20.957848038365587 -8
      vertex -20.957848038365587 -19.680729295449794 -8
    endloop
  endfacet
  facet normal 0 0 1
    outer loop
      vertex -21.631688547346556 -23.03540862651661 -8
      vertex -20.957848038365587 -19.680729295449794 -8
      vertex -22.152255729803944 -18.325939705274827 -8
    endloop
  endfacet
  facet normal 0 0 1
    outer loop
      vertex -18.574013972442152 -25.56493702224834 -8
      vertex -18.325939705274827 -22.152255729803944 -8
      vertex -20.142598076058594 -24.348218471714944 -8
    endloop
  endfacet
  facet normal 0 0 1
    outer loop
      vertex -20.142598076058594 -24.348218471714944 -8
      vertex -18.325939705274827 -22.152255729803944 -8
      vertex -19.680729295449794 -20.957848038365587 -8
    endloop
  endfacet
  facet normal 0 0 1
    outer loop
      vertex -18.574013972442152 -25.56493702224834 -8
      vertex -16.8988260034086 -23.25923858827974 -8
      vertex -18.325939705274827 -22.152255729803944 -8
    endloop
  endfacet
  facet normal 0 0 1
    outer loop
      vertex -24.348218471714944 -20.142598076058594 -8
      vertex -24.27442785818293 -15.405020355646156 -8
      vertex -25.56493702224834 -18.574013972442152 -8
    endloop
  endfacet
  facet normal 0 0 1
    outer loop
      vertex -24.348218471714944 -20.142598076058594 -8
      vertex -23.25923858827974 -16.8988260034086 -8
      vertex -24.27442785818293 -15.405020355646156 -8
    endloop
  endfacet
  facet normal 0 0 1
    outer loop
      vertex -26.680762445863675 -16.9321267213363 -8
      vertex -25.56493702224834 -18.574013972442152 -8
      vertex -25.193817051261075 -13.850418130424318 -8
    endloop
  endfacet
  facet normal 0 0 1
    outer loop
      vertex -25.56493702224834 -18.574013972442152 -8
      vertex -24.27442785818293 -15.405020355646156 -8
      vertex -25.193817051261075 -13.850418130424318 -8
    endloop
  endfacet
  facet normal 0 0 1
    outer loop
      vertex -26.680762445863675 -16.9321267213363 -8
      vertex -25.193817051261075 -13.850418130424318 -8
      vertex -26.013777758398064 -12.241154632495833 -8
    endloop
  endfacet
  facet normal 0 0 1
    outer loop
      vertex -27.691291089386088 -15.223416101614207 -8
      vertex -27.846765882448143 -7.149834255989577 -8
      vertex -28.59253485792622 -13.45462561345629 -8
    endloop
  endfacet
  facet normal 0 0 1
    outer loop
      vertex -26.680762445863675 -16.9321267213363 -8
      vertex -26.73107396928723 -10.58358088968449 -8
      vertex -27.691291089386088 -15.223416101614207 -8
    endloop
  endfacet
  facet normal 0 0 1
    outer loop
      vertex -26.680762445863675 -16.9321267213363 -8
      vertex -26.013777758398064 -12.241154632495833 -8
      vertex -26.73107396928723 -10.58358088968449 -8
    endloop
  endfacet
  facet normal 0 0 1
    outer loop
      vertex -28.59253485792622 -13.45462561345629 -8
      vertex -28.240758458449797 -5.387212794339589 -8
      vertex -29.380936954068748 -11.632735864835821 -8
    endloop
  endfacet
  facet normal 0 0 1
    outer loop
      vertex -27.691291089386088 -15.223416101614207 -8
      vertex -26.73107396928723 -10.58358088968449 -8
      vertex -27.342874843485664 -8.884238588279738 -8
    endloop
  endfacet
  facet normal 0 0 1
    outer loop
      vertex -27.691291089386088 -15.223416101614207 -8
      vertex -27.342874843485664 -8.884238588279738 -8
      vertex -27.846765882448143 -7.149834255989577 -8
    endloop
  endfacet
  facet normal 0 0 1
    outer loop
      vertex -23.03540862651661 -21.631688547346556 -8
      vertex -22.152255729803944 -18.325939705274827 -8
      vertex -23.25923858827974 -16.8988260034086 -8
    endloop
  endfacet
  facet normal 0 0 -1
    outer loop
      vertex -29.825829669276683 -10.39699880981741 2
      vertex -30.053385914926853 -9.764937022248338 2
      vertex -29.501575129705955 -10.179409042971791 2
    endloop
  endfacet
  facet normal 0 0 1
    outer loop
      vertex -31.040277123026563 -5.921249540908905 -8
      vertex -31.28398234514274 -2.8981035746820876 -8
      vertex -31.238618743914294 -4.668969831605905 -8
    endloop
  endfacet
  facet normal 0 0 1
    outer loop
      vertex -30.053385914926853 -9.764937022248338 -8
      vertex -29.380936954068748 11.632735864835821 -8
      vertex -30.607227891664742 -7.858600434409413 -8
    endloop
  endfacet
  facet normal 0 0 1
    outer loop
      vertex -31.040277123026563 -5.921249540908905 -8
      vertex -30.607227891664742 7.858600434409413 -8
      vertex -31.28398234514274 -2.8981035746820876 -8
    endloop
  endfacet
  facet normal 0 0 1
    outer loop
      vertex -31.28398234514274 -2.8981035746820876 -8
      vertex -31.238618743914294 4.668969831605903 -8
      vertex -31.53315778360524 1.0624266059498988 -8
    endloop
  endfacet
  facet normal 0 0 1
    outer loop
      vertex -30.607227891664742 -7.858600434409413 -8
      vertex -30.053385914926853 9.764937022248338 -8
      vertex -31.040277123026563 -5.921249540908905 -8
    endloop
  endfacet
  facet normal 0 0 1
    outer loop
      vertex -31.28398234514274 -2.8981035746820876 -8
      vertex -31.040277123026563 5.921249540908905 -8
      vertex -31.238618743914294 4.668969831605903 -8
    endloop
  endfacet
  facet normal 0 0 1
    outer loop
      vertex -31.28398234514274 -2.8981035746820876 -8
      vertex -30.607227891664742 7.858600434409413 -8
      vertex -31.040277123026563 5.921249540908905 -8
    endloop
  endfacet
  facet normal 0 0 1
    outer loop
      vertex -31.040277123026563 -5.921249540908905 -8
      vertex -30.053385914926853 9.764937022248338 -8
      vertex -30.607227891664742 7.858600434409413 -8
    endloop
  endfacet
  facet normal 0 0 1
    outer loop
      vertex -30.607227891664742 -7.858600434409413 -8
      vertex -29.380936954068748 11.632735864835821 -8
      vertex -30.053385914926853 9.764937022248338 -8
    endloop
  endfacet
  facet normal 0 0 1
    outer loop
      vertex -28.59253485792622 -13.45462561345629 -8
      vertex -27.846765882448143 -7.149834255989577 -8
      vertex -28.240758458449797 -5.387212794339589 -8
    endloop
  endfacet
  facet normal 0 0 1
    outer loop
      vertex -29.380936954068748 -11.632735864835821 -8
      vertex -28.240758458449797 -5.387212794339589 -8
      vertex -28.52329766279124 -3.603330464973742 -8
    endloop
  endfacet
  facet normal 0 0 1
    outer loop
      vertex -29.380936954068748 -11.632735864835821 -8
      vertex -28.52329766279124 -3.603330464973742 -8
      vertex -28.693268442312807 -1.8052274364677567 -8
    endloop
  endfacet
  facet normal 0 0 1
    outer loop
      vertex -29.380936954068748 -11.632735864835821 -8
      vertex -28.693268442312807 -1.8052274364677567 -8
      vertex -28.75 0 -8
    endloop
  endfacet
  facet normal 0 0 1
    outer loop
      vertex -30.053385914926853 -9.764937022248338 -8
      vertex -29.380936954068748 -11.632735864835821 -8
      vertex -28.59253485792622 13.45462561345629 -8
    endloop
  endfacet
  facet normal 0 0 1
    outer loop
      vertex -29.380936954068748 -11.632735864835821 -8
      vertex -28.75 0 -8
      vertex -28.59253485792622 13.45462561345629 -8
    endloop
  endfacet
  facet normal 0 0 1
    outer loop
      vertex -30.053385914926853 -9.764937022248338 -8
      vertex -28.59253485792622 13.45462561345629 -8
      vertex -29.380936954068748 11.632735864835821 -8
    endloop
  endfacet
  facet normal 0 0 1
    outer loop
      vertex -28.59253485792622 13.45462561345629 -8
      vertex -28.75 0 -8
      vertex -28.693268442312807 1.8052274364677567 -8
    endloop
  endfacet
  facet normal 0 0 1
    outer loop
      vertex -28.59253485792622 13.45462561345629 -8
      vertex -28.693268442312807 1.8052274364677567 -8
      vertex -28.52329766279124 3.603330464973742 -8
    endloop
  endfacet
  facet normal 0 0 1
    outer loop
      vertex -28.59253485792622 13.45462561345629 -8
      vertex -28.52329766279124 3.603330464973742 -8
      vertex -28.240758458449797 5.387212794339589 -8
    endloop
  endfacet
  facet normal 0 0 1
    outer loop
      vertex -28.59253485792622 13.45462561345629 -8
      vertex -28.240758458449797 5.387212794339589 -8
      vertex -27.846765882448143 7.149834255989577 -8
    endloop
  endfacet
  facet normal 0 0 1
    outer loop
      vertex -28.59253485792622 13.45462561345629 -8
      vertex -27.846765882448143 7.149834255989577 -8
      vertex -27.342874843485664 8.884238588279738 -8
    endloop
  endfacet
  facet normal 0 0 -1
    outer loop
      vertex -29.501575129705955 -10.179409042971791 2
      vertex -30.053385914926853 -9.764937022248338 2
      vertex -28.89688283373971 -3.6193082098640783 2
    endloop
  endfacet
  facet normal 0 0 -1
    outer loop
      vertex -30.053385914926853 -9.764937022248338 2
      vertex -30.607227891664742 -7.858600434409413 2
      vertex -28.89688283373971 -3.6193082098640783 2
    endloop
  endfacet
  facet normal 0 0 -1
    outer loop
      vertex -30.607227891664742 -7.858600434409413 2
      vertex -31.040277123026563 -5.921249540908905 2
      vertex -28.89688283373971 -3.6193082098640783 2
    endloop
  endfacet
  facet normal 0 0 -1
    outer loop
      vertex -31.040277123026563 -5.921249540908905 2
      vertex -31.217429471634034 -4.8027536315602495 2
      vertex -28.89688283373971 -3.6193082098640783 2
    endloop
  endfacet
  facet normal 0 0 -1
    outer loop
      vertex -31.217429471634034 4.802753631560249 2
      vertex -31.040277123026563 5.921249540908905 2
      vertex -30.607227891664742 7.858600434409413 2
    endloop
  endfacet
  facet normal 0 0 -1
    outer loop
      vertex -31.217429471634034 4.802753631560249 2
      vertex -29.380936954068748 11.632735864835821 2
      vertex -28.89688283373971 3.619308209864078 2
    endloop
  endfacet
  facet normal 0 0 -1
    outer loop
      vertex -31.217429471634034 4.802753631560249 2
      vertex -30.607227891664742 7.858600434409413 2
      vertex -30.053385914926853 9.764937022248338 2
    endloop
  endfacet
  facet normal 0 0 -1
    outer loop
      vertex -31.217429471634034 4.802753631560249 2
      vertex -30.053385914926853 9.764937022248338 2
      vertex -29.380936954068748 11.632735864835821 2
    endloop
  endfacet
  facet normal 0 0 -1
    outer loop
      vertex -29.501575129705955 -10.179409042971791 2
      vertex -27.846765882448143 -7.149834255989577 2
      vertex -27.960910081911017 -9.332421265475727 2
    endloop
  endfacet
  facet normal 0 0 -1
    outer loop
      vertex -29.501575129705955 -10.179409042971791 2
      vertex -28.240758458449797 -5.387212794339589 2
      vertex -27.846765882448143 -7.149834255989577 2
    endloop
  endfacet
  facet normal 0 0 -1
    outer loop
      vertex -27.960910081911017 -9.332421265475727 2
      vertex -27.342874843485664 -8.884238588279738 2
      vertex -27.278755423128807 -9.062337129731999 2
    endloop
  endfacet
  facet normal 0 0 -1
    outer loop
      vertex -27.960910081911017 -9.332421265475727 2
      vertex -27.846765882448143 -7.149834255989577 2
      vertex -27.342874843485664 -8.884238588279738 2
    endloop
  endfacet
  facet normal 0 0 -1
    outer loop
      vertex -29.501575129705955 -10.179409042971791 2
      vertex -28.89688283373971 -3.6193082098640783 2
      vertex -28.240758458449797 -5.387212794339589 2
    endloop
  endfacet
  facet normal 0 0 -1
    outer loop
      vertex -28.89688283373971 -3.6193082098640783 2
      vertex -28.52329766279124 -3.603330464973742 2
      vertex -28.240758458449797 -5.387212794339589 2
    endloop
  endfacet
  facet normal 0 0 -1
    outer loop
      vertex -28.89688283373971 -3.6193082098640783 2
      vertex -28.540317017956557 -3.42328449382438 2
      vertex -28.52329766279124 -3.603330464973742 2
    endloop
  endfacet
  facet normal 0 0 -1
    outer loop
      vertex -28.89688283373971 3.619308209864078 2
      vertex -28.52329766279124 3.603330464973742 2
      vertex -28.540317017956557 3.423284493824379 2
    endloop
  endfacet
  facet normal 0 0 -1
    outer loop
      vertex -28.89688283373971 3.619308209864078 2
      vertex -29.380936954068748 11.632735864835821 2
      vertex -28.52329766279124 3.603330464973742 2
    endloop
  endfacet
  facet normal 0 0 -1
    outer loop
      vertex -29.380936954068748 11.632735864835821 2
      vertex -28.240758458449797 5.387212794339589 2
      vertex -28.52329766279124 3.603330464973742 2
    endloop
  endfacet
  facet normal 0 0 -1
    outer loop
      vertex -28.59253485792622 13.45462561345629 2
      vertex -27.846765882448143 7.149834255989577 2
      vertex -28.240758458449797 5.387212794339589 2
    endloop
  endfacet
  facet normal 0 0 -1
    outer loop
      vertex -28.59253485792622 13.45462561345629 2
      vertex -27.342874843485664 8.884238588279738 2
      vertex -27.846765882448143 7.149834255989577 2
    endloop
  endfacet
  facet normal 0 0 -1
    outer loop
      vertex -29.380936954068748 11.632735864835821 2
      vertex -28.59253485792622 13.45462561345629 2
      vertex -28.240758458449797 5.387212794339589 2
    endloop
  endfacet
  facet normal 0 0 -1
    outer loop
      vertex -28.59253485792622 13.45462561345629 2
      vertex -26.73107396928723 10.58358088968449 2
      vertex -27.342874843485664 8.884238588279738 2
    endloop
  endfacet
  facet normal 0 0 1
    outer loop
      vertex -28.59253485792622 13.45462561345629 -8
      vertex -27.342874843485664 8.884238588279738 -8
      vertex -27.691291089386088 15.223416101614207 -8
    endloop
  endfacet
  facet normal 0 0 1
    outer loop
      vertex -27.691291089386088 15.223416101614207 -8
      vertex -27.342874843485664 8.884238588279738 -8
      vertex -26.73107396928723 10.58358088968449 -8
    endloop
  endfacet
  facet normal 0 0 1
    outer loop
      vertex -27.691291089386088 15.223416101614207 -8
      vertex -26.73107396928723 10.58358088968449 -8
      vertex -26.013777758398064 12.241154632495833 -8
    endloop
  endfacet
  facet normal 0 0 1
    outer loop
      vertex -27.691291089386088 15.223416101614207 -8
      vertex -26.013777758398064 12.241154632495833 -8
      vertex -25.659226417386698 12.937000819105679 -8
    endloop
  endfacet
  facet normal 0 0 1
    outer loop
      vertex -27.691291089386088 15.223416101614207 -8
      vertex -25.659226417386698 12.937000819105679 -8
      vertex -27.4726144244963 15.593178148417884 -8
    endloop
  endfacet
  facet normal 0 0 -1
    outer loop
      vertex -28.59253485792622 13.45462561345629 2
      vertex -26.013777758398064 12.241154632495833 2
      vertex -26.73107396928723 10.58358088968449 2
    endloop
  endfacet
  facet normal 0 0 -1
    outer loop
      vertex -28.59253485792622 13.45462561345629 2
      vertex -27.691291089386088 15.223416101614207 2
      vertex -26.013777758398064 12.241154632495833 2
    endloop
  endfacet
  facet normal 0 0 -1
    outer loop
      vertex -27.691291089386088 15.223416101614207 2
      vertex -25.659226417386698 12.937000819105679 2
      vertex -26.013777758398064 12.241154632495833 2
    endloop
  endfacet
  facet normal 0 0 -1
    outer loop
      vertex -27.691291089386088 15.223416101614207 2
      vertex -27.4726144244963 15.593178148417884 2
      vertex -25.659226417386698 12.937000819105679 2
    endloop
  endfacet
  facet normal 0 0 1
    outer loop
      vertex -7.858600434409413 -30.607227891664742 -8
      vertex -5.921249540908905 -31.040277123026563 -8
      vertex -7.149834255989577 -27.846765882448143 -8
    endloop
  endfacet
  facet normal 0 0 1
    outer loop
      vertex -5.921249540908905 -31.040277123026563 -8
      vertex -3.960530180632009 -31.350824561537504 -8
      vertex -5.387212794339589 -28.240758458449797 -8
    endloop
  endfacet
  facet normal 0 0 1
    outer loop
      vertex -3.960530180632009 -31.350824561537504 -8
      vertex -1.9841804171263149 -31.53764461833338 -8
      vertex -3.603330464973742 -28.52329766279124 -8
    endloop
  endfacet
  facet normal 0 0 1
    outer loop
      vertex -1.9841804171263149 -31.53764461833338 -8
      vertex 0 -31.6 -8
      vertex -1.8052274364677707 -28.693268442312807 -8
    endloop
  endfacet
  facet normal 0 0 1
    outer loop
      vertex 0 -31.6 -8
      vertex 0 -28.75 -8
      vertex -1.8052274364677707 -28.693268442312807 -8
    endloop
  endfacet
  facet normal 0 0 1
    outer loop
      vertex 0 -31.6 -8
      vertex 1.9841804171263149 -31.53764461833338 -8
      vertex 0 -28.75 -8
    endloop
  endfacet
  facet normal 0 0 1
    outer loop
      vertex 1.9841804171263149 -31.53764461833338 -8
      vertex 1.8052274364677705 -28.693268442312807 -8
      vertex 0 -28.75 -8
    endloop
  endfacet
  facet normal 0 0 1
    outer loop
      vertex 1.9841804171263149 -31.53764461833338 -8
      vertex 3.960530180632009 -31.350824561537504 -8
      vertex 1.8052274364677705 -28.693268442312807 -8
    endloop
  endfacet
  facet normal 0 0 1
    outer loop
      vertex 3.960530180632009 -31.350824561537504 -8
      vertex 5.921249540908905 -31.040277123026563 -8
      vertex 3.603330464973742 -28.52329766279124 -8
    endloop
  endfacet
  facet normal 0 0 1
    outer loop
      vertex 5.921249540908905 -31.040277123026563 -8
      vertex 7.8586004344094 -30.607227891664746 -8
      vertex 5.387212794339589 -28.240758458449797 -8
    endloop
  endfacet
  facet normal 0 0 -1
    outer loop
      vertex -9.764937022248338 -30.053385914926853 2
      vertex -9.731706479385911 -28.744551437424015 2
      vertex -7.858600434409413 -30.607227891664742 2
    endloop
  endfacet
  facet normal 0 0 -1
    outer loop
      vertex -7.858600434409413 -30.607227891664742 2
      vertex -5.387212794339589 -28.240758458449797 2
      vertex -5.921249540908905 -31.040277123026563 2
    endloop
  endfacet
  facet normal 0 0 -1
    outer loop
      vertex -5.921249540908905 -31.040277123026563 2
      vertex -3.603330464973742 -28.52329766279124 2
      vertex -3.960530180632009 -31.350824561537504 2
    endloop
  endfacet
  facet normal 0 0 -1
    outer loop
      vertex -3.960530180632009 -31.350824561537504 2
      vertex -1.8052274364677707 -28.693268442312807 2
      vertex -1.9841804171263149 -31.53764461833338 2
    endloop
  endfacet
  facet normal 0 0 -1
    outer loop
      vertex -1.9841804171263149 -31.53764461833338 2
      vertex -1.8052274364677707 -28.693268442312807 2
      vertex 0 -28.75 2
    endloop
  endfacet
  facet normal 0 0 -1
    outer loop
      vertex -1.9841804171263149 -31.53764461833338 2
      vertex 0 -28.75 2
      vertex 0 -31.6 2
    endloop
  endfacet
  facet normal 0 0 -1
    outer loop
      vertex 0 -31.6 2
      vertex 0 -28.75 2
      vertex 1.8052274364677707 -28.693268442312807 2
    endloop
  endfacet
  facet normal 0 0 -1
    outer loop
      vertex 0 -31.6 2
      vertex 1.8052274364677707 -28.693268442312807 2
      vertex 1.9841804171263149 -31.53764461833338 2
    endloop
  endfacet
  facet normal 0 0 -1
    outer loop
      vertex 1.9841804171263149 -31.53764461833338 2
      vertex 3.603330464973742 -28.52329766279124 2
      vertex 3.960530180632009 -31.350824561537504 2
    endloop
  endfacet
  facet normal 0 0 -1
    outer loop
      vertex 3.960530180632009 -31.350824561537504 2
      vertex 5.387212794339589 -28.240758458449797 2
      vertex 5.921249540908905 -31.040277123026563 2
    endloop
  endfacet
  facet normal 0 0 -1
    outer loop
      vertex 5.921249540908905 -31.040277123026563 2
      vertex 7.149834255989565 -27.846765882448146 2
      vertex 7.8586004344094 -30.607227891664746 2
    endloop
  endfacet
  facet normal 0 0 1
    outer loop
      vertex -15.223416101614207 -27.691291089386088 -8
      vertex -13.45462561345629 -28.59253485792622 -8
      vertex -13.850418130424318 -25.193817051261075 -8
    endloop
  endfacet
  facet normal 0 0 1
    outer loop
      vertex -15.223416101614207 -27.691291089386088 -8
      vertex -15.405020355646156 -24.27442785818293 -8
      vertex -16.9321267213363 -26.680762445863675 -8
    endloop
  endfacet
  facet normal 0 0 1
    outer loop
      vertex -16.9321267213363 -26.680762445863675 -8
      vertex -15.405020355646156 -24.27442785818293 -8
      vertex -16.8988260034086 -23.25923858827974 -8
    endloop
  endfacet
  facet normal 0 0 1
    outer loop
      vertex -15.223416101614207 -27.691291089386088 -8
      vertex -13.850418130424318 -25.193817051261075 -8
      vertex -15.405020355646156 -24.27442785818293 -8
    endloop
  endfacet
  facet normal 0 0 1
    outer loop
      vertex -13.45462561345629 -28.59253485792622 -8
      vertex -11.632735864835821 -29.380936954068748 -8
      vertex -12.241154632495833 -26.013777758398064 -8
    endloop
  endfacet
  facet normal 0 0 1
    outer loop
      vertex -11.632735864835821 -29.380936954068748 -8
      vertex -10.58358088968449 -26.73107396928723 -8
      vertex -12.241154632495833 -26.013777758398064 -8
    endloop
  endfacet
  facet normal 0 0 1
    outer loop
      vertex -13.45462561345629 -28.59253485792622 -8
      vertex -12.241154632495833 -26.013777758398064 -8
      vertex -13.850418130424318 -25.193817051261075 -8
    endloop
  endfacet
  facet normal 0 0 1
    outer loop
      vertex -9.764937022248338 -30.053385914926853 -8
      vertex -10.58358088968449 -26.73107396928723 -8
      vertex -11.632735864835821 -29.380936954068748 -8
    endloop
  endfacet
  facet normal 0 0 1
    outer loop
      vertex -9.764937022248338 -30.053385914926853 -8
      vertex -8.884238588279738 -27.342874843485664 -8
      vertex -10.58358088968449 -26.73107396928723 -8
    endloop
  endfacet
  facet normal 0 0 1
    outer loop
      vertex -9.764937022248338 -30.053385914926853 -8
      vertex -7.858600434409413 -30.607227891664742 -8
      vertex -8.884238588279738 -27.342874843485664 -8
    endloop
  endfacet
  facet normal 0 0 1
    outer loop
      vertex -7.858600434409413 -30.607227891664742 -8
      vertex -7.149834255989577 -27.846765882448143 -8
      vertex -8.884238588279738 -27.342874843485664 -8
    endloop
  endfacet
  facet normal 0 0 1
    outer loop
      vertex -5.921249540908905 -31.040277123026563 -8
      vertex -5.387212794339589 -28.240758458449797 -8
      vertex -7.149834255989577 -27.846765882448143 -8
    endloop
  endfacet
  facet normal 0 0 1
    outer loop
      vertex -3.960530180632009 -31.350824561537504 -8
      vertex -3.603330464973742 -28.52329766279124 -8
      vertex -5.387212794339589 -28.240758458449797 -8
    endloop
  endfacet
  facet normal 0 0 1
    outer loop
      vertex -1.9841804171263149 -31.53764461833338 -8
      vertex -1.8052274364677707 -28.693268442312807 -8
      vertex -3.603330464973742 -28.52329766279124 -8
    endloop
  endfacet
  facet normal 0 0 1
    outer loop
      vertex 3.960530180632009 -31.350824561537504 -8
      vertex 3.603330464973742 -28.52329766279124 -8
      vertex 1.8052274364677705 -28.693268442312807 -8
    endloop
  endfacet
  facet normal 0 0 1
    outer loop
      vertex 5.921249540908905 -31.040277123026563 -8
      vertex 5.387212794339589 -28.240758458449797 -8
      vertex 3.603330464973742 -28.52329766279124 -8
    endloop
  endfacet
  facet normal 0 0 1
    outer loop
      vertex 7.8586004344094 -30.607227891664746 -8
      vertex 7.149834255989565 -27.846765882448146 -8
      vertex 5.387212794339589 -28.240758458449797 -8
    endloop
  endfacet
  facet normal 0 0 -1
    outer loop
      vertex -10.414018014422984 -29.81970237859061 2
      vertex -9.731706479385911 -28.744551437424015 2
      vertex -9.764937022248338 -30.053385914926853 2
    endloop
  endfacet
  facet normal 0 0 -1
    outer loop
      vertex -7.858600434409413 -30.607227891664742 2
      vertex -9.731706479385911 -28.744551437424015 2
      vertex -8.884238588279738 -27.342874843485664 2
    endloop
  endfacet
  facet normal 0 0 -1
    outer loop
      vertex -9.731706479385911 -28.744551437424015 2
      vertex -9.044907967958391 -27.285030307477196 2
      vertex -8.884238588279738 -27.342874843485664 2
    endloop
  endfacet
  facet normal 0 0 -1
    outer loop
      vertex -7.858600434409413 -30.607227891664742 2
      vertex -8.884238588279738 -27.342874843485664 2
      vertex -7.149834255989577 -27.846765882448143 2
    endloop
  endfacet
  facet normal 0 0 -1
    outer loop
      vertex -7.858600434409413 -30.607227891664742 2
      vertex -7.149834255989577 -27.846765882448143 2
      vertex -5.387212794339589 -28.240758458449797 2
    endloop
  endfacet
  facet normal 0 0 -1
    outer loop
      vertex -5.921249540908905 -31.040277123026563 2
      vertex -5.387212794339589 -28.240758458449797 2
      vertex -3.603330464973742 -28.52329766279124 2
    endloop
  endfacet
  facet normal 0 0 -1
    outer loop
      vertex -3.960530180632009 -31.350824561537504 2
      vertex -3.603330464973742 -28.52329766279124 2
      vertex -1.8052274364677707 -28.693268442312807 2
    endloop
  endfacet
  facet normal 0 0 -1
    outer loop
      vertex 1.9841804171263149 -31.53764461833338 2
      vertex 1.8052274364677707 -28.693268442312807 2
      vertex 3.603330464973742 -28.52329766279124 2
    endloop
  endfacet
  facet normal 0 0 -1
    outer loop
      vertex 3.960530180632009 -31.350824561537504 2
      vertex 3.603330464973742 -28.52329766279124 2
      vertex 5.387212794339589 -28.240758458449797 2
    endloop
  endfacet
  facet normal 0 0 -1
    outer loop
      vertex 5.921249540908905 -31.040277123026563 2
      vertex 5.387212794339589 -28.240758458449797 2
      vertex 7.149834255989565 -27.846765882448146 2
    endloop
  endfacet
  facet normal 0 0 1
    outer loop
      vertex 7.8586004344094 -30.607227891664746 -8
      vertex 8.884238588279738 -27.342874843485664 -8
      vertex 7.149834255989565 -27.846765882448146 -8
    endloop
  endfacet
  facet normal 0 0 1
    outer loop
      vertex 7.8586004344094 -30.607227891664746 -8
      vertex 9.764937022248338 -30.053385914926853 -8
      vertex 8.884238588279738 -27.342874843485664 -8
    endloop
  endfacet
  facet normal 0 0 1
    outer loop
      vertex 9.764937022248338 -30.053385914926853 -8
      vertex 10.583580889684503 -26.731073969287223 -8
      vertex 8.884238588279738 -27.342874843485664 -8
    endloop
  endfacet
  facet normal 0 0 1
    outer loop
      vertex 9.764937022248338 -30.053385914926853 -8
      vertex 11.632735864835837 -29.38093695406874 -8
      vertex 10.583580889684503 -26.731073969287223 -8
    endloop
  endfacet
  facet normal 0 0 1
    outer loop
      vertex 11.632735864835837 -29.38093695406874 -8
      vertex 12.241154632495833 -26.013777758398064 -8
      vertex 10.583580889684503 -26.731073969287223 -8
    endloop
  endfacet
  facet normal 0 0 1
    outer loop
      vertex 11.632735864835837 -29.38093695406874 -8
      vertex 13.45462561345629 -28.59253485792622 -8
      vertex 12.241154632495833 -26.013777758398064 -8
    endloop
  endfacet
  facet normal 0 0 1
    outer loop
      vertex 13.45462561345629 -28.59253485792622 -8
      vertex 13.850418130424318 -25.193817051261075 -8
      vertex 12.241154632495833 -26.013777758398064 -8
    endloop
  endfacet
  facet normal 0 0 1
    outer loop
      vertex 13.45462561345629 -28.59253485792622 -8
      vertex 15.223416101614207 -27.691291089386088 -8
      vertex 13.850418130424318 -25.193817051261075 -8
    endloop
  endfacet
  facet normal 0 0 1
    outer loop
      vertex 15.223416101614207 -27.691291089386088 -8
      vertex 16.93212672133628 -26.680762445863685 -8
      vertex 15.40502035564614 -24.27442785818294 -8
    endloop
  endfacet
  facet normal 0 0 1
    outer loop
      vertex 15.223416101614207 -27.691291089386088 -8
      vertex 15.40502035564614 -24.27442785818294 -8
      vertex 13.850418130424318 -25.193817051261075 -8
    endloop
  endfacet
  facet normal 0 0 1
    outer loop
      vertex 16.93212672133628 -26.680762445863685 -8
      vertex 16.8988260034086 -23.25923858827974 -8
      vertex 15.40502035564614 -24.27442785818294 -8
    endloop
  endfacet
  facet normal 0 0 1
    outer loop
      vertex 16.93212672133628 -26.680762445863685 -8
      vertex 18.574013972442152 -25.56493702224834 -8
      vertex 16.8988260034086 -23.25923858827974 -8
    endloop
  endfacet
  facet normal 0 0 1
    outer loop
      vertex 18.574013972442152 -25.56493702224834 -8
      vertex 18.325939705274838 -22.152255729803933 -8
      vertex 16.8988260034086 -23.25923858827974 -8
    endloop
  endfacet
  facet normal 0 0 1
    outer loop
      vertex 18.574013972442152 -25.56493702224834 -8
      vertex 20.142598076058604 -24.348218471714933 -8
      vertex 18.325939705274838 -22.152255729803933 -8
    endloop
  endfacet
  facet normal 0 0 1
    outer loop
      vertex 20.142598076058604 -24.348218471714933 -8
      vertex 19.680729295449794 -20.957848038365587 -8
      vertex 18.325939705274838 -22.152255729803933 -8
    endloop
  endfacet
  facet normal 0 0 1
    outer loop
      vertex 20.142598076058604 -24.348218471714933 -8
      vertex 21.631688547346556 -23.03540862651661 -8
      vertex 19.680729295449794 -20.957848038365587 -8
    endloop
  endfacet
  facet normal 0 0 1
    outer loop
      vertex 21.631688547346556 -23.03540862651661 -8
      vertex 20.957848038365587 -19.680729295449794 -8
      vertex 19.680729295449794 -20.957848038365587 -8
    endloop
  endfacet
  facet normal 0 0 1
    outer loop
      vertex 21.631688547346556 -23.03540862651661 -8
      vertex 23.03540862651661 -21.631688547346556 -8
      vertex 20.957848038365587 -19.680729295449794 -8
    endloop
  endfacet
  facet normal 0 0 1
    outer loop
      vertex 23.03540862651661 -21.631688547346556 -8
      vertex 22.152255729803933 -18.325939705274838 -8
      vertex 20.957848038365587 -19.680729295449794 -8
    endloop
  endfacet
  facet normal 0 0 1
    outer loop
      vertex 23.03540862651661 -21.631688547346556 -8
      vertex 24.348218471714933 -20.142598076058604 -8
      vertex 23.25923858827974 -16.8988260034086 -8
    endloop
  endfacet
  facet normal 0 0 1
    outer loop
      vertex 23.03540862651661 -21.631688547346556 -8
      vertex 23.25923858827974 -16.8988260034086 -8
      vertex 22.152255729803933 -18.325939705274838 -8
    endloop
  endfacet
  facet normal 0 0 1
    outer loop
      vertex 24.348218471714933 -20.142598076058604 -8
      vertex 24.27442785818294 -15.40502035564614 -8
      vertex 23.25923858827974 -16.8988260034086 -8
    endloop
  endfacet
  facet normal 0 0 1
    outer loop
      vertex 24.348218471714933 -20.142598076058604 -8
      vertex 25.56493702224834 -18.574013972442152 -8
      vertex 24.27442785818294 -15.40502035564614 -8
    endloop
  endfacet
  facet normal 0 0 1
    outer loop
      vertex 25.56493702224834 -18.574013972442152 -8
      vertex 25.193817051261075 -13.850418130424318 -8
      vertex 24.27442785818294 -15.40502035564614 -8
    endloop
  endfacet
  facet normal 0 0 1
    outer loop
      vertex 25.56493702224834 -18.574013972442152 -8
      vertex 26.680762445863685 -16.93212672133628 -8
      vertex 26.013777758398064 -12.241154632495833 -8
    endloop
  endfacet
  facet normal 0 0 1
    outer loop
      vertex 25.56493702224834 -18.574013972442152 -8
      vertex 26.013777758398064 -12.241154632495833 -8
      vertex 25.193817051261075 -13.850418130424318 -8
    endloop
  endfacet
  facet normal 0 0 1
    outer loop
      vertex 26.680762445863685 -16.93212672133628 -8
      vertex 26.731073969287223 -10.583580889684503 -8
      vertex 26.013777758398064 -12.241154632495833 -8
    endloop
  endfacet
  facet normal 0 0 1
    outer loop
      vertex 26.680762445863685 -16.93212672133628 -8
      vertex 27.691291089386088 -15.223416101614207 -8
      vertex 26.731073969287223 -10.583580889684503 -8
    endloop
  endfacet
  facet normal 0 0 1
    outer loop
      vertex 27.691291089386088 -15.223416101614207 -8
      vertex 27.342874843485664 -8.884238588279738 -8
      vertex 26.731073969287223 -10.583580889684503 -8
    endloop
  endfacet
  facet normal 0 0 1
    outer loop
      vertex 27.691291089386088 -15.223416101614207 -8
      vertex 28.59253485792622 -13.45462561345629 -8
      vertex 28.240758458449797 -5.387212794339589 -8
    endloop
  endfacet
  facet normal 0 0 1
    outer loop
      vertex 27.691291089386088 -15.223416101614207 -8
      vertex 27.846765882448146 -7.149834255989565 -8
      vertex 27.342874843485664 -8.884238588279738 -8
    endloop
  endfacet
  facet normal 0 0 1
    outer loop
      vertex 27.691291089386088 -15.223416101614207 -8
      vertex 28.240758458449797 -5.387212794339589 -8
      vertex 27.846765882448146 -7.149834255989565 -8
    endloop
  endfacet
  facet normal 0 0 -1
    outer loop
      vertex 7.8586004344094 -30.607227891664746 2
      vertex 7.149834255989565 -27.846765882448146 2
      vertex 8.884238588279738 -27.342874843485664 2
    endloop
  endfacet
  facet normal 0 0 -1
    outer loop
      vertex 7.8586004344094 -30.607227891664746 2
      vertex 8.884238588279738 -27.342874843485664 2
      vertex 9.764937022248338 -30.053385914926853 2
    endloop
  endfacet
  facet normal 0 0 -1
    outer loop
      vertex 9.764937022248338 -30.053385914926853 2
      vertex 8.884238588279738 -27.342874843485664 2
      vertex 10.583580889684503 -26.731073969287223 2
    endloop
  endfacet
  facet normal 0 0 -1
    outer loop
      vertex 9.764937022248338 -30.053385914926853 2
      vertex 10.583580889684503 -26.731073969287223 2
      vertex 11.632735864835837 -29.38093695406874 2
    endloop
  endfacet
  facet normal 0 0 -1
    outer loop
      vertex 11.632735864835837 -29.38093695406874 2
      vertex 10.583580889684503 -26.731073969287223 2
      vertex 12.241154632495833 -26.013777758398064 2
    endloop
  endfacet
  facet normal 0 0 -1
    outer loop
      vertex 11.632735864835837 -29.38093695406874 2
      vertex 12.241154632495833 -26.013777758398064 2
      vertex 13.45462561345629 -28.59253485792622 2
    endloop
  endfacet
  facet normal 0 0 -1
    outer loop
      vertex 13.45462561345629 -28.59253485792622 2
      vertex 12.241154632495833 -26.013777758398064 2
      vertex 13.850418130424318 -25.193817051261075 2
    endloop
  endfacet
  facet normal 0 0 -1
    outer loop
      vertex 13.45462561345629 -28.59253485792622 2
      vertex 13.850418130424318 -25.193817051261075 2
      vertex 15.223416101614207 -27.691291089386088 2
    endloop
  endfacet
  facet normal 0 0 -1
    outer loop
      vertex 15.223416101614207 -27.691291089386088 2
      vertex 15.40502035564614 -24.27442785818294 2
      vertex 16.93212672133628 -26.680762445863685 2
    endloop
  endfacet
  facet normal 0 0 -1
    outer loop
      vertex 15.223416101614207 -27.691291089386088 2
      vertex 13.850418130424318 -25.193817051261075 2
      vertex 15.40502035564614 -24.27442785818294 2
    endloop
  endfacet
  facet normal 0 0 -1
    outer loop
      vertex 16.93212672133628 -26.680762445863685 2
      vertex 15.40502035564614 -24.27442785818294 2
      vertex 16.8988260034086 -23.25923858827974 2
    endloop
  endfacet
  facet normal 0 0 -1
    outer loop
      vertex 16.93212672133628 -26.680762445863685 2
      vertex 16.8988260034086 -23.25923858827974 2
      vertex 18.574013972442152 -25.56493702224834 2
    endloop
  endfacet
  facet normal 0 0 -1
    outer loop
      vertex 18.574013972442152 -25.56493702224834 2
      vertex 16.8988260034086 -23.25923858827974 2
      vertex 18.325939705274838 -22.152255729803933 2
    endloop
  endfacet
  facet normal 0 0 -1
    outer loop
      vertex 18.574013972442152 -25.56493702224834 2
      vertex 18.325939705274838 -22.152255729803933 2
      vertex 19.680729295449794 -20.957848038365587 2
    endloop
  endfacet
  facet normal 0 0 -1
    outer loop
      vertex 18.574013972442152 -25.56493702224834 2
      vertex 19.680729295449794 -20.957848038365587 2
      vertex 20.142598076058604 -24.348218471714933 2
    endloop
  endfacet
  facet normal 0 0 -1
    outer loop
      vertex 20.142598076058604 -24.348218471714933 2
      vertex 20.957848038365587 -19.680729295449794 2
      vertex 21.631688547346556 -23.03540862651661 2
    endloop
  endfacet
  facet normal 0 0 -1
    outer loop
      vertex 20.142598076058604 -24.348218471714933 2
      vertex 19.680729295449794 -20.957848038365587 2
      vertex 20.957848038365587 -19.680729295449794 2
    endloop
  endfacet
  facet normal 0 0 -1
    outer loop
      vertex 21.631688547346556 -23.03540862651661 2
      vertex 22.152255729803933 -18.325939705274838 2
      vertex 23.03540862651661 -21.631688547346556 2
    endloop
  endfacet
  facet normal 0 0 -1
    outer loop
      vertex 21.631688547346556 -23.03540862651661 2
      vertex 20.957848038365587 -19.680729295449794 2
      vertex 22.152255729803933 -18.325939705274838 2
    endloop
  endfacet
  facet normal 0 0 -1
    outer loop
      vertex 23.03540862651661 -21.631688547346556 2
      vertex 23.25923858827974 -16.8988260034086 2
      vertex 24.348218471714933 -20.142598076058604 2
    endloop
  endfacet
  facet normal 0 0 -1
    outer loop
      vertex 23.03540862651661 -21.631688547346556 2
      vertex 22.152255729803933 -18.325939705274838 2
      vertex 23.25923858827974 -16.8988260034086 2
    endloop
  endfacet
  facet normal 0 0 -1
    outer loop
      vertex 24.348218471714933 -20.142598076058604 2
      vertex 23.25923858827974 -16.8988260034086 2
      vertex 24.27442785818294 -15.40502035564614 2
    endloop
  endfacet
  facet normal 0 0 -1
    outer loop
      vertex 24.348218471714933 -20.142598076058604 2
      vertex 24.27442785818294 -15.40502035564614 2
      vertex 25.56493702224834 -18.574013972442152 2
    endloop
  endfacet
  facet normal 0 0 -1
    outer loop
      vertex 25.56493702224834 -18.574013972442152 2
      vertex 24.27442785818294 -15.40502035564614 2
      vertex 25.193817051261075 -13.850418130424318 2
    endloop
  endfacet
  facet normal 0 0 -1
    outer loop
      vertex 25.56493702224834 -18.574013972442152 2
      vertex 26.013777758398064 -12.241154632495833 2
      vertex 26.680762445863685 -16.93212672133628 2
    endloop
  endfacet
  facet normal 0 0 -1
    outer loop
      vertex 25.56493702224834 -18.574013972442152 2
      vertex 25.193817051261075 -13.850418130424318 2
      vertex 26.013777758398064 -12.241154632495833 2
    endloop
  endfacet
  facet normal 0 0 -1
    outer loop
      vertex 26.680762445863685 -16.93212672133628 2
      vertex 26.013777758398064 -12.241154632495833 2
      vertex 26.731073969287223 -10.583580889684503 2
    endloop
  endfacet
  facet normal 0 0 -1
    outer loop
      vertex 26.680762445863685 -16.93212672133628 2
      vertex 26.731073969287223 -10.583580889684503 2
      vertex 27.691291089386088 -15.223416101614207 2
    endloop
  endfacet
  facet normal 0 0 -1
    outer loop
      vertex 27.691291089386088 -15.223416101614207 2
      vertex 27.846765882448146 -7.149834255989565 2
      vertex 28.59253485792622 -13.45462561345629 2
    endloop
  endfacet
  facet normal 0 0 -1
    outer loop
      vertex 27.691291089386088 -15.223416101614207 2
      vertex 26.731073969287223 -10.583580889684503 2
      vertex 27.342874843485664 -8.884238588279738 2
    endloop
  endfacet
  facet normal 0 0 -1
    outer loop
      vertex 27.691291089386088 -15.223416101614207 2
      vertex 27.342874843485664 -8.884238588279738 2
      vertex 27.846765882448146 -7.149834255989565 2
    endloop
  endfacet
  facet normal 0 0 -1
    outer loop
      vertex 28.59253485792622 -13.45462561345629 2
      vertex 28.52329766279124 -3.603330464973742 2
      vertex 29.38093695406874 -11.632735864835837 2
    endloop
  endfacet
  facet normal 0 0 1
    outer loop
      vertex -12.842154153641024 28.85757492586198 -8
      vertex -12.401251531327933 25.932204314057973 -8
      vertex -12.24115463249584 26.01377775839806 -8
    endloop
  endfacet
  facet normal 0 0 1
    outer loop
      vertex -12.842154153641024 28.85757492586198 -8
      vertex -12.24115463249584 26.01377775839806 -8
      vertex -10.58358088968449 26.73107396928723 -8
    endloop
  endfacet
  facet normal 0 0 1
    outer loop
      vertex -12.842154153641024 28.85757492586198 -8
      vertex -10.58358088968449 26.73107396928723 -8
      vertex -11.632735864835821 29.380936954068748 -8
    endloop
  endfacet
  facet normal 0 0 1
    outer loop
      vertex -11.632735864835821 29.380936954068748 -8
      vertex -10.58358088968449 26.73107396928723 -8
      vertex -9.764937022248338 30.053385914926853 -8
    endloop
  endfacet
  facet normal 0 0 1
    outer loop
      vertex -9.764937022248338 30.053385914926853 -8
      vertex -10.58358088968449 26.73107396928723 -8
      vertex -8.884238588279738 27.342874843485664 -8
    endloop
  endfacet
  facet normal 0 0 1
    outer loop
      vertex -9.764937022248338 30.053385914926853 -8
      vertex -8.884238588279738 27.342874843485664 -8
      vertex -7.858600434409413 30.607227891664742 -8
    endloop
  endfacet
  facet normal 0 0 1
    outer loop
      vertex -7.858600434409413 30.607227891664742 -8
      vertex -8.884238588279738 27.342874843485664 -8
      vertex -7.1498342559895764 27.846765882448143 -8
    endloop
  endfacet
  facet normal 0 0 1
    outer loop
      vertex -7.858600434409413 30.607227891664742 -8
      vertex -7.1498342559895764 27.846765882448143 -8
      vertex -5.387212794339581 28.2407584584498 -8
    endloop
  endfacet
  facet normal 0 0 1
    outer loop
      vertex -7.858600434409413 30.607227891664742 -8
      vertex -5.387212794339581 28.2407584584498 -8
      vertex -5.921249540908897 31.040277123026566 -8
    endloop
  endfacet
  facet normal 0 0 1
    outer loop
      vertex -5.921249540908897 31.040277123026566 -8
      vertex -5.387212794339581 28.2407584584498 -8
      vertex -3.603330464973748 28.52329766279124 -8
    endloop
  endfacet
  facet normal 0 0 1
    outer loop
      vertex -5.921249540908897 31.040277123026566 -8
      vertex -3.603330464973748 28.52329766279124 -8
      vertex -3.9605301806320155 31.350824561537504 -8
    endloop
  endfacet
  facet normal 0 0 1
    outer loop
      vertex -3.9605301806320155 31.350824561537504 -8
      vertex -3.603330464973748 28.52329766279124 -8
      vertex -1.8052274364677567 28.693268442312807 -8
    endloop
  endfacet
  facet normal 0 0 1
    outer loop
      vertex -3.9605301806320155 31.350824561537504 -8
      vertex -1.8052274364677567 28.693268442312807 -8
      vertex -1.9841804171262996 31.53764461833338 -8
    endloop
  endfacet
  facet normal 0 0 1
    outer loop
      vertex -1.9841804171262996 31.53764461833338 -8
      vertex -1.8052274364677567 28.693268442312807 -8
      vertex 0 28.75 -8
    endloop
  endfacet
  facet normal 0 0 1
    outer loop
      vertex -1.9841804171262996 31.53764461833338 -8
      vertex 0 28.75 -8
      vertex 0 31.6 -8
    endloop
  endfacet
  facet normal 0 0 1
    outer loop
      vertex 0 31.6 -8
      vertex 0 28.75 -8
      vertex 1.8052274364677567 28.693268442312807 -8
    endloop
  endfacet
  facet normal 0 0 1
    outer loop
      vertex 1.9841804171262996 31.53764461833338 -8
      vertex 1.8052274364677567 28.693268442312807 -8
      vertex 3.6033304649737485 28.52329766279124 -8
    endloop
  endfacet
  facet normal 0 0 1
    outer loop
      vertex 0 31.6 -8
      vertex 1.8052274364677567 28.693268442312807 -8
      vertex 1.9841804171262996 31.53764461833338 -8
    endloop
  endfacet
  facet normal 0 0 1
    outer loop
      vertex 1.9841804171262996 31.53764461833338 -8
      vertex 3.6033304649737485 28.52329766279124 -8
      vertex 3.9605301806320163 31.350824561537504 -8
    endloop
  endfacet
  facet normal 0 0 1
    outer loop
      vertex 5.921249540908897 31.040277123026566 -8
      vertex 5.387212794339582 28.2407584584498 -8
      vertex 7.149834255989577 27.846765882448143 -8
    endloop
  endfacet
  facet normal 0 0 1
    outer loop
      vertex 3.9605301806320163 31.350824561537504 -8
      vertex 3.6033304649737485 28.52329766279124 -8
      vertex 5.387212794339582 28.2407584584498 -8
    endloop
  endfacet
  facet normal 0 0 1
    outer loop
      vertex 3.9605301806320163 31.350824561537504 -8
      vertex 5.387212794339582 28.2407584584498 -8
      vertex 5.921249540908897 31.040277123026566 -8
    endloop
  endfacet
  facet normal 0 0 1
    outer loop
      vertex 5.921249540908897 31.040277123026566 -8
      vertex 7.149834255989577 27.846765882448143 -8
      vertex 7.858600434409413 30.607227891664742 -8
    endloop
  endfacet
  facet normal 0 0 -1
    outer loop
      vertex -12.842154153641024 28.85757492586198 2
      vertex -12.24115463249584 26.01377775839806 2
      vertex -12.401251531327933 25.932204314057973 2
    endloop
  endfacet
  facet normal 0 0 -1
    outer loop
      vertex -11.632735864835821 29.380936954068748 2
      vertex -10.58358088968449 26.73107396928723 2
      vertex -12.24115463249584 26.01377775839806 2
    endloop
  endfacet
  facet normal 0 0 -1
    outer loop
      vertex -12.842154153641024 28.85757492586198 2
      vertex -11.632735864835821 29.380936954068748 2
      vertex -12.24115463249584 26.01377775839806 2
    endloop
  endfacet
  facet normal 0 0 -1
    outer loop
      vertex -11.632735864835821 29.380936954068748 2
      vertex -9.764937022248338 30.053385914926853 2
      vertex -10.58358088968449 26.73107396928723 2
    endloop
  endfacet
  facet normal 0 0 -1
    outer loop
      vertex -9.764937022248338 30.053385914926853 2
      vertex -8.884238588279738 27.342874843485664 2
      vertex -10.58358088968449 26.73107396928723 2
    endloop
  endfacet
  facet normal 0 0 -1
    outer loop
      vertex -9.764937022248338 30.053385914926853 2
      vertex -7.858600434409413 30.607227891664742 2
      vertex -8.884238588279738 27.342874843485664 2
    endloop
  endfacet
  facet normal 0 0 -1
    outer loop
      vertex -7.858600434409413 30.607227891664742 2
      vertex -7.149834255989577 27.846765882448143 2
      vertex -8.884238588279738 27.342874843485664 2
    endloop
  endfacet
  facet normal 0 0 -1
    outer loop
      vertex -5.921249540908897 31.040277123026566 2
      vertex -5.387212794339582 28.2407584584498 2
      vertex -7.149834255989577 27.846765882448143 2
    endloop
  endfacet
  facet normal 0 0 -1
    outer loop
      vertex -7.858600434409413 30.607227891664742 2
      vertex -5.921249540908897 31.040277123026566 2
      vertex -7.149834255989577 27.846765882448143 2
    endloop
  endfacet
  facet normal 0 0 -1
    outer loop
      vertex -5.921249540908897 31.040277123026566 2
      vertex -3.9605301806320155 31.350824561537504 2
      vertex -5.387212794339582 28.2407584584498 2
    endloop
  endfacet
  facet normal 0 0 -1
    outer loop
      vertex -3.9605301806320155 31.350824561537504 2
      vertex -3.603330464973748 28.52329766279124 2
      vertex -5.387212794339582 28.2407584584498 2
    endloop
  endfacet
  facet normal 0 0 -1
    outer loop
      vertex -1.9841804171262996 31.53764461833338 2
      vertex -1.8052274364677567 28.693268442312807 2
      vertex -3.603330464973748 28.52329766279124 2
    endloop
  endfacet
  facet normal 0 0 -1
    outer loop
      vertex -3.9605301806320155 31.350824561537504 2
      vertex -1.9841804171262996 31.53764461833338 2
      vertex -3.603330464973748 28.52329766279124 2
    endloop
  endfacet
  facet normal 0 0 -1
    outer loop
      vertex 0 31.6 2
      vertex 0 28.75 2
      vertex -1.8052274364677567 28.693268442312807 2
    endloop
  endfacet
  facet normal 0 0 -1
    outer loop
      vertex -1.9841804171262996 31.53764461833338 2
      vertex 0 31.6 2
      vertex -1.8052274364677567 28.693268442312807 2
    endloop
  endfacet
  facet normal 0 0 -1
    outer loop
      vertex 0 31.6 2
      vertex 1.9841804171262996 31.53764461833338 2
      vertex 0 28.75 2
    endloop
  endfacet
  facet normal 0 0 -1
    outer loop
      vertex 1.9841804171262996 31.53764461833338 2
      vertex 1.8052274364677567 28.693268442312807 2
      vertex 0 28.75 2
    endloop
  endfacet
  facet normal 0 0 -1
    outer loop
      vertex 1.9841804171262996 31.53764461833338 2
      vertex 3.9605301806320155 31.350824561537504 2
      vertex 1.8052274364677567 28.693268442312807 2
    endloop
  endfacet
  facet normal 0 0 -1
    outer loop
      vertex 3.9605301806320155 31.350824561537504 2
      vertex 3.603330464973748 28.52329766279124 2
      vertex 1.8052274364677567 28.693268442312807 2
    endloop
  endfacet
  facet normal 0 0 -1
    outer loop
      vertex 7.858600434409413 30.607227891664742 2
      vertex 7.149834255989577 27.846765882448143 2
      vertex 5.387212794339582 28.2407584584498 2
    endloop
  endfacet
  facet normal 0 0 -1
    outer loop
      vertex 3.9605301806320155 31.350824561537504 2
      vertex 5.921249540908897 31.040277123026566 2
      vertex 3.603330464973748 28.52329766279124 2
    endloop
  endfacet
  facet normal 0 0 -1
    outer loop
      vertex 5.921249540908897 31.040277123026566 2
      vertex 5.387212794339582 28.2407584584498 2
      vertex 3.603330464973748 28.52329766279124 2
    endloop
  endfacet
  facet normal 0 0 -1
    outer loop
      vertex 5.921249540908897 31.040277123026566 2
      vertex 7.858600434409413 30.607227891664742 2
      vertex 5.387212794339582 28.2407584584498 2
    endloop
  endfacet
  facet normal 0 0 1
    outer loop
      vertex 28.59253485792622 -13.45462561345629 -8
      vertex 28.52329766279124 -3.603330464973742 -8
      vertex 28.240758458449797 -5.387212794339589 -8
    endloop
  endfacet
  facet normal 0 0 1
    outer loop
      vertex 28.59253485792622 -13.45462561345629 -8
      vertex 28.693268442312807 -1.8052274364677707 -8
      vertex 28.52329766279124 -3.603330464973742 -8
    endloop
  endfacet
  facet normal 0 0 1
    outer loop
      vertex 28.59253485792622 -13.45462561345629 -8
      vertex 29.38093695406874 -11.632735864835837 -8
      vertex 30.053385914926853 9.764937022248338 -8
    endloop
  endfacet
  facet normal 0 0 1
    outer loop
      vertex 29.38093695406874 -11.632735864835837 -8
      vertex 30.053385914926853 -9.764937022248338 -8
      vertex 30.607227891664742 7.858600434409412 -8
    endloop
  endfacet
  facet normal 0 0 1
    outer loop
      vertex 30.053385914926853 -9.764937022248338 -8
      vertex 30.607227891664746 -7.8586004344094 -8
      vertex 31.040277123026566 5.9212495409088985 -8
    endloop
  endfacet
  facet normal 0 0 1
    outer loop
      vertex 30.607227891664746 -7.8586004344094 -8
      vertex 31.040277123026563 -5.921249540908905 -8
      vertex 31.350824561537504 3.9605301806320146 -8
    endloop
  endfacet
  facet normal 0 0 1
    outer loop
      vertex 31.040277123026563 -5.921249540908905 -8
      vertex 31.350824561537504 -3.960530180632009 -8
      vertex 31.6 0 -8
    endloop
  endfacet
  facet normal 0 0 1
    outer loop
      vertex 31.350824561537504 -3.960530180632009 -8
      vertex 31.53764461833338 -1.9841804171263149 -8
      vertex 31.6 0 -8
    endloop
  endfacet
  facet normal 0 0 1
    outer loop
      vertex 28.59253485792622 -13.45462561345629 -8
      vertex 29.380936954068744 11.632735864835825 -8
      vertex 28.693268442312807 -1.8052274364677707 -8
    endloop
  endfacet
  facet normal 0 0 1
    outer loop
      vertex 31.040277123026563 -5.921249540908905 -8
      vertex 31.6 0 -8
      vertex 31.53764461833338 1.9841804171263027 -8
    endloop
  endfacet
  facet normal 0 0 1
    outer loop
      vertex 31.040277123026563 -5.921249540908905 -8
      vertex 31.53764461833338 1.9841804171263027 -8
      vertex 31.350824561537504 3.9605301806320146 -8
    endloop
  endfacet
  facet normal 0 0 1
    outer loop
      vertex 30.607227891664746 -7.8586004344094 -8
      vertex 31.350824561537504 3.9605301806320146 -8
      vertex 31.040277123026566 5.9212495409088985 -8
    endloop
  endfacet
  facet normal 0 0 1
    outer loop
      vertex 29.38093695406874 -11.632735864835837 -8
      vertex 30.607227891664742 7.858600434409412 -8
      vertex 30.053385914926853 9.764937022248338 -8
    endloop
  endfacet
  facet normal 0 0 1
    outer loop
      vertex 29.380936954068744 11.632735864835825 -8
      vertex 28.75 0 -8
      vertex 28.693268442312807 -1.8052274364677707 -8
    endloop
  endfacet
  facet normal 0 0 1
    outer loop
      vertex 28.59253485792622 -13.45462561345629 -8
      vertex 30.053385914926853 9.764937022248338 -8
      vertex 29.380936954068744 11.632735864835825 -8
    endloop
  endfacet
  facet normal 0 0 1
    outer loop
      vertex 30.053385914926853 -9.764937022248338 -8
      vertex 31.040277123026566 5.9212495409088985 -8
      vertex 30.607227891664742 7.858600434409412 -8
    endloop
  endfacet
  facet normal 0 0 1
    outer loop
      vertex 29.380936954068744 11.632735864835825 -8
      vertex 28.693268442312807 1.8052274364677594 -8
      vertex 28.75 0 -8
    endloop
  endfacet
  facet normal 0 0 1
    outer loop
      vertex 29.380936954068744 11.632735864835825 -8
      vertex 28.52329766279124 3.603330464973747 -8
      vertex 28.693268442312807 1.8052274364677594 -8
    endloop
  endfacet
  facet normal 0 0 1
    outer loop
      vertex 28.59253485792622 13.454625613456297 -8
      vertex 27.846765882448143 7.149834255989576 -8
      vertex 28.2407584584498 5.387212794339583 -8
    endloop
  endfacet
  facet normal 0 0 1
    outer loop
      vertex 27.69129108938609 15.223416101614205 -8
      vertex 27.342874843485664 8.884238588279738 -8
      vertex 27.846765882448143 7.149834255989576 -8
    endloop
  endfacet
  facet normal 0 0 1
    outer loop
      vertex 29.380936954068744 11.632735864835825 -8
      vertex 28.2407584584498 5.387212794339583 -8
      vertex 28.52329766279124 3.603330464973747 -8
    endloop
  endfacet
  facet normal 0 0 1
    outer loop
      vertex 29.380936954068744 11.632735864835825 -8
      vertex 28.59253485792622 13.454625613456297 -8
      vertex 28.2407584584498 5.387212794339583 -8
    endloop
  endfacet
  facet normal 0 0 -1
    outer loop
      vertex 28.59253485792622 -13.45462561345629 2
      vertex 27.846765882448146 -7.149834255989565 2
      vertex 28.240758458449797 -5.387212794339589 2
    endloop
  endfacet
  facet normal 0 0 -1
    outer loop
      vertex 28.59253485792622 -13.45462561345629 2
      vertex 28.240758458449797 -5.387212794339589 2
      vertex 28.52329766279124 -3.603330464973742 2
    endloop
  endfacet
  facet normal 0 0 -1
    outer loop
      vertex 29.38093695406874 -11.632735864835837 2
      vertex 28.52329766279124 -3.603330464973742 2
      vertex 28.693268442312807 -1.8052274364677707 2
    endloop
  endfacet
  facet normal 0 0 -1
    outer loop
      vertex 29.38093695406874 -11.632735864835837 2
      vertex 28.693268442312807 -1.8052274364677707 2
      vertex 28.75 0 2
    endloop
  endfacet
  facet normal 0 0 -1
    outer loop
      vertex 29.38093695406874 -11.632735864835837 2
      vertex 28.75 0 2
      vertex 28.693268442312807 1.8052274364677594 2
    endloop
  endfacet
  facet normal 0 0 -1
    outer loop
      vertex 29.38093695406874 -11.632735864835837 2
      vertex 28.59253485792622 13.454625613456297 2
      vertex 30.053385914926853 -9.764937022248338 2
    endloop
  endfacet
  facet normal 0 0 -1
    outer loop
      vertex 30.053385914926853 -9.764937022248338 2
      vertex 29.380936954068744 11.632735864835825 2
      vertex 30.607227891664746 -7.8586004344094 2
    endloop
  endfacet
  facet normal 0 0 -1
    outer loop
      vertex 30.607227891664746 -7.8586004344094 2
      vertex 30.053385914926853 9.764937022248338 2
      vertex 31.040277123026563 -5.921249540908905 2
    endloop
  endfacet
  facet normal 0 0 -1
    outer loop
      vertex 31.040277123026563 -5.921249540908905 2
      vertex 30.607227891664742 7.858600434409412 2
      vertex 31.350824561537504 -3.960530180632009 2
    endloop
  endfacet
  facet normal 0 0 -1
    outer loop
      vertex 31.350824561537504 -3.960530180632009 2
      vertex 31.040277123026566 5.9212495409088985 2
      vertex 31.53764461833338 -1.9841804171263149 2
    endloop
  endfacet
  facet normal 0 0 -1
    outer loop
      vertex 31.53764461833338 -1.9841804171263149 2
      vertex 31.53764461833338 1.9841804171263027 2
      vertex 31.6 0 2
    endloop
  endfacet
  facet normal 0 0 -1
    outer loop
      vertex 29.38093695406874 -11.632735864835837 2
      vertex 28.693268442312807 1.8052274364677594 2
      vertex 28.59253485792622 13.454625613456297 2
    endloop
  endfacet
  facet normal 0 0 -1
    outer loop
      vertex 31.53764461833338 -1.9841804171263149 2
      vertex 31.350824561537504 3.9605301806320146 2
      vertex 31.53764461833338 1.9841804171263027 2
    endloop
  endfacet
  facet normal 0 0 -1
    outer loop
      vertex 31.53764461833338 -1.9841804171263149 2
      vertex 31.040277123026566 5.9212495409088985 2
      vertex 31.350824561537504 3.9605301806320146 2
    endloop
  endfacet
  facet normal 0 0 -1
    outer loop
      vertex 31.350824561537504 -3.960530180632009 2
      vertex 30.607227891664742 7.858600434409412 2
      vertex 31.040277123026566 5.9212495409088985 2
    endloop
  endfacet
  facet normal 0 0 -1
    outer loop
      vertex 30.607227891664746 -7.8586004344094 2
      vertex 29.380936954068744 11.632735864835825 2
      vertex 30.053385914926853 9.764937022248338 2
    endloop
  endfacet
  facet normal 0 0 -1
    outer loop
      vertex 30.053385914926853 -9.764937022248338 2
      vertex 28.59253485792622 13.454625613456297 2
      vertex 29.380936954068744 11.632735864835825 2
    endloop
  endfacet
  facet normal 0 0 -1
    outer loop
      vertex 31.040277123026563 -5.921249540908905 2
      vertex 30.053385914926853 9.764937022248338 2
      vertex 30.607227891664742 7.858600434409412 2
    endloop
  endfacet
  facet normal 0 0 -1
    outer loop
      vertex 28.59253485792622 13.454625613456297 2
      vertex 28.52329766279124 3.603330464973747 2
      vertex 28.2407584584498 5.387212794339583 2
    endloop
  endfacet
  facet normal 0 0 -1
    outer loop
      vertex 27.69129108938609 15.223416101614205 2
      vertex 28.2407584584498 5.387212794339583 2
      vertex 27.846765882448143 7.149834255989576 2
    endloop
  endfacet
  facet normal 0 0 -1
    outer loop
      vertex 27.69129108938609 15.223416101614205 2
      vertex 27.846765882448143 7.149834255989576 2
      vertex 27.342874843485664 8.884238588279738 2
    endloop
  endfacet
  facet normal 0 0 -1
    outer loop
      vertex 28.59253485792622 13.454625613456297 2
      vertex 28.693268442312807 1.8052274364677594 2
      vertex 28.52329766279124 3.603330464973747 2
    endloop
  endfacet
  facet normal 0 0 1
    outer loop
      vertex 7.858600434409413 30.607227891664742 -8
      vertex 7.149834255989577 27.846765882448143 -8
      vertex 8.884238588279738 27.342874843485664 -8
    endloop
  endfacet
  facet normal 0 0 1
    outer loop
      vertex 9.764937022248338 30.053385914926853 -8
      vertex 8.884238588279738 27.342874843485664 -8
      vertex 10.58358088968449 26.73107396928723 -8
    endloop
  endfacet
  facet normal 0 0 1
    outer loop
      vertex 7.858600434409413 30.607227891664742 -8
      vertex 8.884238588279738 27.342874843485664 -8
      vertex 9.764937022248338 30.053385914926853 -8
    endloop
  endfacet
  facet normal 0 0 1
    outer loop
      vertex 11.632735864835821 29.380936954068748 -8
      vertex 10.58358088968449 26.73107396928723 -8
      vertex 12.24115463249584 26.01377775839806 -8
    endloop
  endfacet
  facet normal 0 0 1
    outer loop
      vertex 9.764937022248338 30.053385914926853 -8
      vertex 10.58358088968449 26.73107396928723 -8
      vertex 11.632735864835821 29.380936954068748 -8
    endloop
  endfacet
  facet normal 0 0 1
    outer loop
      vertex 13.4546256134563 28.592534857926218 -8
      vertex 12.24115463249584 26.01377775839806 -8
      vertex 13.850418130424313 25.193817051261078 -8
    endloop
  endfacet
  facet normal 0 0 1
    outer loop
      vertex 11.632735864835821 29.380936954068748 -8
      vertex 12.24115463249584 26.01377775839806 -8
      vertex 13.4546256134563 28.592534857926218 -8
    endloop
  endfacet
  facet normal 0 0 1
    outer loop
      vertex 15.223416101614202 27.69129108938609 -8
      vertex 13.850418130424313 25.193817051261078 -8
      vertex 15.405020355646155 24.274427858182932 -8
    endloop
  endfacet
  facet normal 0 0 1
    outer loop
      vertex 15.223416101614202 27.69129108938609 -8
      vertex 15.405020355646155 24.274427858182932 -8
      vertex 16.932126721336296 26.680762445863678 -8
    endloop
  endfacet
  facet normal 0 0 1
    outer loop
      vertex 20.142598076058597 24.348218471714937 -8
      vertex 18.32593970527483 22.152255729803937 -8
      vertex 19.6807292954498 20.957848038365583 -8
    endloop
  endfacet
  facet normal 0 0 1
    outer loop
      vertex 18.574013972442152 25.56493702224834 -8
      vertex 16.8988260034086 23.25923858827974 -8
      vertex 18.32593970527483 22.152255729803937 -8
    endloop
  endfacet
  facet normal 0 0 1
    outer loop
      vertex 16.932126721336296 26.680762445863678 -8
      vertex 15.405020355646155 24.274427858182932 -8
      vertex 16.8988260034086 23.25923858827974 -8
    endloop
  endfacet
  facet normal 0 0 1
    outer loop
      vertex 18.574013972442152 25.56493702224834 -8
      vertex 16.932126721336296 26.680762445863678 -8
      vertex 16.8988260034086 23.25923858827974 -8
    endloop
  endfacet
  facet normal 0 0 1
    outer loop
      vertex 18.574013972442152 25.56493702224834 -8
      vertex 18.32593970527483 22.152255729803937 -8
      vertex 20.142598076058597 24.348218471714937 -8
    endloop
  endfacet
  facet normal 0 0 1
    outer loop
      vertex 13.4546256134563 28.592534857926218 -8
      vertex 13.850418130424313 25.193817051261078 -8
      vertex 15.223416101614202 27.69129108938609 -8
    endloop
  endfacet
  facet normal 0 0 1
    outer loop
      vertex 25.56493702224834 18.574013972442152 -8
      vertex 24.274427858182932 15.405020355646155 -8
      vertex 25.193817051261078 13.850418130424316 -8
    endloop
  endfacet
  facet normal 0 0 1
    outer loop
      vertex 21.631688547346563 23.035408626516606 -8
      vertex 19.6807292954498 20.957848038365583 -8
      vertex 20.957848038365583 19.6807292954498 -8
    endloop
  endfacet
  facet normal 0 0 1
    outer loop
      vertex 21.631688547346563 23.035408626516606 -8
      vertex 20.957848038365583 19.6807292954498 -8
      vertex 22.152255729803937 18.32593970527483 -8
    endloop
  endfacet
  facet normal 0 0 1
    outer loop
      vertex 21.631688547346563 23.035408626516606 -8
      vertex 22.152255729803937 18.32593970527483 -8
      vertex 23.035408626516606 21.631688547346563 -8
    endloop
  endfacet
  facet normal 0 0 1
    outer loop
      vertex 24.348218471714937 20.142598076058597 -8
      vertex 23.25923858827974 16.8988260034086 -8
      vertex 24.274427858182932 15.405020355646155 -8
    endloop
  endfacet
  facet normal 0 0 1
    outer loop
      vertex 24.348218471714937 20.142598076058597 -8
      vertex 24.274427858182932 15.405020355646155 -8
      vertex 25.56493702224834 18.574013972442152 -8
    endloop
  endfacet
  facet normal 0 0 1
    outer loop
      vertex 23.035408626516606 21.631688547346563 -8
      vertex 22.152255729803937 18.32593970527483 -8
      vertex 23.25923858827974 16.8988260034086 -8
    endloop
  endfacet
  facet normal 0 0 1
    outer loop
      vertex 24.348218471714937 20.142598076058597 -8
      vertex 23.035408626516606 21.631688547346563 -8
      vertex 23.25923858827974 16.8988260034086 -8
    endloop
  endfacet
  facet normal 0 0 1
    outer loop
      vertex 26.680762445863678 16.932126721336296 -8
      vertex 26.013777758398064 12.241154632495839 -8
      vertex 26.731073969287227 10.583580889684491 -8
    endloop
  endfacet
  facet normal 0 0 1
    outer loop
      vertex 27.69129108938609 15.223416101614205 -8
      vertex 26.731073969287227 10.583580889684491 -8
      vertex 27.342874843485664 8.884238588279738 -8
    endloop
  endfacet
  facet normal 0 0 1
    outer loop
      vertex 27.69129108938609 15.223416101614205 -8
      vertex 27.846765882448143 7.149834255989576 -8
      vertex 28.59253485792622 13.454625613456297 -8
    endloop
  endfacet
  facet normal 0 0 1
    outer loop
      vertex 26.680762445863678 16.932126721336296 -8
      vertex 25.193817051261078 13.850418130424316 -8
      vertex 26.013777758398064 12.241154632495839 -8
    endloop
  endfacet
  facet normal 0 0 1
    outer loop
      vertex 27.69129108938609 15.223416101614205 -8
      vertex 26.680762445863678 16.932126721336296 -8
      vertex 26.731073969287227 10.583580889684491 -8
    endloop
  endfacet
  facet normal 0 0 1
    outer loop
      vertex 26.680762445863678 16.932126721336296 -8
      vertex 25.56493702224834 18.574013972442152 -8
      vertex 25.193817051261078 13.850418130424316 -8
    endloop
  endfacet
  facet normal 0 0 1
    outer loop
      vertex 21.631688547346563 23.035408626516606 -8
      vertex 20.142598076058597 24.348218471714937 -8
      vertex 19.6807292954498 20.957848038365583 -8
    endloop
  endfacet
  facet normal 0 0 -1
    outer loop
      vertex 9.764937022248338 30.053385914926853 2
      vertex 8.884238588279738 27.342874843485664 2
      vertex 7.149834255989577 27.846765882448143 2
    endloop
  endfacet
  facet normal 0 0 -1
    outer loop
      vertex 9.764937022248338 30.053385914926853 2
      vertex 11.632735864835821 29.380936954068748 2
      vertex 8.884238588279738 27.342874843485664 2
    endloop
  endfacet
  facet normal 0 0 -1
    outer loop
      vertex 7.858600434409413 30.607227891664742 2
      vertex 9.764937022248338 30.053385914926853 2
      vertex 7.149834255989577 27.846765882448143 2
    endloop
  endfacet
  facet normal 0 0 -1
    outer loop
      vertex 11.632735864835821 29.380936954068748 2
      vertex 10.58358088968449 26.73107396928723 2
      vertex 8.884238588279738 27.342874843485664 2
    endloop
  endfacet
  facet normal 0 0 -1
    outer loop
      vertex 13.4546256134563 28.592534857926218 2
      vertex 12.24115463249584 26.01377775839806 2
      vertex 10.58358088968449 26.73107396928723 2
    endloop
  endfacet
  facet normal 0 0 -1
    outer loop
      vertex 11.632735864835821 29.380936954068748 2
      vertex 13.4546256134563 28.592534857926218 2
      vertex 10.58358088968449 26.73107396928723 2
    endloop
  endfacet
  facet normal 0 0 -1
    outer loop
      vertex 15.223416101614202 27.69129108938609 2
      vertex 13.850418130424313 25.193817051261078 2
      vertex 12.24115463249584 26.01377775839806 2
    endloop
  endfacet
  facet normal 0 0 -1
    outer loop
      vertex 15.223416101614202 27.69129108938609 2
      vertex 15.405020355646155 24.274427858182932 2
      vertex 13.850418130424313 25.193817051261078 2
    endloop
  endfacet
  facet normal 0 0 -1
    outer loop
      vertex 15.223416101614202 27.69129108938609 2
      vertex 16.932126721336296 26.680762445863678 2
      vertex 15.405020355646155 24.274427858182932 2
    endloop
  endfacet
  facet normal 0 0 -1
    outer loop
      vertex 20.142598076058597 24.348218471714937 2
      vertex 19.6807292954498 20.957848038365583 2
      vertex 18.32593970527483 22.152255729803937 2
    endloop
  endfacet
  facet normal 0 0 -1
    outer loop
      vertex 18.574013972442152 25.56493702224834 2
      vertex 18.32593970527483 22.152255729803937 2
      vertex 16.8988260034086 23.25923858827974 2
    endloop
  endfacet
  facet normal 0 0 -1
    outer loop
      vertex 16.932126721336296 26.680762445863678 2
      vertex 16.8988260034086 23.25923858827974 2
      vertex 15.405020355646155 24.274427858182932 2
    endloop
  endfacet
  facet normal 0 0 -1
    outer loop
      vertex 18.574013972442152 25.56493702224834 2
      vertex 16.8988260034086 23.25923858827974 2
      vertex 16.932126721336296 26.680762445863678 2
    endloop
  endfacet
  facet normal 0 0 -1
    outer loop
      vertex 18.574013972442152 25.56493702224834 2
      vertex 20.142598076058597 24.348218471714937 2
      vertex 18.32593970527483 22.152255729803937 2
    endloop
  endfacet
  facet normal 0 0 -1
    outer loop
      vertex 13.4546256134563 28.592534857926218 2
      vertex 15.223416101614202 27.69129108938609 2
      vertex 12.24115463249584 26.01377775839806 2
    endloop
  endfacet
  facet normal 0 0 -1
    outer loop
      vertex 25.56493702224834 18.574013972442152 2
      vertex 25.193817051261078 13.850418130424316 2
      vertex 24.274427858182932 15.405020355646155 2
    endloop
  endfacet
  facet normal 0 0 -1
    outer loop
      vertex 21.631688547346563 23.035408626516606 2
      vertex 20.957848038365583 19.6807292954498 2
      vertex 19.6807292954498 20.957848038365583 2
    endloop
  endfacet
  facet normal 0 0 -1
    outer loop
      vertex 23.035408626516606 21.631688547346563 2
      vertex 22.152255729803937 18.32593970527483 2
      vertex 20.957848038365583 19.6807292954498 2
    endloop
  endfacet
  facet normal 0 0 -1
    outer loop
      vertex 24.348218471714937 20.142598076058597 2
      vertex 24.274427858182932 15.405020355646155 2
      vertex 23.25923858827974 16.8988260034086 2
    endloop
  endfacet
  facet normal 0 0 -1
    outer loop
      vertex 24.348218471714937 20.142598076058597 2
      vertex 25.56493702224834 18.574013972442152 2
      vertex 24.274427858182932 15.405020355646155 2
    endloop
  endfacet
  facet normal 0 0 -1
    outer loop
      vertex 23.035408626516606 21.631688547346563 2
      vertex 23.25923858827974 16.8988260034086 2
      vertex 22.152255729803937 18.32593970527483 2
    endloop
  endfacet
  facet normal 0 0 -1
    outer loop
      vertex 24.348218471714937 20.142598076058597 2
      vertex 23.25923858827974 16.8988260034086 2
      vertex 23.035408626516606 21.631688547346563 2
    endloop
  endfacet
  facet normal 0 0 -1
    outer loop
      vertex 26.680762445863678 16.932126721336296 2
      vertex 26.731073969287227 10.583580889684491 2
      vertex 26.013777758398064 12.241154632495839 2
    endloop
  endfacet
  facet normal 0 0 -1
    outer loop
      vertex 27.69129108938609 15.223416101614205 2
      vertex 27.342874843485664 8.884238588279738 2
      vertex 26.731073969287227 10.583580889684491 2
    endloop
  endfacet
  facet normal 0 0 -1
    outer loop
      vertex 27.69129108938609 15.223416101614205 2
      vertex 28.59253485792622 13.454625613456297 2
      vertex 28.2407584584498 5.387212794339583 2
    endloop
  endfacet
  facet normal 0 0 -1
    outer loop
      vertex 26.680762445863678 16.932126721336296 2
      vertex 26.013777758398064 12.241154632495839 2
      vertex 25.193817051261078 13.850418130424316 2
    endloop
  endfacet
  facet normal 0 0 -1
    outer loop
      vertex 27.69129108938609 15.223416101614205 2
      vertex 26.731073969287227 10.583580889684491 2
      vertex 26.680762445863678 16.932126721336296 2
    endloop
  endfacet
  facet normal 0 0 -1
    outer loop
      vertex 26.680762445863678 16.932126721336296 2
      vertex 25.193817051261078 13.850418130424316 2
      vertex 25.56493702224834 18.574013972442152 2
    endloop
  endfacet
  facet normal 0 0 -1
    outer loop
      vertex 21.631688547346563 23.035408626516606 2
      vertex 19.6807292954498 20.957848038365583 2
      vertex 20.142598076058597 24.348218471714937 2
    endloop
  endfacet
  facet normal 0 0 -1
    outer loop
      vertex 21.631688547346563 23.035408626516606 2
      vertex 23.035408626516606 21.631688547346563 2
      vertex 20.957848038365583 19.6807292954498 2
    endloop
  endfacet
  facet normal -0.8258859383315902 -0.5638372255058625 0
    outer loop
      vertex -27.4726144244963 15.593178148417884 -8
      vertex -25.659226417386698 12.937000819105679 -8
      vertex -25.659226417386698 12.937000819105679 -0.1
    endloop
  endfacet
  facet normal -0.8258859383315902 -0.5638372255058625 0
    outer loop
      vertex -27.4726144244963 15.593178148417884 -8
      vertex -25.659226417386698 12.937000819105679 -0.1
      vertex -27.4726144244963 15.593178148417884 2
    endloop
  endfacet
  facet normal -0.8258859383315901 -0.5638372255058625 0
    outer loop
      vertex -27.4726144244963 15.593178148417884 2
      vertex -25.659226417386698 12.937000819105679 -0.1
      vertex -25.659226417386698 12.937000819105679 2
    endloop
  endfacet
  facet normal 0.9888321240098856 0.14903365568252727 0
    outer loop
      vertex -12.842154153641024 28.85757492586198 -8
      vertex -12.842154153641024 28.85757492586198 2
      vertex -12.401251531327933 25.932204314057973 -8
    endloop
  endfacet
  facet normal 0.9888321240098856 0.14903365568252727 0
    outer loop
      vertex -12.842154153641024 28.85757492586198 2
      vertex -12.401251531327933 25.932204314057973 -0.1
      vertex -12.401251531327933 25.932204314057973 -8
    endloop
  endfacet
  facet normal 0.9888321240098856 0.1490336556825273 0
    outer loop
      vertex -12.842154153641024 28.85757492586198 2
      vertex -12.401251531327933 25.932204314057973 2
      vertex -12.401251531327933 25.932204314057973 -0.1
    endloop
  endfacet
  facet normal -0.940880768954226 -0.33873792024529026 0
    outer loop
      vertex -30.053385914926853 -9.764937022248338 -15
      vertex -29.380936954068748 -11.632735864835821 -15
      vertex -30.053385914926853 -9.764937022248338 -8
    endloop
  endfacet
  facet normal -0.940880768954226 -0.33873792024529026 0
    outer loop
      vertex -30.053385914926853 -9.764937022248338 -8
      vertex -29.380936954068748 -11.632735864835821 -15
      vertex -29.380936954068748 -11.632735864835821 -8
    endloop
  endfacet
  facet normal -0.7501110696304588 -0.6613118653236526 0
    outer loop
      vertex -24.348218471714944 -20.142598076058594 -15
      vertex -23.03540862651661 -21.631688547346556 -15
      vertex -24.348218471714944 -20.142598076058594 -8
    endloop
  endfacet
  facet normal -0.7501110696304588 -0.6613118653236526 0
    outer loop
      vertex -23.03540862651661 -21.631688547346556 -15
      vertex -23.03540862651661 -21.631688547346556 -8
      vertex -24.348218471714944 -20.142598076058594 -8
    endloop
  endfacet
  facet normal -0.7901550123756903 -0.6129070536529765 0
    outer loop
      vertex -24.348218471714944 -20.142598076058594 -15
      vertex -24.348218471714944 -20.142598076058594 -8
      vertex -25.56493702224834 -18.574013972442152 -8
    endloop
  endfacet
  facet normal 0 0 -1
    outer loop
      vertex -18.574013972442152 -25.56493702224834 -15
      vertex -16.8988260034086 -23.25923858827974 -15
      vertex -16.9321267213363 -26.680762445863675 -15
    endloop
  endfacet
  facet normal -0.6129070536529765 -0.7901550123756903 0
    outer loop
      vertex -18.574013972442152 -25.56493702224834 -15
      vertex -20.142598076058594 -24.348218471714944 -8
      vertex -20.142598076058594 -24.348218471714944 -15
    endloop
  endfacet
  facet normal -0.5620833778521304 -0.8270805742745619 0
    outer loop
      vertex -18.574013972442152 -25.56493702224834 -15
      vertex -16.9321267213363 -26.680762445863675 -15
      vertex -18.574013972442152 -25.56493702224834 -8
    endloop
  endfacet
  facet normal -0.6129070536529765 -0.7901550123756903 0
    outer loop
      vertex -18.574013972442152 -25.56493702224834 -15
      vertex -18.574013972442152 -25.56493702224834 -8
      vertex -20.142598076058594 -24.348218471714944 -8
    endloop
  endfacet
  facet normal -0.5620833778521304 -0.8270805742745619 0
    outer loop
      vertex -18.574013972442152 -25.56493702224834 -8
      vertex -16.9321267213363 -26.680762445863675 -15
      vertex -16.9321267213363 -26.680762445863675 -8
    endloop
  endfacet
  facet normal 0 0 -1
    outer loop
      vertex -21.631688547346556 -23.03540862651661 -15
      vertex -19.680729295449794 -20.957848038365587 -15
      vertex -20.142598076058594 -24.348218471714944 -15
    endloop
  endfacet
  facet normal -0.7071067811865476 -0.7071067811865476 0
    outer loop
      vertex -21.631688547346556 -23.03540862651661 -15
      vertex -23.03540862651661 -21.631688547346556 -8
      vertex -23.03540862651661 -21.631688547346556 -15
    endloop
  endfacet
  facet normal -0.6613118653236526 -0.7501110696304588 0
    outer loop
      vertex -21.631688547346556 -23.03540862651661 -15
      vertex -20.142598076058594 -24.348218471714944 -15
      vertex -21.631688547346556 -23.03540862651661 -8
    endloop
  endfacet
  facet normal 0 0 -1
    outer loop
      vertex -21.631688547346556 -23.03540862651661 -15
      vertex -23.03540862651661 -21.631688547346556 -15
      vertex -20.957848038365587 -19.680729295449794 -15
    endloop
  endfacet
  facet normal 0 0 -1
    outer loop
      vertex -24.348218471714944 -20.142598076058594 -15
      vertex -22.152255729803944 -18.325939705274827 -15
      vertex -23.03540862651661 -21.631688547346556 -15
    endloop
  endfacet
  facet normal 0 0 -1
    outer loop
      vertex -23.03540862651661 -21.631688547346556 -15
      vertex -22.152255729803944 -18.325939705274827 -15
      vertex -20.957848038365587 -19.680729295449794 -15
    endloop
  endfacet
  facet normal 0 0 -1
    outer loop
      vertex -21.631688547346556 -23.03540862651661 -15
      vertex -20.957848038365587 -19.680729295449794 -15
      vertex -19.680729295449794 -20.957848038365587 -15
    endloop
  endfacet
  facet normal 0 0 -1
    outer loop
      vertex -18.574013972442152 -25.56493702224834 -15
      vertex -20.142598076058594 -24.348218471714944 -15
      vertex -18.325939705274827 -22.152255729803944 -15
    endloop
  endfacet
  facet normal 0 0 -1
    outer loop
      vertex -20.142598076058594 -24.348218471714944 -15
      vertex -19.680729295449794 -20.957848038365587 -15
      vertex -18.325939705274827 -22.152255729803944 -15
    endloop
  endfacet
  facet normal 0 0 -1
    outer loop
      vertex -18.574013972442152 -25.56493702224834 -15
      vertex -18.325939705274827 -22.152255729803944 -15
      vertex -16.8988260034086 -23.25923858827974 -15
    endloop
  endfacet
  facet normal -0.7071067811865476 -0.7071067811865476 0
    outer loop
      vertex -21.631688547346556 -23.03540862651661 -15
      vertex -21.631688547346556 -23.03540862651661 -8
      vertex -23.03540862651661 -21.631688547346556 -8
    endloop
  endfacet
  facet normal -0.6613118653236526 -0.7501110696304588 0
    outer loop
      vertex -20.142598076058594 -24.348218471714944 -15
      vertex -20.142598076058594 -24.348218471714944 -8
      vertex -21.631688547346556 -23.03540862651661 -8
    endloop
  endfacet
  facet normal 0 0 -1
    outer loop
      vertex -26.680762445863675 -16.9321267213363 -15
      vertex -27.691291089386088 -15.223416101614207 -15
      vertex -26.013777758398064 -12.241154632495833 -15
    endloop
  endfacet
  facet normal -0.8607420270039439 -0.509041415750371 0
    outer loop
      vertex -26.680762445863675 -16.9321267213363 -15
      vertex -27.691291089386088 -15.223416101614207 -8
      vertex -27.691291089386088 -15.223416101614207 -15
    endloop
  endfacet
  facet normal 0 0 -1
    outer loop
      vertex -24.348218471714944 -20.142598076058594 -15
      vertex -25.56493702224834 -18.574013972442152 -15
      vertex -24.27442785818293 -15.405020355646156 -15
    endloop
  endfacet
  facet normal 0 0 -1
    outer loop
      vertex -24.348218471714944 -20.142598076058594 -15
      vertex -24.27442785818293 -15.405020355646156 -15
      vertex -23.25923858827974 -16.8988260034086 -15
    endloop
  endfacet
  facet normal -0.7901550123756903 -0.6129070536529765 0
    outer loop
      vertex -24.348218471714944 -20.142598076058594 -15
      vertex -25.56493702224834 -18.574013972442152 -8
      vertex -25.56493702224834 -18.574013972442152 -15
    endloop
  endfacet
  facet normal -0.8270805742745619 -0.5620833778521304 0
    outer loop
      vertex -26.680762445863675 -16.9321267213363 -15
      vertex -25.56493702224834 -18.574013972442152 -15
      vertex -26.680762445863675 -16.9321267213363 -8
    endloop
  endfacet
  facet normal 0 0 -1
    outer loop
      vertex -26.680762445863675 -16.9321267213363 -15
      vertex -25.193817051261075 -13.850418130424318 -15
      vertex -25.56493702224834 -18.574013972442152 -15
    endloop
  endfacet
  facet normal 0 0 -1
    outer loop
      vertex -25.56493702224834 -18.574013972442152 -15
      vertex -25.193817051261075 -13.850418130424318 -15
      vertex -24.27442785818293 -15.405020355646156 -15
    endloop
  endfacet
  facet normal 0 0 -1
    outer loop
      vertex -26.680762445863675 -16.9321267213363 -15
      vertex -26.013777758398064 -12.241154632495833 -15
      vertex -25.193817051261075 -13.850418130424318 -15
    endloop
  endfacet
  facet normal -0.8910065241883678 -0.45399049973954725 0
    outer loop
      vertex -27.691291089386088 -15.223416101614207 -15
      vertex -27.691291089386088 -15.223416101614207 -8
      vertex -28.59253485792622 -13.45462561345629 -8
    endloop
  endfacet
  facet normal -0.8607420270039439 -0.509041415750371 0
    outer loop
      vertex -26.680762445863675 -16.9321267213363 -15
      vertex -26.680762445863675 -16.9321267213363 -8
      vertex -27.691291089386088 -15.223416101614207 -8
    endloop
  endfacet
  facet normal -0.8270805742745619 -0.5620833778521304 0
    outer loop
      vertex -25.56493702224834 -18.574013972442152 -15
      vertex -25.56493702224834 -18.574013972442152 -8
      vertex -26.680762445863675 -16.9321267213363 -8
    endloop
  endfacet
  facet normal 0 0 -1
    outer loop
      vertex -27.691291089386088 -15.223416101614207 -15
      vertex -28.59253485792622 -13.45462561345629 -15
      vertex -27.342874843485664 -8.884238588279738 -15
    endloop
  endfacet
  facet normal 0 0 -1
    outer loop
      vertex -27.691291089386088 -15.223416101614207 -15
      vertex -26.73107396928723 -10.58358088968449 -15
      vertex -26.013777758398064 -12.241154632495833 -15
    endloop
  endfacet
  facet normal -0.8910065241883678 -0.45399049973954725 0
    outer loop
      vertex -27.691291089386088 -15.223416101614207 -15
      vertex -28.59253485792622 -13.45462561345629 -8
      vertex -28.59253485792622 -13.45462561345629 -15
    endloop
  endfacet
  facet normal -0.9177546256839811 -0.39714789063478084 0
    outer loop
      vertex -28.59253485792622 -13.45462561345629 -15
      vertex -29.380936954068748 -11.632735864835821 -8
      vertex -29.380936954068748 -11.632735864835821 -15
    endloop
  endfacet
  facet normal 0 0 -1
    outer loop
      vertex -28.59253485792622 -13.45462561345629 -15
      vertex -29.380936954068748 -11.632735864835821 -15
      vertex -28.52329766279124 -3.603330464973742 -15
    endloop
  endfacet
  facet normal 0 0 -1
    outer loop
      vertex -28.59253485792622 -13.45462561345629 -15
      vertex -27.846765882448143 -7.149834255989577 -15
      vertex -27.342874843485664 -8.884238588279738 -15
    endloop
  endfacet
  facet normal 0 0 -1
    outer loop
      vertex -27.691291089386088 -15.223416101614207 -15
      vertex -27.342874843485664 -8.884238588279738 -15
      vertex -26.73107396928723 -10.58358088968449 -15
    endloop
  endfacet
  facet normal -0.9177546256839811 -0.39714789063478084 0
    outer loop
      vertex -28.59253485792622 -13.45462561345629 -15
      vertex -28.59253485792622 -13.45462561345629 -8
      vertex -29.380936954068748 -11.632735864835821 -8
    endloop
  endfacet
  facet normal 0 0 -1
    outer loop
      vertex -24.348218471714944 -20.142598076058594 -15
      vertex -23.25923858827974 -16.8988260034086 -15
      vertex -22.152255729803944 -18.325939705274827 -15
    endloop
  endfacet
  facet normal -0.9408807689542251 -0.3387379202452919 0
    outer loop
      vertex -29.825829669276683 -10.39699880981741 2
      vertex -29.825829669276683 -10.39699880981741 20
      vertex -30.053385914926853 -9.764937022248338 2
    endloop
  endfacet
  facet normal -0.9408807689542251 -0.3387379202452919 0
    outer loop
      vertex -30.053385914926853 -9.764937022248338 2
      vertex -29.825829669276683 -10.39699880981741 20
      vertex -30.053385914926853 -9.764937022248338 20
    endloop
  endfacet
  facet normal 0 0 1
    outer loop
      vertex -29.825829669276683 -10.39699880981741 20
      vertex -29.501575129705955 -10.179409042971791 20
      vertex -30.053385914926853 -9.764937022248338 20
    endloop
  endfacet
  facet normal 0 0 1
    outer loop
      vertex -29.501575129705955 -10.179409042971791 20
      vertex -27.960910081911017 -9.332421265475727 20
      vertex -30.053385914926853 -9.764937022248338 20
    endloop
  endfacet
  facet normal -0.9602936856769432 -0.27899110603922894 0
    outer loop
      vertex -30.053385914926853 -9.764937022248338 -15
      vertex -30.607227891664742 -7.858600434409413 -8
      vertex -30.607227891664742 -7.858600434409413 -15
    endloop
  endfacet
  facet normal -0.9876883405951375 -0.15643446504023184 -5.312981761404621e-16
    outer loop
      vertex -31.040277123026563 -5.921249540908905 -15
      vertex -31.238618743914294 -4.668969831605905 -12
      vertex -31.350824561537504 -3.960530180632009 -15
    endloop
  endfacet
  facet normal -0.9876883405951379 -0.15643446504022968 0
    outer loop
      vertex -31.238618743914294 -4.668969831605905 -12
      vertex -31.350824561537504 -3.960530180632009 -12
      vertex -31.350824561537504 -3.960530180632009 -15
    endloop
  endfacet
  facet normal -0.9759167619387471 -0.2181432413965439 0
    outer loop
      vertex -30.607227891664742 -7.858600434409413 -15
      vertex -31.040277123026563 -5.921249540908905 -8
      vertex -31.040277123026563 -5.921249540908905 -15
    endloop
  endfacet
  facet normal -0.9602936856769432 -0.27899110603922894 0
    outer loop
      vertex -30.053385914926853 -9.764937022248338 -15
      vertex -30.053385914926853 -9.764937022248338 -8
      vertex -30.607227891664742 -7.858600434409413 -8
    endloop
  endfacet
  facet normal -0.9759167619387471 -0.2181432413965439 0
    outer loop
      vertex -30.607227891664742 -7.858600434409413 -15
      vertex -30.607227891664742 -7.858600434409413 -8
      vertex -31.040277123026563 -5.921249540908905 -8
    endloop
  endfacet
  facet normal -0.9876883405951373 -0.1564344650402331 0
    outer loop
      vertex -31.040277123026563 -5.921249540908905 -15
      vertex -31.040277123026563 -5.921249540908905 -8
      vertex -31.238618743914294 -4.668969831605905 -12
    endloop
  endfacet
  facet normal -0.9955619646030803 -0.09410831331851215 0
    outer loop
      vertex -31.350824561537504 -3.960530180632009 -15
      vertex -31.53764461833338 -1.9841804171262996 -12
      vertex -31.53764461833338 -1.9841804171262996 -15
    endloop
  endfacet
  facet normal 0 0 -1
    outer loop
      vertex -30.053385914926853 -9.764937022248338 -15
      vertex -29.380936954068748 11.632735864835821 -15
      vertex -29.380936954068748 -11.632735864835821 -15
    endloop
  endfacet
  facet normal 0 0 -1
    outer loop
      vertex -30.053385914926853 -9.764937022248338 -15
      vertex -30.607227891664742 -7.858600434409413 -15
      vertex -30.053385914926853 9.764937022248338 -15
    endloop
  endfacet
  facet normal 0 0 -1
    outer loop
      vertex -30.607227891664742 -7.858600434409413 -15
      vertex -31.040277123026563 -5.921249540908905 -15
      vertex -30.607227891664742 7.858600434409413 -15
    endloop
  endfacet
  facet normal -0.9955619646030803 -0.09410831331851215 0
    outer loop
      vertex -31.350824561537504 -3.960530180632009 -15
      vertex -31.350824561537504 -3.960530180632009 -12
      vertex -31.53764461833338 -1.9841804171262996 -12
    endloop
  endfacet
  facet normal 0 0 -1
    outer loop
      vertex -31.040277123026563 -5.921249540908905 -15
      vertex -31.350824561537504 -3.960530180632009 -15
      vertex -31.040277123026563 5.921249540908905 -15
    endloop
  endfacet
  facet normal 0 0 -1
    outer loop
      vertex -31.350824561537504 -3.960530180632009 -15
      vertex -31.53764461833338 -1.9841804171262996 -15
      vertex -31.350824561537504 3.960530180632009 -15
    endloop
  endfacet
  facet normal -0.9995065603657315 -0.03141075907812915 0
    outer loop
      vertex -31.53764461833338 -1.9841804171262996 -15
      vertex -31.6 0 -12
      vertex -31.6 0 -15
    endloop
  endfacet
  facet normal 0 0 -1
    outer loop
      vertex -31.53764461833338 -1.9841804171262996 -15
      vertex -31.6 0 -15
      vertex -31.53764461833338 1.9841804171262996 -15
    endloop
  endfacet
  facet normal -0.9995065603657315 -0.03141075907812915 0
    outer loop
      vertex -31.53764461833338 -1.9841804171262996 -15
      vertex -31.53764461833338 -1.9841804171262996 -12
      vertex -31.6 0 -12
    endloop
  endfacet
  facet normal -0.9995065603657315 0.03141075907812915 0
    outer loop
      vertex -31.6 0 -15
      vertex -31.6 0 -12
      vertex -31.53764461833338 1.9841804171262996 -12
    endloop
  endfacet
  facet normal -0.9876883405951373 -0.1564344650402331 0
    outer loop
      vertex -31.238618743914294 -4.668969831605905 -12
      vertex -31.040277123026563 -5.921249540908905 -8
      vertex -31.238618743914294 -4.668969831605905 -8
    endloop
  endfacet
  facet normal 0 0 -1
    outer loop
      vertex -31.53764461833338 -1.9841804171262996 -15
      vertex -31.53764461833338 1.9841804171262996 -15
      vertex -31.350824561537504 3.960530180632009 -15
    endloop
  endfacet
  facet normal 0 0 -1
    outer loop
      vertex -31.350824561537504 -3.960530180632009 -15
      vertex -31.350824561537504 3.960530180632009 -15
      vertex -31.040277123026563 5.921249540908905 -15
    endloop
  endfacet
  facet normal -0.9995065603657315 0.03141075907812915 0
    outer loop
      vertex -31.6 0 -15
      vertex -31.53764461833338 1.9841804171262996 -12
      vertex -31.53764461833338 1.9841804171262996 -15
    endloop
  endfacet
  facet normal -0.9955619646030803 0.09410831331851215 0
    outer loop
      vertex -31.53764461833338 1.9841804171262996 -15
      vertex -31.350824561537504 3.960530180632009 -12
      vertex -31.350824561537504 3.960530180632009 -15
    endloop
  endfacet
  facet normal 0 0 -1
    outer loop
      vertex -31.040277123026563 -5.921249540908905 -15
      vertex -31.040277123026563 5.921249540908905 -15
      vertex -30.607227891664742 7.858600434409413 -15
    endloop
  endfacet
  facet normal 0 0 -1
    outer loop
      vertex -30.607227891664742 -7.858600434409413 -15
      vertex -30.607227891664742 7.858600434409413 -15
      vertex -30.053385914926853 9.764937022248338 -15
    endloop
  endfacet
  facet normal -0.9955619646030803 0.09410831331851215 0
    outer loop
      vertex -31.53764461833338 1.9841804171262996 -15
      vertex -31.53764461833338 1.9841804171262996 -12
      vertex -31.350824561537504 3.960530180632009 -12
    endloop
  endfacet
  facet normal 0 0 -1
    outer loop
      vertex -30.053385914926853 -9.764937022248338 -15
      vertex -30.053385914926853 9.764937022248338 -15
      vertex -29.380936954068748 11.632735864835821 -15
    endloop
  endfacet
  facet normal -0.9876883405951379 0.15643446504023006 0
    outer loop
      vertex -31.350824561537504 3.960530180632009 -15
      vertex -31.350824561537504 3.960530180632009 -12
      vertex -31.238618743914294 4.668969831605903 -12
    endloop
  endfacet
  facet normal -0.9876883405951375 0.15643446504023184 0
    outer loop
      vertex -31.350824561537504 3.960530180632009 -15
      vertex -31.040277123026563 5.921249540908905 -8
      vertex -31.040277123026563 5.921249540908905 -15
    endloop
  endfacet
  facet normal -0.987688340595136 0.1564344650402415 -2.7916336924431374e-15
    outer loop
      vertex -31.350824561537504 3.960530180632009 -15
      vertex -31.238618743914294 4.668969831605903 -12
      vertex -31.040277123026563 5.921249540908905 -8
    endloop
  endfacet
  facet normal -0.9759167619387471 0.2181432413965439 0
    outer loop
      vertex -31.040277123026563 5.921249540908905 -15
      vertex -30.607227891664742 7.858600434409413 -8
      vertex -30.607227891664742 7.858600434409413 -15
    endloop
  endfacet
  facet normal -0.9602936856769432 0.27899110603922894 0
    outer loop
      vertex -30.607227891664742 7.858600434409413 -15
      vertex -30.053385914926853 9.764937022248338 -8
      vertex -30.053385914926853 9.764937022248338 -15
    endloop
  endfacet
  facet normal -0.940880768954226 0.33873792024529026 0
    outer loop
      vertex -30.053385914926853 9.764937022248338 -15
      vertex -29.380936954068748 11.632735864835821 -8
      vertex -29.380936954068748 11.632735864835821 -15
    endloop
  endfacet
  facet normal -0.9759167619387471 0.2181432413965439 0
    outer loop
      vertex -31.040277123026563 5.921249540908905 -15
      vertex -31.040277123026563 5.921249540908905 -8
      vertex -30.607227891664742 7.858600434409413 -8
    endloop
  endfacet
  facet normal -0.9602936856769432 0.27899110603922894 0
    outer loop
      vertex -30.607227891664742 7.858600434409413 -15
      vertex -30.607227891664742 7.858600434409413 -8
      vertex -30.053385914926853 9.764937022248338 -8
    endloop
  endfacet
  facet normal -0.940880768954226 0.33873792024529026 0
    outer loop
      vertex -30.053385914926853 9.764937022248338 -15
      vertex -30.053385914926853 9.764937022248338 -8
      vertex -29.380936954068748 11.632735864835821 -8
    endloop
  endfacet
  facet normal -0.9876883405951374 0.15643446504023287 0
    outer loop
      vertex -31.238618743914294 4.668969831605903 -12
      vertex -31.238618743914294 4.668969831605903 -8
      vertex -31.040277123026563 5.921249540908905 -8
    endloop
  endfacet
  facet normal 0 0 -1
    outer loop
      vertex -28.59253485792622 -13.45462561345629 -15
      vertex -28.240758458449797 -5.387212794339589 -15
      vertex -27.846765882448143 -7.149834255989577 -15
    endloop
  endfacet
  facet normal 0 0 -1
    outer loop
      vertex -28.59253485792622 -13.45462561345629 -15
      vertex -28.52329766279124 -3.603330464973742 -15
      vertex -28.240758458449797 -5.387212794339589 -15
    endloop
  endfacet
  facet normal 0 0 -1
    outer loop
      vertex -29.380936954068748 -11.632735864835821 -15
      vertex -28.693268442312807 -1.8052274364677567 -15
      vertex -28.52329766279124 -3.603330464973742 -15
    endloop
  endfacet
  facet normal 0 0 -1
    outer loop
      vertex -29.380936954068748 -11.632735864835821 -15
      vertex -28.75 0 -15
      vertex -28.693268442312807 -1.8052274364677567 -15
    endloop
  endfacet
  facet normal 0 0 -1
    outer loop
      vertex -29.380936954068748 -11.632735864835821 -15
      vertex -28.59253485792622 13.45462561345629 -15
      vertex -28.75 0 -15
    endloop
  endfacet
  facet normal 0 0 -1
    outer loop
      vertex -29.380936954068748 -11.632735864835821 -15
      vertex -29.380936954068748 11.632735864835821 -15
      vertex -28.59253485792622 13.45462561345629 -15
    endloop
  endfacet
  facet normal 0 0 -1
    outer loop
      vertex -28.59253485792622 13.45462561345629 -15
      vertex -28.693268442312807 1.8052274364677567 -15
      vertex -28.75 0 -15
    endloop
  endfacet
  facet normal 0 0 -1
    outer loop
      vertex -28.59253485792622 13.45462561345629 -15
      vertex -28.52329766279124 3.603330464973742 -15
      vertex -28.693268442312807 1.8052274364677567 -15
    endloop
  endfacet
  facet normal 0 0 -1
    outer loop
      vertex -28.59253485792622 13.45462561345629 -15
      vertex -28.240758458449797 5.387212794339589 -15
      vertex -28.52329766279124 3.603330464973742 -15
    endloop
  endfacet
  facet normal 0 0 -1
    outer loop
      vertex -27.691291089386088 15.223416101614207 -15
      vertex -27.846765882448143 7.149834255989577 -15
      vertex -28.240758458449797 5.387212794339589 -15
    endloop
  endfacet
  facet normal 0 0 -1
    outer loop
      vertex -27.691291089386088 15.223416101614207 -15
      vertex -27.342874843485664 8.884238588279738 -15
      vertex -27.846765882448143 7.149834255989577 -15
    endloop
  endfacet
  facet normal 0 0 -1
    outer loop
      vertex -28.59253485792622 13.45462561345629 -15
      vertex -27.691291089386088 15.223416101614207 -15
      vertex -28.240758458449797 5.387212794339589 -15
    endloop
  endfacet
  facet normal 0 0 -1
    outer loop
      vertex -26.680762445863675 16.9321267213363 -15
      vertex -26.73107396928723 10.58358088968449 -15
      vertex -27.342874843485664 8.884238588279738 -15
    endloop
  endfacet
  facet normal 0 0 -1
    outer loop
      vertex -27.691291089386088 15.223416101614207 -15
      vertex -26.680762445863675 16.9321267213363 -15
      vertex -27.342874843485664 8.884238588279738 -15
    endloop
  endfacet
  facet normal 0 0 -1
    outer loop
      vertex -26.680762445863675 16.9321267213363 -15
      vertex -26.013777758398064 12.241154632495833 -15
      vertex -26.73107396928723 10.58358088968449 -15
    endloop
  endfacet
  facet normal -0.9177546256839811 0.39714789063478084 0
    outer loop
      vertex -29.380936954068748 11.632735864835821 -15
      vertex -28.59253485792622 13.45462561345629 -8
      vertex -28.59253485792622 13.45462561345629 -15
    endloop
  endfacet
  facet normal -0.8910065241883678 0.45399049973954725 0
    outer loop
      vertex -28.59253485792622 13.45462561345629 -15
      vertex -27.691291089386088 15.223416101614207 -8
      vertex -27.691291089386088 15.223416101614207 -15
    endloop
  endfacet
  facet normal -0.8607420270039439 0.509041415750371 -5.992084693313516e-17
    outer loop
      vertex -27.691291089386088 15.223416101614207 -15
      vertex -27.4726144244963 15.593178148417884 -8
      vertex -26.680762445863675 16.9321267213363 -15
    endloop
  endfacet
  facet normal 0 0 -1
    outer loop
      vertex -25.56493702224834 18.574013972442152 -15
      vertex -25.193817051261075 13.850418130424318 -15
      vertex -26.013777758398064 12.241154632495833 -15
    endloop
  endfacet
  facet normal 0 0 -1
    outer loop
      vertex -26.680762445863675 16.9321267213363 -15
      vertex -25.56493702224834 18.574013972442152 -15
      vertex -26.013777758398064 12.241154632495833 -15
    endloop
  endfacet
  facet normal -0.9177546256839811 0.39714789063478084 0
    outer loop
      vertex -29.380936954068748 11.632735864835821 -15
      vertex -29.380936954068748 11.632735864835821 -8
      vertex -28.59253485792622 13.45462561345629 -8
    endloop
  endfacet
  facet normal -0.8910065241883678 0.45399049973954725 0
    outer loop
      vertex -28.59253485792622 13.45462561345629 -15
      vertex -28.59253485792622 13.45462561345629 -8
      vertex -27.691291089386088 15.223416101614207 -8
    endloop
  endfacet
  facet normal -0.8607420270039444 0.5090414157503701 0
    outer loop
      vertex -27.691291089386088 15.223416101614207 -15
      vertex -27.691291089386088 15.223416101614207 -8
      vertex -27.4726144244963 15.593178148417884 -8
    endloop
  endfacet
  facet normal 0 0 -1
    outer loop
      vertex -25.56493702224834 18.574013972442152 -15
      vertex -24.348218471714944 20.142598076058594 -15
      vertex -25.193817051261075 13.850418130424318 -15
    endloop
  endfacet
  facet normal 0 0 -1
    outer loop
      vertex -24.348218471714944 20.142598076058594 -15
      vertex -24.27442785818293 15.405020355646156 -15
      vertex -25.193817051261075 13.850418130424318 -15
    endloop
  endfacet
  facet normal 0 0 -1
    outer loop
      vertex -24.348218471714944 20.142598076058594 -15
      vertex -23.25923858827974 16.8988260034086 -15
      vertex -24.27442785818293 15.405020355646156 -15
    endloop
  endfacet
  facet normal 0 0 -1
    outer loop
      vertex -24.348218471714944 20.142598076058594 -15
      vertex -23.03540862651661 21.631688547346556 -15
      vertex -23.25923858827974 16.8988260034086 -15
    endloop
  endfacet
  facet normal 0 0 -1
    outer loop
      vertex -23.03540862651661 21.631688547346556 -15
      vertex -22.152255729803944 18.325939705274827 -15
      vertex -23.25923858827974 16.8988260034086 -15
    endloop
  endfacet
  facet normal 0 0 -1
    outer loop
      vertex -23.03540862651661 21.631688547346556 -15
      vertex -21.631688547346556 23.03540862651661 -15
      vertex -22.152255729803944 18.325939705274827 -15
    endloop
  endfacet
  facet normal 0 0 -1
    outer loop
      vertex -21.631688547346556 23.03540862651661 -15
      vertex -20.957848038365587 19.680729295449794 -15
      vertex -22.152255729803944 18.325939705274827 -15
    endloop
  endfacet
  facet normal 0 0 -1
    outer loop
      vertex -20.142598076058594 24.348218471714944 -15
      vertex -19.680729295449794 20.957848038365587 -15
      vertex -20.957848038365587 19.680729295449794 -15
    endloop
  endfacet
  facet normal 0 0 -1
    outer loop
      vertex -21.631688547346556 23.03540862651661 -15
      vertex -20.142598076058594 24.348218471714944 -15
      vertex -20.957848038365587 19.680729295449794 -15
    endloop
  endfacet
  facet normal 0 0 -1
    outer loop
      vertex -18.574013972442152 25.56493702224834 -15
      vertex -18.325939705274827 22.152255729803944 -15
      vertex -19.680729295449794 20.957848038365587 -15
    endloop
  endfacet
  facet normal 0 0 -1
    outer loop
      vertex -20.142598076058594 24.348218471714944 -15
      vertex -18.574013972442152 25.56493702224834 -15
      vertex -19.680729295449794 20.957848038365587 -15
    endloop
  endfacet
  facet normal 0 0 -1
    outer loop
      vertex -16.9321267213363 26.680762445863675 -15
      vertex -16.8988260034086 23.25923858827974 -15
      vertex -18.325939705274827 22.152255729803944 -15
    endloop
  endfacet
  facet normal 0 0 -1
    outer loop
      vertex -18.574013972442152 25.56493702224834 -15
      vertex -16.9321267213363 26.680762445863675 -15
      vertex -18.325939705274827 22.152255729803944 -15
    endloop
  endfacet
  facet normal -0.8270805742745619 0.5620833778521304 0
    outer loop
      vertex -26.680762445863675 16.9321267213363 -15
      vertex -25.56493702224834 18.574013972442152 20
      vertex -25.56493702224834 18.574013972442152 -15
    endloop
  endfacet
  facet normal -0.7901550123756904 0.6129070536529765 0
    outer loop
      vertex -25.56493702224834 18.574013972442152 -15
      vertex -24.348218471714944 20.142598076058594 20
      vertex -24.348218471714944 20.142598076058594 -15
    endloop
  endfacet
  facet normal -0.7501110696304588 0.6613118653236527 0
    outer loop
      vertex -24.348218471714944 20.142598076058594 -15
      vertex -23.03540862651661 21.631688547346556 20
      vertex -23.03540862651661 21.631688547346556 -15
    endloop
  endfacet
  facet normal -0.8607420270039436 0.5090414157503711 0
    outer loop
      vertex -26.680762445863675 16.9321267213363 -15
      vertex -27.4726144244963 15.593178148417884 -8
      vertex -26.680762445863675 16.9321267213363 20
    endloop
  endfacet
  facet normal -0.8607420270039436 0.5090414157503712 0
    outer loop
      vertex -27.4726144244963 15.593178148417884 -8
      vertex -27.4726144244963 15.593178148417884 2
      vertex -26.680762445863675 16.9321267213363 20
    endloop
  endfacet
  facet normal -0.7071067811865476 0.7071067811865476 0
    outer loop
      vertex -23.03540862651661 21.631688547346556 -15
      vertex -21.631688547346556 23.03540862651661 20
      vertex -21.631688547346556 23.03540862651661 -15
    endloop
  endfacet
  facet normal -0.6613118653236527 0.7501110696304588 0
    outer loop
      vertex -21.631688547346556 23.03540862651661 -15
      vertex -21.631688547346556 23.03540862651661 20
      vertex -20.142598076058594 24.348218471714944 -15
    endloop
  endfacet
  facet normal -0.6129070536529765 0.7901550123756904 0
    outer loop
      vertex -20.142598076058594 24.348218471714944 -15
      vertex -20.142598076058594 24.348218471714944 20
      vertex -18.574013972442152 25.56493702224834 -15
    endloop
  endfacet
  facet normal -0.5620833778521304 0.8270805742745619 0
    outer loop
      vertex -18.574013972442152 25.56493702224834 -15
      vertex -18.574013972442152 25.56493702224834 20
      vertex -16.9321267213363 26.680762445863675 -15
    endloop
  endfacet
  facet normal -0.9602936856769432 -0.2789911060392289 0
    outer loop
      vertex -30.053385914926853 -9.764937022248338 2
      vertex -30.607227891664742 -7.858600434409413 20
      vertex -30.607227891664742 -7.858600434409413 2
    endloop
  endfacet
  facet normal -0.9876883405951377 -0.15643446504023195 0
    outer loop
      vertex -31.040277123026563 -5.921249540908905 2
      vertex -31.040277123026563 -5.921249540908905 20
      vertex -31.217429471634034 -4.8027536315602495 2
    endloop
  endfacet
  facet normal -0.9759167619387471 -0.21814324139654392 0
    outer loop
      vertex -30.607227891664742 -7.858600434409413 2
      vertex -31.040277123026563 -5.921249540908905 20
      vertex -31.040277123026563 -5.921249540908905 2
    endloop
  endfacet
  facet normal -0.9602936856769432 -0.2789911060392289 0
    outer loop
      vertex -30.053385914926853 -9.764937022248338 2
      vertex -30.053385914926853 -9.764937022248338 20
      vertex -30.607227891664742 -7.858600434409413 20
    endloop
  endfacet
  facet normal -0.9759167619387471 -0.21814324139654392 0
    outer loop
      vertex -30.607227891664742 -7.858600434409413 2
      vertex -30.607227891664742 -7.858600434409413 20
      vertex -31.040277123026563 -5.921249540908905 20
    endloop
  endfacet
  facet normal -0.9876883405951377 -0.15643446504023195 0
    outer loop
      vertex -31.217429471634034 -4.8027536315602495 2
      vertex -31.040277123026563 -5.921249540908905 20
      vertex -31.217429471634034 -4.8027536315602495 20
    endloop
  endfacet
  facet normal -0.9876883405951377 0.15643446504023184 0
    outer loop
      vertex -31.217429471634034 4.802753631560249 2
      vertex -31.217429471634034 4.802753631560249 20
      vertex -31.040277123026563 5.921249540908905 2
    endloop
  endfacet
  facet normal -0.9759167619387471 0.21814324139654392 0
    outer loop
      vertex -31.040277123026563 5.921249540908905 2
      vertex -30.607227891664742 7.858600434409413 20
      vertex -30.607227891664742 7.858600434409413 2
    endloop
  endfacet
  facet normal -0.9602936856769432 0.2789911060392289 0
    outer loop
      vertex -30.607227891664742 7.858600434409413 2
      vertex -30.053385914926853 9.764937022248338 20
      vertex -30.053385914926853 9.764937022248338 2
    endloop
  endfacet
  facet normal -0.940880768954226 0.33873792024529026 0
    outer loop
      vertex -30.053385914926853 9.764937022248338 2
      vertex -29.380936954068748 11.632735864835821 20
      vertex -29.380936954068748 11.632735864835821 2
    endloop
  endfacet
  facet normal -0.9876883405951377 0.15643446504023184 0
    outer loop
      vertex -31.040277123026563 5.921249540908905 2
      vertex -31.217429471634034 4.802753631560249 20
      vertex -31.040277123026563 5.921249540908905 20
    endloop
  endfacet
  facet normal -0.9759167619387471 0.21814324139654392 0
    outer loop
      vertex -31.040277123026563 5.921249540908905 2
      vertex -31.040277123026563 5.921249540908905 20
      vertex -30.607227891664742 7.858600434409413 20
    endloop
  endfacet
  facet normal -0.9602936856769432 0.2789911060392289 0
    outer loop
      vertex -30.607227891664742 7.858600434409413 2
      vertex -30.607227891664742 7.858600434409413 20
      vertex -30.053385914926853 9.764937022248338 20
    endloop
  endfacet
  facet normal -0.940880768954226 0.33873792024529026 0
    outer loop
      vertex -30.053385914926853 9.764937022248338 2
      vertex -30.053385914926853 9.764937022248338 20
      vertex -29.380936954068748 11.632735864835821 20
    endloop
  endfacet
  facet normal 0 0 1
    outer loop
      vertex -31.040277123026563 -5.921249540908905 20
      vertex -31.350824561537504 -1.7009925508581478 20
      vertex -31.217429471634034 -4.8027536315602495 20
    endloop
  endfacet
  facet normal 0 0 1
    outer loop
      vertex -31.217429471634034 -4.8027536315602495 20
      vertex -31.350824561537504 -1.7009925508581478 20
      vertex -31.302316305166833 -4.266799257766574 20
    endloop
  endfacet
  facet normal 0 0 1
    outer loop
      vertex -31.040277123026563 -5.921249540908905 20
      vertex -31.27577789416074 1.5725065040921404 20
      vertex -31.350824561537504 -1.7009925508581478 20
    endloop
  endfacet
  facet normal 0 0 1
    outer loop
      vertex -30.053385914926853 -9.764937022248338 20
      vertex -30.607227891664742 7.858600434409413 20
      vertex -30.607227891664742 -7.858600434409413 20
    endloop
  endfacet
  facet normal 0 0 1
    outer loop
      vertex -30.607227891664742 -7.858600434409413 20
      vertex -31.040277123026563 5.921249540908905 20
      vertex -31.040277123026563 -5.921249540908905 20
    endloop
  endfacet
  facet normal 0 0 1
    outer loop
      vertex -31.54020638410818 -1.9026637084194977 20
      vertex -31.350824561537504 -1.7009925508581478 20
      vertex -31.57636746674761 0.7519994013858253 20
    endloop
  endfacet
  facet normal 0 0 1
    outer loop
      vertex -31.350824561537504 -1.7009925508581478 20
      vertex -31.551316202423184 1.549143557483414 20
      vertex -31.57636746674761 0.7519994013858253 20
    endloop
  endfacet
  facet normal 0 0 1
    outer loop
      vertex -31.040277123026563 -5.921249540908905 20
      vertex -31.217429471634034 4.802753631560249 20
      vertex -31.27577789416074 1.5725065040921404 20
    endloop
  endfacet
  facet normal 0 0 1
    outer loop
      vertex -31.350824561537504 -1.7009925508581478 20
      vertex -31.27577789416074 1.5725065040921404 20
      vertex -31.551316202423184 1.549143557483414 20
    endloop
  endfacet
  facet normal 0 0 1
    outer loop
      vertex -31.040277123026563 -5.921249540908905 20
      vertex -31.040277123026563 5.921249540908905 20
      vertex -31.217429471634034 4.802753631560249 20
    endloop
  endfacet
  facet normal 0 0 1
    outer loop
      vertex -31.27577789416074 1.5725065040921404 20
      vertex -31.217429471634034 4.802753631560249 20
      vertex -31.342964419789425 4.010157162499506 20
    endloop
  endfacet
  facet normal 0 0 1
    outer loop
      vertex -30.607227891664742 -7.858600434409413 20
      vertex -30.607227891664742 7.858600434409413 20
      vertex -31.040277123026563 5.921249540908905 20
    endloop
  endfacet
  facet normal 0 0 1
    outer loop
      vertex -30.053385914926853 -9.764937022248338 20
      vertex -30.053385914926853 9.764937022248338 20
      vertex -30.607227891664742 7.858600434409413 20
    endloop
  endfacet
  facet normal 0 0 1
    outer loop
      vertex -27.960910081911017 -9.332421265475727 20
      vertex -27.742989113711605 -7.123188910558061 20
      vertex -28.13551339437813 -5.367136224634771 20
    endloop
  endfacet
  facet normal 0 0 1
    outer loop
      vertex -27.960910081911017 -9.332421265475727 20
      vertex -27.179136512512745 -9.022895212813182 20
      vertex -27.240975929579363 -8.85112962412684 20
    endloop
  endfacet
  facet normal 0 0 1
    outer loop
      vertex -27.960910081911017 -9.332421265475727 20
      vertex -27.240975929579363 -8.85112962412684 20
      vertex -27.742989113711605 -7.123188910558061 20
    endloop
  endfacet
  facet normal 0 0 1
    outer loop
      vertex -27.960910081911017 -9.332421265475727 20
      vertex -28.13551339437813 -5.367136224634771 20
      vertex -28.416999657570436 -3.5899019040441367 20
    endloop
  endfacet
  facet normal 0 0 1
    outer loop
      vertex -27.960910081911017 -9.332421265475727 20
      vertex -28.416999657570436 -3.5899019040441367 20
      vertex -28.586337005606538 -1.7984998807084271 20
    endloop
  endfacet
  facet normal 0 0 1
    outer loop
      vertex -30.053385914926853 -9.764937022248338 20
      vertex -27.960910081911017 -9.332421265475727 20
      vertex -30.053385914926853 9.764937022248338 20
    endloop
  endfacet
  facet normal 0 0 1
    outer loop
      vertex -27.960910081911017 -9.332421265475727 20
      vertex -28.586337005606538 -1.7984998807084271 20
      vertex -30.053385914926853 9.764937022248338 20
    endloop
  endfacet
  facet normal 0 0 1
    outer loop
      vertex -30.053385914926853 9.764937022248338 20
      vertex -28.586337005606538 -1.7984998807084271 20
      vertex -28.642857141336616 0 20
    endloop
  endfacet
  facet normal 0 0 1
    outer loop
      vertex -30.053385914926853 9.764937022248338 20
      vertex -28.642857141336616 0 20
      vertex -28.586337005606538 1.7984998807084411 20
    endloop
  endfacet
  facet normal 0 0 1
    outer loop
      vertex -29.380936954068748 11.632735864835821 20
      vertex -28.586337005606538 1.7984998807084411 20
      vertex -28.416999657570436 3.5899019040441646 20
    endloop
  endfacet
  facet normal 0 0 1
    outer loop
      vertex -29.380936954068748 11.632735864835821 20
      vertex -28.416999657570436 3.5899019040441646 20
      vertex -28.135513394378137 5.367136224634744 20
    endloop
  endfacet
  facet normal 0 0 1
    outer loop
      vertex -30.053385914926853 9.764937022248338 20
      vertex -28.586337005606538 1.7984998807084411 20
      vertex -29.380936954068748 11.632735864835821 20
    endloop
  endfacet
  facet normal 0 0 1
    outer loop
      vertex -28.59253485792622 13.45462561345629 20
      vertex -28.135513394378137 5.367136224634744 20
      vertex -27.74298911371161 7.123188910558048 20
    endloop
  endfacet
  facet normal 0 0 1
    outer loop
      vertex -29.380936954068748 11.632735864835821 20
      vertex -28.135513394378137 5.367136224634744 20
      vertex -28.59253485792622 13.45462561345629 20
    endloop
  endfacet
  facet normal 0 0 1
    outer loop
      vertex -28.59253485792622 13.45462561345629 20
      vertex -27.74298911371161 7.123188910558048 20
      vertex -27.240975929579363 8.851129624126838 20
    endloop
  endfacet
  facet normal -0.9177546256839813 0.39714789063478084 0
    outer loop
      vertex -29.380936954068748 11.632735864835821 2
      vertex -28.59253485792622 13.45462561345629 20
      vertex -28.59253485792622 13.45462561345629 2
    endloop
  endfacet
  facet normal -0.8910065241883677 0.4539904997395472 0
    outer loop
      vertex -28.59253485792622 13.45462561345629 2
      vertex -27.691291089386088 15.223416101614207 20
      vertex -27.691291089386088 15.223416101614207 2
    endloop
  endfacet
  facet normal -0.8607420270039444 0.5090414157503701 0
    outer loop
      vertex -27.691291089386088 15.223416101614207 2
      vertex -27.691291089386088 15.223416101614207 20
      vertex -27.4726144244963 15.593178148417884 2
    endloop
  endfacet
  facet normal -0.8270805742745619 0.5620833778521304 0
    outer loop
      vertex -26.680762445863675 16.9321267213363 -15
      vertex -26.680762445863675 16.9321267213363 20
      vertex -25.56493702224834 18.574013972442152 20
    endloop
  endfacet
  facet normal -0.7901550123756904 0.6129070536529765 0
    outer loop
      vertex -25.56493702224834 18.574013972442152 -15
      vertex -25.56493702224834 18.574013972442152 20
      vertex -24.348218471714944 20.142598076058594 20
    endloop
  endfacet
  facet normal -0.7501110696304588 0.6613118653236527 0
    outer loop
      vertex -24.348218471714944 20.142598076058594 -15
      vertex -24.348218471714944 20.142598076058594 20
      vertex -23.03540862651661 21.631688547346556 20
    endloop
  endfacet
  facet normal -0.9177546256839813 0.39714789063478084 0
    outer loop
      vertex -29.380936954068748 11.632735864835821 2
      vertex -29.380936954068748 11.632735864835821 20
      vertex -28.59253485792622 13.45462561345629 20
    endloop
  endfacet
  facet normal -0.8910065241883677 0.4539904997395472 0
    outer loop
      vertex -28.59253485792622 13.45462561345629 2
      vertex -28.59253485792622 13.45462561345629 20
      vertex -27.691291089386088 15.223416101614207 20
    endloop
  endfacet
  facet normal -0.8607420270039439 0.509041415750371 2.3302551585108116e-17
    outer loop
      vertex -27.4726144244963 15.593178148417884 2
      vertex -27.691291089386088 15.223416101614207 20
      vertex -26.680762445863675 16.9321267213363 20
    endloop
  endfacet
  facet normal -0.7071067811865476 0.7071067811865476 0
    outer loop
      vertex -23.03540862651661 21.631688547346556 -15
      vertex -23.03540862651661 21.631688547346556 20
      vertex -21.631688547346556 23.03540862651661 20
    endloop
  endfacet
  facet normal -0.6613118653236527 0.7501110696304588 0
    outer loop
      vertex -20.142598076058594 24.348218471714944 -15
      vertex -21.631688547346556 23.03540862651661 20
      vertex -20.142598076058594 24.348218471714944 20
    endloop
  endfacet
  facet normal -0.6129070536529765 0.7901550123756904 0
    outer loop
      vertex -18.574013972442152 25.56493702224834 -15
      vertex -20.142598076058594 24.348218471714944 20
      vertex -18.574013972442152 25.56493702224834 20
    endloop
  endfacet
  facet normal -0.5620833778521304 0.8270805742745619 0
    outer loop
      vertex -18.574013972442152 25.56493702224834 20
      vertex -16.9321267213363 26.680762445863675 20
      vertex -16.9321267213363 26.680762445863675 -15
    endloop
  endfacet
  facet normal 0 0 1
    outer loop
      vertex -27.691291089386088 15.223416101614207 20
      vertex -27.240975929579363 8.851129624126838 20
      vertex -26.63145505867116 10.544138972765687 20
    endloop
  endfacet
  facet normal 0 0 1
    outer loop
      vertex -28.59253485792622 13.45462561345629 20
      vertex -27.240975929579363 8.851129624126838 20
      vertex -27.691291089386088 15.223416101614207 20
    endloop
  endfacet
  facet normal 0 0 1
    outer loop
      vertex -27.691291089386088 15.223416101614207 20
      vertex -26.63145505867116 10.544138972765687 20
      vertex -25.91683200140088 12.195535422037906 20
    endloop
  endfacet
  facet normal 0 0 1
    outer loop
      vertex -27.691291089386088 15.223416101614207 20
      vertex -25.91683200140088 12.195535422037906 20
      vertex -26.680762445863675 16.9321267213363 20
    endloop
  endfacet
  facet normal 0 0 1
    outer loop
      vertex -26.680762445863675 16.9321267213363 20
      vertex -25.91683200140088 12.195535422037906 20
      vertex -25.099927048495356 13.798801664609472 20
    endloop
  endfacet
  facet normal 0 0 1
    outer loop
      vertex -25.56493702224834 18.574013972442152 20
      vertex -25.099927048495356 13.798801664609472 20
      vertex -24.18396415059533 15.347610341083653 20
    endloop
  endfacet
  facet normal 0 0 1
    outer loop
      vertex -26.680762445863675 16.9321267213363 20
      vertex -25.099927048495356 13.798801664609472 20
      vertex -25.56493702224834 18.574013972442152 20
    endloop
  endfacet
  facet normal 0 0 1
    outer loop
      vertex -25.56493702224834 18.574013972442152 20
      vertex -24.18396415059533 15.347610341083653 20
      vertex -23.172558194795148 16.83584901119781 20
    endloop
  endfacet
  facet normal 0 0 1
    outer loop
      vertex -25.56493702224834 18.574013972442152 20
      vertex -23.172558194795148 16.83584901119781 20
      vertex -24.348218471714944 20.142598076058594 20
    endloop
  endfacet
  facet normal 0 0 1
    outer loop
      vertex -24.348218471714944 20.142598076058594 20
      vertex -23.172558194795148 16.83584901119781 20
      vertex -22.06970073833494 18.257644276832544 20
    endloop
  endfacet
  facet normal 0 0 1
    outer loop
      vertex -24.348218471714944 20.142598076058594 20
      vertex -22.06970073833494 18.257644276832544 20
      vertex -23.03540862651661 21.631688547346556 20
    endloop
  endfacet
  facet normal 0 0 1
    outer loop
      vertex -23.03540862651661 21.631688547346556 20
      vertex -22.06970073833494 18.257644276832544 20
      vertex -20.879744255747735 19.60738496163085 20
    endloop
  endfacet
  facet normal 0 0 1
    outer loop
      vertex -21.631688547346556 23.03540862651661 20
      vertex -20.879744255747735 19.60738496163085 20
      vertex -19.60738496163085 20.879744255747735 20
    endloop
  endfacet
  facet normal 0 0 1
    outer loop
      vertex -23.03540862651661 21.631688547346556 20
      vertex -20.879744255747735 19.60738496163085 20
      vertex -21.631688547346556 23.03540862651661 20
    endloop
  endfacet
  facet normal 0 0 1
    outer loop
      vertex -21.631688547346556 23.03540862651661 20
      vertex -19.60738496163085 20.879744255747735 20
      vertex -20.142598076058594 24.348218471714944 20
    endloop
  endfacet
  facet normal 0 0 1
    outer loop
      vertex -20.142598076058594 24.348218471714944 20
      vertex -19.60738496163085 20.879744255747735 20
      vertex -18.257644276832544 22.06970073833494 20
    endloop
  endfacet
  facet normal 0 0 1
    outer loop
      vertex -18.574013972442152 25.56493702224834 20
      vertex -18.257644276832544 22.06970073833494 20
      vertex -16.83584901119781 23.17255819479515 20
    endloop
  endfacet
  facet normal 0 0 1
    outer loop
      vertex -20.142598076058594 24.348218471714944 20
      vertex -18.257644276832544 22.06970073833494 20
      vertex -18.574013972442152 25.56493702224834 20
    endloop
  endfacet
  facet normal 0 0 1
    outer loop
      vertex -18.574013972442152 25.56493702224834 20
      vertex -16.83584901119781 23.17255819479515 20
      vertex -16.9321267213363 26.680762445863675 20
    endloop
  endfacet
  facet normal -0.33873792024529026 -0.940880768954226 0
    outer loop
      vertex -9.764937022248338 -30.053385914926853 -15
      vertex -11.632735864835821 -29.380936954068748 -8
      vertex -11.632735864835821 -29.380936954068748 -15
    endloop
  endfacet
  facet normal -0.27899110603922894 -0.9602936856769432 0
    outer loop
      vertex -9.764937022248338 -30.053385914926853 -15
      vertex -7.858600434409413 -30.607227891664742 -15
      vertex -9.764937022248338 -30.053385914926853 -8
    endloop
  endfacet
  facet normal 0 0 -1
    outer loop
      vertex -7.858600434409413 -30.607227891664742 -15
      vertex -5.387212794339589 -28.240758458449797 -15
      vertex -5.921249540908905 -31.040277123026563 -15
    endloop
  endfacet
  facet normal -0.2181432413965439 -0.9759167619387471 0
    outer loop
      vertex -7.858600434409413 -30.607227891664742 -15
      vertex -5.921249540908905 -31.040277123026563 -15
      vertex -7.858600434409413 -30.607227891664742 -8
    endloop
  endfacet
  facet normal -0.15643446504023184 -0.9876883405951375 0
    outer loop
      vertex -5.921249540908905 -31.040277123026563 -15
      vertex -3.960530180632009 -31.350824561537504 -15
      vertex -5.921249540908905 -31.040277123026563 -8
    endloop
  endfacet
  facet normal -0.33873792024529026 -0.940880768954226 0
    outer loop
      vertex -9.764937022248338 -30.053385914926853 -15
      vertex -9.764937022248338 -30.053385914926853 -8
      vertex -11.632735864835821 -29.380936954068748 -8
    endloop
  endfacet
  facet normal -0.27899110603922894 -0.9602936856769432 0
    outer loop
      vertex -7.858600434409413 -30.607227891664742 -15
      vertex -7.858600434409413 -30.607227891664742 -8
      vertex -9.764937022248338 -30.053385914926853 -8
    endloop
  endfacet
  facet normal -0.2181432413965439 -0.9759167619387471 0
    outer loop
      vertex -5.921249540908905 -31.040277123026563 -15
      vertex -5.921249540908905 -31.040277123026563 -8
      vertex -7.858600434409413 -30.607227891664742 -8
    endloop
  endfacet
  facet normal 0 0 -1
    outer loop
      vertex -5.921249540908905 -31.040277123026563 -15
      vertex -3.603330464973742 -28.52329766279124 -15
      vertex -3.960530180632009 -31.350824561537504 -15
    endloop
  endfacet
  facet normal 0 0 -1
    outer loop
      vertex -3.960530180632009 -31.350824561537504 -15
      vertex -1.8052274364677707 -28.693268442312807 -15
      vertex -1.9841804171263149 -31.53764461833338 -15
    endloop
  endfacet
  facet normal -0.09410831331851285 -0.9955619646030802 0
    outer loop
      vertex -3.960530180632009 -31.350824561537504 -15
      vertex -1.9841804171263149 -31.53764461833338 -15
      vertex -3.960530180632009 -31.350824561537504 -8
    endloop
  endfacet
  facet normal 0 0 -1
    outer loop
      vertex -1.9841804171263149 -31.53764461833338 -15
      vertex -1.8052274364677707 -28.693268442312807 -15
      vertex 0 -28.75 -15
    endloop
  endfacet
  facet normal 0 0 -1
    outer loop
      vertex -1.9841804171263149 -31.53764461833338 -15
      vertex 0 -28.75 -15
      vertex 0 -31.6 -15
    endloop
  endfacet
  facet normal 0 0 -1
    outer loop
      vertex 0 -31.6 -15
      vertex 0 -28.75 -15
      vertex 1.8052274364677707 -28.693268442312807 -15
    endloop
  endfacet
  facet normal -0.03141075907812891 -0.9995065603657315 0
    outer loop
      vertex -1.9841804171263149 -31.53764461833338 -15
      vertex 0 -31.6 -15
      vertex -1.9841804171263149 -31.53764461833338 -8
    endloop
  endfacet
  facet normal 0.03141075907812891 -0.9995065603657315 0
    outer loop
      vertex 0 -31.6 -15
      vertex 1.9841804171263149 -31.53764461833338 -15
      vertex 0 -31.6 -8
    endloop
  endfacet
  facet normal -0.15643446504023184 -0.9876883405951375 0
    outer loop
      vertex -5.921249540908905 -31.040277123026563 -8
      vertex -3.960530180632009 -31.350824561537504 -15
      vertex -3.960530180632009 -31.350824561537504 -8
    endloop
  endfacet
  facet normal -0.09410831331851285 -0.9955619646030802 0
    outer loop
      vertex -1.9841804171263149 -31.53764461833338 -15
      vertex -1.9841804171263149 -31.53764461833338 -8
      vertex -3.960530180632009 -31.350824561537504 -8
    endloop
  endfacet
  facet normal -0.03141075907812891 -0.9995065603657315 0
    outer loop
      vertex 0 -31.6 -15
      vertex 0 -31.6 -8
      vertex -1.9841804171263149 -31.53764461833338 -8
    endloop
  endfacet
  facet normal 0 0 -1
    outer loop
      vertex 0 -31.6 -15
      vertex 1.8052274364677707 -28.693268442312807 -15
      vertex 1.9841804171263149 -31.53764461833338 -15
    endloop
  endfacet
  facet normal 0 0 -1
    outer loop
      vertex 1.9841804171263149 -31.53764461833338 -15
      vertex 3.603330464973742 -28.52329766279124 -15
      vertex 3.960530180632009 -31.350824561537504 -15
    endloop
  endfacet
  facet normal 0.09410831331851285 -0.9955619646030802 0
    outer loop
      vertex 1.9841804171263149 -31.53764461833338 -15
      vertex 3.960530180632009 -31.350824561537504 -15
      vertex 1.9841804171263149 -31.53764461833338 -8
    endloop
  endfacet
  facet normal 0 0 -1
    outer loop
      vertex 3.960530180632009 -31.350824561537504 -15
      vertex 5.387212794339589 -28.240758458449797 -15
      vertex 5.921249540908905 -31.040277123026563 -15
    endloop
  endfacet
  facet normal 0 0 -1
    outer loop
      vertex 5.921249540908905 -31.040277123026563 -15
      vertex 7.149834255989565 -27.846765882448146 -15
      vertex 7.8586004344094 -30.607227891664746 -15
    endloop
  endfacet
  facet normal 0.15643446504023184 -0.9876883405951375 0
    outer loop
      vertex 3.960530180632009 -31.350824561537504 -15
      vertex 5.921249540908905 -31.040277123026563 -15
      vertex 3.960530180632009 -31.350824561537504 -8
    endloop
  endfacet
  facet normal 0.21814324139654365 -0.9759167619387471 0
    outer loop
      vertex 5.921249540908905 -31.040277123026563 -15
      vertex 7.8586004344094 -30.607227891664746 -15
      vertex 5.921249540908905 -31.040277123026563 -8
    endloop
  endfacet
  facet normal 0.03141075907812891 -0.9995065603657315 0
    outer loop
      vertex 1.9841804171263149 -31.53764461833338 -15
      vertex 1.9841804171263149 -31.53764461833338 -8
      vertex 0 -31.6 -8
    endloop
  endfacet
  facet normal 0.09410831331851285 -0.9955619646030802 0
    outer loop
      vertex 3.960530180632009 -31.350824561537504 -15
      vertex 3.960530180632009 -31.350824561537504 -8
      vertex 1.9841804171263149 -31.53764461833338 -8
    endloop
  endfacet
  facet normal 0.15643446504023184 -0.9876883405951375 0
    outer loop
      vertex 5.921249540908905 -31.040277123026563 -15
      vertex 5.921249540908905 -31.040277123026563 -8
      vertex 3.960530180632009 -31.350824561537504 -8
    endloop
  endfacet
  facet normal -0.45399049973954725 -0.8910065241883678 0
    outer loop
      vertex -15.223416101614207 -27.691291089386088 -15
      vertex -13.45462561345629 -28.59253485792622 -15
      vertex -15.223416101614207 -27.691291089386088 -8
    endloop
  endfacet
  facet normal 0 0 -1
    outer loop
      vertex -16.9321267213363 -26.680762445863675 -15
      vertex -16.8988260034086 -23.25923858827974 -15
      vertex -15.405020355646156 -24.27442785818293 -15
    endloop
  endfacet
  facet normal 0 0 -1
    outer loop
      vertex -15.223416101614207 -27.691291089386088 -15
      vertex -16.9321267213363 -26.680762445863675 -15
      vertex -13.850418130424318 -25.193817051261075 -15
    endloop
  endfacet
  facet normal 0 0 -1
    outer loop
      vertex -16.9321267213363 -26.680762445863675 -15
      vertex -15.405020355646156 -24.27442785818293 -15
      vertex -13.850418130424318 -25.193817051261075 -15
    endloop
  endfacet
  facet normal -0.509041415750371 -0.8607420270039439 0
    outer loop
      vertex -15.223416101614207 -27.691291089386088 -15
      vertex -16.9321267213363 -26.680762445863675 -8
      vertex -16.9321267213363 -26.680762445863675 -15
    endloop
  endfacet
  facet normal 0 0 -1
    outer loop
      vertex -15.223416101614207 -27.691291089386088 -15
      vertex -12.241154632495833 -26.013777758398064 -15
      vertex -13.45462561345629 -28.59253485792622 -15
    endloop
  endfacet
  facet normal 0 0 -1
    outer loop
      vertex -13.45462561345629 -28.59253485792622 -15
      vertex -10.58358088968449 -26.73107396928723 -15
      vertex -11.632735864835821 -29.380936954068748 -15
    endloop
  endfacet
  facet normal 0 0 -1
    outer loop
      vertex -13.45462561345629 -28.59253485792622 -15
      vertex -12.241154632495833 -26.013777758398064 -15
      vertex -10.58358088968449 -26.73107396928723 -15
    endloop
  endfacet
  facet normal -0.39714789063478084 -0.9177546256839811 0
    outer loop
      vertex -13.45462561345629 -28.59253485792622 -15
      vertex -11.632735864835821 -29.380936954068748 -15
      vertex -13.45462561345629 -28.59253485792622 -8
    endloop
  endfacet
  facet normal 0 0 -1
    outer loop
      vertex -15.223416101614207 -27.691291089386088 -15
      vertex -13.850418130424318 -25.193817051261075 -15
      vertex -12.241154632495833 -26.013777758398064 -15
    endloop
  endfacet
  facet normal -0.509041415750371 -0.8607420270039439 0
    outer loop
      vertex -15.223416101614207 -27.691291089386088 -15
      vertex -15.223416101614207 -27.691291089386088 -8
      vertex -16.9321267213363 -26.680762445863675 -8
    endloop
  endfacet
  facet normal -0.45399049973954725 -0.8910065241883678 0
    outer loop
      vertex -13.45462561345629 -28.59253485792622 -15
      vertex -13.45462561345629 -28.59253485792622 -8
      vertex -15.223416101614207 -27.691291089386088 -8
    endloop
  endfacet
  facet normal -0.39714789063478084 -0.9177546256839811 0
    outer loop
      vertex -11.632735864835821 -29.380936954068748 -15
      vertex -11.632735864835821 -29.380936954068748 -8
      vertex -13.45462561345629 -28.59253485792622 -8
    endloop
  endfacet
  facet normal 0 0 -1
    outer loop
      vertex -9.764937022248338 -30.053385914926853 -15
      vertex -11.632735864835821 -29.380936954068748 -15
      vertex -8.884238588279738 -27.342874843485664 -15
    endloop
  endfacet
  facet normal 0 0 -1
    outer loop
      vertex -11.632735864835821 -29.380936954068748 -15
      vertex -10.58358088968449 -26.73107396928723 -15
      vertex -8.884238588279738 -27.342874843485664 -15
    endloop
  endfacet
  facet normal 0 0 -1
    outer loop
      vertex -9.764937022248338 -30.053385914926853 -15
      vertex -7.149834255989577 -27.846765882448143 -15
      vertex -7.858600434409413 -30.607227891664742 -15
    endloop
  endfacet
  facet normal 0 0 -1
    outer loop
      vertex -9.764937022248338 -30.053385914926853 -15
      vertex -8.884238588279738 -27.342874843485664 -15
      vertex -7.149834255989577 -27.846765882448143 -15
    endloop
  endfacet
  facet normal 0 0 -1
    outer loop
      vertex -7.858600434409413 -30.607227891664742 -15
      vertex -7.149834255989577 -27.846765882448143 -15
      vertex -5.387212794339589 -28.240758458449797 -15
    endloop
  endfacet
  facet normal 0 0 -1
    outer loop
      vertex -5.921249540908905 -31.040277123026563 -15
      vertex -5.387212794339589 -28.240758458449797 -15
      vertex -3.603330464973742 -28.52329766279124 -15
    endloop
  endfacet
  facet normal 0 0 -1
    outer loop
      vertex -3.960530180632009 -31.350824561537504 -15
      vertex -3.603330464973742 -28.52329766279124 -15
      vertex -1.8052274364677707 -28.693268442312807 -15
    endloop
  endfacet
  facet normal 0 0 -1
    outer loop
      vertex 1.9841804171263149 -31.53764461833338 -15
      vertex 1.8052274364677707 -28.693268442312807 -15
      vertex 3.603330464973742 -28.52329766279124 -15
    endloop
  endfacet
  facet normal 0 0 -1
    outer loop
      vertex 3.960530180632009 -31.350824561537504 -15
      vertex 3.603330464973742 -28.52329766279124 -15
      vertex 5.387212794339589 -28.240758458449797 -15
    endloop
  endfacet
  facet normal 0 0 -1
    outer loop
      vertex 5.921249540908905 -31.040277123026563 -15
      vertex 5.387212794339589 -28.240758458449797 -15
      vertex 7.149834255989565 -27.846765882448146 -15
    endloop
  endfacet
  facet normal 0.2789911060392288 -0.9602936856769433 0
    outer loop
      vertex 7.8586004344094 -30.607227891664746 -15
      vertex 9.764937022248338 -30.053385914926853 -15
      vertex 7.8586004344094 -30.607227891664746 -8
    endloop
  endfacet
  facet normal 0.33873792024529087 -0.9408807689542258 0
    outer loop
      vertex 9.764937022248338 -30.053385914926853 -15
      vertex 11.632735864835837 -29.38093695406874 -15
      vertex 9.764937022248338 -30.053385914926853 -8
    endloop
  endfacet
  facet normal 0.21814324139654365 -0.9759167619387471 0
    outer loop
      vertex 5.921249540908905 -31.040277123026563 -8
      vertex 7.8586004344094 -30.607227891664746 -15
      vertex 7.8586004344094 -30.607227891664746 -8
    endloop
  endfacet
  facet normal 0.2789911060392288 -0.9602936856769433 0
    outer loop
      vertex 9.764937022248338 -30.053385914926853 -15
      vertex 9.764937022248338 -30.053385914926853 -8
      vertex 7.8586004344094 -30.607227891664746 -8
    endloop
  endfacet
  facet normal 0.33873792024529087 -0.9408807689542258 0
    outer loop
      vertex 9.764937022248338 -30.053385914926853 -8
      vertex 11.632735864835837 -29.38093695406874 -15
      vertex 11.632735864835837 -29.38093695406874 -8
    endloop
  endfacet
  facet normal 0 0 -1
    outer loop
      vertex 7.8586004344094 -30.607227891664746 -15
      vertex 7.149834255989565 -27.846765882448146 -15
      vertex 8.884238588279738 -27.342874843485664 -15
    endloop
  endfacet
  facet normal 0 0 -1
    outer loop
      vertex 7.8586004344094 -30.607227891664746 -15
      vertex 8.884238588279738 -27.342874843485664 -15
      vertex 9.764937022248338 -30.053385914926853 -15
    endloop
  endfacet
  facet normal 0 0 -1
    outer loop
      vertex 9.764937022248338 -30.053385914926853 -15
      vertex 8.884238588279738 -27.342874843485664 -15
      vertex 10.583580889684503 -26.731073969287223 -15
    endloop
  endfacet
  facet normal 0 0 -1
    outer loop
      vertex 9.764937022248338 -30.053385914926853 -15
      vertex 10.583580889684503 -26.731073969287223 -15
      vertex 11.632735864835837 -29.38093695406874 -15
    endloop
  endfacet
  facet normal 0 0 -1
    outer loop
      vertex 11.632735864835837 -29.38093695406874 -15
      vertex 10.583580889684503 -26.731073969287223 -15
      vertex 12.241154632495833 -26.013777758398064 -15
    endloop
  endfacet
  facet normal 0 0 -1
    outer loop
      vertex 11.632735864835837 -29.38093695406874 -15
      vertex 12.241154632495833 -26.013777758398064 -15
      vertex 13.45462561345629 -28.59253485792622 -15
    endloop
  endfacet
  facet normal 0.39714789063478073 -0.9177546256839811 0
    outer loop
      vertex 11.632735864835837 -29.38093695406874 -15
      vertex 13.45462561345629 -28.59253485792622 -15
      vertex 11.632735864835837 -29.38093695406874 -8
    endloop
  endfacet
  facet normal 0 0 -1
    outer loop
      vertex 13.45462561345629 -28.59253485792622 -15
      vertex 12.241154632495833 -26.013777758398064 -15
      vertex 13.850418130424318 -25.193817051261075 -15
    endloop
  endfacet
  facet normal 0.39714789063478073 -0.9177546256839811 0
    outer loop
      vertex 13.45462561345629 -28.59253485792622 -15
      vertex 13.45462561345629 -28.59253485792622 -8
      vertex 11.632735864835837 -29.38093695406874 -8
    endloop
  endfacet
  facet normal 0 0 -1
    outer loop
      vertex 13.45462561345629 -28.59253485792622 -15
      vertex 13.850418130424318 -25.193817051261075 -15
      vertex 15.223416101614207 -27.691291089386088 -15
    endloop
  endfacet
  facet normal 0.45399049973954725 -0.8910065241883678 0
    outer loop
      vertex 13.45462561345629 -28.59253485792622 -15
      vertex 15.223416101614207 -27.691291089386088 -15
      vertex 13.45462561345629 -28.59253485792622 -8
    endloop
  endfacet
  facet normal 0.5090414157503709 -0.8607420270039439 0
    outer loop
      vertex 15.223416101614207 -27.691291089386088 -15
      vertex 16.93212672133628 -26.680762445863685 -15
      vertex 15.223416101614207 -27.691291089386088 -8
    endloop
  endfacet
  facet normal 0 0 -1
    outer loop
      vertex 15.223416101614207 -27.691291089386088 -15
      vertex 15.40502035564614 -24.27442785818294 -15
      vertex 16.93212672133628 -26.680762445863685 -15
    endloop
  endfacet
  facet normal 0 0 -1
    outer loop
      vertex 15.223416101614207 -27.691291089386088 -15
      vertex 13.850418130424318 -25.193817051261075 -15
      vertex 15.40502035564614 -24.27442785818294 -15
    endloop
  endfacet
  facet normal 0 0 -1
    outer loop
      vertex 16.93212672133628 -26.680762445863685 -15
      vertex 15.40502035564614 -24.27442785818294 -15
      vertex 16.8988260034086 -23.25923858827974 -15
    endloop
  endfacet
  facet normal 0 0 -1
    outer loop
      vertex 16.93212672133628 -26.680762445863685 -15
      vertex 18.325939705274838 -22.152255729803933 -15
      vertex 18.574013972442152 -25.56493702224834 -15
    endloop
  endfacet
  facet normal 0.5620833778521299 -0.8270805742745624 0
    outer loop
      vertex 16.93212672133628 -26.680762445863685 -15
      vertex 18.574013972442152 -25.56493702224834 -15
      vertex 16.93212672133628 -26.680762445863685 -8
    endloop
  endfacet
  facet normal 0.6129070536529773 -0.7901550123756897 0
    outer loop
      vertex 18.574013972442152 -25.56493702224834 -15
      vertex 20.142598076058604 -24.348218471714933 -15
      vertex 18.574013972442152 -25.56493702224834 -8
    endloop
  endfacet
  facet normal 0.45399049973954725 -0.8910065241883678 0
    outer loop
      vertex 15.223416101614207 -27.691291089386088 -15
      vertex 15.223416101614207 -27.691291089386088 -8
      vertex 13.45462561345629 -28.59253485792622 -8
    endloop
  endfacet
  facet normal 0.5090414157503709 -0.8607420270039439 0
    outer loop
      vertex 16.93212672133628 -26.680762445863685 -15
      vertex 16.93212672133628 -26.680762445863685 -8
      vertex 15.223416101614207 -27.691291089386088 -8
    endloop
  endfacet
  facet normal 0.5620833778521299 -0.8270805742745624 0
    outer loop
      vertex 18.574013972442152 -25.56493702224834 -15
      vertex 18.574013972442152 -25.56493702224834 -8
      vertex 16.93212672133628 -26.680762445863685 -8
    endloop
  endfacet
  facet normal 0 0 -1
    outer loop
      vertex 16.93212672133628 -26.680762445863685 -15
      vertex 16.8988260034086 -23.25923858827974 -15
      vertex 18.325939705274838 -22.152255729803933 -15
    endloop
  endfacet
  facet normal 0 0 -1
    outer loop
      vertex 18.574013972442152 -25.56493702224834 -15
      vertex 18.325939705274838 -22.152255729803933 -15
      vertex 19.680729295449794 -20.957848038365587 -15
    endloop
  endfacet
  facet normal 0.6129070536529773 -0.7901550123756897 0
    outer loop
      vertex 18.574013972442152 -25.56493702224834 -8
      vertex 20.142598076058604 -24.348218471714933 -15
      vertex 20.142598076058604 -24.348218471714933 -8
    endloop
  endfacet
  facet normal 0 0 -1
    outer loop
      vertex 18.574013972442152 -25.56493702224834 -15
      vertex 19.680729295449794 -20.957848038365587 -15
      vertex 20.142598076058604 -24.348218471714933 -15
    endloop
  endfacet
  facet normal 0 0 -1
    outer loop
      vertex 20.142598076058604 -24.348218471714933 -15
      vertex 20.957848038365587 -19.680729295449794 -15
      vertex 21.631688547346556 -23.03540862651661 -15
    endloop
  endfacet
  facet normal 0.6613118653236523 -0.7501110696304591 0
    outer loop
      vertex 20.142598076058604 -24.348218471714933 -15
      vertex 21.631688547346556 -23.03540862651661 -15
      vertex 20.142598076058604 -24.348218471714933 -8
    endloop
  endfacet
  facet normal 0.7071067811865476 -0.7071067811865476 0
    outer loop
      vertex 21.631688547346556 -23.03540862651661 -15
      vertex 23.03540862651661 -21.631688547346556 -15
      vertex 21.631688547346556 -23.03540862651661 -8
    endloop
  endfacet
  facet normal 0 0 -1
    outer loop
      vertex 20.142598076058604 -24.348218471714933 -15
      vertex 19.680729295449794 -20.957848038365587 -15
      vertex 20.957848038365587 -19.680729295449794 -15
    endloop
  endfacet
  facet normal 0 0 -1
    outer loop
      vertex 21.631688547346556 -23.03540862651661 -15
      vertex 22.152255729803933 -18.325939705274838 -15
      vertex 23.03540862651661 -21.631688547346556 -15
    endloop
  endfacet
  facet normal 0 0 -1
    outer loop
      vertex 21.631688547346556 -23.03540862651661 -15
      vertex 20.957848038365587 -19.680729295449794 -15
      vertex 22.152255729803933 -18.325939705274838 -15
    endloop
  endfacet
  facet normal 0 0 -1
    outer loop
      vertex 23.03540862651661 -21.631688547346556 -15
      vertex 23.25923858827974 -16.8988260034086 -15
      vertex 24.348218471714933 -20.142598076058604 -15
    endloop
  endfacet
  facet normal 0.7501110696304591 -0.6613118653236523 0
    outer loop
      vertex 23.03540862651661 -21.631688547346556 -15
      vertex 24.348218471714933 -20.142598076058604 -15
      vertex 23.03540862651661 -21.631688547346556 -8
    endloop
  endfacet
  facet normal 0.7901550123756897 -0.6129070536529773 0
    outer loop
      vertex 24.348218471714933 -20.142598076058604 -15
      vertex 25.56493702224834 -18.574013972442152 -15
      vertex 24.348218471714933 -20.142598076058604 -8
    endloop
  endfacet
  facet normal 0.6613118653236523 -0.7501110696304591 0
    outer loop
      vertex 21.631688547346556 -23.03540862651661 -15
      vertex 21.631688547346556 -23.03540862651661 -8
      vertex 20.142598076058604 -24.348218471714933 -8
    endloop
  endfacet
  facet normal 0.7071067811865476 -0.7071067811865476 0
    outer loop
      vertex 23.03540862651661 -21.631688547346556 -15
      vertex 23.03540862651661 -21.631688547346556 -8
      vertex 21.631688547346556 -23.03540862651661 -8
    endloop
  endfacet
  facet normal 0.7501110696304591 -0.6613118653236523 0
    outer loop
      vertex 24.348218471714933 -20.142598076058604 -15
      vertex 24.348218471714933 -20.142598076058604 -8
      vertex 23.03540862651661 -21.631688547346556 -8
    endloop
  endfacet
  facet normal 0 0 -1
    outer loop
      vertex 23.03540862651661 -21.631688547346556 -15
      vertex 22.152255729803933 -18.325939705274838 -15
      vertex 23.25923858827974 -16.8988260034086 -15
    endloop
  endfacet
  facet normal 0 0 -1
    outer loop
      vertex 24.348218471714933 -20.142598076058604 -15
      vertex 23.25923858827974 -16.8988260034086 -15
      vertex 24.27442785818294 -15.40502035564614 -15
    endloop
  endfacet
  facet normal 0 0 -1
    outer loop
      vertex 24.348218471714933 -20.142598076058604 -15
      vertex 25.193817051261075 -13.850418130424318 -15
      vertex 25.56493702224834 -18.574013972442152 -15
    endloop
  endfacet
  facet normal 0 0 -1
    outer loop
      vertex 24.348218471714933 -20.142598076058604 -15
      vertex 24.27442785818294 -15.40502035564614 -15
      vertex 25.193817051261075 -13.850418130424318 -15
    endloop
  endfacet
  facet normal 0.7901550123756897 -0.6129070536529773 0
    outer loop
      vertex 24.348218471714933 -20.142598076058604 -8
      vertex 25.56493702224834 -18.574013972442152 -15
      vertex 25.56493702224834 -18.574013972442152 -8
    endloop
  endfacet
  facet normal 0.8270805742745624 -0.5620833778521299 0
    outer loop
      vertex 25.56493702224834 -18.574013972442152 -15
      vertex 26.680762445863685 -16.93212672133628 -15
      vertex 25.56493702224834 -18.574013972442152 -8
    endloop
  endfacet
  facet normal 0 0 -1
    outer loop
      vertex 25.56493702224834 -18.574013972442152 -15
      vertex 26.013777758398064 -12.241154632495833 -15
      vertex 26.680762445863685 -16.93212672133628 -15
    endloop
  endfacet
  facet normal 0 0 -1
    outer loop
      vertex 25.56493702224834 -18.574013972442152 -15
      vertex 25.193817051261075 -13.850418130424318 -15
      vertex 26.013777758398064 -12.241154632495833 -15
    endloop
  endfacet
  facet normal 0.8607420270039439 -0.5090414157503709 0
    outer loop
      vertex 26.680762445863685 -16.93212672133628 -15
      vertex 27.691291089386088 -15.223416101614207 -15
      vertex 26.680762445863685 -16.93212672133628 -8
    endloop
  endfacet
  facet normal 0.8910065241883678 -0.45399049973954725 0
    outer loop
      vertex 27.691291089386088 -15.223416101614207 -15
      vertex 28.59253485792622 -13.45462561345629 -15
      vertex 27.691291089386088 -15.223416101614207 -8
    endloop
  endfacet
  facet normal 0.8270805742745624 -0.5620833778521299 0
    outer loop
      vertex 26.680762445863685 -16.93212672133628 -15
      vertex 26.680762445863685 -16.93212672133628 -8
      vertex 25.56493702224834 -18.574013972442152 -8
    endloop
  endfacet
  facet normal 0.8607420270039439 -0.5090414157503709 0
    outer loop
      vertex 27.691291089386088 -15.223416101614207 -15
      vertex 27.691291089386088 -15.223416101614207 -8
      vertex 26.680762445863685 -16.93212672133628 -8
    endloop
  endfacet
  facet normal 0 0 -1
    outer loop
      vertex 26.680762445863685 -16.93212672133628 -15
      vertex 26.013777758398064 -12.241154632495833 -15
      vertex 26.731073969287223 -10.583580889684503 -15
    endloop
  endfacet
  facet normal 0 0 -1
    outer loop
      vertex 26.680762445863685 -16.93212672133628 -15
      vertex 26.731073969287223 -10.583580889684503 -15
      vertex 27.342874843485664 -8.884238588279738 -15
    endloop
  endfacet
  facet normal 0 0 -1
    outer loop
      vertex 26.680762445863685 -16.93212672133628 -15
      vertex 27.342874843485664 -8.884238588279738 -15
      vertex 27.691291089386088 -15.223416101614207 -15
    endloop
  endfacet
  facet normal 0 0 -1
    outer loop
      vertex 27.691291089386088 -15.223416101614207 -15
      vertex 28.240758458449797 -5.387212794339589 -15
      vertex 28.59253485792622 -13.45462561345629 -15
    endloop
  endfacet
  facet normal 0 0 -1
    outer loop
      vertex 27.691291089386088 -15.223416101614207 -15
      vertex 27.342874843485664 -8.884238588279738 -15
      vertex 27.846765882448146 -7.149834255989565 -15
    endloop
  endfacet
  facet normal 0 0 -1
    outer loop
      vertex 27.691291089386088 -15.223416101614207 -15
      vertex 27.846765882448146 -7.149834255989565 -15
      vertex 28.240758458449797 -5.387212794339589 -15
    endloop
  endfacet
  facet normal 0.9177546256839811 -0.39714789063478073 0
    outer loop
      vertex 28.59253485792622 -13.45462561345629 -15
      vertex 29.38093695406874 -11.632735864835837 -15
      vertex 28.59253485792622 -13.45462561345629 -8
    endloop
  endfacet
  facet normal 0.9408807689542258 -0.33873792024529087 0
    outer loop
      vertex 29.38093695406874 -11.632735864835837 -15
      vertex 30.053385914926853 -9.764937022248338 -15
      vertex 29.38093695406874 -11.632735864835837 -8
    endloop
  endfacet
  facet normal 0.8910065241883678 -0.45399049973954725 0
    outer loop
      vertex 28.59253485792622 -13.45462561345629 -15
      vertex 28.59253485792622 -13.45462561345629 -8
      vertex 27.691291089386088 -15.223416101614207 -8
    endloop
  endfacet
  facet normal 0.9177546256839811 -0.39714789063478073 0
    outer loop
      vertex 29.38093695406874 -11.632735864835837 -15
      vertex 29.38093695406874 -11.632735864835837 -8
      vertex 28.59253485792622 -13.45462561345629 -8
    endloop
  endfacet
  facet normal 0.9408807689542258 -0.33873792024529087 0
    outer loop
      vertex 30.053385914926853 -9.764937022248338 -15
      vertex 30.053385914926853 -9.764937022248338 -8
      vertex 29.38093695406874 -11.632735864835837 -8
    endloop
  endfacet
  facet normal -0.3387379202452887 -0.9408807689542265 0
    outer loop
      vertex -10.414018014422984 -29.81970237859061 2
      vertex -9.764937022248338 -30.053385914926853 2
      vertex -9.764937022248338 -30.053385914926853 20
    endloop
  endfacet
  facet normal -0.2789911060392289 -0.9602936856769432 0
    outer loop
      vertex -9.764937022248338 -30.053385914926853 2
      vertex -7.858600434409413 -30.607227891664742 2
      vertex -9.764937022248338 -30.053385914926853 20
    endloop
  endfacet
  facet normal -0.21814324139654392 -0.9759167619387471 0
    outer loop
      vertex -7.858600434409413 -30.607227891664742 2
      vertex -5.921249540908905 -31.040277123026563 2
      vertex -7.858600434409413 -30.607227891664742 20
    endloop
  endfacet
  facet normal -0.15643446504023187 -0.9876883405951377 0
    outer loop
      vertex -5.921249540908905 -31.040277123026563 2
      vertex -3.960530180632009 -31.350824561537504 2
      vertex -5.921249540908905 -31.040277123026563 20
    endloop
  endfacet
  facet normal -0.3387379202452887 -0.9408807689542265 0
    outer loop
      vertex -10.414018014422984 -29.81970237859061 2
      vertex -9.764937022248338 -30.053385914926853 20
      vertex -10.414018014422984 -29.81970237859061 20
    endloop
  endfacet
  facet normal -0.2789911060392289 -0.9602936856769432 0
    outer loop
      vertex -7.858600434409413 -30.607227891664742 2
      vertex -7.858600434409413 -30.607227891664742 20
      vertex -9.764937022248338 -30.053385914926853 20
    endloop
  endfacet
  facet normal -0.21814324139654392 -0.9759167619387471 0
    outer loop
      vertex -5.921249540908905 -31.040277123026563 2
      vertex -5.921249540908905 -31.040277123026563 20
      vertex -7.858600434409413 -30.607227891664742 20
    endloop
  endfacet
  facet normal -0.09410831331851287 -0.9955619646030802 0
    outer loop
      vertex -3.960530180632009 -31.350824561537504 2
      vertex -1.9841804171263149 -31.53764461833338 2
      vertex -3.960530180632009 -31.350824561537504 20
    endloop
  endfacet
  facet normal -0.03141075907812891 -0.9995065603657316 0
    outer loop
      vertex -1.9841804171263149 -31.53764461833338 2
      vertex 0 -31.6 2
      vertex -1.9841804171263149 -31.53764461833338 20
    endloop
  endfacet
  facet normal 0.03141075907812891 -0.9995065603657316 0
    outer loop
      vertex 0 -31.6 2
      vertex 1.9841804171263149 -31.53764461833338 2
      vertex 0 -31.6 20
    endloop
  endfacet
  facet normal 0.09410831331851287 -0.9955619646030802 0
    outer loop
      vertex 1.9841804171263149 -31.53764461833338 2
      vertex 3.960530180632009 -31.350824561537504 2
      vertex 1.9841804171263149 -31.53764461833338 20
    endloop
  endfacet
  facet normal 0.15643446504023187 -0.9876883405951377 0
    outer loop
      vertex 3.960530180632009 -31.350824561537504 2
      vertex 5.921249540908905 -31.040277123026563 2
      vertex 3.960530180632009 -31.350824561537504 20
    endloop
  endfacet
  facet normal 0.21814324139654367 -0.9759167619387471 0
    outer loop
      vertex 5.921249540908905 -31.040277123026563 2
      vertex 7.8586004344094 -30.607227891664746 2
      vertex 5.921249540908905 -31.040277123026563 20
    endloop
  endfacet
  facet normal -0.15643446504023187 -0.9876883405951377 0
    outer loop
      vertex -3.960530180632009 -31.350824561537504 2
      vertex -3.960530180632009 -31.350824561537504 20
      vertex -5.921249540908905 -31.040277123026563 20
    endloop
  endfacet
  facet normal -0.09410831331851287 -0.9955619646030802 0
    outer loop
      vertex -1.9841804171263149 -31.53764461833338 2
      vertex -1.9841804171263149 -31.53764461833338 20
      vertex -3.960530180632009 -31.350824561537504 20
    endloop
  endfacet
  facet normal -0.03141075907812891 -0.9995065603657316 0
    outer loop
      vertex 0 -31.6 2
      vertex 0 -31.6 20
      vertex -1.9841804171263149 -31.53764461833338 20
    endloop
  endfacet
  facet normal 0.03141075907812891 -0.9995065603657316 0
    outer loop
      vertex 1.9841804171263149 -31.53764461833338 2
      vertex 1.9841804171263149 -31.53764461833338 20
      vertex 0 -31.6 20
    endloop
  endfacet
  facet normal 0.09410831331851287 -0.9955619646030802 0
    outer loop
      vertex 3.960530180632009 -31.350824561537504 2
      vertex 3.960530180632009 -31.350824561537504 20
      vertex 1.9841804171263149 -31.53764461833338 20
    endloop
  endfacet
  facet normal 0.15643446504023187 -0.9876883405951377 0
    outer loop
      vertex 5.921249540908905 -31.040277123026563 2
      vertex 5.921249540908905 -31.040277123026563 20
      vertex 3.960530180632009 -31.350824561537504 20
    endloop
  endfacet
  facet normal 0 0 1
    outer loop
      vertex -10.414018014422984 -29.81970237859061 20
      vertex -9.764937022248338 -30.053385914926853 20
      vertex -7.858600434409413 -30.607227891664742 20
    endloop
  endfacet
  facet normal 0 0 1
    outer loop
      vertex -10.414018014422984 -29.81970237859061 20
      vertex -7.858600434409413 -30.607227891664742 20
      vertex -9.731706479385911 -28.744551437424015 20
    endloop
  endfacet
  facet normal 0 0 1
    outer loop
      vertex -7.858600434409413 -30.607227891664742 20
      vertex -5.921249540908905 -31.040277123026563 20
      vertex -7.123188910558061 -27.742989113711605 20
    endloop
  endfacet
  facet normal 0 0 1
    outer loop
      vertex -5.921249540908905 -31.040277123026563 20
      vertex -3.960530180632009 -31.350824561537504 20
      vertex -5.367136224634772 -28.13551339437813 20
    endloop
  endfacet
  facet normal 0 0 1
    outer loop
      vertex -3.960530180632009 -31.350824561537504 20
      vertex -1.9841804171263149 -31.53764461833338 20
      vertex -3.5899019040441367 -28.416999657570436 20
    endloop
  endfacet
  facet normal 0 0 1
    outer loop
      vertex -1.9841804171263149 -31.53764461833338 20
      vertex 0 -31.6 20
      vertex -1.7984998807084411 -28.586337005606538 20
    endloop
  endfacet
  facet normal 0 0 1
    outer loop
      vertex 0 -31.6 20
      vertex 0 -28.642857141336616 20
      vertex -1.7984998807084411 -28.586337005606538 20
    endloop
  endfacet
  facet normal 0 0 1
    outer loop
      vertex 0 -31.6 20
      vertex 1.9841804171263149 -31.53764461833338 20
      vertex 0 -28.642857141336616 20
    endloop
  endfacet
  facet normal 0 0 1
    outer loop
      vertex 1.9841804171263149 -31.53764461833338 20
      vertex 1.7984998807084411 -28.586337005606538 20
      vertex 0 -28.642857141336616 20
    endloop
  endfacet
  facet normal 0 0 1
    outer loop
      vertex 1.9841804171263149 -31.53764461833338 20
      vertex 3.960530180632009 -31.350824561537504 20
      vertex 1.7984998807084411 -28.586337005606538 20
    endloop
  endfacet
  facet normal 0 0 1
    outer loop
      vertex 3.960530180632009 -31.350824561537504 20
      vertex 5.921249540908905 -31.040277123026563 20
      vertex 3.5899019040441367 -28.416999657570436 20
    endloop
  endfacet
  facet normal 0 0 1
    outer loop
      vertex 5.921249540908905 -31.040277123026563 20
      vertex 7.8586004344094 -30.607227891664746 20
      vertex 5.367136224634772 -28.13551339437813 20
    endloop
  endfacet
  facet normal 0 0 1
    outer loop
      vertex -7.858600434409413 -30.607227891664742 20
      vertex -8.9991080059745 -27.187700433934943 20
      vertex -9.731706479385911 -28.744551437424015 20
    endloop
  endfacet
  facet normal 0 0 1
    outer loop
      vertex -7.858600434409413 -30.607227891664742 20
      vertex -8.85112962412684 -27.240975929579363 20
      vertex -8.9991080059745 -27.187700433934943 20
    endloop
  endfacet
  facet normal 0 0 1
    outer loop
      vertex -7.858600434409413 -30.607227891664742 20
      vertex -7.123188910558061 -27.742989113711605 20
      vertex -8.85112962412684 -27.240975929579363 20
    endloop
  endfacet
  facet normal 0 0 1
    outer loop
      vertex -5.921249540908905 -31.040277123026563 20
      vertex -5.367136224634772 -28.13551339437813 20
      vertex -7.123188910558061 -27.742989113711605 20
    endloop
  endfacet
  facet normal 0 0 1
    outer loop
      vertex -3.960530180632009 -31.350824561537504 20
      vertex -3.5899019040441367 -28.416999657570436 20
      vertex -5.367136224634772 -28.13551339437813 20
    endloop
  endfacet
  facet normal 0 0 1
    outer loop
      vertex -1.9841804171263149 -31.53764461833338 20
      vertex -1.7984998807084411 -28.586337005606538 20
      vertex -3.5899019040441367 -28.416999657570436 20
    endloop
  endfacet
  facet normal 0 0 1
    outer loop
      vertex 3.960530180632009 -31.350824561537504 20
      vertex 3.5899019040441367 -28.416999657570436 20
      vertex 1.7984998807084411 -28.586337005606538 20
    endloop
  endfacet
  facet normal 0 0 1
    outer loop
      vertex 5.921249540908905 -31.040277123026563 20
      vertex 5.367136224634772 -28.13551339437813 20
      vertex 3.5899019040441367 -28.416999657570436 20
    endloop
  endfacet
  facet normal 0 0 1
    outer loop
      vertex 7.8586004344094 -30.607227891664746 20
      vertex 7.123188910558048 -27.74298911371161 20
      vertex 5.367136224634772 -28.13551339437813 20
    endloop
  endfacet
  facet normal 0.27899110603922883 -0.9602936856769432 0
    outer loop
      vertex 7.8586004344094 -30.607227891664746 2
      vertex 9.764937022248338 -30.053385914926853 2
      vertex 7.8586004344094 -30.607227891664746 20
    endloop
  endfacet
  facet normal 0.33873792024529087 -0.9408807689542257 0
    outer loop
      vertex 9.764937022248338 -30.053385914926853 2
      vertex 11.632735864835837 -29.38093695406874 2
      vertex 9.764937022248338 -30.053385914926853 20
    endloop
  endfacet
  facet normal 0.21814324139654367 -0.9759167619387471 0
    outer loop
      vertex 7.8586004344094 -30.607227891664746 2
      vertex 7.8586004344094 -30.607227891664746 20
      vertex 5.921249540908905 -31.040277123026563 20
    endloop
  endfacet
  facet normal 0.27899110603922883 -0.9602936856769432 0
    outer loop
      vertex 9.764937022248338 -30.053385914926853 2
      vertex 9.764937022248338 -30.053385914926853 20
      vertex 7.8586004344094 -30.607227891664746 20
    endloop
  endfacet
  facet normal 0.33873792024529087 -0.9408807689542257 0
    outer loop
      vertex 11.632735864835837 -29.38093695406874 2
      vertex 11.632735864835837 -29.38093695406874 20
      vertex 9.764937022248338 -30.053385914926853 20
    endloop
  endfacet
  facet normal 0.39714789063478073 -0.9177546256839811 0
    outer loop
      vertex 11.632735864835837 -29.38093695406874 2
      vertex 13.45462561345629 -28.59253485792622 2
      vertex 11.632735864835837 -29.38093695406874 20
    endloop
  endfacet
  facet normal 0.4539904997395472 -0.8910065241883677 0
    outer loop
      vertex 13.45462561345629 -28.59253485792622 2
      vertex 15.223416101614207 -27.691291089386088 2
      vertex 13.45462561345629 -28.59253485792622 20
    endloop
  endfacet
  facet normal 0.5090414157503709 -0.8607420270039438 0
    outer loop
      vertex 15.223416101614207 -27.691291089386088 2
      vertex 16.93212672133628 -26.680762445863685 2
      vertex 15.223416101614207 -27.691291089386088 20
    endloop
  endfacet
  facet normal 0.5620833778521299 -0.8270805742745624 0
    outer loop
      vertex 16.93212672133628 -26.680762445863685 2
      vertex 18.574013972442152 -25.56493702224834 2
      vertex 16.93212672133628 -26.680762445863685 20
    endloop
  endfacet
  facet normal 0.6129070536529773 -0.7901550123756897 0
    outer loop
      vertex 18.574013972442152 -25.56493702224834 2
      vertex 20.142598076058604 -24.348218471714933 2
      vertex 18.574013972442152 -25.56493702224834 20
    endloop
  endfacet
  facet normal 0.39714789063478073 -0.9177546256839811 0
    outer loop
      vertex 13.45462561345629 -28.59253485792622 2
      vertex 13.45462561345629 -28.59253485792622 20
      vertex 11.632735864835837 -29.38093695406874 20
    endloop
  endfacet
  facet normal 0.4539904997395472 -0.8910065241883677 0
    outer loop
      vertex 15.223416101614207 -27.691291089386088 2
      vertex 15.223416101614207 -27.691291089386088 20
      vertex 13.45462561345629 -28.59253485792622 20
    endloop
  endfacet
  facet normal 0.5090414157503709 -0.8607420270039438 0
    outer loop
      vertex 16.93212672133628 -26.680762445863685 2
      vertex 16.93212672133628 -26.680762445863685 20
      vertex 15.223416101614207 -27.691291089386088 20
    endloop
  endfacet
  facet normal 0.5620833778521299 -0.8270805742745624 0
    outer loop
      vertex 18.574013972442152 -25.56493702224834 2
      vertex 18.574013972442152 -25.56493702224834 20
      vertex 16.93212672133628 -26.680762445863685 20
    endloop
  endfacet
  facet normal 0.6613118653236524 -0.7501110696304593 0
    outer loop
      vertex 20.142598076058604 -24.348218471714933 2
      vertex 21.631688547346556 -23.03540862651661 2
      vertex 20.142598076058604 -24.348218471714933 20
    endloop
  endfacet
  facet normal 0.7071067811865475 -0.7071067811865475 0
    outer loop
      vertex 21.631688547346556 -23.03540862651661 2
      vertex 23.03540862651661 -21.631688547346556 2
      vertex 21.631688547346556 -23.03540862651661 20
    endloop
  endfacet
  facet normal 0.7501110696304593 -0.6613118653236524 0
    outer loop
      vertex 23.03540862651661 -21.631688547346556 2
      vertex 24.348218471714933 -20.142598076058604 2
      vertex 23.03540862651661 -21.631688547346556 20
    endloop
  endfacet
  facet normal 0.7901550123756897 -0.6129070536529773 0
    outer loop
      vertex 24.348218471714933 -20.142598076058604 2
      vertex 25.56493702224834 -18.574013972442152 2
      vertex 24.348218471714933 -20.142598076058604 20
    endloop
  endfacet
  facet normal 0.6129070536529773 -0.7901550123756897 0
    outer loop
      vertex 20.142598076058604 -24.348218471714933 2
      vertex 20.142598076058604 -24.348218471714933 20
      vertex 18.574013972442152 -25.56493702224834 20
    endloop
  endfacet
  facet normal 0.6613118653236524 -0.7501110696304593 0
    outer loop
      vertex 21.631688547346556 -23.03540862651661 2
      vertex 21.631688547346556 -23.03540862651661 20
      vertex 20.142598076058604 -24.348218471714933 20
    endloop
  endfacet
  facet normal 0.7071067811865475 -0.7071067811865475 0
    outer loop
      vertex 23.03540862651661 -21.631688547346556 2
      vertex 23.03540862651661 -21.631688547346556 20
      vertex 21.631688547346556 -23.03540862651661 20
    endloop
  endfacet
  facet normal 0.7501110696304593 -0.6613118653236524 0
    outer loop
      vertex 24.348218471714933 -20.142598076058604 2
      vertex 24.348218471714933 -20.142598076058604 20
      vertex 23.03540862651661 -21.631688547346556 20
    endloop
  endfacet
  facet normal 0.8270805742745624 -0.5620833778521299 0
    outer loop
      vertex 25.56493702224834 -18.574013972442152 2
      vertex 26.680762445863685 -16.93212672133628 2
      vertex 25.56493702224834 -18.574013972442152 20
    endloop
  endfacet
  facet normal 0.8607420270039438 -0.5090414157503709 0
    outer loop
      vertex 26.680762445863685 -16.93212672133628 2
      vertex 27.691291089386088 -15.223416101614207 2
      vertex 26.680762445863685 -16.93212672133628 20
    endloop
  endfacet
  facet normal 0.8910065241883677 -0.4539904997395472 0
    outer loop
      vertex 27.691291089386088 -15.223416101614207 2
      vertex 28.59253485792622 -13.45462561345629 2
      vertex 27.691291089386088 -15.223416101614207 20
    endloop
  endfacet
  facet normal 0.9177546256839811 -0.39714789063478073 0
    outer loop
      vertex 28.59253485792622 -13.45462561345629 2
      vertex 29.38093695406874 -11.632735864835837 2
      vertex 28.59253485792622 -13.45462561345629 20
    endloop
  endfacet
  facet normal 0.9408807689542257 -0.33873792024529087 0
    outer loop
      vertex 29.38093695406874 -11.632735864835837 2
      vertex 30.053385914926853 -9.764937022248338 2
      vertex 29.38093695406874 -11.632735864835837 20
    endloop
  endfacet
  facet normal 0.7901550123756897 -0.6129070536529773 0
    outer loop
      vertex 25.56493702224834 -18.574013972442152 2
      vertex 25.56493702224834 -18.574013972442152 20
      vertex 24.348218471714933 -20.142598076058604 20
    endloop
  endfacet
  facet normal 0.8270805742745624 -0.5620833778521299 0
    outer loop
      vertex 26.680762445863685 -16.93212672133628 2
      vertex 26.680762445863685 -16.93212672133628 20
      vertex 25.56493702224834 -18.574013972442152 20
    endloop
  endfacet
  facet normal 0.8607420270039438 -0.5090414157503709 0
    outer loop
      vertex 27.691291089386088 -15.223416101614207 2
      vertex 27.691291089386088 -15.223416101614207 20
      vertex 26.680762445863685 -16.93212672133628 20
    endloop
  endfacet
  facet normal 0.8910065241883677 -0.4539904997395472 0
    outer loop
      vertex 28.59253485792622 -13.45462561345629 2
      vertex 28.59253485792622 -13.45462561345629 20
      vertex 27.691291089386088 -15.223416101614207 20
    endloop
  endfacet
  facet normal 0.9177546256839811 -0.39714789063478073 0
    outer loop
      vertex 29.38093695406874 -11.632735864835837 2
      vertex 29.38093695406874 -11.632735864835837 20
      vertex 28.59253485792622 -13.45462561345629 20
    endloop
  endfacet
  facet normal 0.9408807689542257 -0.33873792024529087 0
    outer loop
      vertex 30.053385914926853 -9.764937022248338 2
      vertex 30.053385914926853 -9.764937022248338 20
      vertex 29.38093695406874 -11.632735864835837 20
    endloop
  endfacet
  facet normal 0 0 1
    outer loop
      vertex 7.8586004344094 -30.607227891664746 20
      vertex 9.764937022248338 -30.053385914926853 20
      vertex 7.123188910558048 -27.74298911371161 20
    endloop
  endfacet
  facet normal 0 0 1
    outer loop
      vertex 9.764937022248338 -30.053385914926853 20
      vertex 8.85112962412684 -27.240975929579363 20
      vertex 7.123188910558048 -27.74298911371161 20
    endloop
  endfacet
  facet normal 0 0 1
    outer loop
      vertex 9.764937022248338 -30.053385914926853 20
      vertex 11.632735864835837 -29.38093695406874 20
      vertex 8.85112962412684 -27.240975929579363 20
    endloop
  endfacet
  facet normal 0 0 1
    outer loop
      vertex 11.632735864835837 -29.38093695406874 20
      vertex 10.544138972765687 -26.63145505867116 20
      vertex 8.85112962412684 -27.240975929579363 20
    endloop
  endfacet
  facet normal 0 0 1
    outer loop
      vertex 11.632735864835837 -29.38093695406874 20
      vertex 13.45462561345629 -28.59253485792622 20
      vertex 10.544138972765687 -26.63145505867116 20
    endloop
  endfacet
  facet normal 0 0 1
    outer loop
      vertex 13.45462561345629 -28.59253485792622 20
      vertex 12.195535422037882 -25.91683200140089 20
      vertex 10.544138972765687 -26.63145505867116 20
    endloop
  endfacet
  facet normal 0 0 1
    outer loop
      vertex 13.45462561345629 -28.59253485792622 20
      vertex 15.223416101614207 -27.691291089386088 20
      vertex 12.195535422037882 -25.91683200140089 20
    endloop
  endfacet
  facet normal 0 0 1
    outer loop
      vertex 15.223416101614207 -27.691291089386088 20
      vertex 13.798801664609472 -25.099927048495356 20
      vertex 12.195535422037882 -25.91683200140089 20
    endloop
  endfacet
  facet normal 0 0 1
    outer loop
      vertex 15.223416101614207 -27.691291089386088 20
      vertex 16.93212672133628 -26.680762445863685 20
      vertex 13.798801664609472 -25.099927048495356 20
    endloop
  endfacet
  facet normal 0 0 1
    outer loop
      vertex 16.93212672133628 -26.680762445863685 20
      vertex 15.347610341083652 -24.18396415059533 20
      vertex 13.798801664609472 -25.099927048495356 20
    endloop
  endfacet
  facet normal 0 0 1
    outer loop
      vertex 16.93212672133628 -26.680762445863685 20
      vertex 16.83584901119781 -23.17255819479515 20
      vertex 15.347610341083652 -24.18396415059533 20
    endloop
  endfacet
  facet normal 0 0 1
    outer loop
      vertex 16.93212672133628 -26.680762445863685 20
      vertex 18.574013972442152 -25.56493702224834 20
      vertex 16.83584901119781 -23.17255819479515 20
    endloop
  endfacet
  facet normal 0 0 1
    outer loop
      vertex 18.574013972442152 -25.56493702224834 20
      vertex 18.257644276832544 -22.06970073833494 20
      vertex 16.83584901119781 -23.17255819479515 20
    endloop
  endfacet
  facet normal 0 0 1
    outer loop
      vertex 18.574013972442152 -25.56493702224834 20
      vertex 20.142598076058604 -24.348218471714933 20
      vertex 18.257644276832544 -22.06970073833494 20
    endloop
  endfacet
  facet normal 0 0 1
    outer loop
      vertex 20.142598076058604 -24.348218471714933 20
      vertex 19.60738496163085 -20.879744255747735 20
      vertex 18.257644276832544 -22.06970073833494 20
    endloop
  endfacet
  facet normal 0 0 1
    outer loop
      vertex 20.142598076058604 -24.348218471714933 20
      vertex 21.631688547346556 -23.03540862651661 20
      vertex 19.60738496163085 -20.879744255747735 20
    endloop
  endfacet
  facet normal 0 0 1
    outer loop
      vertex 21.631688547346556 -23.03540862651661 20
      vertex 20.879744255747735 -19.60738496163085 20
      vertex 19.60738496163085 -20.879744255747735 20
    endloop
  endfacet
  facet normal 0 0 1
    outer loop
      vertex 21.631688547346556 -23.03540862651661 20
      vertex 23.03540862651661 -21.631688547346556 20
      vertex 20.879744255747735 -19.60738496163085 20
    endloop
  endfacet
  facet normal 0 0 1
    outer loop
      vertex 23.03540862651661 -21.631688547346556 20
      vertex 22.06970073833494 -18.257644276832544 20
      vertex 20.879744255747735 -19.60738496163085 20
    endloop
  endfacet
  facet normal 0 0 1
    outer loop
      vertex 23.03540862651661 -21.631688547346556 20
      vertex 24.348218471714933 -20.142598076058604 20
      vertex 22.06970073833494 -18.257644276832544 20
    endloop
  endfacet
  facet normal 0 0 1
    outer loop
      vertex 24.348218471714933 -20.142598076058604 20
      vertex 23.172558194795148 -16.83584901119781 20
      vertex 22.06970073833494 -18.257644276832544 20
    endloop
  endfacet
  facet normal 0 0 1
    outer loop
      vertex 24.348218471714933 -20.142598076058604 20
      vertex 24.183964150595326 -15.347610341083652 20
      vertex 23.172558194795148 -16.83584901119781 20
    endloop
  endfacet
  facet normal 0 0 1
    outer loop
      vertex 24.348218471714933 -20.142598076058604 20
      vertex 25.56493702224834 -18.574013972442152 20
      vertex 24.183964150595326 -15.347610341083652 20
    endloop
  endfacet
  facet normal 0 0 1
    outer loop
      vertex 25.56493702224834 -18.574013972442152 20
      vertex 25.099927048495356 -13.798801664609472 20
      vertex 24.183964150595326 -15.347610341083652 20
    endloop
  endfacet
  facet normal 0 0 1
    outer loop
      vertex 25.56493702224834 -18.574013972442152 20
      vertex 26.680762445863685 -16.93212672133628 20
      vertex 25.099927048495356 -13.798801664609472 20
    endloop
  endfacet
  facet normal 0 0 1
    outer loop
      vertex 26.680762445863685 -16.93212672133628 20
      vertex 25.91683200140089 -12.195535422037882 20
      vertex 25.099927048495356 -13.798801664609472 20
    endloop
  endfacet
  facet normal 0 0 1
    outer loop
      vertex 26.680762445863685 -16.93212672133628 20
      vertex 27.691291089386088 -15.223416101614207 20
      vertex 26.63145505867116 -10.544138972765687 20
    endloop
  endfacet
  facet normal 0 0 1
    outer loop
      vertex 26.680762445863685 -16.93212672133628 20
      vertex 26.63145505867116 -10.544138972765687 20
      vertex 25.91683200140089 -12.195535422037882 20
    endloop
  endfacet
  facet normal 0 0 1
    outer loop
      vertex 27.691291089386088 -15.223416101614207 20
      vertex 28.59253485792622 -13.45462561345629 20
      vertex 27.240975929579363 -8.85112962412684 20
    endloop
  endfacet
  facet normal 0 0 1
    outer loop
      vertex 27.691291089386088 -15.223416101614207 20
      vertex 27.240975929579363 -8.85112962412684 20
      vertex 26.63145505867116 -10.544138972765687 20
    endloop
  endfacet
  facet normal 0 0 1
    outer loop
      vertex 28.59253485792622 -13.45462561345629 20
      vertex 27.74298911371161 -7.1231889105580475 20
      vertex 27.240975929579363 -8.85112962412684 20
    endloop
  endfacet
  facet normal 0 0 -1
    outer loop
      vertex -16.9321267213363 26.680762445863675 -15
      vertex -15.405020355646156 24.27442785818293 -15
      vertex -16.8988260034086 23.25923858827974 -15
    endloop
  endfacet
  facet normal 0 0 -1
    outer loop
      vertex -16.9321267213363 26.680762445863675 -15
      vertex -15.223416101614202 27.69129108938609 -15
      vertex -15.405020355646156 24.27442785818293 -15
    endloop
  endfacet
  facet normal 0 0 -1
    outer loop
      vertex -15.223416101614202 27.69129108938609 -15
      vertex -13.850418130424313 25.193817051261078 -15
      vertex -15.405020355646156 24.27442785818293 -15
    endloop
  endfacet
  facet normal 0 0 -1
    outer loop
      vertex -15.223416101614202 27.69129108938609 -15
      vertex -13.4546256134563 28.592534857926218 -15
      vertex -13.850418130424313 25.193817051261078 -15
    endloop
  endfacet
  facet normal 0 0 -1
    outer loop
      vertex -13.4546256134563 28.592534857926218 -15
      vertex -12.24115463249584 26.01377775839806 -15
      vertex -13.850418130424313 25.193817051261078 -15
    endloop
  endfacet
  facet normal 0 0 -1
    outer loop
      vertex -11.632735864835821 29.380936954068748 -15
      vertex -10.58358088968449 26.73107396928723 -15
      vertex -12.24115463249584 26.01377775839806 -15
    endloop
  endfacet
  facet normal 0 0 -1
    outer loop
      vertex -13.4546256134563 28.592534857926218 -15
      vertex -11.632735864835821 29.380936954068748 -15
      vertex -12.24115463249584 26.01377775839806 -15
    endloop
  endfacet
  facet normal -0.3971478906347807 0.9177546256839811 0
    outer loop
      vertex -13.4546256134563 28.592534857926218 -15
      vertex -11.632735864835821 29.380936954068748 -8
      vertex -11.632735864835821 29.380936954068748 -15
    endloop
  endfacet
  facet normal -0.39714789063478073 0.9177546256839811 1.2035447428640518e-17
    outer loop
      vertex -13.4546256134563 28.592534857926218 -15
      vertex -12.842154153641024 28.85757492586198 -8
      vertex -11.632735864835821 29.380936954068748 -8
    endloop
  endfacet
  facet normal 0 0 -1
    outer loop
      vertex -11.632735864835821 29.380936954068748 -15
      vertex -9.764937022248338 30.053385914926853 -15
      vertex -10.58358088968449 26.73107396928723 -15
    endloop
  endfacet
  facet normal 0 0 -1
    outer loop
      vertex -9.764937022248338 30.053385914926853 -15
      vertex -8.884238588279738 27.342874843485664 -15
      vertex -10.58358088968449 26.73107396928723 -15
    endloop
  endfacet
  facet normal 0 0 -1
    outer loop
      vertex -9.764937022248338 30.053385914926853 -15
      vertex -7.858600434409413 30.607227891664742 -15
      vertex -8.884238588279738 27.342874843485664 -15
    endloop
  endfacet
  facet normal -0.33873792024529026 0.940880768954226 0
    outer loop
      vertex -11.632735864835821 29.380936954068748 -15
      vertex -9.764937022248338 30.053385914926853 -8
      vertex -9.764937022248338 30.053385914926853 -15
    endloop
  endfacet
  facet normal -0.27899110603922894 0.9602936856769432 0
    outer loop
      vertex -9.764937022248338 30.053385914926853 -15
      vertex -7.858600434409413 30.607227891664742 -8
      vertex -7.858600434409413 30.607227891664742 -15
    endloop
  endfacet
  facet normal 0 0 -1
    outer loop
      vertex -7.858600434409413 30.607227891664742 -15
      vertex -7.149834255989577 27.846765882448143 -15
      vertex -8.884238588279738 27.342874843485664 -15
    endloop
  endfacet
  facet normal 0 0 -1
    outer loop
      vertex -5.921249540908897 31.040277123026566 -15
      vertex -5.387212794339582 28.2407584584498 -15
      vertex -7.149834255989577 27.846765882448143 -15
    endloop
  endfacet
  facet normal 0 0 -1
    outer loop
      vertex -7.858600434409413 30.607227891664742 -15
      vertex -5.921249540908897 31.040277123026566 -15
      vertex -7.149834255989577 27.846765882448143 -15
    endloop
  endfacet
  facet normal 0 0 -1
    outer loop
      vertex -5.921249540908897 31.040277123026566 -15
      vertex -3.9605301806320155 31.350824561537504 -15
      vertex -5.387212794339582 28.2407584584498 -15
    endloop
  endfacet
  facet normal -0.21814324139654478 0.9759167619387469 0
    outer loop
      vertex -7.858600434409413 30.607227891664742 -15
      vertex -5.921249540908897 31.040277123026566 -8
      vertex -5.921249540908897 31.040277123026566 -15
    endloop
  endfacet
  facet normal -0.33873792024529026 0.940880768954226 0
    outer loop
      vertex -11.632735864835821 29.380936954068748 -15
      vertex -11.632735864835821 29.380936954068748 -8
      vertex -9.764937022248338 30.053385914926853 -8
    endloop
  endfacet
  facet normal -0.27899110603922894 0.9602936856769432 0
    outer loop
      vertex -9.764937022248338 30.053385914926853 -15
      vertex -9.764937022248338 30.053385914926853 -8
      vertex -7.858600434409413 30.607227891664742 -8
    endloop
  endfacet
  facet normal -0.21814324139654478 0.9759167619387469 0
    outer loop
      vertex -7.858600434409413 30.607227891664742 -15
      vertex -7.858600434409413 30.607227891664742 -8
      vertex -5.921249540908897 31.040277123026566 -8
    endloop
  endfacet
  facet normal -0.15643446504023123 0.9876883405951375 0
    outer loop
      vertex -5.921249540908897 31.040277123026566 -15
      vertex -5.921249540908897 31.040277123026566 -8
      vertex -3.9605301806320155 31.350824561537504 -8
    endloop
  endfacet
  facet normal 0 0 -1
    outer loop
      vertex -3.9605301806320155 31.350824561537504 -15
      vertex -3.603330464973748 28.52329766279124 -15
      vertex -5.387212794339582 28.2407584584498 -15
    endloop
  endfacet
  facet normal 0 0 -1
    outer loop
      vertex -1.9841804171262996 31.53764461833338 -15
      vertex -1.8052274364677567 28.693268442312807 -15
      vertex -3.603330464973748 28.52329766279124 -15
    endloop
  endfacet
  facet normal 0 0 -1
    outer loop
      vertex -3.9605301806320155 31.350824561537504 -15
      vertex -1.9841804171262996 31.53764461833338 -15
      vertex -3.603330464973748 28.52329766279124 -15
    endloop
  endfacet
  facet normal -0.15643446504023123 0.9876883405951375 0
    outer loop
      vertex -5.921249540908897 31.040277123026566 -15
      vertex -3.9605301806320155 31.350824561537504 -8
      vertex -3.9605301806320155 31.350824561537504 -15
    endloop
  endfacet
  facet normal -0.09410831331851183 0.9955619646030802 0
    outer loop
      vertex -3.9605301806320155 31.350824561537504 -15
      vertex -1.9841804171262996 31.53764461833338 -8
      vertex -1.9841804171262996 31.53764461833338 -15
    endloop
  endfacet
  facet normal 0 0 -1
    outer loop
      vertex 0 31.6 -15
      vertex 0 28.75 -15
      vertex -1.8052274364677567 28.693268442312807 -15
    endloop
  endfacet
  facet normal 0 0 -1
    outer loop
      vertex -1.9841804171262996 31.53764461833338 -15
      vertex 0 31.6 -15
      vertex -1.8052274364677567 28.693268442312807 -15
    endloop
  endfacet
  facet normal 0 0 -1
    outer loop
      vertex 0 31.6 -15
      vertex 1.9841804171262996 31.53764461833338 -15
      vertex 0 28.75 -15
    endloop
  endfacet
  facet normal -0.03141075907812915 0.9995065603657315 0
    outer loop
      vertex -1.9841804171262996 31.53764461833338 -15
      vertex 0 31.6 -8
      vertex 0 31.6 -15
    endloop
  endfacet
  facet normal -0.09410831331851183 0.9955619646030802 0
    outer loop
      vertex -3.9605301806320155 31.350824561537504 -15
      vertex -3.9605301806320155 31.350824561537504 -8
      vertex -1.9841804171262996 31.53764461833338 -8
    endloop
  endfacet
  facet normal -0.03141075907812915 0.9995065603657315 0
    outer loop
      vertex -1.9841804171262996 31.53764461833338 -15
      vertex -1.9841804171262996 31.53764461833338 -8
      vertex 0 31.6 -8
    endloop
  endfacet
  facet normal 0.03141075907812915 0.9995065603657315 0
    outer loop
      vertex 0 31.6 -15
      vertex 0 31.6 -8
      vertex 1.9841804171262996 31.53764461833338 -8
    endloop
  endfacet
  facet normal 0 0 -1
    outer loop
      vertex 1.9841804171262996 31.53764461833338 -15
      vertex 1.8052274364677567 28.693268442312807 -15
      vertex 0 28.75 -15
    endloop
  endfacet
  facet normal 0 0 -1
    outer loop
      vertex 1.9841804171262996 31.53764461833338 -15
      vertex 3.9605301806320155 31.350824561537504 -15
      vertex 1.8052274364677567 28.693268442312807 -15
    endloop
  endfacet
  facet normal 0 0 -1
    outer loop
      vertex 3.9605301806320155 31.350824561537504 -15
      vertex 3.603330464973748 28.52329766279124 -15
      vertex 1.8052274364677567 28.693268442312807 -15
    endloop
  endfacet
  facet normal 0.03141075907812915 0.9995065603657315 0
    outer loop
      vertex 0 31.6 -15
      vertex 1.9841804171262996 31.53764461833338 -8
      vertex 1.9841804171262996 31.53764461833338 -15
    endloop
  endfacet
  facet normal 0.09410831331851183 0.9955619646030802 -1.1984169386627017e-17
    outer loop
      vertex 1.9841804171262996 31.53764461833338 -15
      vertex 3.9605301806320163 31.350824561537504 -8
      vertex 3.9605301806320155 31.350824561537504 -15
    endloop
  endfacet
  facet normal 0 0 -1
    outer loop
      vertex 7.858600434409413 30.607227891664742 -15
      vertex 7.149834255989577 27.846765882448143 -15
      vertex 5.387212794339582 28.2407584584498 -15
    endloop
  endfacet
  facet normal 0 0 -1
    outer loop
      vertex 3.9605301806320155 31.350824561537504 -15
      vertex 5.921249540908897 31.040277123026566 -15
      vertex 3.603330464973748 28.52329766279124 -15
    endloop
  endfacet
  facet normal 0 0 -1
    outer loop
      vertex 5.921249540908897 31.040277123026566 -15
      vertex 5.387212794339582 28.2407584584498 -15
      vertex 3.603330464973748 28.52329766279124 -15
    endloop
  endfacet
  facet normal 0 0 -1
    outer loop
      vertex 5.921249540908897 31.040277123026566 -15
      vertex 7.858600434409413 30.607227891664742 -15
      vertex 5.387212794339582 28.2407584584498 -15
    endloop
  endfacet
  facet normal 0.15643446504023123 0.9876883405951375 0
    outer loop
      vertex 3.9605301806320155 31.350824561537504 -15
      vertex 5.921249540908897 31.040277123026566 -8
      vertex 5.921249540908897 31.040277123026566 -15
    endloop
  endfacet
  facet normal 0.09410831331851177 0.9955619646030802 0
    outer loop
      vertex 1.9841804171262996 31.53764461833338 -15
      vertex 1.9841804171262996 31.53764461833338 -8
      vertex 3.9605301806320163 31.350824561537504 -8
    endloop
  endfacet
  facet normal 0.1564344650402313 0.9876883405951375 -1.9848816563723876e-17
    outer loop
      vertex 3.9605301806320155 31.350824561537504 -15
      vertex 3.9605301806320163 31.350824561537504 -8
      vertex 5.921249540908897 31.040277123026566 -8
    endloop
  endfacet
  facet normal 0.21814324139654478 0.9759167619387469 0
    outer loop
      vertex 5.921249540908897 31.040277123026566 -15
      vertex 5.921249540908897 31.040277123026566 -8
      vertex 7.858600434409413 30.607227891664742 -8
    endloop
  endfacet
  facet normal -0.509041415750371 0.8607420270039438 0
    outer loop
      vertex -16.9321267213363 26.680762445863675 -15
      vertex -16.9321267213363 26.680762445863675 20
      vertex -15.223416101614202 27.69129108938609 -15
    endloop
  endfacet
  facet normal -0.4539904997395473 0.8910065241883677 0
    outer loop
      vertex -15.223416101614202 27.69129108938609 -15
      vertex -15.223416101614202 27.69129108938609 20
      vertex -13.4546256134563 28.592534857926218 -15
    endloop
  endfacet
  facet normal -0.39714789063478056 0.9177546256839811 0
    outer loop
      vertex -13.4546256134563 28.592534857926218 -15
      vertex -13.4546256134563 28.592534857926218 20
      vertex -12.842154153641024 28.85757492586198 -8
    endloop
  endfacet
  facet normal -0.39714789063478056 0.9177546256839811 0
    outer loop
      vertex -12.842154153641024 28.85757492586198 -8
      vertex -13.4546256134563 28.592534857926218 20
      vertex -12.842154153641024 28.85757492586198 2
    endloop
  endfacet
  facet normal 0 0 -1
    outer loop
      vertex 28.59253485792622 -13.45462561345629 -15
      vertex 28.240758458449797 -5.387212794339589 -15
      vertex 28.52329766279124 -3.603330464973742 -15
    endloop
  endfacet
  facet normal 0.9602936856769433 -0.2789911060392288 0
    outer loop
      vertex 30.053385914926853 -9.764937022248338 -15
      vertex 30.607227891664746 -7.8586004344094 -15
      vertex 30.053385914926853 -9.764937022248338 -8
    endloop
  endfacet
  facet normal 0.9759167619387471 -0.21814324139654365 0
    outer loop
      vertex 30.607227891664746 -7.8586004344094 -15
      vertex 31.040277123026563 -5.921249540908905 -15
      vertex 30.607227891664746 -7.8586004344094 -8
    endloop
  endfacet
  facet normal 0 0 -1
    outer loop
      vertex 28.59253485792622 -13.45462561345629 -15
      vertex 28.52329766279124 -3.603330464973742 -15
      vertex 28.693268442312807 -1.8052274364677707 -15
    endloop
  endfacet
  facet normal 0 0 -1
    outer loop
      vertex 28.59253485792622 -13.45462561345629 -15
      vertex 29.380936954068744 11.632735864835825 -15
      vertex 29.38093695406874 -11.632735864835837 -15
    endloop
  endfacet
  facet normal 0.9876883405951375 -0.15643446504023184 0
    outer loop
      vertex 31.040277123026563 -5.921249540908905 -15
      vertex 31.350824561537504 -3.960530180632009 -15
      vertex 31.040277123026563 -5.921249540908905 -8
    endloop
  endfacet
  facet normal 0.9602936856769433 -0.2789911060392288 0
    outer loop
      vertex 30.053385914926853 -9.764937022248338 -8
      vertex 30.607227891664746 -7.8586004344094 -15
      vertex 30.607227891664746 -7.8586004344094 -8
    endloop
  endfacet
  facet normal 0.9759167619387471 -0.21814324139654365 0
    outer loop
      vertex 31.040277123026563 -5.921249540908905 -15
      vertex 31.040277123026563 -5.921249540908905 -8
      vertex 30.607227891664746 -7.8586004344094 -8
    endloop
  endfacet
  facet normal 0.9876883405951375 -0.15643446504023184 0
    outer loop
      vertex 31.350824561537504 -3.960530180632009 -15
      vertex 31.350824561537504 -3.960530180632009 -8
      vertex 31.040277123026563 -5.921249540908905 -8
    endloop
  endfacet
  facet normal 0 0 -1
    outer loop
      vertex 29.38093695406874 -11.632735864835837 -15
      vertex 30.053385914926853 9.764937022248338 -15
      vertex 30.053385914926853 -9.764937022248338 -15
    endloop
  endfacet
  facet normal 0 0 -1
    outer loop
      vertex 30.053385914926853 -9.764937022248338 -15
      vertex 30.607227891664742 7.858600434409412 -15
      vertex 30.607227891664746 -7.8586004344094 -15
    endloop
  endfacet
  facet normal 0 0 -1
    outer loop
      vertex 30.607227891664746 -7.8586004344094 -15
      vertex 31.040277123026566 5.9212495409088985 -15
      vertex 31.040277123026563 -5.921249540908905 -15
    endloop
  endfacet
  facet normal 0 0 -1
    outer loop
      vertex 31.040277123026563 -5.921249540908905 -15
      vertex 31.350824561537504 3.9605301806320146 -15
      vertex 31.350824561537504 -3.960530180632009 -15
    endloop
  endfacet
  facet normal 0.9955619646030802 -0.09410831331851285 0
    outer loop
      vertex 31.350824561537504 -3.960530180632009 -15
      vertex 31.53764461833338 -1.9841804171263149 -15
      vertex 31.350824561537504 -3.960530180632009 -8
    endloop
  endfacet
  facet normal 0 0 -1
    outer loop
      vertex 28.59253485792622 -13.45462561345629 -15
      vertex 28.693268442312807 -1.8052274364677707 -15
      vertex 29.380936954068744 11.632735864835825 -15
    endloop
  endfacet
  facet normal 0 0 -1
    outer loop
      vertex 31.350824561537504 -3.960530180632009 -15
      vertex 31.53764461833338 1.9841804171263027 -15
      vertex 31.53764461833338 -1.9841804171263149 -15
    endloop
  endfacet
  facet normal 0 0 -1
    outer loop
      vertex 31.53764461833338 -1.9841804171263149 -15
      vertex 31.53764461833338 1.9841804171263027 -15
      vertex 31.6 0 -15
    endloop
  endfacet
  facet normal 0 0 -1
    outer loop
      vertex 31.350824561537504 -3.960530180632009 -15
      vertex 31.350824561537504 3.9605301806320146 -15
      vertex 31.53764461833338 1.9841804171263027 -15
    endloop
  endfacet
  facet normal 0.9995065603657315 -0.03141075907812891 0
    outer loop
      vertex 31.53764461833338 -1.9841804171263149 -15
      vertex 31.6 0 -15
      vertex 31.53764461833338 -1.9841804171263149 -8
    endloop
  endfacet
  facet normal 0.9995065603657315 0.031410759078129104 0
    outer loop
      vertex 31.6 0 -15
      vertex 31.53764461833338 1.9841804171263027 -15
      vertex 31.6 0 -8
    endloop
  endfacet
  facet normal 0.9955619646030802 -0.09410831331851285 0
    outer loop
      vertex 31.53764461833338 -1.9841804171263149 -15
      vertex 31.53764461833338 -1.9841804171263149 -8
      vertex 31.350824561537504 -3.960530180632009 -8
    endloop
  endfacet
  facet normal 0.9995065603657315 -0.03141075907812891 0
    outer loop
      vertex 31.6 0 -15
      vertex 31.6 0 -8
      vertex 31.53764461833338 -1.9841804171263149 -8
    endloop
  endfacet
  facet normal 0 0 -1
    outer loop
      vertex 29.380936954068744 11.632735864835825 -15
      vertex 28.693268442312807 -1.8052274364677707 -15
      vertex 28.75 0 -15
    endloop
  endfacet
  facet normal 0 0 -1
    outer loop
      vertex 29.38093695406874 -11.632735864835837 -15
      vertex 29.380936954068744 11.632735864835825 -15
      vertex 30.053385914926853 9.764937022248338 -15
    endloop
  endfacet
  facet normal 0 0 -1
    outer loop
      vertex 30.607227891664746 -7.8586004344094 -15
      vertex 30.607227891664742 7.858600434409412 -15
      vertex 31.040277123026566 5.9212495409088985 -15
    endloop
  endfacet
  facet normal 0 0 -1
    outer loop
      vertex 31.040277123026563 -5.921249540908905 -15
      vertex 31.040277123026566 5.9212495409088985 -15
      vertex 31.350824561537504 3.9605301806320146 -15
    endloop
  endfacet
  facet normal 0 0 -1
    outer loop
      vertex 30.053385914926853 -9.764937022248338 -15
      vertex 30.053385914926853 9.764937022248338 -15
      vertex 30.607227891664742 7.858600434409412 -15
    endloop
  endfacet
  facet normal 0.9955619646030802 0.09410831331851202 0
    outer loop
      vertex 31.53764461833338 1.9841804171263027 -15
      vertex 31.350824561537504 3.9605301806320146 -15
      vertex 31.53764461833338 1.9841804171263027 -8
    endloop
  endfacet
  facet normal 0 0 -1
    outer loop
      vertex 29.380936954068744 11.632735864835825 -15
      vertex 28.75 0 -15
      vertex 28.693268442312807 1.8052274364677594 -15
    endloop
  endfacet
  facet normal 0 0 -1
    outer loop
      vertex 29.380936954068744 11.632735864835825 -15
      vertex 28.693268442312807 1.8052274364677594 -15
      vertex 28.52329766279124 3.603330464973747 -15
    endloop
  endfacet
  facet normal 0.9876883405951378 0.15643446504023104 0
    outer loop
      vertex 31.350824561537504 3.9605301806320146 -15
      vertex 31.040277123026566 5.9212495409088985 -15
      vertex 31.350824561537504 3.9605301806320146 -8
    endloop
  endfacet
  facet normal 0.9995065603657315 0.031410759078129104 0
    outer loop
      vertex 31.6 0 -8
      vertex 31.53764461833338 1.9841804171263027 -15
      vertex 31.53764461833338 1.9841804171263027 -8
    endloop
  endfacet
  facet normal 0.9955619646030802 0.09410831331851202 0
    outer loop
      vertex 31.350824561537504 3.9605301806320146 -15
      vertex 31.350824561537504 3.9605301806320146 -8
      vertex 31.53764461833338 1.9841804171263027 -8
    endloop
  endfacet
  facet normal 0.9876883405951378 0.15643446504023104 0
    outer loop
      vertex 31.040277123026566 5.9212495409088985 -15
      vertex 31.040277123026566 5.9212495409088985 -8
      vertex 31.350824561537504 3.9605301806320146 -8
    endloop
  endfacet
  facet normal 0 0 -1
    outer loop
      vertex 28.59253485792622 13.454625613456297 -15
      vertex 28.52329766279124 3.603330464973747 -15
      vertex 28.2407584584498 5.387212794339583 -15
    endloop
  endfacet
  facet normal 0 0 -1
    outer loop
      vertex 28.59253485792622 13.454625613456297 -15
      vertex 28.2407584584498 5.387212794339583 -15
      vertex 27.846765882448143 7.149834255989576 -15
    endloop
  endfacet
  facet normal 0 0 -1
    outer loop
      vertex 28.59253485792622 13.454625613456297 -15
      vertex 27.846765882448143 7.149834255989576 -15
      vertex 27.342874843485664 8.884238588279738 -15
    endloop
  endfacet
  facet normal 0.9759167619387469 0.21814324139654517 0
    outer loop
      vertex 31.040277123026566 5.9212495409088985 -15
      vertex 30.607227891664742 7.858600434409412 -15
      vertex 31.040277123026566 5.9212495409088985 -8
    endloop
  endfacet
  facet normal 0.9602936856769433 0.27899110603922866 0
    outer loop
      vertex 30.607227891664742 7.858600434409412 -15
      vertex 30.053385914926853 9.764937022248338 -15
      vertex 30.607227891664742 7.858600434409412 -8
    endloop
  endfacet
  facet normal 0 0 -1
    outer loop
      vertex 29.380936954068744 11.632735864835825 -15
      vertex 28.52329766279124 3.603330464973747 -15
      vertex 28.59253485792622 13.454625613456297 -15
    endloop
  endfacet
  facet normal 0.9408807689542255 0.3387379202452912 0
    outer loop
      vertex 30.053385914926853 9.764937022248338 -15
      vertex 29.380936954068744 11.632735864835825 -15
      vertex 30.053385914926853 9.764937022248338 -8
    endloop
  endfacet
  facet normal 0.9759167619387469 0.21814324139654517 0
    outer loop
      vertex 30.607227891664742 7.858600434409412 -15
      vertex 30.607227891664742 7.858600434409412 -8
      vertex 31.040277123026566 5.9212495409088985 -8
    endloop
  endfacet
  facet normal 0.9408807689542255 0.3387379202452912 0
    outer loop
      vertex 30.053385914926853 9.764937022248338 -8
      vertex 29.380936954068744 11.632735864835825 -15
      vertex 29.380936954068744 11.632735864835825 -8
    endloop
  endfacet
  facet normal 0.9602936856769433 0.27899110603922866 0
    outer loop
      vertex 30.053385914926853 9.764937022248338 -15
      vertex 30.053385914926853 9.764937022248338 -8
      vertex 30.607227891664742 7.858600434409412 -8
    endloop
  endfacet
  facet normal 0 0 -1
    outer loop
      vertex 9.764937022248338 30.053385914926853 -15
      vertex 8.884238588279738 27.342874843485664 -15
      vertex 7.149834255989577 27.846765882448143 -15
    endloop
  endfacet
  facet normal 0 0 -1
    outer loop
      vertex 9.764937022248338 30.053385914926853 -15
      vertex 11.632735864835821 29.380936954068748 -15
      vertex 8.884238588279738 27.342874843485664 -15
    endloop
  endfacet
  facet normal 0 0 -1
    outer loop
      vertex 7.858600434409413 30.607227891664742 -15
      vertex 9.764937022248338 30.053385914926853 -15
      vertex 7.149834255989577 27.846765882448143 -15
    endloop
  endfacet
  facet normal 0.21814324139654478 0.9759167619387469 0
    outer loop
      vertex 5.921249540908897 31.040277123026566 -15
      vertex 7.858600434409413 30.607227891664742 -8
      vertex 7.858600434409413 30.607227891664742 -15
    endloop
  endfacet
  facet normal 0.27899110603922894 0.9602936856769432 0
    outer loop
      vertex 7.858600434409413 30.607227891664742 -15
      vertex 9.764937022248338 30.053385914926853 -8
      vertex 9.764937022248338 30.053385914926853 -15
    endloop
  endfacet
  facet normal 0 0 -1
    outer loop
      vertex 11.632735864835821 29.380936954068748 -15
      vertex 10.58358088968449 26.73107396928723 -15
      vertex 8.884238588279738 27.342874843485664 -15
    endloop
  endfacet
  facet normal 0 0 -1
    outer loop
      vertex 13.4546256134563 28.592534857926218 -15
      vertex 12.24115463249584 26.01377775839806 -15
      vertex 10.58358088968449 26.73107396928723 -15
    endloop
  endfacet
  facet normal 0 0 -1
    outer loop
      vertex 11.632735864835821 29.380936954068748 -15
      vertex 13.4546256134563 28.592534857926218 -15
      vertex 10.58358088968449 26.73107396928723 -15
    endloop
  endfacet
  facet normal 0.3971478906347807 0.9177546256839811 0
    outer loop
      vertex 11.632735864835821 29.380936954068748 -15
      vertex 13.4546256134563 28.592534857926218 -8
      vertex 13.4546256134563 28.592534857926218 -15
    endloop
  endfacet
  facet normal 0.33873792024529026 0.940880768954226 0
    outer loop
      vertex 9.764937022248338 30.053385914926853 -15
      vertex 11.632735864835821 29.380936954068748 -8
      vertex 11.632735864835821 29.380936954068748 -15
    endloop
  endfacet
  facet normal 0.27899110603922894 0.9602936856769432 0
    outer loop
      vertex 7.858600434409413 30.607227891664742 -15
      vertex 7.858600434409413 30.607227891664742 -8
      vertex 9.764937022248338 30.053385914926853 -8
    endloop
  endfacet
  facet normal 0.33873792024529026 0.940880768954226 0
    outer loop
      vertex 9.764937022248338 30.053385914926853 -15
      vertex 9.764937022248338 30.053385914926853 -8
      vertex 11.632735864835821 29.380936954068748 -8
    endloop
  endfacet
  facet normal 0.3971478906347807 0.9177546256839811 0
    outer loop
      vertex 11.632735864835821 29.380936954068748 -15
      vertex 11.632735864835821 29.380936954068748 -8
      vertex 13.4546256134563 28.592534857926218 -8
    endloop
  endfacet
  facet normal 0 0 -1
    outer loop
      vertex 15.223416101614202 27.69129108938609 -15
      vertex 13.850418130424313 25.193817051261078 -15
      vertex 12.24115463249584 26.01377775839806 -15
    endloop
  endfacet
  facet normal 0 0 -1
    outer loop
      vertex 16.932126721336296 26.680762445863678 -15
      vertex 15.405020355646155 24.274427858182932 -15
      vertex 13.850418130424313 25.193817051261078 -15
    endloop
  endfacet
  facet normal 0 0 -1
    outer loop
      vertex 20.142598076058597 24.348218471714937 -15
      vertex 19.6807292954498 20.957848038365583 -15
      vertex 18.32593970527483 22.152255729803937 -15
    endloop
  endfacet
  facet normal 0 0 -1
    outer loop
      vertex 18.574013972442152 25.56493702224834 -15
      vertex 18.32593970527483 22.152255729803937 -15
      vertex 16.8988260034086 23.25923858827974 -15
    endloop
  endfacet
  facet normal 0 0 -1
    outer loop
      vertex 16.932126721336296 26.680762445863678 -15
      vertex 16.8988260034086 23.25923858827974 -15
      vertex 15.405020355646155 24.274427858182932 -15
    endloop
  endfacet
  facet normal 0 0 -1
    outer loop
      vertex 18.574013972442152 25.56493702224834 -15
      vertex 16.8988260034086 23.25923858827974 -15
      vertex 16.932126721336296 26.680762445863678 -15
    endloop
  endfacet
  facet normal 0 0 -1
    outer loop
      vertex 18.574013972442152 25.56493702224834 -15
      vertex 20.142598076058597 24.348218471714937 -15
      vertex 18.32593970527483 22.152255729803937 -15
    endloop
  endfacet
  facet normal 0.5620833778521307 0.8270805742745617 0
    outer loop
      vertex 18.574013972442152 25.56493702224834 -15
      vertex 16.932126721336296 26.680762445863678 -15
      vertex 18.574013972442152 25.56493702224834 -8
    endloop
  endfacet
  facet normal 0.5620833778521307 0.8270805742745617 0
    outer loop
      vertex 16.932126721336296 26.680762445863678 -15
      vertex 16.932126721336296 26.680762445863678 -8
      vertex 18.574013972442152 25.56493702224834 -8
    endloop
  endfacet
  facet normal 0.6129070536529779 0.7901550123756893 0
    outer loop
      vertex 18.574013972442152 25.56493702224834 -15
      vertex 18.574013972442152 25.56493702224834 -8
      vertex 20.142598076058597 24.348218471714937 -8
    endloop
  endfacet
  facet normal 0 0 -1
    outer loop
      vertex 13.4546256134563 28.592534857926218 -15
      vertex 15.223416101614202 27.69129108938609 -15
      vertex 12.24115463249584 26.01377775839806 -15
    endloop
  endfacet
  facet normal 0 0 -1
    outer loop
      vertex 15.223416101614202 27.69129108938609 -15
      vertex 16.932126721336296 26.680762445863678 -15
      vertex 13.850418130424313 25.193817051261078 -15
    endloop
  endfacet
  facet normal 0.45399049973954725 0.8910065241883677 0
    outer loop
      vertex 13.4546256134563 28.592534857926218 -15
      vertex 15.223416101614202 27.69129108938609 -8
      vertex 15.223416101614202 27.69129108938609 -15
    endloop
  endfacet
  facet normal 0.5090414157503705 0.8607420270039441 0
    outer loop
      vertex 15.223416101614202 27.69129108938609 -15
      vertex 16.932126721336296 26.680762445863678 -8
      vertex 16.932126721336296 26.680762445863678 -15
    endloop
  endfacet
  facet normal 0.45399049973954725 0.8910065241883677 0
    outer loop
      vertex 13.4546256134563 28.592534857926218 -15
      vertex 13.4546256134563 28.592534857926218 -8
      vertex 15.223416101614202 27.69129108938609 -8
    endloop
  endfacet
  facet normal 0.5090414157503705 0.8607420270039441 0
    outer loop
      vertex 15.223416101614202 27.69129108938609 -15
      vertex 15.223416101614202 27.69129108938609 -8
      vertex 16.932126721336296 26.680762445863678 -8
    endloop
  endfacet
  facet normal 0 0 -1
    outer loop
      vertex 25.56493702224834 18.574013972442152 -15
      vertex 25.193817051261078 13.850418130424316 -15
      vertex 24.274427858182932 15.405020355646155 -15
    endloop
  endfacet
  facet normal 0 0 -1
    outer loop
      vertex 21.631688547346563 23.035408626516606 -15
      vertex 20.957848038365583 19.6807292954498 -15
      vertex 19.6807292954498 20.957848038365583 -15
    endloop
  endfacet
  facet normal 0 0 -1
    outer loop
      vertex 23.035408626516606 21.631688547346563 -15
      vertex 22.152255729803937 18.32593970527483 -15
      vertex 20.957848038365583 19.6807292954498 -15
    endloop
  endfacet
  facet normal 0 0 -1
    outer loop
      vertex 24.348218471714937 20.142598076058597 -15
      vertex 24.274427858182932 15.405020355646155 -15
      vertex 23.25923858827974 16.8988260034086 -15
    endloop
  endfacet
  facet normal 0 0 -1
    outer loop
      vertex 24.348218471714937 20.142598076058597 -15
      vertex 23.25923858827974 16.8988260034086 -15
      vertex 22.152255729803937 18.32593970527483 -15
    endloop
  endfacet
  facet normal 0 0 -1
    outer loop
      vertex 24.348218471714937 20.142598076058597 -15
      vertex 25.56493702224834 18.574013972442152 -15
      vertex 24.274427858182932 15.405020355646155 -15
    endloop
  endfacet
  facet normal 0 0 -1
    outer loop
      vertex 24.348218471714937 20.142598076058597 -15
      vertex 22.152255729803937 18.32593970527483 -15
      vertex 23.035408626516606 21.631688547346563 -15
    endloop
  endfacet
  facet normal 0.7501110696304605 0.6613118653236507 0
    outer loop
      vertex 24.348218471714937 20.142598076058597 -15
      vertex 23.035408626516606 21.631688547346563 -15
      vertex 24.348218471714937 20.142598076058597 -8
    endloop
  endfacet
  facet normal 0.7901550123756893 0.6129070536529779 0
    outer loop
      vertex 24.348218471714937 20.142598076058597 -15
      vertex 25.56493702224834 18.574013972442152 -8
      vertex 25.56493702224834 18.574013972442152 -15
    endloop
  endfacet
  facet normal 0.7501110696304605 0.6613118653236507 0
    outer loop
      vertex 24.348218471714937 20.142598076058597 -8
      vertex 23.035408626516606 21.631688547346563 -15
      vertex 23.035408626516606 21.631688547346563 -8
    endloop
  endfacet
  facet normal 0.7901550123756893 0.6129070536529779 0
    outer loop
      vertex 24.348218471714937 20.142598076058597 -15
      vertex 24.348218471714937 20.142598076058597 -8
      vertex 25.56493702224834 18.574013972442152 -8
    endloop
  endfacet
  facet normal 0 0 -1
    outer loop
      vertex 27.69129108938609 15.223416101614205 -15
      vertex 26.731073969287227 10.583580889684491 -15
      vertex 26.013777758398064 12.241154632495839 -15
    endloop
  endfacet
  facet normal 0 0 -1
    outer loop
      vertex 27.69129108938609 15.223416101614205 -15
      vertex 27.342874843485664 8.884238588279738 -15
      vertex 26.731073969287227 10.583580889684491 -15
    endloop
  endfacet
  facet normal 0 0 -1
    outer loop
      vertex 27.69129108938609 15.223416101614205 -15
      vertex 28.59253485792622 13.454625613456297 -15
      vertex 27.342874843485664 8.884238588279738 -15
    endloop
  endfacet
  facet normal 0 0 -1
    outer loop
      vertex 26.680762445863678 16.932126721336296 -15
      vertex 26.013777758398064 12.241154632495839 -15
      vertex 25.193817051261078 13.850418130424316 -15
    endloop
  endfacet
  facet normal 0 0 -1
    outer loop
      vertex 27.69129108938609 15.223416101614205 -15
      vertex 26.013777758398064 12.241154632495839 -15
      vertex 26.680762445863678 16.932126721336296 -15
    endloop
  endfacet
  facet normal 0.8910065241883675 0.45399049973954764 0
    outer loop
      vertex 27.69129108938609 15.223416101614205 -15
      vertex 28.59253485792622 13.454625613456297 -8
      vertex 28.59253485792622 13.454625613456297 -15
    endloop
  endfacet
  facet normal 0.8607420270039436 0.5090414157503714 0
    outer loop
      vertex 27.69129108938609 15.223416101614205 -15
      vertex 26.680762445863678 16.932126721336296 -15
      vertex 27.69129108938609 15.223416101614205 -8
    endloop
  endfacet
  facet normal 0.9177546256839819 0.3971478906347786 0
    outer loop
      vertex 29.380936954068744 11.632735864835825 -15
      vertex 28.59253485792622 13.454625613456297 -15
      vertex 29.380936954068744 11.632735864835825 -8
    endloop
  endfacet
  facet normal 0.8910065241883675 0.45399049973954764 0
    outer loop
      vertex 27.69129108938609 15.223416101614205 -15
      vertex 27.69129108938609 15.223416101614205 -8
      vertex 28.59253485792622 13.454625613456297 -8
    endloop
  endfacet
  facet normal 0.9177546256839819 0.3971478906347786 0
    outer loop
      vertex 28.59253485792622 13.454625613456297 -15
      vertex 28.59253485792622 13.454625613456297 -8
      vertex 29.380936954068744 11.632735864835825 -8
    endloop
  endfacet
  facet normal 0 0 -1
    outer loop
      vertex 26.680762445863678 16.932126721336296 -15
      vertex 25.193817051261078 13.850418130424316 -15
      vertex 25.56493702224834 18.574013972442152 -15
    endloop
  endfacet
  facet normal 0.8270805742745617 0.5620833778521307 0
    outer loop
      vertex 26.680762445863678 16.932126721336296 -15
      vertex 25.56493702224834 18.574013972442152 -15
      vertex 26.680762445863678 16.932126721336296 -8
    endloop
  endfacet
  facet normal 0.8607420270039436 0.5090414157503714 0
    outer loop
      vertex 26.680762445863678 16.932126721336296 -15
      vertex 26.680762445863678 16.932126721336296 -8
      vertex 27.69129108938609 15.223416101614205 -8
    endloop
  endfacet
  facet normal 0.8270805742745617 0.5620833778521307 0
    outer loop
      vertex 25.56493702224834 18.574013972442152 -15
      vertex 25.56493702224834 18.574013972442152 -8
      vertex 26.680762445863678 16.932126721336296 -8
    endloop
  endfacet
  facet normal 0 0 -1
    outer loop
      vertex 21.631688547346563 23.035408626516606 -15
      vertex 19.6807292954498 20.957848038365583 -15
      vertex 20.142598076058597 24.348218471714937 -15
    endloop
  endfacet
  facet normal 0 0 -1
    outer loop
      vertex 21.631688547346563 23.035408626516606 -15
      vertex 23.035408626516606 21.631688547346563 -15
      vertex 20.957848038365583 19.6807292954498 -15
    endloop
  endfacet
  facet normal 0.6613118653236507 0.7501110696304605 0
    outer loop
      vertex 21.631688547346563 23.035408626516606 -15
      vertex 20.142598076058597 24.348218471714937 -15
      vertex 21.631688547346563 23.035408626516606 -8
    endloop
  endfacet
  facet normal 0.6129070536529779 0.7901550123756893 0
    outer loop
      vertex 18.574013972442152 25.56493702224834 -15
      vertex 20.142598076058597 24.348218471714937 -8
      vertex 20.142598076058597 24.348218471714937 -15
    endloop
  endfacet
  facet normal 0.7071067811865475 0.7071067811865475 0
    outer loop
      vertex 21.631688547346563 23.035408626516606 -15
      vertex 23.035408626516606 21.631688547346563 -8
      vertex 23.035408626516606 21.631688547346563 -15
    endloop
  endfacet
  facet normal 0.6613118653236507 0.7501110696304605 0
    outer loop
      vertex 20.142598076058597 24.348218471714937 -15
      vertex 20.142598076058597 24.348218471714937 -8
      vertex 21.631688547346563 23.035408626516606 -8
    endloop
  endfacet
  facet normal 0.7071067811865475 0.7071067811865475 0
    outer loop
      vertex 21.631688547346563 23.035408626516606 -15
      vertex 21.631688547346563 23.035408626516606 -8
      vertex 23.035408626516606 21.631688547346563 -8
    endloop
  endfacet
  facet normal -0.509041415750371 0.8607420270039438 0
    outer loop
      vertex -15.223416101614202 27.69129108938609 -15
      vertex -16.9321267213363 26.680762445863675 20
      vertex -15.223416101614202 27.69129108938609 20
    endloop
  endfacet
  facet normal -0.4539904997395473 0.8910065241883677 0
    outer loop
      vertex -13.4546256134563 28.592534857926218 -15
      vertex -15.223416101614202 27.69129108938609 20
      vertex -13.4546256134563 28.592534857926218 20
    endloop
  endfacet
  facet normal -0.3971478906347807 0.917754625683981 0
    outer loop
      vertex -12.842154153641024 28.85757492586198 2
      vertex -11.632735864835821 29.380936954068748 20
      vertex -11.632735864835821 29.380936954068748 2
    endloop
  endfacet
  facet normal -0.33873792024529026 0.940880768954226 0
    outer loop
      vertex -11.632735864835821 29.380936954068748 2
      vertex -9.764937022248338 30.053385914926853 20
      vertex -9.764937022248338 30.053385914926853 2
    endloop
  endfacet
  facet normal -0.2789911060392289 0.9602936856769432 0
    outer loop
      vertex -9.764937022248338 30.053385914926853 2
      vertex -7.858600434409413 30.607227891664742 20
      vertex -7.858600434409413 30.607227891664742 2
    endloop
  endfacet
  facet normal -0.2181432413965448 0.975916761938747 0
    outer loop
      vertex -7.858600434409413 30.607227891664742 2
      vertex -5.921249540908897 31.040277123026566 20
      vertex -5.921249540908897 31.040277123026566 2
    endloop
  endfacet
  facet normal -0.3971478906347806 0.917754625683981 -3.1070068780144074e-18
    outer loop
      vertex -12.842154153641024 28.85757492586198 2
      vertex -13.4546256134563 28.592534857926218 20
      vertex -11.632735864835821 29.380936954068748 20
    endloop
  endfacet
  facet normal -0.33873792024529026 0.940880768954226 0
    outer loop
      vertex -11.632735864835821 29.380936954068748 2
      vertex -11.632735864835821 29.380936954068748 20
      vertex -9.764937022248338 30.053385914926853 20
    endloop
  endfacet
  facet normal -0.2789911060392289 0.9602936856769432 0
    outer loop
      vertex -9.764937022248338 30.053385914926853 2
      vertex -9.764937022248338 30.053385914926853 20
      vertex -7.858600434409413 30.607227891664742 20
    endloop
  endfacet
  facet normal -0.2181432413965448 0.975916761938747 0
    outer loop
      vertex -7.858600434409413 30.607227891664742 2
      vertex -7.858600434409413 30.607227891664742 20
      vertex -5.921249540908897 31.040277123026566 20
    endloop
  endfacet
  facet normal -0.15643446504023126 0.9876883405951378 0
    outer loop
      vertex -5.921249540908897 31.040277123026566 2
      vertex -5.921249540908897 31.040277123026566 20
      vertex -3.9605301806320155 31.350824561537504 20
    endloop
  endfacet
  facet normal -0.15643446504023126 0.9876883405951378 0
    outer loop
      vertex -5.921249540908897 31.040277123026566 2
      vertex -3.9605301806320155 31.350824561537504 20
      vertex -3.9605301806320155 31.350824561537504 2
    endloop
  endfacet
  facet normal -0.09410831331851183 0.9955619646030803 0
    outer loop
      vertex -3.9605301806320155 31.350824561537504 2
      vertex -1.9841804171262996 31.53764461833338 20
      vertex -1.9841804171262996 31.53764461833338 2
    endloop
  endfacet
  facet normal -0.03141075907812915 0.9995065603657316 0
    outer loop
      vertex -1.9841804171262996 31.53764461833338 2
      vertex 0 31.6 20
      vertex 0 31.6 2
    endloop
  endfacet
  facet normal 0.03141075907812915 0.9995065603657316 0
    outer loop
      vertex 0 31.6 2
      vertex 1.9841804171262996 31.53764461833338 20
      vertex 1.9841804171262996 31.53764461833338 2
    endloop
  endfacet
  facet normal 0.09410831331851183 0.9955619646030803 0
    outer loop
      vertex 1.9841804171262996 31.53764461833338 2
      vertex 3.9605301806320155 31.350824561537504 20
      vertex 3.9605301806320155 31.350824561537504 2
    endloop
  endfacet
  facet normal 0.15643446504023126 0.9876883405951378 0
    outer loop
      vertex 3.9605301806320155 31.350824561537504 2
      vertex 5.921249540908897 31.040277123026566 20
      vertex 5.921249540908897 31.040277123026566 2
    endloop
  endfacet
  facet normal -0.09410831331851183 0.9955619646030803 0
    outer loop
      vertex -3.9605301806320155 31.350824561537504 2
      vertex -3.9605301806320155 31.350824561537504 20
      vertex -1.9841804171262996 31.53764461833338 20
    endloop
  endfacet
  facet normal -0.03141075907812915 0.9995065603657316 0
    outer loop
      vertex -1.9841804171262996 31.53764461833338 2
      vertex -1.9841804171262996 31.53764461833338 20
      vertex 0 31.6 20
    endloop
  endfacet
  facet normal 0.03141075907812915 0.9995065603657316 0
    outer loop
      vertex 0 31.6 2
      vertex 0 31.6 20
      vertex 1.9841804171262996 31.53764461833338 20
    endloop
  endfacet
  facet normal 0.09410831331851183 0.9955619646030803 0
    outer loop
      vertex 1.9841804171262996 31.53764461833338 2
      vertex 1.9841804171262996 31.53764461833338 20
      vertex 3.9605301806320155 31.350824561537504 20
    endloop
  endfacet
  facet normal 0.15643446504023126 0.9876883405951378 0
    outer loop
      vertex 3.9605301806320155 31.350824561537504 2
      vertex 3.9605301806320155 31.350824561537504 20
      vertex 5.921249540908897 31.040277123026566 20
    endloop
  endfacet
  facet normal 0.2181432413965448 0.975916761938747 0
    outer loop
      vertex 5.921249540908897 31.040277123026566 2
      vertex 5.921249540908897 31.040277123026566 20
      vertex 7.858600434409413 30.607227891664742 20
    endloop
  endfacet
  facet normal 0 0 1
    outer loop
      vertex -16.9321267213363 26.680762445863675 20
      vertex -16.83584901119781 23.17255819479515 20
      vertex -15.347610341083652 24.18396415059533 20
    endloop
  endfacet
  facet normal 0 0 1
    outer loop
      vertex -16.9321267213363 26.680762445863675 20
      vertex -15.347610341083652 24.18396415059533 20
      vertex -13.798801664609472 25.099927048495356 20
    endloop
  endfacet
  facet normal 0 0 1
    outer loop
      vertex -16.9321267213363 26.680762445863675 20
      vertex -13.798801664609472 25.099927048495356 20
      vertex -15.223416101614202 27.69129108938609 20
    endloop
  endfacet
  facet normal 0 0 1
    outer loop
      vertex -15.223416101614202 27.69129108938609 20
      vertex -13.798801664609472 25.099927048495356 20
      vertex -12.195535422037882 25.91683200140089 20
    endloop
  endfacet
  facet normal 0 0 1
    outer loop
      vertex -15.223416101614202 27.69129108938609 20
      vertex -12.195535422037882 25.91683200140089 20
      vertex -13.4546256134563 28.592534857926218 20
    endloop
  endfacet
  facet normal 0 0 1
    outer loop
      vertex -13.4546256134563 28.592534857926218 20
      vertex -12.195535422037882 25.91683200140089 20
      vertex -10.544138972765687 26.63145505867116 20
    endloop
  endfacet
  facet normal 0 0 1
    outer loop
      vertex -13.4546256134563 28.592534857926218 20
      vertex -10.544138972765687 26.63145505867116 20
      vertex -11.632735864835821 29.380936954068748 20
    endloop
  endfacet
  facet normal 0 0 1
    outer loop
      vertex -11.632735864835821 29.380936954068748 20
      vertex -10.544138972765687 26.63145505867116 20
      vertex -8.85112962412684 27.240975929579363 20
    endloop
  endfacet
  facet normal 0 0 1
    outer loop
      vertex -11.632735864835821 29.380936954068748 20
      vertex -8.85112962412684 27.240975929579363 20
      vertex -9.764937022248338 30.053385914926853 20
    endloop
  endfacet
  facet normal 0 0 1
    outer loop
      vertex -9.764937022248338 30.053385914926853 20
      vertex -8.85112962412684 27.240975929579363 20
      vertex -7.123188910558048 27.74298911371161 20
    endloop
  endfacet
  facet normal 0 0 1
    outer loop
      vertex -9.764937022248338 30.053385914926853 20
      vertex -7.123188910558048 27.74298911371161 20
      vertex -7.858600434409413 30.607227891664742 20
    endloop
  endfacet
  facet normal 0 0 1
    outer loop
      vertex -7.858600434409413 30.607227891664742 20
      vertex -7.123188910558048 27.74298911371161 20
      vertex -5.367136224634772 28.13551339437813 20
    endloop
  endfacet
  facet normal 0 0 1
    outer loop
      vertex -7.858600434409413 30.607227891664742 20
      vertex -5.367136224634772 28.13551339437813 20
      vertex -5.921249540908897 31.040277123026566 20
    endloop
  endfacet
  facet normal 0 0 1
    outer loop
      vertex -5.921249540908897 31.040277123026566 20
      vertex -5.367136224634772 28.13551339437813 20
      vertex -3.5899019040441367 28.416999657570436 20
    endloop
  endfacet
  facet normal 0 0 1
    outer loop
      vertex -5.921249540908897 31.040277123026566 20
      vertex -3.5899019040441367 28.416999657570436 20
      vertex -3.9605301806320155 31.350824561537504 20
    endloop
  endfacet
  facet normal 0 0 1
    outer loop
      vertex -3.9605301806320155 31.350824561537504 20
      vertex -3.5899019040441367 28.416999657570436 20
      vertex -1.7984998807084411 28.586337005606538 20
    endloop
  endfacet
  facet normal 0 0 1
    outer loop
      vertex -3.9605301806320155 31.350824561537504 20
      vertex -1.7984998807084411 28.586337005606538 20
      vertex -1.9841804171262996 31.53764461833338 20
    endloop
  endfacet
  facet normal 0 0 1
    outer loop
      vertex -1.9841804171262996 31.53764461833338 20
      vertex -1.7984998807084411 28.586337005606538 20
      vertex 0 28.642857141336616 20
    endloop
  endfacet
  facet normal 0 0 1
    outer loop
      vertex -1.9841804171262996 31.53764461833338 20
      vertex 0 28.642857141336616 20
      vertex 0 31.6 20
    endloop
  endfacet
  facet normal 0 0 1
    outer loop
      vertex 0 31.6 20
      vertex 0 28.642857141336616 20
      vertex 1.7984998807084411 28.586337005606538 20
    endloop
  endfacet
  facet normal 0 0 1
    outer loop
      vertex 1.9841804171262996 31.53764461833338 20
      vertex 1.7984998807084411 28.586337005606538 20
      vertex 3.5899019040441367 28.416999657570436 20
    endloop
  endfacet
  facet normal 0 0 1
    outer loop
      vertex 0 31.6 20
      vertex 1.7984998807084411 28.586337005606538 20
      vertex 1.9841804171262996 31.53764461833338 20
    endloop
  endfacet
  facet normal 0 0 1
    outer loop
      vertex 1.9841804171262996 31.53764461833338 20
      vertex 3.5899019040441367 28.416999657570436 20
      vertex 3.9605301806320155 31.350824561537504 20
    endloop
  endfacet
  facet normal 0 0 1
    outer loop
      vertex 5.921249540908897 31.040277123026566 20
      vertex 5.367136224634772 28.13551339437813 20
      vertex 7.123188910558048 27.74298911371161 20
    endloop
  endfacet
  facet normal 0 0 1
    outer loop
      vertex 3.9605301806320155 31.350824561537504 20
      vertex 3.5899019040441367 28.416999657570436 20
      vertex 5.367136224634772 28.13551339437813 20
    endloop
  endfacet
  facet normal 0 0 1
    outer loop
      vertex 3.9605301806320155 31.350824561537504 20
      vertex 5.367136224634772 28.13551339437813 20
      vertex 5.921249540908897 31.040277123026566 20
    endloop
  endfacet
  facet normal 0 0 1
    outer loop
      vertex 5.921249540908897 31.040277123026566 20
      vertex 7.123188910558048 27.74298911371161 20
      vertex 7.858600434409413 30.607227891664742 20
    endloop
  endfacet
  facet normal 0.9602936856769432 -0.27899110603922883 0
    outer loop
      vertex 30.053385914926853 -9.764937022248338 2
      vertex 30.607227891664746 -7.8586004344094 2
      vertex 30.053385914926853 -9.764937022248338 20
    endloop
  endfacet
  facet normal 0.9759167619387471 -0.21814324139654367 0
    outer loop
      vertex 30.607227891664746 -7.8586004344094 2
      vertex 31.040277123026563 -5.921249540908905 2
      vertex 30.607227891664746 -7.8586004344094 20
    endloop
  endfacet
  facet normal 0.9876883405951377 -0.15643446504023187 0
    outer loop
      vertex 31.040277123026563 -5.921249540908905 2
      vertex 31.350824561537504 -3.960530180632009 2
      vertex 31.040277123026563 -5.921249540908905 20
    endloop
  endfacet
  facet normal 0.9955619646030802 -0.09410831331851287 0
    outer loop
      vertex 31.350824561537504 -3.960530180632009 2
      vertex 31.53764461833338 -1.9841804171263149 2
      vertex 31.350824561537504 -3.960530180632009 20
    endloop
  endfacet
  facet normal 0.9995065603657316 -0.03141075907812891 0
    outer loop
      vertex 31.53764461833338 -1.9841804171263149 2
      vertex 31.6 0 2
      vertex 31.53764461833338 -1.9841804171263149 20
    endloop
  endfacet
  facet normal 0.9995065603657316 0.031410759078129104 0
    outer loop
      vertex 31.6 0 2
      vertex 31.53764461833338 1.9841804171263027 2
      vertex 31.6 0 20
    endloop
  endfacet
  facet normal 0.9602936856769432 -0.27899110603922883 0
    outer loop
      vertex 30.053385914926853 -9.764937022248338 20
      vertex 30.607227891664746 -7.8586004344094 2
      vertex 30.607227891664746 -7.8586004344094 20
    endloop
  endfacet
  facet normal 0.9759167619387471 -0.21814324139654367 0
    outer loop
      vertex 31.040277123026563 -5.921249540908905 2
      vertex 31.040277123026563 -5.921249540908905 20
      vertex 30.607227891664746 -7.8586004344094 20
    endloop
  endfacet
  facet normal 0.9876883405951377 -0.15643446504023187 0
    outer loop
      vertex 31.350824561537504 -3.960530180632009 2
      vertex 31.350824561537504 -3.960530180632009 20
      vertex 31.040277123026563 -5.921249540908905 20
    endloop
  endfacet
  facet normal 0.9955619646030802 -0.09410831331851287 0
    outer loop
      vertex 31.53764461833338 -1.9841804171263149 2
      vertex 31.53764461833338 -1.9841804171263149 20
      vertex 31.350824561537504 -3.960530180632009 20
    endloop
  endfacet
  facet normal 0.9995065603657316 -0.03141075907812891 0
    outer loop
      vertex 31.6 0 2
      vertex 31.6 0 20
      vertex 31.53764461833338 -1.9841804171263149 20
    endloop
  endfacet
  facet normal 0.9955619646030802 0.09410831331851201 0
    outer loop
      vertex 31.53764461833338 1.9841804171263027 2
      vertex 31.350824561537504 3.9605301806320146 2
      vertex 31.53764461833338 1.9841804171263027 20
    endloop
  endfacet
  facet normal 0.9876883405951378 0.15643446504023106 0
    outer loop
      vertex 31.350824561537504 3.9605301806320146 2
      vertex 31.040277123026566 5.9212495409088985 2
      vertex 31.350824561537504 3.9605301806320146 20
    endloop
  endfacet
  facet normal 0.975916761938747 0.21814324139654515 0
    outer loop
      vertex 31.040277123026566 5.9212495409088985 2
      vertex 30.607227891664742 7.858600434409412 2
      vertex 31.040277123026566 5.9212495409088985 20
    endloop
  endfacet
  facet normal 0.9602936856769432 0.27899110603922866 0
    outer loop
      vertex 30.607227891664742 7.858600434409412 2
      vertex 30.053385914926853 9.764937022248338 2
      vertex 30.607227891664742 7.858600434409412 20
    endloop
  endfacet
  facet normal 0.9408807689542256 0.33873792024529126 0
    outer loop
      vertex 30.053385914926853 9.764937022248338 2
      vertex 29.380936954068744 11.632735864835825 2
      vertex 30.053385914926853 9.764937022248338 20
    endloop
  endfacet
  facet normal 0.9995065603657316 0.031410759078129104 0
    outer loop
      vertex 31.53764461833338 1.9841804171263027 2
      vertex 31.53764461833338 1.9841804171263027 20
      vertex 31.6 0 20
    endloop
  endfacet
  facet normal 0.9955619646030802 0.09410831331851201 0
    outer loop
      vertex 31.350824561537504 3.9605301806320146 2
      vertex 31.350824561537504 3.9605301806320146 20
      vertex 31.53764461833338 1.9841804171263027 20
    endloop
  endfacet
  facet normal 0.9876883405951378 0.15643446504023106 0
    outer loop
      vertex 31.040277123026566 5.9212495409088985 2
      vertex 31.040277123026566 5.9212495409088985 20
      vertex 31.350824561537504 3.9605301806320146 20
    endloop
  endfacet
  facet normal 0.975916761938747 0.21814324139654515 0
    outer loop
      vertex 30.607227891664742 7.858600434409412 2
      vertex 30.607227891664742 7.858600434409412 20
      vertex 31.040277123026566 5.9212495409088985 20
    endloop
  endfacet
  facet normal 0.9408807689542256 0.33873792024529126 0
    outer loop
      vertex 29.380936954068744 11.632735864835825 2
      vertex 29.380936954068744 11.632735864835825 20
      vertex 30.053385914926853 9.764937022248338 20
    endloop
  endfacet
  facet normal 0.9602936856769432 0.27899110603922866 0
    outer loop
      vertex 30.053385914926853 9.764937022248338 2
      vertex 30.053385914926853 9.764937022248338 20
      vertex 30.607227891664742 7.858600434409412 20
    endloop
  endfacet
  facet normal 0 0 1
    outer loop
      vertex 28.59253485792622 -13.45462561345629 20
      vertex 28.13551339437813 -5.367136224634772 20
      vertex 27.74298911371161 -7.1231889105580475 20
    endloop
  endfacet
  facet normal 0 0 1
    outer loop
      vertex 28.59253485792622 -13.45462561345629 20
      vertex 28.41699965757044 -3.5899019040441367 20
      vertex 28.13551339437813 -5.367136224634772 20
    endloop
  endfacet
  facet normal 0 0 1
    outer loop
      vertex 28.59253485792622 -13.45462561345629 20
      vertex 28.586337005606538 -1.7984998807084411 20
      vertex 28.41699965757044 -3.5899019040441367 20
    endloop
  endfacet
  facet normal 0 0 1
    outer loop
      vertex 28.59253485792622 -13.45462561345629 20
      vertex 29.38093695406874 -11.632735864835837 20
      vertex 28.586337005606538 -1.7984998807084411 20
    endloop
  endfacet
  facet normal 0 0 1
    outer loop
      vertex 29.38093695406874 -11.632735864835837 20
      vertex 28.642857141336616 0 20
      vertex 28.586337005606538 -1.7984998807084411 20
    endloop
  endfacet
  facet normal 0 0 1
    outer loop
      vertex 29.38093695406874 -11.632735864835837 20
      vertex 30.053385914926853 -9.764937022248338 20
      vertex 29.380936954068744 11.632735864835825 20
    endloop
  endfacet
  facet normal 0 0 1
    outer loop
      vertex 30.053385914926853 -9.764937022248338 20
      vertex 30.607227891664746 -7.8586004344094 20
      vertex 30.053385914926853 9.764937022248338 20
    endloop
  endfacet
  facet normal 0 0 1
    outer loop
      vertex 30.607227891664746 -7.8586004344094 20
      vertex 31.040277123026563 -5.921249540908905 20
      vertex 30.607227891664742 7.858600434409412 20
    endloop
  endfacet
  facet normal 0 0 1
    outer loop
      vertex 29.38093695406874 -11.632735864835837 20
      vertex 28.59253485792622 13.454625613456297 20
      vertex 28.642857141336616 0 20
    endloop
  endfacet
  facet normal 0 0 1
    outer loop
      vertex 31.040277123026563 -5.921249540908905 20
      vertex 31.350824561537504 -3.960530180632009 20
      vertex 31.040277123026566 5.9212495409088985 20
    endloop
  endfacet
  facet normal 0 0 1
    outer loop
      vertex 31.350824561537504 -3.960530180632009 20
      vertex 31.53764461833338 -1.9841804171263149 20
      vertex 31.350824561537504 3.9605301806320146 20
    endloop
  endfacet
  facet normal 0 0 1
    outer loop
      vertex 31.53764461833338 -1.9841804171263149 20
      vertex 31.6 0 20
      vertex 31.53764461833338 1.9841804171263027 20
    endloop
  endfacet
  facet normal 0 0 1
    outer loop
      vertex 31.53764461833338 -1.9841804171263149 20
      vertex 31.53764461833338 1.9841804171263027 20
      vertex 31.350824561537504 3.9605301806320146 20
    endloop
  endfacet
  facet normal 0 0 1
    outer loop
      vertex 31.350824561537504 -3.960530180632009 20
      vertex 31.350824561537504 3.9605301806320146 20
      vertex 31.040277123026566 5.9212495409088985 20
    endloop
  endfacet
  facet normal 0 0 1
    outer loop
      vertex 30.607227891664746 -7.8586004344094 20
      vertex 30.607227891664742 7.858600434409412 20
      vertex 30.053385914926853 9.764937022248338 20
    endloop
  endfacet
  facet normal 0 0 1
    outer loop
      vertex 31.040277123026563 -5.921249540908905 20
      vertex 31.040277123026566 5.9212495409088985 20
      vertex 30.607227891664742 7.858600434409412 20
    endloop
  endfacet
  facet normal 0 0 1
    outer loop
      vertex 29.38093695406874 -11.632735864835837 20
      vertex 29.380936954068744 11.632735864835825 20
      vertex 28.59253485792622 13.454625613456297 20
    endloop
  endfacet
  facet normal 0 0 1
    outer loop
      vertex 30.053385914926853 -9.764937022248338 20
      vertex 30.053385914926853 9.764937022248338 20
      vertex 29.380936954068744 11.632735864835825 20
    endloop
  endfacet
  facet normal 0 0 1
    outer loop
      vertex 28.59253485792622 13.454625613456297 20
      vertex 28.586337005606538 1.7984998807084411 20
      vertex 28.642857141336616 0 20
    endloop
  endfacet
  facet normal 0 0 1
    outer loop
      vertex 28.59253485792622 13.454625613456297 20
      vertex 28.416999657570436 3.5899019040441367 20
      vertex 28.586337005606538 1.7984998807084411 20
    endloop
  endfacet
  facet normal 0 0 1
    outer loop
      vertex 28.59253485792622 13.454625613456297 20
      vertex 28.13551339437813 5.367136224634772 20
      vertex 28.416999657570436 3.5899019040441367 20
    endloop
  endfacet
  facet normal 0 0 1
    outer loop
      vertex 27.69129108938609 15.223416101614205 20
      vertex 27.742989113711605 7.1231889105580475 20
      vertex 28.13551339437813 5.367136224634772 20
    endloop
  endfacet
  facet normal 0 0 1
    outer loop
      vertex 27.69129108938609 15.223416101614205 20
      vertex 27.240975929579363 8.85112962412684 20
      vertex 27.742989113711605 7.1231889105580475 20
    endloop
  endfacet
  facet normal 0.2181432413965448 0.975916761938747 0
    outer loop
      vertex 5.921249540908897 31.040277123026566 2
      vertex 7.858600434409413 30.607227891664742 20
      vertex 7.858600434409413 30.607227891664742 2
    endloop
  endfacet
  facet normal 0.2789911060392289 0.9602936856769432 0
    outer loop
      vertex 7.858600434409413 30.607227891664742 2
      vertex 9.764937022248338 30.053385914926853 20
      vertex 9.764937022248338 30.053385914926853 2
    endloop
  endfacet
  facet normal 0.3971478906347806 0.917754625683981 0
    outer loop
      vertex 11.632735864835821 29.380936954068748 2
      vertex 13.4546256134563 28.592534857926218 20
      vertex 13.4546256134563 28.592534857926218 2
    endloop
  endfacet
  facet normal 0.33873792024529026 0.940880768954226 0
    outer loop
      vertex 9.764937022248338 30.053385914926853 2
      vertex 11.632735864835821 29.380936954068748 20
      vertex 11.632735864835821 29.380936954068748 2
    endloop
  endfacet
  facet normal 0.5620833778521308 0.8270805742745617 0
    outer loop
      vertex 18.574013972442152 25.56493702224834 2
      vertex 16.932126721336296 26.680762445863678 2
      vertex 18.574013972442152 25.56493702224834 20
    endloop
  endfacet
  facet normal 0.45399049973954725 0.8910065241883676 0
    outer loop
      vertex 13.4546256134563 28.592534857926218 2
      vertex 15.223416101614202 27.69129108938609 20
      vertex 15.223416101614202 27.69129108938609 2
    endloop
  endfacet
  facet normal 0.5090414157503705 0.8607420270039441 0
    outer loop
      vertex 15.223416101614202 27.69129108938609 2
      vertex 16.932126721336296 26.680762445863678 20
      vertex 16.932126721336296 26.680762445863678 2
    endloop
  endfacet
  facet normal 0.2789911060392289 0.9602936856769432 0
    outer loop
      vertex 7.858600434409413 30.607227891664742 2
      vertex 7.858600434409413 30.607227891664742 20
      vertex 9.764937022248338 30.053385914926853 20
    endloop
  endfacet
  facet normal 0.33873792024529026 0.940880768954226 0
    outer loop
      vertex 9.764937022248338 30.053385914926853 2
      vertex 9.764937022248338 30.053385914926853 20
      vertex 11.632735864835821 29.380936954068748 20
    endloop
  endfacet
  facet normal 0.3971478906347806 0.917754625683981 0
    outer loop
      vertex 11.632735864835821 29.380936954068748 2
      vertex 11.632735864835821 29.380936954068748 20
      vertex 13.4546256134563 28.592534857926218 20
    endloop
  endfacet
  facet normal 0.5620833778521308 0.8270805742745617 0
    outer loop
      vertex 16.932126721336296 26.680762445863678 2
      vertex 16.932126721336296 26.680762445863678 20
      vertex 18.574013972442152 25.56493702224834 20
    endloop
  endfacet
  facet normal 0.6129070536529779 0.7901550123756893 0
    outer loop
      vertex 18.574013972442152 25.56493702224834 2
      vertex 18.574013972442152 25.56493702224834 20
      vertex 20.142598076058597 24.348218471714937 20
    endloop
  endfacet
  facet normal 0.45399049973954725 0.8910065241883676 0
    outer loop
      vertex 13.4546256134563 28.592534857926218 2
      vertex 13.4546256134563 28.592534857926218 20
      vertex 15.223416101614202 27.69129108938609 20
    endloop
  endfacet
  facet normal 0.5090414157503705 0.8607420270039441 0
    outer loop
      vertex 15.223416101614202 27.69129108938609 2
      vertex 15.223416101614202 27.69129108938609 20
      vertex 16.932126721336296 26.680762445863678 20
    endloop
  endfacet
  facet normal 0.7501110696304606 0.6613118653236508 0
    outer loop
      vertex 24.348218471714937 20.142598076058597 2
      vertex 23.035408626516606 21.631688547346563 2
      vertex 24.348218471714937 20.142598076058597 20
    endloop
  endfacet
  facet normal 0.7901550123756893 0.6129070536529779 0
    outer loop
      vertex 24.348218471714937 20.142598076058597 2
      vertex 25.56493702224834 18.574013972442152 20
      vertex 25.56493702224834 18.574013972442152 2
    endloop
  endfacet
  facet normal 0.8910065241883675 0.4539904997395476 0
    outer loop
      vertex 27.69129108938609 15.223416101614205 2
      vertex 28.59253485792622 13.454625613456297 20
      vertex 28.59253485792622 13.454625613456297 2
    endloop
  endfacet
  facet normal 0.8607420270039436 0.5090414157503713 0
    outer loop
      vertex 27.69129108938609 15.223416101614205 2
      vertex 26.680762445863678 16.932126721336296 2
      vertex 27.69129108938609 15.223416101614205 20
    endloop
  endfacet
  facet normal 0.917754625683982 0.39714789063477873 0
    outer loop
      vertex 29.380936954068744 11.632735864835825 2
      vertex 28.59253485792622 13.454625613456297 2
      vertex 29.380936954068744 11.632735864835825 20
    endloop
  endfacet
  facet normal 0.8270805742745617 0.5620833778521308 0
    outer loop
      vertex 26.680762445863678 16.932126721336296 2
      vertex 25.56493702224834 18.574013972442152 2
      vertex 26.680762445863678 16.932126721336296 20
    endloop
  endfacet
  facet normal 0.7501110696304606 0.6613118653236508 0
    outer loop
      vertex 23.035408626516606 21.631688547346563 2
      vertex 23.035408626516606 21.631688547346563 20
      vertex 24.348218471714937 20.142598076058597 20
    endloop
  endfacet
  facet normal 0.7901550123756893 0.6129070536529779 0
    outer loop
      vertex 24.348218471714937 20.142598076058597 2
      vertex 24.348218471714937 20.142598076058597 20
      vertex 25.56493702224834 18.574013972442152 20
    endloop
  endfacet
  facet normal 0.8910065241883675 0.4539904997395476 0
    outer loop
      vertex 27.69129108938609 15.223416101614205 2
      vertex 27.69129108938609 15.223416101614205 20
      vertex 28.59253485792622 13.454625613456297 20
    endloop
  endfacet
  facet normal 0.917754625683982 0.39714789063477873 0
    outer loop
      vertex 28.59253485792622 13.454625613456297 2
      vertex 28.59253485792622 13.454625613456297 20
      vertex 29.380936954068744 11.632735864835825 20
    endloop
  endfacet
  facet normal 0.8607420270039436 0.5090414157503713 0
    outer loop
      vertex 26.680762445863678 16.932126721336296 2
      vertex 26.680762445863678 16.932126721336296 20
      vertex 27.69129108938609 15.223416101614205 20
    endloop
  endfacet
  facet normal 0.8270805742745617 0.5620833778521308 0
    outer loop
      vertex 25.56493702224834 18.574013972442152 2
      vertex 25.56493702224834 18.574013972442152 20
      vertex 26.680762445863678 16.932126721336296 20
    endloop
  endfacet
  facet normal 0.6613118653236508 0.7501110696304606 0
    outer loop
      vertex 21.631688547346563 23.035408626516606 2
      vertex 20.142598076058597 24.348218471714937 2
      vertex 21.631688547346563 23.035408626516606 20
    endloop
  endfacet
  facet normal 0.6129070536529779 0.7901550123756893 0
    outer loop
      vertex 18.574013972442152 25.56493702224834 2
      vertex 20.142598076058597 24.348218471714937 20
      vertex 20.142598076058597 24.348218471714937 2
    endloop
  endfacet
  facet normal 0.7071067811865475 0.7071067811865475 0
    outer loop
      vertex 21.631688547346563 23.035408626516606 2
      vertex 23.035408626516606 21.631688547346563 20
      vertex 23.035408626516606 21.631688547346563 2
    endloop
  endfacet
  facet normal 0.6613118653236508 0.7501110696304606 0
    outer loop
      vertex 20.142598076058597 24.348218471714937 2
      vertex 20.142598076058597 24.348218471714937 20
      vertex 21.631688547346563 23.035408626516606 20
    endloop
  endfacet
  facet normal 0.7071067811865475 0.7071067811865475 0
    outer loop
      vertex 21.631688547346563 23.035408626516606 2
      vertex 21.631688547346563 23.035408626516606 20
      vertex 23.035408626516606 21.631688547346563 20
    endloop
  endfacet
  facet normal 0 0 1
    outer loop
      vertex 7.858600434409413 30.607227891664742 20
      vertex 7.123188910558048 27.74298911371161 20
      vertex 8.85112962412684 27.240975929579363 20
    endloop
  endfacet
  facet normal 0 0 1
    outer loop
      vertex 9.764937022248338 30.053385914926853 20
      vertex 8.85112962412684 27.240975929579363 20
      vertex 10.544138972765687 26.63145505867116 20
    endloop
  endfacet
  facet normal 0 0 1
    outer loop
      vertex 7.858600434409413 30.607227891664742 20
      vertex 8.85112962412684 27.240975929579363 20
      vertex 9.764937022248338 30.053385914926853 20
    endloop
  endfacet
  facet normal 0 0 1
    outer loop
      vertex 11.632735864835821 29.380936954068748 20
      vertex 10.544138972765687 26.63145505867116 20
      vertex 12.195535422037882 25.91683200140089 20
    endloop
  endfacet
  facet normal 0 0 1
    outer loop
      vertex 9.764937022248338 30.053385914926853 20
      vertex 10.544138972765687 26.63145505867116 20
      vertex 11.632735864835821 29.380936954068748 20
    endloop
  endfacet
  facet normal 0 0 1
    outer loop
      vertex 13.4546256134563 28.592534857926218 20
      vertex 12.195535422037882 25.91683200140089 20
      vertex 13.798801664609472 25.099927048495356 20
    endloop
  endfacet
  facet normal 0 0 1
    outer loop
      vertex 11.632735864835821 29.380936954068748 20
      vertex 12.195535422037882 25.91683200140089 20
      vertex 13.4546256134563 28.592534857926218 20
    endloop
  endfacet
  facet normal 0 0 1
    outer loop
      vertex 15.223416101614202 27.69129108938609 20
      vertex 13.798801664609472 25.099927048495356 20
      vertex 15.347610341083652 24.18396415059533 20
    endloop
  endfacet
  facet normal 0 0 1
    outer loop
      vertex 15.223416101614202 27.69129108938609 20
      vertex 15.347610341083652 24.18396415059533 20
      vertex 16.932126721336296 26.680762445863678 20
    endloop
  endfacet
  facet normal 0 0 1
    outer loop
      vertex 18.574013972442152 25.56493702224834 20
      vertex 18.257644276832544 22.06970073833494 20
      vertex 19.60738496163085 20.879744255747735 20
    endloop
  endfacet
  facet normal 0 0 1
    outer loop
      vertex 16.932126721336296 26.680762445863678 20
      vertex 15.347610341083652 24.18396415059533 20
      vertex 16.83584901119781 23.172558194795148 20
    endloop
  endfacet
  facet normal 0 0 1
    outer loop
      vertex 16.932126721336296 26.680762445863678 20
      vertex 16.83584901119781 23.172558194795148 20
      vertex 18.257644276832544 22.06970073833494 20
    endloop
  endfacet
  facet normal 0 0 1
    outer loop
      vertex 18.574013972442152 25.56493702224834 20
      vertex 16.932126721336296 26.680762445863678 20
      vertex 18.257644276832544 22.06970073833494 20
    endloop
  endfacet
  facet normal 0 0 1
    outer loop
      vertex 13.4546256134563 28.592534857926218 20
      vertex 13.798801664609472 25.099927048495356 20
      vertex 15.223416101614202 27.69129108938609 20
    endloop
  endfacet
  facet normal 0 0 1
    outer loop
      vertex 21.631688547346563 23.035408626516606 20
      vertex 20.879744255747735 19.60738496163085 20
      vertex 22.06970073833494 18.257644276832544 20
    endloop
  endfacet
  facet normal 0 0 1
    outer loop
      vertex 21.631688547346563 23.035408626516606 20
      vertex 22.06970073833494 18.257644276832544 20
      vertex 23.035408626516606 21.631688547346563 20
    endloop
  endfacet
  facet normal 0 0 1
    outer loop
      vertex 23.035408626516606 21.631688547346563 20
      vertex 23.172558194795148 16.83584901119781 20
      vertex 24.18396415059533 15.347610341083652 20
    endloop
  endfacet
  facet normal 0 0 1
    outer loop
      vertex 24.348218471714937 20.142598076058597 20
      vertex 24.18396415059533 15.347610341083652 20
      vertex 25.099927048495356 13.798801664609472 20
    endloop
  endfacet
  facet normal 0 0 1
    outer loop
      vertex 24.348218471714937 20.142598076058597 20
      vertex 25.099927048495356 13.798801664609472 20
      vertex 25.56493702224834 18.574013972442152 20
    endloop
  endfacet
  facet normal 0 0 1
    outer loop
      vertex 23.035408626516606 21.631688547346563 20
      vertex 22.06970073833494 18.257644276832544 20
      vertex 23.172558194795148 16.83584901119781 20
    endloop
  endfacet
  facet normal 0 0 1
    outer loop
      vertex 24.348218471714937 20.142598076058597 20
      vertex 23.035408626516606 21.631688547346563 20
      vertex 24.18396415059533 15.347610341083652 20
    endloop
  endfacet
  facet normal 0 0 1
    outer loop
      vertex 26.680762445863678 16.932126721336296 20
      vertex 26.63145505867116 10.544138972765687 20
      vertex 27.240975929579363 8.85112962412684 20
    endloop
  endfacet
  facet normal 0 0 1
    outer loop
      vertex 26.680762445863678 16.932126721336296 20
      vertex 25.91683200140089 12.195535422037882 20
      vertex 26.63145505867116 10.544138972765687 20
    endloop
  endfacet
  facet normal 0 0 1
    outer loop
      vertex 27.69129108938609 15.223416101614205 20
      vertex 28.13551339437813 5.367136224634772 20
      vertex 28.59253485792622 13.454625613456297 20
    endloop
  endfacet
  facet normal 0 0 1
    outer loop
      vertex 27.69129108938609 15.223416101614205 20
      vertex 26.680762445863678 16.932126721336296 20
      vertex 27.240975929579363 8.85112962412684 20
    endloop
  endfacet
  facet normal 0 0 1
    outer loop
      vertex 25.56493702224834 18.574013972442152 20
      vertex 25.099927048495356 13.798801664609472 20
      vertex 25.91683200140089 12.195535422037882 20
    endloop
  endfacet
  facet normal 0 0 1
    outer loop
      vertex 26.680762445863678 16.932126721336296 20
      vertex 25.56493702224834 18.574013972442152 20
      vertex 25.91683200140089 12.195535422037882 20
    endloop
  endfacet
  facet normal 0 0 1
    outer loop
      vertex 20.142598076058597 24.348218471714937 20
      vertex 19.60738496163085 20.879744255747735 20
      vertex 20.879744255747735 19.60738496163085 20
    endloop
  endfacet
  facet normal 0 0 1
    outer loop
      vertex 21.631688547346563 23.035408626516606 20
      vertex 20.142598076058597 24.348218471714937 20
      vertex 20.879744255747735 19.60738496163085 20
    endloop
  endfacet
  facet normal 0 0 1
    outer loop
      vertex 18.574013972442152 25.56493702224834 20
      vertex 19.60738496163085 20.879744255747735 20
      vertex 20.142598076058597 24.348218471714937 20
    endloop
  endfacet
  facet normal -0.844327925502017 -0.5358267949789935 0
    outer loop
      vertex -60.25784008026318 -14.890522044610293 0
      vertex -59.85410196624969 -15.526711513754838 0
      vertex -60.25784008026318 -14.890522044610293 4
    endloop
  endfacet
  facet normal -0.9048270524660168 -0.42577929156507854 0
    outer loop
      vertex -60.25784008026318 -14.890522044610293 0
      vertex -60.25784008026318 -14.890522044610293 4
      vertex -60.57865891532951 -14.208747316108067 0
    endloop
  endfacet
  facet normal -0.844327925502017 -0.5358267949789935 0
    outer loop
      vertex -60.25784008026318 -14.890522044610293 4
      vertex -59.85410196624969 -15.526711513754838 0
      vertex -59.85410196624969 -15.526711513754838 4
    endloop
  endfacet
  facet normal -0.9048270524660168 -0.42577929156507854 0
    outer loop
      vertex -60.25784008026318 -14.890522044610293 4
      vertex -60.57865891532951 -14.208747316108067 4
      vertex -60.57865891532951 -14.208747316108067 0
    endloop
  endfacet
  facet normal -0.9510565162951552 -0.3090169943749426 0
    outer loop
      vertex -60.81149896677179 -13.492139322989129 0
      vertex -60.57865891532951 -14.208747316108067 0
      vertex -60.81149896677179 -13.492139322989129 4
    endloop
  endfacet
  facet normal -0.982287250728689 -0.18738131458572235 0
    outer loop
      vertex -60.81149896677179 -13.492139322989129 0
      vertex -60.81149896677179 -13.492139322989129 4
      vertex -60.952688207886865 -12.751999401385824 0
    endloop
  endfacet
  facet normal -0.9980267284282713 -0.0627905195293158 0
    outer loop
      vertex -60.952688207886865 -12.751999401385824 0
      vertex -60.952688207886865 -12.751999401385824 4
      vertex -61 -12 0
    endloop
  endfacet
  facet normal -0.9980267284282713 0.0627905195293158 0
    outer loop
      vertex -61 -12 0
      vertex -60.952688207886865 -11.248000598614176 4
      vertex -60.952688207886865 -11.248000598614176 0
    endloop
  endfacet
  facet normal -0.982287250728689 0.18738131458572235 0
    outer loop
      vertex -60.952688207886865 -11.248000598614176 0
      vertex -60.81149896677179 -10.507860677010871 4
      vertex -60.81149896677179 -10.507860677010871 0
    endloop
  endfacet
  facet normal -0.9510565162951552 0.3090169943749426 0
    outer loop
      vertex -60.81149896677179 -10.507860677010871 0
      vertex -60.81149896677179 -10.507860677010871 4
      vertex -60.57865891532951 -9.791252683891933 0
    endloop
  endfacet
  facet normal -0.9048270524660168 0.42577929156507854 0
    outer loop
      vertex -60.57865891532951 -9.791252683891933 0
      vertex -60.57865891532951 -9.791252683891933 4
      vertex -60.25784008026318 -9.109477955389707 0
    endloop
  endfacet
  facet normal -0.9510565162951552 -0.3090169943749426 0
    outer loop
      vertex -60.57865891532951 -14.208747316108067 0
      vertex -60.57865891532951 -14.208747316108067 4
      vertex -60.81149896677179 -13.492139322989129 4
    endloop
  endfacet
  facet normal -0.982287250728689 -0.18738131458572235 0
    outer loop
      vertex -60.952688207886865 -12.751999401385824 0
      vertex -60.81149896677179 -13.492139322989129 4
      vertex -60.952688207886865 -12.751999401385824 4
    endloop
  endfacet
  facet normal -0.9980267284282713 -0.0627905195293158 0
    outer loop
      vertex -61 -12 0
      vertex -60.952688207886865 -12.751999401385824 4
      vertex -61 -12 4
    endloop
  endfacet
  facet normal -0.9980267284282713 0.0627905195293158 0
    outer loop
      vertex -61 -12 0
      vertex -61 -12 4
      vertex -60.952688207886865 -11.248000598614176 4
    endloop
  endfacet
  facet normal 0 0 1
    outer loop
      vertex -60.25784008026318 -14.890522044610293 4
      vertex -60.952688207886865 -12.751999401385824 4
      vertex -60.81149896677179 -13.492139322989129 4
    endloop
  endfacet
  facet normal 0 0 1
    outer loop
      vertex -60.25784008026318 -14.890522044610293 4
      vertex -60.81149896677179 -13.492139322989129 4
      vertex -60.57865891532951 -14.208747316108067 4
    endloop
  endfacet
  facet normal 0 0 1
    outer loop
      vertex -60.25784008026318 -14.890522044610293 4
      vertex -60.81149896677179 -10.507860677010871 4
      vertex -60.952688207886865 -12.751999401385824 4
    endloop
  endfacet
  facet normal 0 0 1
    outer loop
      vertex -60.952688207886865 -12.751999401385824 4
      vertex -60.81149896677179 -10.507860677010871 4
      vertex -61 -12 4
    endloop
  endfacet
  facet normal -0.982287250728689 0.18738131458572235 0
    outer loop
      vertex -60.952688207886865 -11.248000598614176 0
      vertex -60.952688207886865 -11.248000598614176 4
      vertex -60.81149896677179 -10.507860677010871 4
    endloop
  endfacet
  facet normal -0.9510565162951552 0.3090169943749426 0
    outer loop
      vertex -60.57865891532951 -9.791252683891933 0
      vertex -60.81149896677179 -10.507860677010871 4
      vertex -60.57865891532951 -9.791252683891933 4
    endloop
  endfacet
  facet normal -0.9048270524660168 0.42577929156507854 0
    outer loop
      vertex -60.57865891532951 -9.791252683891933 4
      vertex -60.25784008026318 -9.109477955389707 4
      vertex -60.25784008026318 -9.109477955389707 0
    endloop
  endfacet
  facet normal 0 0 1
    outer loop
      vertex -61 -12 4
      vertex -60.81149896677179 -10.507860677010871 4
      vertex -60.952688207886865 -11.248000598614176 4
    endloop
  endfacet
  facet normal 0 0 1
    outer loop
      vertex -60.25784008026318 -14.890522044610293 4
      vertex -58.82454393849214 -7.376920543345264 4
      vertex -60.81149896677179 -10.507860677010871 4
    endloop
  endfacet
  facet normal 0 0 1
    outer loop
      vertex -60.81149896677179 -10.507860677010871 4
      vertex -59.85410196624969 -8.473288486245162 4
      vertex -60.57865891532951 -9.791252683891933 4
    endloop
  endfacet
  facet normal -0.48175367410171216 -0.8763066800438652 0
    outer loop
      vertex -58.21496076987398 -17.06596755301209 0
      vertex -57.554675749390434 -17.428962314796117 0
      vertex -58.21496076987398 -17.06596755301209 4
    endloop
  endfacet
  facet normal -0.36812455268468103 -0.9297764858882503 0
    outer loop
      vertex -56.85410196624969 -17.706339097770922 0
      vertex -56.85410196624969 -17.706339097770922 4
      vertex -57.554675749390434 -17.428962314796117 0
    endloop
  endfacet
  facet normal -0.7705132427757886 -0.6374239897486904 0
    outer loop
      vertex -59.37381176452847 -16.107282635572133 0
      vertex -59.85410196624969 -15.526711513754838 4
      vertex -59.85410196624969 -15.526711513754838 0
    endloop
  endfacet
  facet normal -0.6845471059286904 -0.72896862742141 0
    outer loop
      vertex -59.37381176452847 -16.107282635572133 0
      vertex -58.82454393849214 -16.623079456654736 0
      vertex -58.82454393849214 -16.623079456654736 4
    endloop
  endfacet
  facet normal -0.5877852522924725 -0.809016994374948 0
    outer loop
      vertex -58.21496076987398 -17.06596755301209 0
      vertex -58.82454393849214 -16.623079456654736 4
      vertex -58.82454393849214 -16.623079456654736 0
    endloop
  endfacet
  facet normal -0.24868988716485513 -0.968583161128631 0
    outer loop
      vertex -56.85410196624969 -17.706339097770922 0
      vertex -56.12428788751435 -17.893723504372133 0
      vertex -56.12428788751435 -17.893723504372133 4
    endloop
  endfacet
  facet normal -0.12533323356430526 -0.9921147013144777 0
    outer loop
      vertex -56.12428788751435 -17.893723504372133 0
      vertex -55.376743117175884 -17.98816037056963 0
      vertex -56.12428788751435 -17.893723504372133 4
    endloop
  endfacet
  facet normal 0 -1 0
    outer loop
      vertex -55.376743117175884 -17.98816037056963 0
      vertex -54.623256882824116 -17.98816037056963 0
      vertex -54.623256882824116 -17.98816037056963 4
    endloop
  endfacet
  facet normal 0.12533323356430526 -0.9921147013144777 0
    outer loop
      vertex -54.623256882824116 -17.98816037056963 0
      vertex -53.87571211248565 -17.893723504372133 0
      vertex -54.623256882824116 -17.98816037056963 4
    endloop
  endfacet
  facet normal -0.5877852522924725 -0.809016994374948 0
    outer loop
      vertex -58.21496076987398 -17.06596755301209 0
      vertex -58.21496076987398 -17.06596755301209 4
      vertex -58.82454393849214 -16.623079456654736 4
    endloop
  endfacet
  facet normal -0.48175367410171216 -0.8763066800438652 0
    outer loop
      vertex -57.554675749390434 -17.428962314796117 0
      vertex -57.554675749390434 -17.428962314796117 4
      vertex -58.21496076987398 -17.06596755301209 4
    endloop
  endfacet
  facet normal -0.36812455268468103 -0.9297764858882503 0
    outer loop
      vertex -57.554675749390434 -17.428962314796117 0
      vertex -56.85410196624969 -17.706339097770922 4
      vertex -57.554675749390434 -17.428962314796117 4
    endloop
  endfacet
  facet normal 0 0 1
    outer loop
      vertex -58.21496076987398 -17.06596755301209 4
      vertex -56.85410196624969 -17.706339097770922 4
      vertex -58.82454393849214 -16.623079456654736 4
    endloop
  endfacet
  facet normal 0 0 1
    outer loop
      vertex -58.21496076987398 -17.06596755301209 4
      vertex -57.554675749390434 -17.428962314796117 4
      vertex -56.85410196624969 -17.706339097770922 4
    endloop
  endfacet
  facet normal -0.6845471059286904 -0.72896862742141 0
    outer loop
      vertex -59.37381176452847 -16.107282635572133 0
      vertex -58.82454393849214 -16.623079456654736 4
      vertex -59.37381176452847 -16.107282635572133 4
    endloop
  endfacet
  facet normal -0.7705132427757886 -0.6374239897486904 0
    outer loop
      vertex -59.37381176452847 -16.107282635572133 0
      vertex -59.37381176452847 -16.107282635572133 4
      vertex -59.85410196624969 -15.526711513754838 4
    endloop
  endfacet
  facet normal 0 0 1
    outer loop
      vertex -60.25784008026318 -14.890522044610293 4
      vertex -59.85410196624969 -15.526711513754838 4
      vertex -58.82454393849214 -16.623079456654736 4
    endloop
  endfacet
  facet normal 0 0 1
    outer loop
      vertex -59.37381176452847 -16.107282635572133 4
      vertex -58.82454393849214 -16.623079456654736 4
      vertex -59.85410196624969 -15.526711513754838 4
    endloop
  endfacet
  facet normal 0 0 1
    outer loop
      vertex -60.25784008026318 -14.890522044610293 4
      vertex -58.82454393849214 -16.623079456654736 4
      vertex -56.85410196624969 -17.706339097770922 4
    endloop
  endfacet
  facet normal -0.24868988716485513 -0.968583161128631 0
    outer loop
      vertex -56.85410196624969 -17.706339097770922 0
      vertex -56.12428788751435 -17.893723504372133 4
      vertex -56.85410196624969 -17.706339097770922 4
    endloop
  endfacet
  facet normal -0.12533323356430526 -0.9921147013144777 0
    outer loop
      vertex -55.376743117175884 -17.98816037056963 0
      vertex -55.376743117175884 -17.98816037056963 4
      vertex -56.12428788751435 -17.893723504372133 4
    endloop
  endfacet
  facet normal 0 -1 0
    outer loop
      vertex -55.376743117175884 -17.98816037056963 0
      vertex -54.623256882824116 -17.98816037056963 4
      vertex -55.376743117175884 -17.98816037056963 4
    endloop
  endfacet
  facet normal 0.12533323356430526 -0.9921147013144777 0
    outer loop
      vertex -53.87571211248565 -17.893723504372133 0
      vertex -53.87571211248565 -17.893723504372133 4
      vertex -54.623256882824116 -17.98816037056963 4
    endloop
  endfacet
  facet normal 0 0 1
    outer loop
      vertex -56.85410196624969 -17.706339097770922 4
      vertex -56.12428788751435 -17.893723504372133 4
      vertex -55.376743117175884 -17.98816037056963 4
    endloop
  endfacet
  facet normal 0 0 1
    outer loop
      vertex -56.85410196624969 -17.706339097770922 4
      vertex -55.376743117175884 -17.98816037056963 4
      vertex -53.14589803375031 -17.706339097770922 4
    endloop
  endfacet
  facet normal 0 0 1
    outer loop
      vertex -55.376743117175884 -17.98816037056963 4
      vertex -54.623256882824116 -17.98816037056963 4
      vertex -53.14589803375031 -17.706339097770922 4
    endloop
  endfacet
  facet normal 0 0 1
    outer loop
      vertex -54.623256882824116 -17.98816037056963 4
      vertex -53.87571211248565 -17.893723504372133 4
      vertex -53.14589803375031 -17.706339097770922 4
    endloop
  endfacet
  facet normal 0 0 1
    outer loop
      vertex -60.25784008026318 -14.890522044610293 4
      vertex -56.85410196624969 -17.706339097770922 4
      vertex -53.14589803375031 -17.706339097770922 4
    endloop
  endfacet
  facet normal 0 0 1
    outer loop
      vertex -60.25784008026318 -14.890522044610293 4
      vertex -53.14589803375031 -17.706339097770922 4
      vertex -58.82454393849214 -7.376920543345264 4
    endloop
  endfacet
  facet normal 0.24868988716485513 -0.968583161128631 0
    outer loop
      vertex -53.87571211248565 -17.893723504372133 0
      vertex -53.14589803375031 -17.706339097770922 0
      vertex -53.87571211248565 -17.893723504372133 4
    endloop
  endfacet
  facet normal 0.36812455268468103 -0.9297764858882503 0
    outer loop
      vertex -53.14589803375031 -17.706339097770922 0
      vertex -52.445324250609566 -17.428962314796117 0
      vertex -53.14589803375031 -17.706339097770922 4
    endloop
  endfacet
  facet normal 0.4817536741017125 -0.876306680043865 0
    outer loop
      vertex -52.445324250609566 -17.428962314796117 0
      vertex -51.785039230126024 -17.065967553012094 0
      vertex -51.785039230126024 -17.065967553012094 4
    endloop
  endfacet
  facet normal 0.24868988716485513 -0.968583161128631 0
    outer loop
      vertex -53.87571211248565 -17.893723504372133 4
      vertex -53.14589803375031 -17.706339097770922 0
      vertex -53.14589803375031 -17.706339097770922 4
    endloop
  endfacet
  facet normal 0.36812455268468103 -0.9297764858882503 0
    outer loop
      vertex -52.445324250609566 -17.428962314796117 0
      vertex -52.445324250609566 -17.428962314796117 4
      vertex -53.14589803375031 -17.706339097770922 4
    endloop
  endfacet
  facet normal 0.4817536741017125 -0.876306680043865 0
    outer loop
      vertex -52.445324250609566 -17.428962314796117 0
      vertex -51.785039230126024 -17.065967553012094 4
      vertex -52.445324250609566 -17.428962314796117 4
    endloop
  endfacet
  facet normal 0 0 1
    outer loop
      vertex -53.14589803375031 -17.706339097770922 4
      vertex -52.445324250609566 -17.428962314796117 4
      vertex -51.785039230126024 -17.065967553012094 4
    endloop
  endfacet
  facet normal 0 0 1
    outer loop
      vertex -53.14589803375031 -17.706339097770922 4
      vertex -40.25784008026318 -2.890522044610292 4
      vertex -58.82454393849214 -7.376920543345264 4
    endloop
  endfacet
  facet normal 0 0 -1
    outer loop
      vertex -51.785039230126024 -17.065967553012094 0
      vertex -51.17545606150786 -16.623079456654736 0
      vertex -33.14589803375031 -5.706339097770921 0
    endloop
  endfacet
  facet normal 0 0 -1
    outer loop
      vertex -51.17545606150786 -16.623079456654736 0
      vertex -50.62618823547153 -16.107282635572133 0
      vertex -33.14589803375031 -5.706339097770921 0
    endloop
  endfacet
  facet normal 0.5144957554275266 -0.8574929257125442 0
    outer loop
      vertex -51.785039230126024 -17.065967553012094 0
      vertex -32.07675812337327 -5.240998888960437 0
      vertex -51.785039230126024 -17.065967553012094 4
    endloop
  endfacet
  facet normal 0 0 -1
    outer loop
      vertex -49.421341084670495 -14.20874731610807 0
      vertex -49.18850103322821 -13.492139322989127 0
      vertex -35.376743117175884 -5.988160370569629 0
    endloop
  endfacet
  facet normal 0 0 -1
    outer loop
      vertex -49.047311792113135 -12.751999401385824 0
      vertex -49 -12 0
      vertex -36.12428788751435 -5.893723504372131 0
    endloop
  endfacet
  facet normal 0 0 -1
    outer loop
      vertex -49 -12 0
      vertex -49.047311792113135 -11.248000598614174 0
      vertex -36.85410196624969 -5.706339097770921 0
    endloop
  endfacet
  facet normal 0 0 -1
    outer loop
      vertex -50.62618823547153 -16.107282635572133 0
      vertex -50.14589803375031 -15.526711513754838 0
      vertex -33.14589803375031 -5.706339097770921 0
    endloop
  endfacet
  facet normal 0 0 -1
    outer loop
      vertex -50.14589803375031 -15.526711513754838 0
      vertex -49.74215991973682 -14.890522044610293 0
      vertex -33.87571211248565 -5.893723504372131 0
    endloop
  endfacet
  facet normal 0 0 -1
    outer loop
      vertex -49.74215991973682 -14.890522044610293 0
      vertex -49.421341084670495 -14.20874731610807 0
      vertex -34.623256882824116 -5.988160370569629 0
    endloop
  endfacet
  facet normal 0 0 -1
    outer loop
      vertex -49.18850103322821 -13.492139322989127 0
      vertex -49.047311792113135 -12.751999401385824 0
      vertex -35.376743117175884 -5.988160370569629 0
    endloop
  endfacet
  facet normal 0 0 1
    outer loop
      vertex -53.14589803375031 -17.706339097770922 4
      vertex -51.785039230126024 -17.065967553012094 4
      vertex -32.445324250609566 -5.4289623147961175 4
    endloop
  endfacet
  facet normal 0 0 1
    outer loop
      vertex -53.14589803375031 -17.706339097770922 4
      vertex -37.554675749390434 -5.4289623147961175 4
      vertex -38.21496076987398 -5.06596755301209 4
    endloop
  endfacet
  facet normal 0 0 1
    outer loop
      vertex -53.14589803375031 -17.706339097770922 4
      vertex -36.85410196624969 -5.706339097770921 4
      vertex -37.554675749390434 -5.4289623147961175 4
    endloop
  endfacet
  facet normal 0 0 1
    outer loop
      vertex -53.14589803375031 -17.706339097770922 4
      vertex -36.12428788751435 -5.893723504372131 4
      vertex -36.85410196624969 -5.706339097770921 4
    endloop
  endfacet
  facet normal 0 0 -1
    outer loop
      vertex -51.785039230126024 -17.065967553012094 0
      vertex -33.14589803375031 -5.706339097770921 0
      vertex -32.445324250609566 -5.4289623147961175 0
    endloop
  endfacet
  facet normal 0 0 -1
    outer loop
      vertex -51.785039230126024 -17.065967553012094 0
      vertex -32.445324250609566 -5.4289623147961175 0
      vertex -32.07675812337327 -5.240998888960437 0
    endloop
  endfacet
  facet normal 0 0 1
    outer loop
      vertex -53.14589803375031 -17.706339097770922 4
      vertex -35.376743117175884 -5.988160370569629 4
      vertex -36.12428788751435 -5.893723504372131 4
    endloop
  endfacet
  facet normal 0 0 1
    outer loop
      vertex -53.14589803375031 -17.706339097770922 4
      vertex -34.623256882824116 -5.988160370569629 4
      vertex -35.376743117175884 -5.988160370569629 4
    endloop
  endfacet
  facet normal 0 0 1
    outer loop
      vertex -53.14589803375031 -17.706339097770922 4
      vertex -33.87571211248565 -5.893723504372131 4
      vertex -34.623256882824116 -5.988160370569629 4
    endloop
  endfacet
  facet normal 0 0 1
    outer loop
      vertex -53.14589803375031 -17.706339097770922 4
      vertex -33.14589803375031 -5.706339097770921 4
      vertex -33.87571211248565 -5.893723504372131 4
    endloop
  endfacet
  facet normal 0 0 1
    outer loop
      vertex -53.14589803375031 -17.706339097770922 4
      vertex -32.445324250609566 -5.4289623147961175 4
      vertex -33.14589803375031 -5.706339097770921 4
    endloop
  endfacet
  facet normal 0 0 1
    outer loop
      vertex -51.785039230126024 -17.065967553012094 4
      vertex -32.07675812337327 -5.240998888960437 4
      vertex -32.445324250609566 -5.4289623147961175 4
    endloop
  endfacet
  facet normal -0.844327925502017 0.5358267949789935 0
    outer loop
      vertex -60.25784008026318 -9.109477955389707 0
      vertex -59.85410196624969 -8.473288486245162 4
      vertex -59.85410196624969 -8.473288486245162 0
    endloop
  endfacet
  facet normal -0.844327925502017 0.5358267949789935 0
    outer loop
      vertex -60.25784008026318 -9.109477955389707 0
      vertex -60.25784008026318 -9.109477955389707 4
      vertex -59.85410196624969 -8.473288486245162 4
    endloop
  endfacet
  facet normal 0 0 1
    outer loop
      vertex -60.57865891532951 -9.791252683891933 4
      vertex -59.85410196624969 -8.473288486245162 4
      vertex -60.25784008026318 -9.109477955389707 4
    endloop
  endfacet
  facet normal -0.7705132427757877 0.6374239897486916 0
    outer loop
      vertex -59.85410196624969 -8.473288486245162 0
      vertex -59.85410196624969 -8.473288486245162 4
      vertex -59.37381176452847 -7.8927173644278685 0
    endloop
  endfacet
  facet normal -0.6845471059286916 0.7289686274214088 0
    outer loop
      vertex -59.37381176452847 -7.8927173644278685 0
      vertex -58.82454393849214 -7.376920543345264 4
      vertex -58.82454393849214 -7.376920543345264 0
    endloop
  endfacet
  facet normal -0.5877852522924725 0.809016994374948 0
    outer loop
      vertex -58.82454393849214 -7.376920543345264 0
      vertex -58.82454393849214 -7.376920543345264 4
      vertex -58.21496076987398 -6.93403244698791 0
    endloop
  endfacet
  facet normal -0.7705132427757877 0.6374239897486916 0
    outer loop
      vertex -59.37381176452847 -7.8927173644278685 0
      vertex -59.85410196624969 -8.473288486245162 4
      vertex -59.37381176452847 -7.8927173644278685 4
    endloop
  endfacet
  facet normal -0.6845471059286916 0.7289686274214088 0
    outer loop
      vertex -59.37381176452847 -7.8927173644278685 0
      vertex -59.37381176452847 -7.8927173644278685 4
      vertex -58.82454393849214 -7.376920543345264 4
    endloop
  endfacet
  facet normal -0.5877852522924725 0.809016994374948 0
    outer loop
      vertex -58.21496076987398 -6.93403244698791 0
      vertex -58.82454393849214 -7.376920543345264 4
      vertex -58.21496076987398 -6.93403244698791 4
    endloop
  endfacet
  facet normal 0 0 1
    outer loop
      vertex -60.81149896677179 -10.507860677010871 4
      vertex -58.82454393849214 -7.376920543345264 4
      vertex -59.85410196624969 -8.473288486245162 4
    endloop
  endfacet
  facet normal 0 0 1
    outer loop
      vertex -59.85410196624969 -8.473288486245162 4
      vertex -58.82454393849214 -7.376920543345264 4
      vertex -59.37381176452847 -7.8927173644278685 4
    endloop
  endfacet
  facet normal 0 0 -1
    outer loop
      vertex -51.78503923012602 -6.93403244698791 0
      vertex -40.952688207886865 -0.7519994013858244 0
      vertex -51.17545606150786 -7.376920543345265 0
    endloop
  endfacet
  facet normal 0 0 -1
    outer loop
      vertex -51.78503923012602 -6.93403244698791 0
      vertex -52.445324250609566 -6.571037685203883 0
      vertex -41 0 0
    endloop
  endfacet
  facet normal 0 0 -1
    outer loop
      vertex -58.21496076987398 -6.93403244698791 0
      vertex -39.37381176452847 4.1072826355721315 0
      vertex -57.554675749390434 -6.571037685203883 0
    endloop
  endfacet
  facet normal 0 0 -1
    outer loop
      vertex -57.554675749390434 -6.571037685203883 0
      vertex -39.37381176452847 4.1072826355721315 0
      vertex -56.85410196624969 -6.293660902229079 0
    endloop
  endfacet
  facet normal 0 0 -1
    outer loop
      vertex -56.85410196624969 -6.293660902229079 0
      vertex -39.37381176452847 4.1072826355721315 0
      vertex -56.12428788751435 -6.106276495627868 0
    endloop
  endfacet
  facet normal 0 0 -1
    outer loop
      vertex -54.62325688282412 -6.011839629430371 0
      vertex -39.85410196624969 3.526711513754839 0
      vertex -53.87571211248565 -6.106276495627868 0
    endloop
  endfacet
  facet normal 0 0 -1
    outer loop
      vertex -56.12428788751435 -6.106276495627868 0
      vertex -39.37381176452847 4.1072826355721315 0
      vertex -55.37674311717588 -6.011839629430371 0
    endloop
  endfacet
  facet normal 0 0 -1
    outer loop
      vertex -55.37674311717588 -6.011839629430371 0
      vertex -39.37381176452847 4.1072826355721315 0
      vertex -54.62325688282412 -6.011839629430371 0
    endloop
  endfacet
  facet normal 0 0 -1
    outer loop
      vertex -53.87571211248565 -6.106276495627868 0
      vertex -39.85410196624969 3.526711513754839 0
      vertex -53.14589803375031 -6.293660902229079 0
    endloop
  endfacet
  facet normal 0 0 -1
    outer loop
      vertex -53.14589803375031 -6.293660902229079 0
      vertex -39.85410196624969 3.526711513754839 0
      vertex -52.445324250609566 -6.571037685203883 0
    endloop
  endfacet
  facet normal -0.5144957554275265 0.8574929257125441 0
    outer loop
      vertex -58.21496076987398 -6.93403244698791 0
      vertex -58.21496076987398 -6.93403244698791 4
      vertex -38.21496076987398 5.06596755301209 4
    endloop
  endfacet
  facet normal 0 0 1
    outer loop
      vertex -58.82454393849214 -7.376920543345264 4
      vertex -38.21496076987398 5.06596755301209 4
      vertex -58.21496076987398 -6.93403244698791 4
    endloop
  endfacet
  facet normal 0 0 -1
    outer loop
      vertex -49.421341084670495 -9.791252683891932 0
      vertex -49.74215991973682 -9.109477955389707 0
      vertex -39.85410196624969 -3.526711513754839 0
    endloop
  endfacet
  facet normal 0 0 -1
    outer loop
      vertex -50.14589803375031 -8.473288486245162 0
      vertex -40.25784008026318 -2.890522044610292 0
      vertex -49.74215991973682 -9.109477955389707 0
    endloop
  endfacet
  facet normal 0 0 -1
    outer loop
      vertex -49.421341084670495 -9.791252683891932 0
      vertex -36.85410196624969 -5.706339097770921 0
      vertex -49.18850103322821 -10.507860677010871 0
    endloop
  endfacet
  facet normal 0 0 -1
    outer loop
      vertex -49.047311792113135 -11.248000598614174 0
      vertex -49.18850103322821 -10.507860677010871 0
      vertex -36.85410196624969 -5.706339097770921 0
    endloop
  endfacet
  facet normal 0 0 -1
    outer loop
      vertex -50.14589803375031 -8.473288486245162 0
      vertex -50.62618823547153 -7.892717364427868 0
      vertex -40.57865891532951 -2.208747316108067 0
    endloop
  endfacet
  facet normal 0 0 -1
    outer loop
      vertex -51.17545606150786 -7.376920543345265 0
      vertex -40.81149896677179 -1.492139322989129 0
      vertex -50.62618823547153 -7.892717364427868 0
    endloop
  endfacet
  facet normal 0 0 -1
    outer loop
      vertex -49.421341084670495 -9.791252683891932 0
      vertex -38.21496076987398 -5.06596755301209 0
      vertex -37.554675749390434 -5.4289623147961175 0
    endloop
  endfacet
  facet normal 0 0 -1
    outer loop
      vertex -49.74215991973682 -9.109477955389707 0
      vertex -40.25784008026318 -2.890522044610292 0
      vertex -39.85410196624969 -3.526711513754839 0
    endloop
  endfacet
  facet normal 0 0 -1
    outer loop
      vertex -50.14589803375031 -8.473288486245162 0
      vertex -40.57865891532951 -2.208747316108067 0
      vertex -40.25784008026318 -2.890522044610292 0
    endloop
  endfacet
  facet normal 0 0 -1
    outer loop
      vertex -49.421341084670495 -9.791252683891932 0
      vertex -39.37381176452847 -4.1072826355721315 0
      vertex -38.82454393849214 -4.623079456654736 0
    endloop
  endfacet
  facet normal 0 0 -1
    outer loop
      vertex -49.421341084670495 -9.791252683891932 0
      vertex -39.85410196624969 -3.526711513754839 0
      vertex -39.37381176452847 -4.1072826355721315 0
    endloop
  endfacet
  facet normal 0 0 -1
    outer loop
      vertex -49.421341084670495 -9.791252683891932 0
      vertex -38.82454393849214 -4.623079456654736 0
      vertex -38.21496076987398 -5.06596755301209 0
    endloop
  endfacet
  facet normal 0 0 1
    outer loop
      vertex -58.82454393849214 -7.376920543345264 4
      vertex -40.25784008026318 -2.890522044610292 4
      vertex -40.57865891532951 -2.208747316108067 4
    endloop
  endfacet
  facet normal 0 0 1
    outer loop
      vertex -53.14589803375031 -17.706339097770922 4
      vertex -39.85410196624969 -3.526711513754839 4
      vertex -40.25784008026318 -2.890522044610292 4
    endloop
  endfacet
  facet normal 0 0 1
    outer loop
      vertex -53.14589803375031 -17.706339097770922 4
      vertex -39.37381176452847 -4.1072826355721315 4
      vertex -39.85410196624969 -3.526711513754839 4
    endloop
  endfacet
  facet normal 0 0 1
    outer loop
      vertex -53.14589803375031 -17.706339097770922 4
      vertex -38.82454393849214 -4.623079456654736 4
      vertex -39.37381176452847 -4.1072826355721315 4
    endloop
  endfacet
  facet normal 0 0 1
    outer loop
      vertex -53.14589803375031 -17.706339097770922 4
      vertex -38.21496076987398 -5.06596755301209 4
      vertex -38.82454393849214 -4.623079456654736 4
    endloop
  endfacet
  facet normal 0 0 -1
    outer loop
      vertex -52.445324250609566 -6.571037685203883 0
      vertex -40.952688207886865 0.7519994013858244 0
      vertex -41 0 0
    endloop
  endfacet
  facet normal 0 0 -1
    outer loop
      vertex -52.445324250609566 -6.571037685203883 0
      vertex -40.81149896677179 1.492139322989129 0
      vertex -40.952688207886865 0.7519994013858244 0
    endloop
  endfacet
  facet normal 0 0 -1
    outer loop
      vertex -58.21496076987398 -6.93403244698791 0
      vertex -38.82454393849214 4.623079456654736 0
      vertex -39.37381176452847 4.1072826355721315 0
    endloop
  endfacet
  facet normal 0 0 -1
    outer loop
      vertex -58.21496076987398 -6.93403244698791 0
      vertex -38.21496076987398 5.06596755301209 0
      vertex -38.82454393849214 4.623079456654736 0
    endloop
  endfacet
  facet normal 0 0 -1
    outer loop
      vertex -50.62618823547153 -7.892717364427868 0
      vertex -40.81149896677179 -1.492139322989129 0
      vertex -40.57865891532951 -2.208747316108067 0
    endloop
  endfacet
  facet normal 0 0 -1
    outer loop
      vertex -51.17545606150786 -7.376920543345265 0
      vertex -40.952688207886865 -0.7519994013858244 0
      vertex -40.81149896677179 -1.492139322989129 0
    endloop
  endfacet
  facet normal 0 0 -1
    outer loop
      vertex -51.78503923012602 -6.93403244698791 0
      vertex -41 0 0
      vertex -40.952688207886865 -0.7519994013858244 0
    endloop
  endfacet
  facet normal 0 0 -1
    outer loop
      vertex -52.445324250609566 -6.571037685203883 0
      vertex -40.57865891532951 2.208747316108067 0
      vertex -40.81149896677179 1.492139322989129 0
    endloop
  endfacet
  facet normal 0 0 -1
    outer loop
      vertex -52.445324250609566 -6.571037685203883 0
      vertex -40.25784008026318 2.890522044610292 0
      vertex -40.57865891532951 2.208747316108067 0
    endloop
  endfacet
  facet normal 0 0 -1
    outer loop
      vertex -52.445324250609566 -6.571037685203883 0
      vertex -39.85410196624969 3.526711513754839 0
      vertex -40.25784008026318 2.890522044610292 0
    endloop
  endfacet
  facet normal 0 0 -1
    outer loop
      vertex -54.62325688282412 -6.011839629430371 0
      vertex -39.37381176452847 4.1072826355721315 0
      vertex -39.85410196624969 3.526711513754839 0
    endloop
  endfacet
  facet normal 0 0 1
    outer loop
      vertex -58.82454393849214 -7.376920543345264 4
      vertex -40.57865891532951 -2.208747316108067 4
      vertex -40.81149896677179 -1.492139322989129 4
    endloop
  endfacet
  facet normal 0 0 1
    outer loop
      vertex -58.82454393849214 -7.376920543345264 4
      vertex -40.81149896677179 -1.492139322989129 4
      vertex -40.952688207886865 -0.7519994013858244 4
    endloop
  endfacet
  facet normal 0 0 1
    outer loop
      vertex -58.82454393849214 -7.376920543345264 4
      vertex -40.952688207886865 -0.7519994013858244 4
      vertex -41 0 4
    endloop
  endfacet
  facet normal 0 0 1
    outer loop
      vertex -58.82454393849214 -7.376920543345264 4
      vertex -41 0 4
      vertex -40.952688207886865 0.7519994013858244 4
    endloop
  endfacet
  facet normal 0 0 1
    outer loop
      vertex -58.82454393849214 -7.376920543345264 4
      vertex -40.952688207886865 0.7519994013858244 4
      vertex -40.81149896677179 1.492139322989129 4
    endloop
  endfacet
  facet normal 0 0 1
    outer loop
      vertex -58.82454393849214 -7.376920543345264 4
      vertex -40.81149896677179 1.492139322989129 4
      vertex -40.57865891532951 2.208747316108067 4
    endloop
  endfacet
  facet normal 0 0 1
    outer loop
      vertex -58.82454393849214 -7.376920543345264 4
      vertex -40.57865891532951 2.208747316108067 4
      vertex -40.25784008026318 2.890522044610292 4
    endloop
  endfacet
  facet normal 0 0 1
    outer loop
      vertex -58.82454393849214 -7.376920543345264 4
      vertex -40.25784008026318 2.890522044610292 4
      vertex -39.85410196624969 3.526711513754839 4
    endloop
  endfacet
  facet normal 0 0 1
    outer loop
      vertex -58.82454393849214 -7.376920543345264 4
      vertex -39.85410196624969 3.526711513754839 4
      vertex -39.37381176452847 4.1072826355721315 4
    endloop
  endfacet
  facet normal 0 0 1
    outer loop
      vertex -58.82454393849214 -7.376920543345264 4
      vertex -39.37381176452847 4.1072826355721315 4
      vertex -38.82454393849214 4.623079456654736 4
    endloop
  endfacet
  facet normal 0 0 1
    outer loop
      vertex -58.82454393849214 -7.376920543345264 4
      vertex -38.82454393849214 4.623079456654736 4
      vertex -38.21496076987398 5.06596755301209 4
    endloop
  endfacet
  facet normal -0.5144957554275265 0.8574929257125441 0
    outer loop
      vertex -58.21496076987398 -6.93403244698791 0
      vertex -38.21496076987398 5.06596755301209 4
      vertex -38.21496076987398 5.06596755301209 0
    endloop
  endfacet
  facet normal 0 0 -1
    outer loop
      vertex -49.047311792113135 -12.751999401385824 0
      vertex -36.12428788751435 -5.893723504372131 0
      vertex -35.376743117175884 -5.988160370569629 0
    endloop
  endfacet
  facet normal 0 0 -1
    outer loop
      vertex -49.421341084670495 -9.791252683891932 0
      vertex -37.554675749390434 -5.4289623147961175 0
      vertex -36.85410196624969 -5.706339097770921 0
    endloop
  endfacet
  facet normal 0 0 -1
    outer loop
      vertex -49 -12 0
      vertex -36.85410196624969 -5.706339097770921 0
      vertex -36.12428788751435 -5.893723504372131 0
    endloop
  endfacet
  facet normal 0 0 -1
    outer loop
      vertex -49.421341084670495 -14.20874731610807 0
      vertex -35.376743117175884 -5.988160370569629 0
      vertex -34.623256882824116 -5.988160370569629 0
    endloop
  endfacet
  facet normal 0 0 -1
    outer loop
      vertex -49.74215991973682 -14.890522044610293 0
      vertex -34.623256882824116 -5.988160370569629 0
      vertex -33.87571211248565 -5.893723504372131 0
    endloop
  endfacet
  facet normal 0 0 -1
    outer loop
      vertex -50.14589803375031 -15.526711513754838 0
      vertex -33.87571211248565 -5.893723504372131 0
      vertex -33.14589803375031 -5.706339097770921 0
    endloop
  endfacet
  facet normal 0.5144957554275266 -0.8574929257125442 0
    outer loop
      vertex -51.785039230126024 -17.065967553012094 4
      vertex -32.07675812337327 -5.240998888960437 0
      vertex -32.07675812337327 -5.240998888960437 4
    endloop
  endfacet
  facet normal -0.48175367410171216 0.8763066800438652 0
    outer loop
      vertex -38.21496076987398 5.06596755301209 0
      vertex -38.21496076987398 5.06596755301209 4
      vertex -37.554675749390434 5.428962314796117 0
    endloop
  endfacet
  facet normal -0.36812455268468 0.9297764858882506 0
    outer loop
      vertex -37.554675749390434 5.428962314796117 0
      vertex -36.85410196624969 5.706339097770921 4
      vertex -36.85410196624969 5.706339097770921 0
    endloop
  endfacet
  facet normal -0.24868988716485513 0.968583161128631 0
    outer loop
      vertex -36.85410196624969 5.706339097770921 0
      vertex -36.85410196624969 5.706339097770921 4
      vertex -36.12428788751435 5.893723504372132 0
    endloop
  endfacet
  facet normal -0.12533323356430293 0.992114701314478 0
    outer loop
      vertex -36.12428788751435 5.893723504372132 0
      vertex -35.37674311717588 5.988160370569629 4
      vertex -35.37674311717588 5.988160370569629 0
    endloop
  endfacet
  facet normal -0.36812455268468 0.9297764858882506 0
    outer loop
      vertex -37.554675749390434 5.428962314796117 0
      vertex -37.554675749390434 5.428962314796117 4
      vertex -36.85410196624969 5.706339097770921 4
    endloop
  endfacet
  facet normal -0.24868988716485513 0.968583161128631 0
    outer loop
      vertex -36.12428788751435 5.893723504372132 0
      vertex -36.85410196624969 5.706339097770921 4
      vertex -36.12428788751435 5.893723504372132 4
    endloop
  endfacet
  facet normal -0.12533323356430293 0.992114701314478 0
    outer loop
      vertex -36.12428788751435 5.893723504372132 0
      vertex -36.12428788751435 5.893723504372132 4
      vertex -35.37674311717588 5.988160370569629 4
    endloop
  endfacet
  facet normal 0 1 0
    outer loop
      vertex -35.37674311717588 5.988160370569629 0
      vertex -35.37674311717588 5.988160370569629 4
      vertex -34.62325688282412 5.988160370569629 0
    endloop
  endfacet
  facet normal 0.12533323356430293 0.992114701314478 0
    outer loop
      vertex -34.62325688282412 5.988160370569629 0
      vertex -33.87571211248565 5.893723504372132 4
      vertex -33.87571211248565 5.893723504372132 0
    endloop
  endfacet
  facet normal 0.24868988716485513 0.968583161128631 0
    outer loop
      vertex -33.87571211248565 5.893723504372132 0
      vertex -33.14589803375031 5.706339097770921 4
      vertex -33.14589803375031 5.706339097770921 0
    endloop
  endfacet
  facet normal 0.36812455268468 0.9297764858882506 0
    outer loop
      vertex -33.14589803375031 5.706339097770921 0
      vertex -33.14589803375031 5.706339097770921 4
      vertex -32.445324250609566 5.428962314796117 0
    endloop
  endfacet
  facet normal 0 1 0
    outer loop
      vertex -34.62325688282412 5.988160370569629 0
      vertex -35.37674311717588 5.988160370569629 4
      vertex -34.62325688282412 5.988160370569629 4
    endloop
  endfacet
  facet normal 0.12533323356430293 0.992114701314478 0
    outer loop
      vertex -34.62325688282412 5.988160370569629 0
      vertex -34.62325688282412 5.988160370569629 4
      vertex -33.87571211248565 5.893723504372132 4
    endloop
  endfacet
  facet normal 0.24868988716485513 0.968583161128631 0
    outer loop
      vertex -33.87571211248565 5.893723504372132 0
      vertex -33.87571211248565 5.893723504372132 4
      vertex -33.14589803375031 5.706339097770921 4
    endloop
  endfacet
  facet normal 0.36812455268468 0.9297764858882506 0
    outer loop
      vertex -32.445324250609566 5.428962314796117 0
      vertex -33.14589803375031 5.706339097770921 4
      vertex -32.445324250609566 5.428962314796117 4
    endloop
  endfacet
  facet normal -0.844327925502017 -0.5358267949789935 0
    outer loop
      vertex -60.25784008026318 -14.890522044610293 -8
      vertex -59.85410196624969 -15.526711513754838 -8
      vertex -60.25784008026318 -14.890522044610293 0
    endloop
  endfacet
  facet normal -0.9048270524660168 -0.42577929156507854 0
    outer loop
      vertex -60.25784008026318 -14.890522044610293 -8
      vertex -60.57865891532951 -14.208747316108067 0
      vertex -60.57865891532951 -14.208747316108067 -8
    endloop
  endfacet
  facet normal 0 0 -1
    outer loop
      vertex -60.81149896677179 -13.492139322989129 -8
      vertex -60.952688207886865 -12.751999401385824 -8
      vertex -60.81149896677179 -10.507860677010871 -8
    endloop
  endfacet
  facet normal 0 0 -1
    outer loop
      vertex -60.952688207886865 -12.751999401385824 -8
      vertex -61 -12 -8
      vertex -60.952688207886865 -11.248000598614176 -8
    endloop
  endfacet
  facet normal 0 0 -1
    outer loop
      vertex -60.25784008026318 -14.890522044610293 -8
      vertex -60.57865891532951 -14.208747316108067 -8
      vertex -60.25784008026318 -9.109477955389707 -8
    endloop
  endfacet
  facet normal 0 0 -1
    outer loop
      vertex -60.81149896677179 -13.492139322989129 -8
      vertex -60.57865891532951 -9.791252683891933 -8
      vertex -60.57865891532951 -14.208747316108067 -8
    endloop
  endfacet
  facet normal 0 0 -1
    outer loop
      vertex -60.25784008026318 -14.890522044610293 -8
      vertex -59.85410196624969 -8.473288486245162 -8
      vertex -59.85410196624969 -15.526711513754838 -8
    endloop
  endfacet
  facet normal 0 0 -1
    outer loop
      vertex -60.952688207886865 -12.751999401385824 -8
      vertex -60.952688207886865 -11.248000598614176 -8
      vertex -60.81149896677179 -10.507860677010871 -8
    endloop
  endfacet
  facet normal 0 0 -1
    outer loop
      vertex -60.81149896677179 -13.492139322989129 -8
      vertex -60.81149896677179 -10.507860677010871 -8
      vertex -60.57865891532951 -9.791252683891933 -8
    endloop
  endfacet
  facet normal 0 0 -1
    outer loop
      vertex -60.57865891532951 -14.208747316108067 -8
      vertex -60.57865891532951 -9.791252683891933 -8
      vertex -60.25784008026318 -9.109477955389707 -8
    endloop
  endfacet
  facet normal 0 0 -1
    outer loop
      vertex -60.25784008026318 -14.890522044610293 -8
      vertex -60.25784008026318 -9.109477955389707 -8
      vertex -59.85410196624969 -8.473288486245162 -8
    endloop
  endfacet
  facet normal -0.9510565162951552 -0.3090169943749426 0
    outer loop
      vertex -60.81149896677179 -13.492139322989129 -8
      vertex -60.57865891532951 -14.208747316108067 -8
      vertex -60.81149896677179 -13.492139322989129 0
    endloop
  endfacet
  facet normal -0.982287250728689 -0.18738131458572235 0
    outer loop
      vertex -60.81149896677179 -13.492139322989129 -8
      vertex -60.952688207886865 -12.751999401385824 0
      vertex -60.952688207886865 -12.751999401385824 -8
    endloop
  endfacet
  facet normal -0.9980267284282713 -0.0627905195293158 0
    outer loop
      vertex -60.952688207886865 -12.751999401385824 -8
      vertex -61 -12 0
      vertex -61 -12 -8
    endloop
  endfacet
  facet normal -0.9980267284282713 0.0627905195293158 0
    outer loop
      vertex -61 -12 -8
      vertex -60.952688207886865 -11.248000598614176 0
      vertex -60.952688207886865 -11.248000598614176 -8
    endloop
  endfacet
  facet normal -0.982287250728689 0.18738131458572235 0
    outer loop
      vertex -60.952688207886865 -11.248000598614176 -8
      vertex -60.81149896677179 -10.507860677010871 0
      vertex -60.81149896677179 -10.507860677010871 -8
    endloop
  endfacet
  facet normal -0.9510565162951552 0.3090169943749426 0
    outer loop
      vertex -60.81149896677179 -10.507860677010871 -8
      vertex -60.57865891532951 -9.791252683891933 0
      vertex -60.57865891532951 -9.791252683891933 -8
    endloop
  endfacet
  facet normal -0.9048270524660168 0.42577929156507854 0
    outer loop
      vertex -60.57865891532951 -9.791252683891933 -8
      vertex -60.25784008026318 -9.109477955389707 0
      vertex -60.25784008026318 -9.109477955389707 -8
    endloop
  endfacet
  facet normal -0.5877852522924725 -0.809016994374948 0
    outer loop
      vertex -58.21496076987398 -17.06596755301209 -8
      vertex -58.21496076987398 -17.06596755301209 0
      vertex -58.82454393849214 -16.623079456654736 -8
    endloop
  endfacet
  facet normal -0.48175367410171216 -0.8763066800438652 0
    outer loop
      vertex -58.21496076987398 -17.06596755301209 -8
      vertex -57.554675749390434 -17.428962314796117 -8
      vertex -57.554675749390434 -17.428962314796117 0
    endloop
  endfacet
  facet normal -0.36812455268468103 -0.9297764858882503 0
    outer loop
      vertex -56.85410196624969 -17.706339097770922 -8
      vertex -56.85410196624969 -17.706339097770922 0
      vertex -57.554675749390434 -17.428962314796117 -8
    endloop
  endfacet
  facet normal -0.7705132427757886 -0.6374239897486904 0
    outer loop
      vertex -59.37381176452847 -16.107282635572133 -8
      vertex -59.85410196624969 -15.526711513754838 0
      vertex -59.85410196624969 -15.526711513754838 -8
    endloop
  endfacet
  facet normal -0.6845471059286904 -0.72896862742141 0
    outer loop
      vertex -59.37381176452847 -16.107282635572133 -8
      vertex -58.82454393849214 -16.623079456654736 -8
      vertex -58.82454393849214 -16.623079456654736 0
    endloop
  endfacet
  facet normal -0.24868988716485513 -0.968583161128631 0
    outer loop
      vertex -56.85410196624969 -17.706339097770922 -8
      vertex -56.12428788751435 -17.893723504372133 -8
      vertex -56.12428788751435 -17.893723504372133 0
    endloop
  endfacet
  facet normal -0.12533323356430526 -0.9921147013144777 0
    outer loop
      vertex -56.12428788751435 -17.893723504372133 -8
      vertex -55.376743117175884 -17.98816037056963 -8
      vertex -55.376743117175884 -17.98816037056963 0
    endloop
  endfacet
  facet normal 0 -1 0
    outer loop
      vertex -55.376743117175884 -17.98816037056963 -8
      vertex -54.623256882824116 -17.98816037056963 -8
      vertex -54.623256882824116 -17.98816037056963 0
    endloop
  endfacet
  facet normal 0.12533323356430526 -0.9921147013144777 0
    outer loop
      vertex -54.623256882824116 -17.98816037056963 -8
      vertex -53.87571211248565 -17.893723504372133 -8
      vertex -53.87571211248565 -17.893723504372133 0
    endloop
  endfacet
  facet normal 0 0 -1
    outer loop
      vertex -59.37381176452847 -16.107282635572133 -8
      vertex -59.85410196624969 -15.526711513754838 -8
      vertex -59.37381176452847 -7.8927173644278685 -8
    endloop
  endfacet
  facet normal 0 0 -1
    outer loop
      vertex -59.37381176452847 -16.107282635572133 -8
      vertex -58.82454393849214 -7.376920543345264 -8
      vertex -58.82454393849214 -16.623079456654736 -8
    endloop
  endfacet
  facet normal 0 0 -1
    outer loop
      vertex -58.21496076987398 -17.06596755301209 -8
      vertex -58.82454393849214 -16.623079456654736 -8
      vertex -58.21496076987398 -6.93403244698791 -8
    endloop
  endfacet
  facet normal 0 0 -1
    outer loop
      vertex -58.21496076987398 -17.06596755301209 -8
      vertex -57.554675749390434 -6.571037685203883 -8
      vertex -57.554675749390434 -17.428962314796117 -8
    endloop
  endfacet
  facet normal 0 0 -1
    outer loop
      vertex -56.85410196624969 -17.706339097770922 -8
      vertex -57.554675749390434 -17.428962314796117 -8
      vertex -56.85410196624969 -6.293660902229079 -8
    endloop
  endfacet
  facet normal 0 0 -1
    outer loop
      vertex -59.85410196624969 -15.526711513754838 -8
      vertex -59.85410196624969 -8.473288486245162 -8
      vertex -59.37381176452847 -7.8927173644278685 -8
    endloop
  endfacet
  facet normal 0 0 -1
    outer loop
      vertex -59.37381176452847 -16.107282635572133 -8
      vertex -59.37381176452847 -7.8927173644278685 -8
      vertex -58.82454393849214 -7.376920543345264 -8
    endloop
  endfacet
  facet normal 0 0 -1
    outer loop
      vertex -58.82454393849214 -16.623079456654736 -8
      vertex -58.82454393849214 -7.376920543345264 -8
      vertex -58.21496076987398 -6.93403244698791 -8
    endloop
  endfacet
  facet normal 0 0 -1
    outer loop
      vertex -58.21496076987398 -17.06596755301209 -8
      vertex -58.21496076987398 -6.93403244698791 -8
      vertex -57.554675749390434 -6.571037685203883 -8
    endloop
  endfacet
  facet normal 0 0 -1
    outer loop
      vertex -57.554675749390434 -17.428962314796117 -8
      vertex -57.554675749390434 -6.571037685203883 -8
      vertex -56.85410196624969 -6.293660902229079 -8
    endloop
  endfacet
  facet normal 0 0 -1
    outer loop
      vertex -56.85410196624969 -17.706339097770922 -8
      vertex -56.12428788751435 -6.106276495627868 -8
      vertex -56.12428788751435 -17.893723504372133 -8
    endloop
  endfacet
  facet normal 0 0 -1
    outer loop
      vertex -56.12428788751435 -17.893723504372133 -8
      vertex -55.37674311717588 -6.011839629430371 -8
      vertex -55.376743117175884 -17.98816037056963 -8
    endloop
  endfacet
  facet normal 0 0 -1
    outer loop
      vertex -55.376743117175884 -17.98816037056963 -8
      vertex -54.62325688282412 -6.011839629430371 -8
      vertex -54.623256882824116 -17.98816037056963 -8
    endloop
  endfacet
  facet normal 0 0 -1
    outer loop
      vertex -54.623256882824116 -17.98816037056963 -8
      vertex -53.87571211248565 -6.106276495627868 -8
      vertex -53.87571211248565 -17.893723504372133 -8
    endloop
  endfacet
  facet normal 0 0 -1
    outer loop
      vertex -56.85410196624969 -17.706339097770922 -8
      vertex -56.85410196624969 -6.293660902229079 -8
      vertex -56.12428788751435 -6.106276495627868 -8
    endloop
  endfacet
  facet normal 0 0 -1
    outer loop
      vertex -56.12428788751435 -17.893723504372133 -8
      vertex -56.12428788751435 -6.106276495627868 -8
      vertex -55.37674311717588 -6.011839629430371 -8
    endloop
  endfacet
  facet normal 0 0 -1
    outer loop
      vertex -55.376743117175884 -17.98816037056963 -8
      vertex -55.37674311717588 -6.011839629430371 -8
      vertex -54.62325688282412 -6.011839629430371 -8
    endloop
  endfacet
  facet normal 0 0 -1
    outer loop
      vertex -54.623256882824116 -17.98816037056963 -8
      vertex -54.62325688282412 -6.011839629430371 -8
      vertex -53.87571211248565 -6.106276495627868 -8
    endloop
  endfacet
  facet normal 0.24868988716485513 -0.968583161128631 0
    outer loop
      vertex -53.87571211248565 -17.893723504372133 -8
      vertex -53.14589803375031 -17.706339097770922 -8
      vertex -53.14589803375031 -17.706339097770922 0
    endloop
  endfacet
  facet normal 0.36812455268468103 -0.9297764858882503 0
    outer loop
      vertex -53.14589803375031 -17.706339097770922 -8
      vertex -52.445324250609566 -17.428962314796117 -8
      vertex -52.445324250609566 -17.428962314796117 0
    endloop
  endfacet
  facet normal 0.4817536741017125 -0.876306680043865 0
    outer loop
      vertex -52.445324250609566 -17.428962314796117 -8
      vertex -51.785039230126024 -17.065967553012094 -8
      vertex -51.785039230126024 -17.065967553012094 0
    endloop
  endfacet
  facet normal 0.587785252292471 -0.809016994374949 0
    outer loop
      vertex -51.785039230126024 -17.065967553012094 -8
      vertex -51.17545606150786 -16.623079456654736 -8
      vertex -51.17545606150786 -16.623079456654736 0
    endloop
  endfacet
  facet normal 0.6845471059286904 -0.72896862742141 0
    outer loop
      vertex -51.17545606150786 -16.623079456654736 -8
      vertex -50.62618823547153 -16.107282635572133 -8
      vertex -50.62618823547153 -16.107282635572133 0
    endloop
  endfacet
  facet normal 0.7705132427757886 -0.6374239897486904 0
    outer loop
      vertex -50.62618823547153 -16.107282635572133 -8
      vertex -50.14589803375031 -15.526711513754838 -8
      vertex -50.62618823547153 -16.107282635572133 0
    endloop
  endfacet
  facet normal 0.844327925502017 -0.5358267949789935 0
    outer loop
      vertex -50.14589803375031 -15.526711513754838 -8
      vertex -49.74215991973682 -14.890522044610293 -8
      vertex -50.14589803375031 -15.526711513754838 0
    endloop
  endfacet
  facet normal 0.9048270524660196 -0.4257792915650726 0
    outer loop
      vertex -49.74215991973682 -14.890522044610293 -8
      vertex -49.421341084670495 -14.20874731610807 -8
      vertex -49.74215991973682 -14.890522044610293 0
    endloop
  endfacet
  facet normal 0 0 -1
    outer loop
      vertex -53.87571211248565 -17.893723504372133 -8
      vertex -53.14589803375031 -6.293660902229079 -8
      vertex -53.14589803375031 -17.706339097770922 -8
    endloop
  endfacet
  facet normal 0 0 -1
    outer loop
      vertex -53.14589803375031 -17.706339097770922 -8
      vertex -52.445324250609566 -6.571037685203883 -8
      vertex -52.445324250609566 -17.428962314796117 -8
    endloop
  endfacet
  facet normal 0 0 -1
    outer loop
      vertex -52.445324250609566 -17.428962314796117 -8
      vertex -51.78503923012602 -6.93403244698791 -8
      vertex -51.785039230126024 -17.065967553012094 -8
    endloop
  endfacet
  facet normal 0 0 -1
    outer loop
      vertex -51.785039230126024 -17.065967553012094 -8
      vertex -51.17545606150786 -7.376920543345265 -8
      vertex -51.17545606150786 -16.623079456654736 -8
    endloop
  endfacet
  facet normal 0 0 -1
    outer loop
      vertex -51.17545606150786 -16.623079456654736 -8
      vertex -50.62618823547153 -7.892717364427868 -8
      vertex -50.62618823547153 -16.107282635572133 -8
    endloop
  endfacet
  facet normal 0 0 -1
    outer loop
      vertex -53.87571211248565 -17.893723504372133 -8
      vertex -53.87571211248565 -6.106276495627868 -8
      vertex -53.14589803375031 -6.293660902229079 -8
    endloop
  endfacet
  facet normal 0 0 -1
    outer loop
      vertex -53.14589803375031 -17.706339097770922 -8
      vertex -53.14589803375031 -6.293660902229079 -8
      vertex -52.445324250609566 -6.571037685203883 -8
    endloop
  endfacet
  facet normal 0 0 -1
    outer loop
      vertex -51.17545606150786 -16.623079456654736 -8
      vertex -51.17545606150786 -7.376920543345265 -8
      vertex -50.62618823547153 -7.892717364427868 -8
    endloop
  endfacet
  facet normal 0 0 -1
    outer loop
      vertex -52.445324250609566 -17.428962314796117 -8
      vertex -52.445324250609566 -6.571037685203883 -8
      vertex -51.78503923012602 -6.93403244698791 -8
    endloop
  endfacet
  facet normal 0 0 -1
    outer loop
      vertex -51.785039230126024 -17.065967553012094 -8
      vertex -51.78503923012602 -6.93403244698791 -8
      vertex -51.17545606150786 -7.376920543345265 -8
    endloop
  endfacet
  facet normal 0 0 -1
    outer loop
      vertex -50.62618823547153 -16.107282635572133 -8
      vertex -50.14589803375031 -8.473288486245162 -8
      vertex -50.14589803375031 -15.526711513754838 -8
    endloop
  endfacet
  facet normal 0 0 -1
    outer loop
      vertex -50.14589803375031 -15.526711513754838 -8
      vertex -49.74215991973682 -9.109477955389707 -8
      vertex -49.74215991973682 -14.890522044610293 -8
    endloop
  endfacet
  facet normal 0 0 -1
    outer loop
      vertex -49.74215991973682 -14.890522044610293 -8
      vertex -49.421341084670495 -9.791252683891932 -8
      vertex -49.421341084670495 -14.20874731610807 -8
    endloop
  endfacet
  facet normal 0 0 -1
    outer loop
      vertex -49.421341084670495 -14.20874731610807 -8
      vertex -49.18850103322821 -10.507860677010871 -8
      vertex -49.18850103322821 -13.492139322989127 -8
    endloop
  endfacet
  facet normal 0 0 -1
    outer loop
      vertex -49.18850103322821 -13.492139322989127 -8
      vertex -49.047311792113135 -11.248000598614174 -8
      vertex -49.047311792113135 -12.751999401385824 -8
    endloop
  endfacet
  facet normal 0 0 -1
    outer loop
      vertex -49.18850103322821 -13.492139322989127 -8
      vertex -49.18850103322821 -10.507860677010871 -8
      vertex -49.047311792113135 -11.248000598614174 -8
    endloop
  endfacet
  facet normal 0 0 -1
    outer loop
      vertex -49.047311792113135 -12.751999401385824 -8
      vertex -49.047311792113135 -11.248000598614174 -8
      vertex -49 -12 -8
    endloop
  endfacet
  facet normal 0 0 -1
    outer loop
      vertex -50.62618823547153 -16.107282635572133 -8
      vertex -50.62618823547153 -7.892717364427868 -8
      vertex -50.14589803375031 -8.473288486245162 -8
    endloop
  endfacet
  facet normal 0 0 -1
    outer loop
      vertex -50.14589803375031 -15.526711513754838 -8
      vertex -50.14589803375031 -8.473288486245162 -8
      vertex -49.74215991973682 -9.109477955389707 -8
    endloop
  endfacet
  facet normal 0 0 -1
    outer loop
      vertex -49.74215991973682 -14.890522044610293 -8
      vertex -49.74215991973682 -9.109477955389707 -8
      vertex -49.421341084670495 -9.791252683891932 -8
    endloop
  endfacet
  facet normal 0 0 -1
    outer loop
      vertex -49.421341084670495 -14.20874731610807 -8
      vertex -49.421341084670495 -9.791252683891932 -8
      vertex -49.18850103322821 -10.507860677010871 -8
    endloop
  endfacet
  facet normal 0.9510565162951531 -0.30901699437494906 0
    outer loop
      vertex -49.421341084670495 -14.20874731610807 -8
      vertex -49.18850103322821 -13.492139322989127 -8
      vertex -49.421341084670495 -14.20874731610807 0
    endloop
  endfacet
  facet normal 0.982287250728689 -0.1873813145857228 0
    outer loop
      vertex -49.18850103322821 -13.492139322989127 -8
      vertex -49.047311792113135 -12.751999401385824 -8
      vertex -49.18850103322821 -13.492139322989127 0
    endloop
  endfacet
  facet normal 0.9980267284282713 -0.0627905195293158 0
    outer loop
      vertex -49.047311792113135 -12.751999401385824 -8
      vertex -49 -12 -8
      vertex -49.047311792113135 -12.751999401385824 0
    endloop
  endfacet
  facet normal 0.9980267284282713 0.06279051952931565 0
    outer loop
      vertex -49 -12 -8
      vertex -49.047311792113135 -11.248000598614174 -8
      vertex -49 -12 0
    endloop
  endfacet
  facet normal 0.9510565162951525 0.3090169943749504 0
    outer loop
      vertex -49.421341084670495 -9.791252683891932 -8
      vertex -49.18850103322821 -10.507860677010871 0
      vertex -49.18850103322821 -10.507860677010871 -8
    endloop
  endfacet
  facet normal 0.9048270524660199 0.42577929156507166 0
    outer loop
      vertex -49.421341084670495 -9.791252683891932 -8
      vertex -49.74215991973682 -9.109477955389707 -8
      vertex -49.421341084670495 -9.791252683891932 0
    endloop
  endfacet
  facet normal 0.982287250728689 0.1873813145857228 0
    outer loop
      vertex -49.047311792113135 -11.248000598614174 -8
      vertex -49.18850103322821 -10.507860677010871 -8
      vertex -49.047311792113135 -11.248000598614174 0
    endloop
  endfacet
  facet normal -0.844327925502017 -0.5358267949789935 0
    outer loop
      vertex -59.85410196624969 -15.526711513754838 -8
      vertex -59.85410196624969 -15.526711513754838 0
      vertex -60.25784008026318 -14.890522044610293 0
    endloop
  endfacet
  facet normal -0.9048270524660168 -0.42577929156507854 0
    outer loop
      vertex -60.25784008026318 -14.890522044610293 -8
      vertex -60.25784008026318 -14.890522044610293 0
      vertex -60.57865891532951 -14.208747316108067 0
    endloop
  endfacet
  facet normal -0.982287250728689 -0.18738131458572235 0
    outer loop
      vertex -60.81149896677179 -13.492139322989129 -8
      vertex -60.81149896677179 -13.492139322989129 0
      vertex -60.952688207886865 -12.751999401385824 0
    endloop
  endfacet
  facet normal -0.9510565162951552 -0.3090169943749426 0
    outer loop
      vertex -60.57865891532951 -14.208747316108067 -8
      vertex -60.57865891532951 -14.208747316108067 0
      vertex -60.81149896677179 -13.492139322989129 0
    endloop
  endfacet
  facet normal -0.9980267284282713 -0.0627905195293158 0
    outer loop
      vertex -60.952688207886865 -12.751999401385824 -8
      vertex -60.952688207886865 -12.751999401385824 0
      vertex -61 -12 0
    endloop
  endfacet
  facet normal -0.9980267284282713 0.0627905195293158 0
    outer loop
      vertex -61 -12 -8
      vertex -61 -12 0
      vertex -60.952688207886865 -11.248000598614176 0
    endloop
  endfacet
  facet normal -0.982287250728689 0.18738131458572235 0
    outer loop
      vertex -60.952688207886865 -11.248000598614176 -8
      vertex -60.952688207886865 -11.248000598614176 0
      vertex -60.81149896677179 -10.507860677010871 0
    endloop
  endfacet
  facet normal -0.9510565162951552 0.3090169943749426 0
    outer loop
      vertex -60.81149896677179 -10.507860677010871 -8
      vertex -60.81149896677179 -10.507860677010871 0
      vertex -60.57865891532951 -9.791252683891933 0
    endloop
  endfacet
  facet normal -0.9048270524660168 0.42577929156507854 0
    outer loop
      vertex -60.57865891532951 -9.791252683891933 -8
      vertex -60.57865891532951 -9.791252683891933 0
      vertex -60.25784008026318 -9.109477955389707 0
    endloop
  endfacet
  facet normal -0.48175367410171216 -0.8763066800438652 0
    outer loop
      vertex -58.21496076987398 -17.06596755301209 -8
      vertex -57.554675749390434 -17.428962314796117 0
      vertex -58.21496076987398 -17.06596755301209 0
    endloop
  endfacet
  facet normal -0.36812455268468103 -0.9297764858882503 0
    outer loop
      vertex -57.554675749390434 -17.428962314796117 -8
      vertex -56.85410196624969 -17.706339097770922 0
      vertex -57.554675749390434 -17.428962314796117 0
    endloop
  endfacet
  facet normal -0.6845471059286904 -0.72896862742141 0
    outer loop
      vertex -59.37381176452847 -16.107282635572133 -8
      vertex -58.82454393849214 -16.623079456654736 0
      vertex -59.37381176452847 -16.107282635572133 0
    endloop
  endfacet
  facet normal -0.7705132427757886 -0.6374239897486904 0
    outer loop
      vertex -59.37381176452847 -16.107282635572133 -8
      vertex -59.37381176452847 -16.107282635572133 0
      vertex -59.85410196624969 -15.526711513754838 0
    endloop
  endfacet
  facet normal -0.5877852522924725 -0.809016994374948 0
    outer loop
      vertex -58.82454393849214 -16.623079456654736 -8
      vertex -58.21496076987398 -17.06596755301209 0
      vertex -58.82454393849214 -16.623079456654736 0
    endloop
  endfacet
  facet normal -0.24868988716485513 -0.968583161128631 0
    outer loop
      vertex -56.85410196624969 -17.706339097770922 -8
      vertex -56.12428788751435 -17.893723504372133 0
      vertex -56.85410196624969 -17.706339097770922 0
    endloop
  endfacet
  facet normal -0.12533323356430526 -0.9921147013144777 0
    outer loop
      vertex -56.12428788751435 -17.893723504372133 -8
      vertex -55.376743117175884 -17.98816037056963 0
      vertex -56.12428788751435 -17.893723504372133 0
    endloop
  endfacet
  facet normal 0 -1 0
    outer loop
      vertex -55.376743117175884 -17.98816037056963 -8
      vertex -54.623256882824116 -17.98816037056963 0
      vertex -55.376743117175884 -17.98816037056963 0
    endloop
  endfacet
  facet normal 0.12533323356430526 -0.9921147013144777 0
    outer loop
      vertex -54.623256882824116 -17.98816037056963 -8
      vertex -53.87571211248565 -17.893723504372133 0
      vertex -54.623256882824116 -17.98816037056963 0
    endloop
  endfacet
  facet normal 0.24868988716485513 -0.968583161128631 0
    outer loop
      vertex -53.87571211248565 -17.893723504372133 -8
      vertex -53.14589803375031 -17.706339097770922 0
      vertex -53.87571211248565 -17.893723504372133 0
    endloop
  endfacet
  facet normal 0.36812455268468103 -0.9297764858882503 0
    outer loop
      vertex -53.14589803375031 -17.706339097770922 -8
      vertex -52.445324250609566 -17.428962314796117 0
      vertex -53.14589803375031 -17.706339097770922 0
    endloop
  endfacet
  facet normal 0.4817536741017125 -0.876306680043865 0
    outer loop
      vertex -52.445324250609566 -17.428962314796117 -8
      vertex -51.785039230126024 -17.065967553012094 0
      vertex -52.445324250609566 -17.428962314796117 0
    endloop
  endfacet
  facet normal 0.587785252292471 -0.809016994374949 0
    outer loop
      vertex -51.785039230126024 -17.065967553012094 -8
      vertex -51.17545606150786 -16.623079456654736 0
      vertex -51.785039230126024 -17.065967553012094 0
    endloop
  endfacet
  facet normal 0.6845471059286904 -0.72896862742141 0
    outer loop
      vertex -51.17545606150786 -16.623079456654736 -8
      vertex -50.62618823547153 -16.107282635572133 0
      vertex -51.17545606150786 -16.623079456654736 0
    endloop
  endfacet
  facet normal 0.7705132427757886 -0.6374239897486904 0
    outer loop
      vertex -50.14589803375031 -15.526711513754838 -8
      vertex -50.14589803375031 -15.526711513754838 0
      vertex -50.62618823547153 -16.107282635572133 0
    endloop
  endfacet
  facet normal 0.844327925502017 -0.5358267949789935 0
    outer loop
      vertex -49.74215991973682 -14.890522044610293 -8
      vertex -49.74215991973682 -14.890522044610293 0
      vertex -50.14589803375031 -15.526711513754838 0
    endloop
  endfacet
  facet normal 0.9048270524660196 -0.4257792915650726 0
    outer loop
      vertex -49.421341084670495 -14.20874731610807 -8
      vertex -49.421341084670495 -14.20874731610807 0
      vertex -49.74215991973682 -14.890522044610293 0
    endloop
  endfacet
  facet normal 0.9510565162951531 -0.30901699437494906 0
    outer loop
      vertex -49.18850103322821 -13.492139322989127 -8
      vertex -49.18850103322821 -13.492139322989127 0
      vertex -49.421341084670495 -14.20874731610807 0
    endloop
  endfacet
  facet normal 0.982287250728689 -0.1873813145857228 0
    outer loop
      vertex -49.047311792113135 -12.751999401385824 -8
      vertex -49.047311792113135 -12.751999401385824 0
      vertex -49.18850103322821 -13.492139322989127 0
    endloop
  endfacet
  facet normal 0.9980267284282713 -0.0627905195293158 0
    outer loop
      vertex -49 -12 -8
      vertex -49 -12 0
      vertex -49.047311792113135 -12.751999401385824 0
    endloop
  endfacet
  facet normal 0.9510565162951525 0.3090169943749504 0
    outer loop
      vertex -49.421341084670495 -9.791252683891932 -8
      vertex -49.421341084670495 -9.791252683891932 0
      vertex -49.18850103322821 -10.507860677010871 0
    endloop
  endfacet
  facet normal 0.9048270524660199 0.42577929156507166 0
    outer loop
      vertex -49.421341084670495 -9.791252683891932 0
      vertex -49.74215991973682 -9.109477955389707 -8
      vertex -49.74215991973682 -9.109477955389707 0
    endloop
  endfacet
  facet normal 0.9980267284282713 0.06279051952931565 0
    outer loop
      vertex -49.047311792113135 -11.248000598614174 -8
      vertex -49.047311792113135 -11.248000598614174 0
      vertex -49 -12 0
    endloop
  endfacet
  facet normal 0.982287250728689 0.1873813145857228 0
    outer loop
      vertex -49.18850103322821 -10.507860677010871 -8
      vertex -49.18850103322821 -10.507860677010871 0
      vertex -49.047311792113135 -11.248000598614174 0
    endloop
  endfacet
  facet normal -0.844327925502017 0.5358267949789935 0
    outer loop
      vertex -60.25784008026318 -9.109477955389707 -8
      vertex -59.85410196624969 -8.473288486245162 0
      vertex -59.85410196624969 -8.473288486245162 -8
    endloop
  endfacet
  facet normal -0.7705132427757877 0.6374239897486916 0
    outer loop
      vertex -59.85410196624969 -8.473288486245162 -8
      vertex -59.37381176452847 -7.8927173644278685 0
      vertex -59.37381176452847 -7.8927173644278685 -8
    endloop
  endfacet
  facet normal -0.6845471059286916 0.7289686274214088 0
    outer loop
      vertex -59.37381176452847 -7.8927173644278685 -8
      vertex -59.37381176452847 -7.8927173644278685 0
      vertex -58.82454393849214 -7.376920543345264 -8
    endloop
  endfacet
  facet normal -0.5877852522924725 0.809016994374948 0
    outer loop
      vertex -58.82454393849214 -7.376920543345264 -8
      vertex -58.82454393849214 -7.376920543345264 0
      vertex -58.21496076987398 -6.93403244698791 -8
    endloop
  endfacet
  facet normal -0.48175367410171216 0.8763066800438652 0
    outer loop
      vertex -58.21496076987398 -6.93403244698791 -8
      vertex -58.21496076987398 -6.93403244698791 0
      vertex -57.554675749390434 -6.571037685203883 -8
    endloop
  endfacet
  facet normal -0.36812455268468 0.9297764858882506 0
    outer loop
      vertex -57.554675749390434 -6.571037685203883 -8
      vertex -57.554675749390434 -6.571037685203883 0
      vertex -56.85410196624969 -6.293660902229079 -8
    endloop
  endfacet
  facet normal -0.24868988716485513 0.968583161128631 0
    outer loop
      vertex -56.85410196624969 -6.293660902229079 -8
      vertex -56.85410196624969 -6.293660902229079 0
      vertex -56.12428788751435 -6.106276495627868 -8
    endloop
  endfacet
  facet normal -0.12533323356430293 0.992114701314478 0
    outer loop
      vertex -56.12428788751435 -6.106276495627868 -8
      vertex -56.12428788751435 -6.106276495627868 0
      vertex -55.37674311717588 -6.011839629430371 -8
    endloop
  endfacet
  facet normal 0 1 0
    outer loop
      vertex -55.37674311717588 -6.011839629430371 -8
      vertex -55.37674311717588 -6.011839629430371 0
      vertex -54.62325688282412 -6.011839629430371 -8
    endloop
  endfacet
  facet normal 0.12533323356430293 0.992114701314478 0
    outer loop
      vertex -54.62325688282412 -6.011839629430371 -8
      vertex -54.62325688282412 -6.011839629430371 0
      vertex -53.87571211248565 -6.106276495627868 -8
    endloop
  endfacet
  facet normal 0.48175367410171216 0.8763066800438652 0
    outer loop
      vertex -51.78503923012602 -6.93403244698791 -8
      vertex -52.445324250609566 -6.571037685203883 -8
      vertex -52.445324250609566 -6.571037685203883 0
    endloop
  endfacet
  facet normal 0.5877852522924731 0.8090169943749475 0
    outer loop
      vertex -51.78503923012602 -6.93403244698791 -8
      vertex -51.78503923012602 -6.93403244698791 0
      vertex -51.17545606150786 -7.376920543345265 -8
    endloop
  endfacet
  facet normal 0.6845471059286904 0.72896862742141 0
    outer loop
      vertex -51.17545606150786 -7.376920543345265 -8
      vertex -51.17545606150786 -7.376920543345265 0
      vertex -50.62618823547153 -7.892717364427868 -8
    endloop
  endfacet
  facet normal 0.24868988716485513 0.968583161128631 0
    outer loop
      vertex -53.87571211248565 -6.106276495627868 -8
      vertex -53.87571211248565 -6.106276495627868 0
      vertex -53.14589803375031 -6.293660902229079 -8
    endloop
  endfacet
  facet normal 0.36812455268468 0.9297764858882506 0
    outer loop
      vertex -53.14589803375031 -6.293660902229079 -8
      vertex -53.14589803375031 -6.293660902229079 0
      vertex -52.445324250609566 -6.571037685203883 -8
    endloop
  endfacet
  facet normal 0.7705132427757881 0.637423989748691 0
    outer loop
      vertex -50.14589803375031 -8.473288486245162 -8
      vertex -50.62618823547153 -7.892717364427868 -8
      vertex -50.14589803375031 -8.473288486245162 0
    endloop
  endfacet
  facet normal 0.844327925502017 0.5358267949789935 0
    outer loop
      vertex -50.14589803375031 -8.473288486245162 -8
      vertex -49.74215991973682 -9.109477955389707 0
      vertex -49.74215991973682 -9.109477955389707 -8
    endloop
  endfacet
  facet normal -0.844327925502017 0.5358267949789935 0
    outer loop
      vertex -60.25784008026318 -9.109477955389707 -8
      vertex -60.25784008026318 -9.109477955389707 0
      vertex -59.85410196624969 -8.473288486245162 0
    endloop
  endfacet
  facet normal -0.7705132427757877 0.6374239897486916 0
    outer loop
      vertex -59.85410196624969 -8.473288486245162 -8
      vertex -59.85410196624969 -8.473288486245162 0
      vertex -59.37381176452847 -7.8927173644278685 0
    endloop
  endfacet
  facet normal -0.6845471059286916 0.7289686274214088 0
    outer loop
      vertex -58.82454393849214 -7.376920543345264 -8
      vertex -59.37381176452847 -7.8927173644278685 0
      vertex -58.82454393849214 -7.376920543345264 0
    endloop
  endfacet
  facet normal -0.5877852522924725 0.809016994374948 0
    outer loop
      vertex -58.21496076987398 -6.93403244698791 -8
      vertex -58.82454393849214 -7.376920543345264 0
      vertex -58.21496076987398 -6.93403244698791 0
    endloop
  endfacet
  facet normal -0.48175367410171216 0.8763066800438652 0
    outer loop
      vertex -57.554675749390434 -6.571037685203883 -8
      vertex -58.21496076987398 -6.93403244698791 0
      vertex -57.554675749390434 -6.571037685203883 0
    endloop
  endfacet
  facet normal -0.36812455268468 0.9297764858882506 0
    outer loop
      vertex -56.85410196624969 -6.293660902229079 -8
      vertex -57.554675749390434 -6.571037685203883 0
      vertex -56.85410196624969 -6.293660902229079 0
    endloop
  endfacet
  facet normal -0.24868988716485513 0.968583161128631 0
    outer loop
      vertex -56.12428788751435 -6.106276495627868 -8
      vertex -56.85410196624969 -6.293660902229079 0
      vertex -56.12428788751435 -6.106276495627868 0
    endloop
  endfacet
  facet normal -0.12533323356430293 0.992114701314478 0
    outer loop
      vertex -55.37674311717588 -6.011839629430371 -8
      vertex -56.12428788751435 -6.106276495627868 0
      vertex -55.37674311717588 -6.011839629430371 0
    endloop
  endfacet
  facet normal 0 1 0
    outer loop
      vertex -54.62325688282412 -6.011839629430371 -8
      vertex -55.37674311717588 -6.011839629430371 0
      vertex -54.62325688282412 -6.011839629430371 0
    endloop
  endfacet
  facet normal 0.12533323356430293 0.992114701314478 0
    outer loop
      vertex -53.87571211248565 -6.106276495627868 -8
      vertex -54.62325688282412 -6.011839629430371 0
      vertex -53.87571211248565 -6.106276495627868 0
    endloop
  endfacet
  facet normal 0.48175367410171216 0.8763066800438652 0
    outer loop
      vertex -51.78503923012602 -6.93403244698791 -8
      vertex -52.445324250609566 -6.571037685203883 0
      vertex -51.78503923012602 -6.93403244698791 0
    endloop
  endfacet
  facet normal 0.6845471059286904 0.72896862742141 0
    outer loop
      vertex -50.62618823547153 -7.892717364427868 -8
      vertex -51.17545606150786 -7.376920543345265 0
      vertex -50.62618823547153 -7.892717364427868 0
    endloop
  endfacet
  facet normal 0.5877852522924731 0.8090169943749475 0
    outer loop
      vertex -51.17545606150786 -7.376920543345265 -8
      vertex -51.78503923012602 -6.93403244698791 0
      vertex -51.17545606150786 -7.376920543345265 0
    endloop
  endfacet
  facet normal 0.24868988716485513 0.968583161128631 0
    outer loop
      vertex -53.14589803375031 -6.293660902229079 -8
      vertex -53.87571211248565 -6.106276495627868 0
      vertex -53.14589803375031 -6.293660902229079 0
    endloop
  endfacet
  facet normal 0.36812455268468 0.9297764858882506 0
    outer loop
      vertex -52.445324250609566 -6.571037685203883 -8
      vertex -53.14589803375031 -6.293660902229079 0
      vertex -52.445324250609566 -6.571037685203883 0
    endloop
  endfacet
  facet normal 0.844327925502017 0.5358267949789935 0
    outer loop
      vertex -50.14589803375031 -8.473288486245162 -8
      vertex -50.14589803375031 -8.473288486245162 0
      vertex -49.74215991973682 -9.109477955389707 0
    endloop
  endfacet
  facet normal 0.7705132427757881 0.637423989748691 0
    outer loop
      vertex -50.62618823547153 -7.892717364427868 -8
      vertex -50.62618823547153 -7.892717364427868 0
      vertex -50.14589803375031 -8.473288486245162 0
    endloop
  endfacet
  facet normal 0 0 -1
    outer loop
      vertex -63.28968627421412 -46.845471059286886 -3
      vertex -64.09016994374947 -45.877852522924734 -3
      vertex -64.76306680043864 -44.81753674101715 -3
    endloop
  endfacet
  facet normal 0 0 -1
    outer loop
      vertex -63.28968627421412 -46.845471059286886 -3
      vertex -64.76306680043864 -44.81753674101715 -3
      vertex -65.29776485888252 -43.68124552684678 -3
    endloop
  endfacet
  facet normal 0 0 -1
    outer loop
      vertex -63.28968627421412 -46.845471059286886 -3
      vertex -60.257792915650725 -49.0482705246602 -3
      vertex -62.374239897486895 -47.705132427757896 -3
    endloop
  endfacet
  facet normal 0 0 -1
    outer loop
      vertex -62.374239897486895 -47.705132427757896 -3
      vertex -60.257792915650725 -49.0482705246602 -3
      vertex -61.35826794978997 -48.44327925502015 -3
    endloop
  endfacet
  facet normal 0 0 -1
    outer loop
      vertex -63.28968627421412 -46.845471059286886 -3
      vertex -66 -40 -3
      vertex -55.37209480470686 -49.98026728428272 -3
    endloop
  endfacet
  facet normal 0 0 -1
    outer loop
      vertex -63.28968627421412 -46.845471059286886 -3
      vertex -65.29776485888252 -43.68124552684678 -3
      vertex -66 -40 -3
    endloop
  endfacet
  facet normal 0 0 -1
    outer loop
      vertex -65.29776485888252 -43.68124552684678 -3
      vertex -65.68583161128632 -42.48689887164855 -3
      vertex -66 -40 -3
    endloop
  endfacet
  facet normal 0 0 -1
    outer loop
      vertex -65.68583161128632 -42.48689887164855 -3
      vertex -65.92114701314478 -41.25333233564304 -3
      vertex -66 -40 -3
    endloop
  endfacet
  facet normal 0 0 -1
    outer loop
      vertex -60.257792915650725 -49.0482705246602 -3
      vertex -57.87381314585725 -49.82287250728689 -3
      vertex -59.09016994374947 -49.510565162951536 -3
    endloop
  endfacet
  facet normal 0 0 -1
    outer loop
      vertex -63.28968627421412 -46.845471059286886 -3
      vertex -55.37209480470686 -49.98026728428272 -3
      vertex -60.257792915650725 -49.0482705246602 -3
    endloop
  endfacet
  facet normal 0 0 -1
    outer loop
      vertex -60.257792915650725 -49.0482705246602 -3
      vertex -55.37209480470686 -49.98026728428272 -3
      vertex -57.87381314585725 -49.82287250728689 -3
    endloop
  endfacet
  facet normal 0 0 -1
    outer loop
      vertex -57.87381314585725 -49.82287250728689 -3
      vertex -55.37209480470686 -49.98026728428272 -3
      vertex -56.62790519529314 -49.98026728428272 -3
    endloop
  endfacet
  facet normal 0 0 -1
    outer loop
      vertex -55.37209480470686 -49.98026728428272 -3
      vertex -52.90983005625053 -49.510565162951536 -3
      vertex -54.12618685414275 -49.82287250728689 -3
    endloop
  endfacet
  facet normal 0 0 -1
    outer loop
      vertex -66 -40 -3
      vertex -65.92114701314478 -38.74666766435696 -3
      vertex -65.68583161128632 -37.51310112835145 -3
    endloop
  endfacet
  facet normal 0 0 -1
    outer loop
      vertex -66 -40 -3
      vertex -65.68583161128632 -37.51310112835145 -3
      vertex -65.29776485888252 -36.31875447315322 -3
    endloop
  endfacet
  facet normal 0 0 -1
    outer loop
      vertex -66 -40 -3
      vertex -65.29776485888252 -36.31875447315322 -3
      vertex -62.374239897486895 -32.294867572242104 -3
    endloop
  endfacet
  facet normal 0 0 -1
    outer loop
      vertex -65.29776485888252 -36.31875447315322 -3
      vertex -64.76306680043864 -35.18246325898285 -3
      vertex -64.09016994374947 -34.122147477075266 -3
    endloop
  endfacet
  facet normal 0 0 -1
    outer loop
      vertex -65.29776485888252 -36.31875447315322 -3
      vertex -64.09016994374947 -34.122147477075266 -3
      vertex -62.374239897486895 -32.294867572242104 -3
    endloop
  endfacet
  facet normal 0 0 -1
    outer loop
      vertex -64.09016994374947 -34.122147477075266 -3
      vertex -63.28968627421412 -33.154528940713114 -3
      vertex -62.374239897486895 -32.294867572242104 -3
    endloop
  endfacet
  facet normal 0 0 -1
    outer loop
      vertex -66 -40 -3
      vertex -14.498424870294052 -33.820590957028216 -3
      vertex -55.37209480470686 -49.98026728428272 -3
    endloop
  endfacet
  facet normal 0 0 -1
    outer loop
      vertex -66 -40 -3
      vertex -62.374239897486895 -32.294867572242104 -3
      vertex -29.501575129705955 -10.179409042971791 -3
    endloop
  endfacet
  facet normal 0 0 -1
    outer loop
      vertex -62.374239897486895 -32.294867572242104 -3
      vertex -61.35826794978997 -31.55672074497985 -3
      vertex -29.501575129705955 -10.179409042971791 -3
    endloop
  endfacet
  facet normal 0 0 -1
    outer loop
      vertex -55.37209480470686 -49.98026728428272 -3
      vertex -14.498424870294052 -33.820590957028216 -3
      vertex -52.90983005625053 -49.510565162951536 -3
    endloop
  endfacet
  facet normal 0 0 -1
    outer loop
      vertex -52.90983005625053 -49.510565162951536 -3
      vertex -16.039089918088987 -34.66757873452427 -3
      vertex -51.742207084349275 -49.0482705246602 -3
    endloop
  endfacet
  facet normal 0 0 -1
    outer loop
      vertex -66 -40 -3
      vertex -15.405020355646156 -24.27442785818293 -3
      vertex -14.498424870294052 -33.820590957028216 -3
    endloop
  endfacet
  facet normal 0 0 -1
    outer loop
      vertex -52.90983005625053 -49.510565162951536 -3
      vertex -14.498424870294052 -33.820590957028216 -3
      vertex -16.039089918088987 -34.66757873452427 -3
    endloop
  endfacet
  facet normal 0 0 -1
    outer loop
      vertex -66 -40 -3
      vertex -23.25923858827974 -16.8988260034086 -3
      vertex -22.152255729803944 -18.325939705274827 -3
    endloop
  endfacet
  facet normal 0 0 -1
    outer loop
      vertex -66 -40 -3
      vertex -22.152255729803944 -18.325939705274827 -3
      vertex -20.957848038365587 -19.680729295449794 -3
    endloop
  endfacet
  facet normal 0 0 -1
    outer loop
      vertex -66 -40 -3
      vertex -20.957848038365587 -19.680729295449794 -3
      vertex -19.680729295449794 -20.957848038365587 -3
    endloop
  endfacet
  facet normal 0 0 -1
    outer loop
      vertex -66 -40 -3
      vertex -26.013777758398064 -12.241154632495833 -3
      vertex -25.193817051261075 -13.850418130424318 -3
    endloop
  endfacet
  facet normal 0 0 -1
    outer loop
      vertex -66 -40 -3
      vertex -29.501575129705955 -10.179409042971791 -3
      vertex -26.73107396928723 -10.58358088968449 -3
    endloop
  endfacet
  facet normal 0 0 -1
    outer loop
      vertex -66 -40 -3
      vertex -26.73107396928723 -10.58358088968449 -3
      vertex -26.013777758398064 -12.241154632495833 -3
    endloop
  endfacet
  facet normal 0 0 -1
    outer loop
      vertex -66 -40 -3
      vertex -24.27442785818293 -15.405020355646156 -3
      vertex -23.25923858827974 -16.8988260034086 -3
    endloop
  endfacet
  facet normal 0 0 -1
    outer loop
      vertex -66 -40 -3
      vertex -25.193817051261075 -13.850418130424318 -3
      vertex -24.27442785818293 -15.405020355646156 -3
    endloop
  endfacet
  facet normal 0 0 -1
    outer loop
      vertex -66 -40 -3
      vertex -19.680729295449794 -20.957848038365587 -3
      vertex -18.325939705274827 -22.152255729803944 -3
    endloop
  endfacet
  facet normal 0 0 -1
    outer loop
      vertex -66 -40 -3
      vertex -18.325939705274827 -22.152255729803944 -3
      vertex -16.8988260034086 -23.25923858827974 -3
    endloop
  endfacet
  facet normal 0 0 -1
    outer loop
      vertex -66 -40 -3
      vertex -16.8988260034086 -23.25923858827974 -3
      vertex -15.405020355646156 -24.27442785818293 -3
    endloop
  endfacet
  facet normal -0.5572153027464285 0.8303680547716211 0
    outer loop
      vertex -29.501575129705955 -10.179409042971791 -3
      vertex -29.825829669276683 -10.39699880981741 2
      vertex -29.501575129705955 -10.179409042971791 2
    endloop
  endfacet
  facet normal 0 0 -1
    outer loop
      vertex -29.501575129705955 -10.179409042971791 -3
      vertex -27.960910081911017 -9.332421265475727 -3
      vertex -26.73107396928723 -10.58358088968449 -3
    endloop
  endfacet
  facet normal 0 0 -1
    outer loop
      vertex -27.960910081911017 -9.332421265475727 -3
      vertex -27.278755423128807 -9.062337129731999 -3
      vertex -26.73107396928723 -10.58358088968449 -3
    endloop
  endfacet
  facet normal -0.48175367410171555 0.8763066800438635 0
    outer loop
      vertex -29.501575129705955 -10.179409042971791 -3
      vertex -29.501575129705955 -10.179409042971791 2
      vertex -27.960910081911017 -9.332421265475727 -3
    endloop
  endfacet
  facet normal -0.3681245526846764 0.929776485888252 0
    outer loop
      vertex -27.960910081911017 -9.332421265475727 -3
      vertex -27.960910081911017 -9.332421265475727 2
      vertex -27.278755423128807 -9.062337129731999 -0.1
    endloop
  endfacet
  facet normal -0.48175367410171555 0.8763066800438635 0
    outer loop
      vertex -29.501575129705955 -10.179409042971791 2
      vertex -27.960910081911017 -9.332421265475727 2
      vertex -27.960910081911017 -9.332421265475727 -3
    endloop
  endfacet
  facet normal -0.8443279255020153 -0.5358267949789961 0
    outer loop
      vertex -64.09016994374947 -45.877852522924734 -3
      vertex -64.76306680043864 -44.81753674101715 25
      vertex -64.76306680043864 -44.81753674101715 -3
    endloop
  endfacet
  facet normal -0.6845471059286877 -0.7289686274214126 0
    outer loop
      vertex -63.28968627421412 -46.845471059286886 -3
      vertex -62.374239897486895 -47.705132427757896 -3
      vertex -63.28968627421412 -46.845471059286886 25
    endloop
  endfacet
  facet normal -0.7705132427757906 -0.637423989748688 0
    outer loop
      vertex -63.28968627421412 -46.845471059286886 -3
      vertex -63.28968627421412 -46.845471059286886 25
      vertex -64.09016994374947 -45.877852522924734 -3
    endloop
  endfacet
  facet normal -0.5877852522924736 -0.8090169943749472 0
    outer loop
      vertex -62.374239897486895 -47.705132427757896 -3
      vertex -61.35826794978997 -48.44327925502015 -3
      vertex -62.374239897486895 -47.705132427757896 25
    endloop
  endfacet
  facet normal -0.48175367410171455 -0.876306680043864 0
    outer loop
      vertex -60.257792915650725 -49.0482705246602 -3
      vertex -60.257792915650725 -49.0482705246602 25
      vertex -61.35826794978997 -48.44327925502015 -3
    endloop
  endfacet
  facet normal -0.9048270524660186 -0.4257792915650745 0
    outer loop
      vertex -65.29776485888252 -43.68124552684678 -3
      vertex -64.76306680043864 -44.81753674101715 -3
      vertex -65.29776485888252 -43.68124552684678 25
    endloop
  endfacet
  facet normal -0.9510565162951524 -0.30901699437495084 0
    outer loop
      vertex -65.29776485888252 -43.68124552684678 -3
      vertex -65.29776485888252 -43.68124552684678 25
      vertex -65.68583161128632 -42.48689887164855 -3
    endloop
  endfacet
  facet normal -0.9822872507286902 -0.18738131458571636 0
    outer loop
      vertex -65.68583161128632 -42.48689887164855 -3
      vertex -65.92114701314478 -41.25333233564304 25
      vertex -65.92114701314478 -41.25333233564304 -3
    endloop
  endfacet
  facet normal -0.9980267284282713 -0.06279051952931591 0
    outer loop
      vertex -65.92114701314478 -41.25333233564304 -3
      vertex -65.92114701314478 -41.25333233564304 25
      vertex -66 -40 -3
    endloop
  endfacet
  facet normal -0.36812455268467736 -0.9297764858882516 0
    outer loop
      vertex -60.257792915650725 -49.0482705246602 -3
      vertex -59.09016994374947 -49.510565162951536 -3
      vertex -59.09016994374947 -49.510565162951536 25
    endloop
  endfacet
  facet normal -0.24868988716485607 -0.9685831611286309 0
    outer loop
      vertex -59.09016994374947 -49.510565162951536 -3
      vertex -57.87381314585725 -49.82287250728689 -3
      vertex -59.09016994374947 -49.510565162951536 25
    endloop
  endfacet
  facet normal -0.12533323356430504 -0.9921147013144777 0
    outer loop
      vertex -57.87381314585725 -49.82287250728689 -3
      vertex -56.62790519529314 -49.98026728428272 -3
      vertex -57.87381314585725 -49.82287250728689 25
    endloop
  endfacet
  facet normal 0 -1 0
    outer loop
      vertex -56.62790519529314 -49.98026728428272 -3
      vertex -55.37209480470686 -49.98026728428272 -3
      vertex -55.37209480470686 -49.98026728428272 25
    endloop
  endfacet
  facet normal 0.12533323356430504 -0.9921147013144777 0
    outer loop
      vertex -55.37209480470686 -49.98026728428272 -3
      vertex -54.12618685414275 -49.82287250728689 -3
      vertex -55.37209480470686 -49.98026728428272 25
    endloop
  endfacet
  facet normal -0.9980267284282713 0.06279051952931591 0
    outer loop
      vertex -66 -40 -3
      vertex -65.92114701314478 -38.74666766435696 25
      vertex -65.92114701314478 -38.74666766435696 -3
    endloop
  endfacet
  facet normal -0.9822872507286902 0.18738131458571636 0
    outer loop
      vertex -65.92114701314478 -38.74666766435696 -3
      vertex -65.92114701314478 -38.74666766435696 25
      vertex -65.68583161128632 -37.51310112835145 -3
    endloop
  endfacet
  facet normal -0.9510565162951524 0.30901699437495084 0
    outer loop
      vertex -65.68583161128632 -37.51310112835145 -3
      vertex -65.68583161128632 -37.51310112835145 25
      vertex -65.29776485888252 -36.31875447315322 -3
    endloop
  endfacet
  facet normal -0.9048270524660186 0.4257792915650745 0
    outer loop
      vertex -65.29776485888252 -36.31875447315322 -3
      vertex -65.29776485888252 -36.31875447315322 25
      vertex -64.76306680043864 -35.18246325898285 -3
    endloop
  endfacet
  facet normal -0.8443279255020153 0.5358267949789961 0
    outer loop
      vertex -64.76306680043864 -35.18246325898285 -3
      vertex -64.09016994374947 -34.122147477075266 25
      vertex -64.09016994374947 -34.122147477075266 -3
    endloop
  endfacet
  facet normal -0.7705132427757906 0.637423989748688 0
    outer loop
      vertex -64.09016994374947 -34.122147477075266 -3
      vertex -63.28968627421412 -33.154528940713114 25
      vertex -63.28968627421412 -33.154528940713114 -3
    endloop
  endfacet
  facet normal -0.6845471059286877 0.7289686274214126 0
    outer loop
      vertex -63.28968627421412 -33.154528940713114 -3
      vertex -63.28968627421412 -33.154528940713114 25
      vertex -62.374239897486895 -32.294867572242104 -3
    endloop
  endfacet
  facet normal -0.5877852522924736 0.8090169943749472 0
    outer loop
      vertex -62.374239897486895 -32.294867572242104 -3
      vertex -61.35826794978997 -31.55672074497985 25
      vertex -61.35826794978997 -31.55672074497985 -3
    endloop
  endfacet
  facet normal 0.24868988716485607 -0.9685831611286309 0
    outer loop
      vertex -54.12618685414275 -49.82287250728689 -3
      vertex -52.90983005625053 -49.510565162951536 -3
      vertex -52.90983005625053 -49.510565162951536 25
    endloop
  endfacet
  facet normal 0.36812455268467736 -0.9297764858882516 0
    outer loop
      vertex -52.90983005625053 -49.510565162951536 -3
      vertex -51.742207084349275 -49.0482705246602 -3
      vertex -52.90983005625053 -49.510565162951536 25
    endloop
  endfacet
  facet normal -0.7705132427757906 -0.637423989748688 0
    outer loop
      vertex -64.09016994374947 -45.877852522924734 -3
      vertex -63.28968627421412 -46.845471059286886 25
      vertex -64.09016994374947 -45.877852522924734 25
    endloop
  endfacet
  facet normal -0.8443279255020153 -0.5358267949789961 0
    outer loop
      vertex -64.09016994374947 -45.877852522924734 -3
      vertex -64.09016994374947 -45.877852522924734 25
      vertex -64.76306680043864 -44.81753674101715 25
    endloop
  endfacet
  facet normal -0.5877852522924736 -0.8090169943749472 0
    outer loop
      vertex -61.35826794978997 -48.44327925502015 -3
      vertex -61.35826794978997 -48.44327925502015 25
      vertex -62.374239897486895 -47.705132427757896 25
    endloop
  endfacet
  facet normal -0.48175367410171455 -0.876306680043864 0
    outer loop
      vertex -61.35826794978997 -48.44327925502015 -3
      vertex -60.257792915650725 -49.0482705246602 25
      vertex -61.35826794978997 -48.44327925502015 25
    endloop
  endfacet
  facet normal -0.6845471059286877 -0.7289686274214126 0
    outer loop
      vertex -62.374239897486895 -47.705132427757896 -3
      vertex -62.374239897486895 -47.705132427757896 25
      vertex -63.28968627421412 -46.845471059286886 25
    endloop
  endfacet
  facet normal -0.9048270524660186 -0.4257792915650745 0
    outer loop
      vertex -64.76306680043864 -44.81753674101715 -3
      vertex -64.76306680043864 -44.81753674101715 25
      vertex -65.29776485888252 -43.68124552684678 25
    endloop
  endfacet
  facet normal -0.9510565162951524 -0.30901699437495084 0
    outer loop
      vertex -65.68583161128632 -42.48689887164855 -3
      vertex -65.29776485888252 -43.68124552684678 25
      vertex -65.68583161128632 -42.48689887164855 25
    endloop
  endfacet
  facet normal -0.9822872507286902 -0.18738131458571636 0
    outer loop
      vertex -65.68583161128632 -42.48689887164855 -3
      vertex -65.68583161128632 -42.48689887164855 25
      vertex -65.92114701314478 -41.25333233564304 25
    endloop
  endfacet
  facet normal -0.9980267284282713 -0.06279051952931591 0
    outer loop
      vertex -66 -40 -3
      vertex -65.92114701314478 -41.25333233564304 25
      vertex -66 -40 25
    endloop
  endfacet
  facet normal -0.36812455268467736 -0.9297764858882516 0
    outer loop
      vertex -60.257792915650725 -49.0482705246602 -3
      vertex -59.09016994374947 -49.510565162951536 25
      vertex -60.257792915650725 -49.0482705246602 25
    endloop
  endfacet
  facet normal -0.24868988716485607 -0.9685831611286309 0
    outer loop
      vertex -57.87381314585725 -49.82287250728689 -3
      vertex -57.87381314585725 -49.82287250728689 25
      vertex -59.09016994374947 -49.510565162951536 25
    endloop
  endfacet
  facet normal -0.12533323356430504 -0.9921147013144777 0
    outer loop
      vertex -56.62790519529314 -49.98026728428272 -3
      vertex -56.62790519529314 -49.98026728428272 25
      vertex -57.87381314585725 -49.82287250728689 25
    endloop
  endfacet
  facet normal 0 -1 0
    outer loop
      vertex -56.62790519529314 -49.98026728428272 -3
      vertex -55.37209480470686 -49.98026728428272 25
      vertex -56.62790519529314 -49.98026728428272 25
    endloop
  endfacet
  facet normal 0.12533323356430504 -0.9921147013144777 0
    outer loop
      vertex -54.12618685414275 -49.82287250728689 -3
      vertex -54.12618685414275 -49.82287250728689 25
      vertex -55.37209480470686 -49.98026728428272 25
    endloop
  endfacet
  facet normal 0 0 1
    outer loop
      vertex -63.28968627421412 -46.845471059286886 25
      vertex -64.76306680043864 -44.81753674101715 25
      vertex -64.09016994374947 -45.877852522924734 25
    endloop
  endfacet
  facet normal 0 0 1
    outer loop
      vertex -63.28968627421412 -46.845471059286886 25
      vertex -65.29776485888252 -43.68124552684678 25
      vertex -64.76306680043864 -44.81753674101715 25
    endloop
  endfacet
  facet normal 0 0 1
    outer loop
      vertex -63.28968627421412 -46.845471059286886 25
      vertex -62.374239897486895 -47.705132427757896 25
      vertex -60.257792915650725 -49.0482705246602 25
    endloop
  endfacet
  facet normal 0 0 1
    outer loop
      vertex -62.374239897486895 -47.705132427757896 25
      vertex -61.35826794978997 -48.44327925502015 25
      vertex -60.257792915650725 -49.0482705246602 25
    endloop
  endfacet
  facet normal 0 0 1
    outer loop
      vertex -63.28968627421412 -46.845471059286886 25
      vertex -60.257792915650725 -49.0482705246602 25
      vertex -57.87381314585725 -49.82287250728689 25
    endloop
  endfacet
  facet normal 0 0 1
    outer loop
      vertex -63.28968627421412 -46.845471059286886 25
      vertex -65.92114701314478 -41.25333233564304 25
      vertex -65.29776485888252 -43.68124552684678 25
    endloop
  endfacet
  facet normal 0 0 1
    outer loop
      vertex -65.29776485888252 -43.68124552684678 25
      vertex -65.92114701314478 -41.25333233564304 25
      vertex -65.68583161128632 -42.48689887164855 25
    endloop
  endfacet
  facet normal 0 0 1
    outer loop
      vertex -63.28968627421412 -46.845471059286886 25
      vertex -64.76306680043864 -35.18246325898285 25
      vertex -65.92114701314478 -41.25333233564304 25
    endloop
  endfacet
  facet normal 0 0 1
    outer loop
      vertex -63.28968627421412 -46.845471059286886 25
      vertex -52.90983005625053 -49.510565162951536 25
      vertex -64.76306680043864 -35.18246325898285 25
    endloop
  endfacet
  facet normal 0 0 1
    outer loop
      vertex -60.257792915650725 -49.0482705246602 25
      vertex -59.09016994374947 -49.510565162951536 25
      vertex -57.87381314585725 -49.82287250728689 25
    endloop
  endfacet
  facet normal 0 0 1
    outer loop
      vertex -63.28968627421412 -46.845471059286886 25
      vertex -57.87381314585725 -49.82287250728689 25
      vertex -52.90983005625053 -49.510565162951536 25
    endloop
  endfacet
  facet normal 0 0 1
    outer loop
      vertex -57.87381314585725 -49.82287250728689 25
      vertex -56.62790519529314 -49.98026728428272 25
      vertex -55.37209480470686 -49.98026728428272 25
    endloop
  endfacet
  facet normal 0 0 1
    outer loop
      vertex -57.87381314585725 -49.82287250728689 25
      vertex -55.37209480470686 -49.98026728428272 25
      vertex -52.90983005625053 -49.510565162951536 25
    endloop
  endfacet
  facet normal 0 0 1
    outer loop
      vertex -55.37209480470686 -49.98026728428272 25
      vertex -54.12618685414275 -49.82287250728689 25
      vertex -52.90983005625053 -49.510565162951536 25
    endloop
  endfacet
  facet normal -0.9980267284282713 0.06279051952931591 0
    outer loop
      vertex -66 -40 -3
      vertex -66 -40 25
      vertex -65.92114701314478 -38.74666766435696 25
    endloop
  endfacet
  facet normal -0.9822872507286902 0.18738131458571636 0
    outer loop
      vertex -65.68583161128632 -37.51310112835145 -3
      vertex -65.92114701314478 -38.74666766435696 25
      vertex -65.68583161128632 -37.51310112835145 25
    endloop
  endfacet
  facet normal -0.9510565162951524 0.30901699437495084 0
    outer loop
      vertex -65.29776485888252 -36.31875447315322 -3
      vertex -65.68583161128632 -37.51310112835145 25
      vertex -65.29776485888252 -36.31875447315322 25
    endloop
  endfacet
  facet normal -0.9048270524660186 0.4257792915650745 0
    outer loop
      vertex -64.76306680043864 -35.18246325898285 -3
      vertex -65.29776485888252 -36.31875447315322 25
      vertex -64.76306680043864 -35.18246325898285 25
    endloop
  endfacet
  facet normal -0.8443279255020153 0.5358267949789961 0
    outer loop
      vertex -64.76306680043864 -35.18246325898285 -3
      vertex -64.76306680043864 -35.18246325898285 25
      vertex -64.09016994374947 -34.122147477075266 25
    endloop
  endfacet
  facet normal -0.7705132427757906 0.637423989748688 0
    outer loop
      vertex -64.09016994374947 -34.122147477075266 -3
      vertex -64.09016994374947 -34.122147477075266 25
      vertex -63.28968627421412 -33.154528940713114 25
    endloop
  endfacet
  facet normal -0.6845471059286877 0.7289686274214126 0
    outer loop
      vertex -62.374239897486895 -32.294867572242104 -3
      vertex -63.28968627421412 -33.154528940713114 25
      vertex -62.374239897486895 -32.294867572242104 25
    endloop
  endfacet
  facet normal -0.5877852522924736 0.8090169943749472 0
    outer loop
      vertex -62.374239897486895 -32.294867572242104 -3
      vertex -62.374239897486895 -32.294867572242104 25
      vertex -61.35826794978997 -31.55672074497985 25
    endloop
  endfacet
  facet normal 0 0 1
    outer loop
      vertex -65.92114701314478 -41.25333233564304 25
      vertex -65.68583161128632 -37.51310112835145 25
      vertex -66 -40 25
    endloop
  endfacet
  facet normal 0 0 1
    outer loop
      vertex -66 -40 25
      vertex -65.68583161128632 -37.51310112835145 25
      vertex -65.92114701314478 -38.74666766435696 25
    endloop
  endfacet
  facet normal 0 0 1
    outer loop
      vertex -65.92114701314478 -41.25333233564304 25
      vertex -64.76306680043864 -35.18246325898285 25
      vertex -65.68583161128632 -37.51310112835145 25
    endloop
  endfacet
  facet normal 0 0 1
    outer loop
      vertex -65.68583161128632 -37.51310112835145 25
      vertex -64.76306680043864 -35.18246325898285 25
      vertex -65.29776485888252 -36.31875447315322 25
    endloop
  endfacet
  facet normal 0 0 1
    outer loop
      vertex -64.76306680043864 -35.18246325898285 25
      vertex -63.28968627421412 -33.154528940713114 25
      vertex -64.09016994374947 -34.122147477075266 25
    endloop
  endfacet
  facet normal 0 0 1
    outer loop
      vertex -64.76306680043864 -35.18246325898285 25
      vertex -61.35826794978997 -31.55672074497985 25
      vertex -63.28968627421412 -33.154528940713114 25
    endloop
  endfacet
  facet normal 0 0 1
    outer loop
      vertex -63.28968627421412 -33.154528940713114 25
      vertex -61.35826794978997 -31.55672074497985 25
      vertex -62.374239897486895 -32.294867572242104 25
    endloop
  endfacet
  facet normal 0.24868988716485607 -0.9685831611286309 0
    outer loop
      vertex -54.12618685414275 -49.82287250728689 -3
      vertex -52.90983005625053 -49.510565162951536 25
      vertex -54.12618685414275 -49.82287250728689 25
    endloop
  endfacet
  facet normal 0.36812455268467736 -0.9297764858882516 0
    outer loop
      vertex -51.742207084349275 -49.0482705246602 -3
      vertex -51.742207084349275 -49.0482705246602 25
      vertex -52.90983005625053 -49.510565162951536 25
    endloop
  endfacet
  facet normal 0 0 1
    outer loop
      vertex -64.76306680043864 -35.18246325898285 25
      vertex -52.90983005625053 -49.510565162951536 25
      vertex -29.501575129705955 -10.179409042971791 25
    endloop
  endfacet
  facet normal -0.5572153027464276 0.8303680547716218 0
    outer loop
      vertex -61.35826794978997 -31.55672074497985 -3
      vertex -61.35826794978997 -31.55672074497985 25
      vertex -29.501575129705955 -10.179409042971791 -3
    endloop
  endfacet
  facet normal 0 0 1
    outer loop
      vertex -64.76306680043864 -35.18246325898285 25
      vertex -29.501575129705955 -10.179409042971791 25
      vertex -61.35826794978997 -31.55672074497985 25
    endloop
  endfacet
  facet normal 0.37361686989368154 -0.9275831146214596 0
    outer loop
      vertex -51.742207084349275 -49.0482705246602 -3
      vertex -16.039089918088987 -34.66757873452427 -3
      vertex -16.039089918088987 -34.66757873452427 25
    endloop
  endfacet
  facet normal 0.37361686989368154 -0.9275831146214596 0
    outer loop
      vertex -51.742207084349275 -49.0482705246602 -3
      vertex -16.039089918088987 -34.66757873452427 25
      vertex -51.742207084349275 -49.0482705246602 25
    endloop
  endfacet
  facet normal 0 0 1
    outer loop
      vertex -52.90983005625053 -49.510565162951536 25
      vertex -51.742207084349275 -49.0482705246602 25
      vertex -16.039089918088987 -34.66757873452427 25
    endloop
  endfacet
  facet normal 0 0 1
    outer loop
      vertex -52.90983005625053 -49.510565162951536 25
      vertex -16.039089918088987 -34.66757873452427 25
      vertex -14.498424870294052 -33.820590957028216 25
    endloop
  endfacet
  facet normal 0 0 1
    outer loop
      vertex -52.90983005625053 -49.510565162951536 25
      vertex -14.498424870294052 -33.820590957028216 25
      vertex -8.110394181597309 -20.245334730099742 25
    endloop
  endfacet
  facet normal -0.5572153027464274 0.8303680547716218 1.031116346565053e-16
    outer loop
      vertex -29.501575129705955 -10.179409042971791 -3
      vertex -61.35826794978997 -31.55672074497985 25
      vertex -29.825829669276683 -10.39699880981741 2
    endloop
  endfacet
  facet normal 0 0 1
    outer loop
      vertex -52.90983005625053 -49.510565162951536 25
      vertex -8.110394181597309 -20.245334730099742 25
      vertex -29.501575129705955 -10.179409042971791 25
    endloop
  endfacet
  facet normal -0.5572153027464276 0.8303680547716219 0
    outer loop
      vertex -29.825829669276683 -10.39699880981741 2
      vertex -61.35826794978997 -31.55672074497985 25
      vertex -29.825829669276683 -10.39699880981741 20
    endloop
  endfacet
  facet normal -0.5572153027464275 0.8303680547716218 0
    outer loop
      vertex -61.35826794978997 -31.55672074497985 25
      vertex -29.501575129705955 -10.179409042971791 25
      vertex -29.825829669276683 -10.39699880981741 20
    endloop
  endfacet
  facet normal -0.5572153027464285 0.8303680547716211 0
    outer loop
      vertex -29.825829669276683 -10.39699880981741 20
      vertex -29.501575129705955 -10.179409042971791 25
      vertex -29.501575129705955 -10.179409042971791 20
    endloop
  endfacet
  facet normal -0.48175367410171555 0.8763066800438635 0
    outer loop
      vertex -29.501575129705955 -10.179409042971791 20
      vertex -29.501575129705955 -10.179409042971791 25
      vertex -27.960910081911017 -9.332421265475727 20
    endloop
  endfacet
  facet normal -0.3681245526846764 0.929776485888252 0
    outer loop
      vertex -27.960910081911017 -9.332421265475727 20
      vertex -27.960910081911017 -9.332421265475727 25
      vertex -27.278755423128807 -9.062337129731999 20.100000001490116
    endloop
  endfacet
  facet normal -0.48175367410171555 0.8763066800438635 0
    outer loop
      vertex -29.501575129705955 -10.179409042971791 25
      vertex -27.960910081911017 -9.332421265475727 25
      vertex -27.960910081911017 -9.332421265475727 20
    endloop
  endfacet
  facet normal 0 0 1
    outer loop
      vertex -29.501575129705955 -10.179409042971791 25
      vertex -24.623338404200144 -8.247978489798358 25
      vertex -27.960910081911017 -9.332421265475727 25
    endloop
  endfacet
  facet normal 0 0 1
    outer loop
      vertex -29.501575129705955 -10.179409042971791 25
      vertex -8.110394181597309 -20.245334730099742 25
      vertex -16.039089918088983 -9.332421265475727 25
    endloop
  endfacet
  facet normal -0.3681245526846765 0.9297764858882521 0
    outer loop
      vertex -27.960910081911017 -9.332421265475727 -3
      vertex -27.278755423128807 -9.062337129731999 -0.1
      vertex -27.278755423128807 -9.062337129731999 -3
    endloop
  endfacet
  facet normal -0.3681245526846764 0.929776485888252 0
    outer loop
      vertex -27.960910081911017 -9.332421265475727 2
      vertex -27.278755423128807 -9.062337129731999 2
      vertex -27.278755423128807 -9.062337129731999 -0.1
    endloop
  endfacet
  facet normal -0.36812455268467753 0.9297764858882516 8.252543378711852e-15
    outer loop
      vertex -27.960910081911017 -9.332421265475727 20
      vertex -27.278755423128807 -9.062337129731999 20.100000001490116
      vertex -27.179136512512745 -9.022895212813182 20
    endloop
  endfacet
  facet normal -0.36812455268467814 0.9297764858882512 0
    outer loop
      vertex -26.326237921249263 -8.68520877186785 25
      vertex -26.326237921249263 -8.68520877186785 20.100000001490116
      vertex -27.278755423128807 -9.062337129731999 20.100000001490116
    endloop
  endfacet
  facet normal -0.24868988716485546 0.9685831611286311 0
    outer loop
      vertex -24.623338404200144 -8.247978489798358 25
      vertex -24.623338404200144 -8.247978489798358 20.100000001490116
      vertex -26.326237921249263 -8.68520877186785 20.100000001490116
    endloop
  endfacet
  facet normal -0.1253332335643037 0.992114701314478 0
    outer loop
      vertex -22.879067273410385 -8.027625802004199 25
      vertex -22.879067273410385 -8.027625802004199 20.100000001490116
      vertex -24.623338404200144 -8.247978489798358 20.100000001490116
    endloop
  endfacet
  facet normal -0.36812455268467736 0.9297764858882516 -1.6109128845765888e-16
    outer loop
      vertex -27.960910081911017 -9.332421265475727 25
      vertex -26.326237921249263 -8.68520877186785 25
      vertex -27.278755423128807 -9.062337129731999 20.100000001490116
    endloop
  endfacet
  facet normal -0.24868988716485546 0.9685831611286311 0
    outer loop
      vertex -26.326237921249263 -8.68520877186785 25
      vertex -24.623338404200144 -8.247978489798358 25
      vertex -26.326237921249263 -8.68520877186785 20.100000001490116
    endloop
  endfacet
  facet normal -0.1253332335643037 0.992114701314478 0
    outer loop
      vertex -24.623338404200144 -8.247978489798358 25
      vertex -22.879067273410385 -8.027625802004199 25
      vertex -24.623338404200144 -8.247978489798358 20.100000001490116
    endloop
  endfacet
  facet normal 0 0 1
    outer loop
      vertex -27.960910081911017 -9.332421265475727 25
      vertex -24.623338404200144 -8.247978489798358 25
      vertex -26.326237921249263 -8.68520877186785 25
    endloop
  endfacet
  facet normal 0 0 1
    outer loop
      vertex -29.501575129705955 -10.179409042971791 25
      vertex -22.879067273410385 -8.027625802004199 25
      vertex -24.623338404200144 -8.247978489798358 25
    endloop
  endfacet
  facet normal 0 1 0
    outer loop
      vertex -21.120932726589615 -8.027625802004199 25
      vertex -21.120932726589615 -8.027625802004199 20.100000001490116
      vertex -22.879067273410385 -8.027625802004199 20.100000001490116
    endloop
  endfacet
  facet normal 0.1253332335643037 0.992114701314478 0
    outer loop
      vertex -19.376661595799856 -8.247978489798358 25
      vertex -19.376661595799856 -8.247978489798358 20.100000001490116
      vertex -21.120932726589615 -8.027625802004199 20.100000001490116
    endloop
  endfacet
  facet normal 0.24868988716485546 0.9685831611286311 0
    outer loop
      vertex -17.673762078750737 -8.68520877186785 25
      vertex -17.673762078750737 -8.68520877186785 20.100000001490116
      vertex -19.376661595799856 -8.247978489798358 20.100000001490116
    endloop
  endfacet
  facet normal 0 1 0
    outer loop
      vertex -22.879067273410385 -8.027625802004199 25
      vertex -21.120932726589615 -8.027625802004199 25
      vertex -22.879067273410385 -8.027625802004199 20.100000001490116
    endloop
  endfacet
  facet normal 0.1253332335643037 0.992114701314478 0
    outer loop
      vertex -21.120932726589615 -8.027625802004199 25
      vertex -19.376661595799856 -8.247978489798358 25
      vertex -21.120932726589615 -8.027625802004199 20.100000001490116
    endloop
  endfacet
  facet normal 0 0 1
    outer loop
      vertex -29.501575129705955 -10.179409042971791 25
      vertex -16.039089918088983 -9.332421265475727 25
      vertex -22.879067273410385 -8.027625802004199 25
    endloop
  endfacet
  facet normal 0 0 1
    outer loop
      vertex -22.879067273410385 -8.027625802004199 25
      vertex -19.376661595799856 -8.247978489798358 25
      vertex -21.120932726589615 -8.027625802004199 25
    endloop
  endfacet
  facet normal 0.24868988716485546 0.9685831611286311 0
    outer loop
      vertex -19.376661595799856 -8.247978489798358 25
      vertex -17.673762078750737 -8.68520877186785 25
      vertex -19.376661595799856 -8.247978489798358 20.100000001490116
    endloop
  endfacet
  facet normal 0 0 1
    outer loop
      vertex -22.879067273410385 -8.027625802004199 25
      vertex -16.039089918088983 -9.332421265475727 25
      vertex -19.376661595799856 -8.247978489798358 25
    endloop
  endfacet
  facet normal 0 0 1
    outer loop
      vertex -19.376661595799856 -8.247978489798358 25
      vertex -16.039089918088983 -9.332421265475727 25
      vertex -17.673762078750737 -8.68520877186785 25
    endloop
  endfacet
  facet normal 0 0 -1
    outer loop
      vertex -14.498424870294052 -33.820590957028216 -3
      vertex -10.673762078750736 -30.228993532094623 -3
      vertex -13.076064143518341 -32.78718539886105 -3
    endloop
  endfacet
  facet normal 0 0 -1
    outer loop
      vertex -13.076064143518341 -32.78718539886105 -3
      vertex -10.673762078750736 -30.228993532094623 -3
      vertex -11.794439216100237 -31.58365948300164 -3
    endloop
  endfacet
  facet normal 0 0 -1
    outer loop
      vertex -14.498424870294052 -33.820590957028216 -3
      vertex -9.044907967958391 -27.285030307477196 -3
      vertex -10.673762078750736 -30.228993532094623 -3
    endloop
  endfacet
  facet normal 0.8443279255020154 -0.5358267949789961 -3.4874816821876654e-17
    outer loop
      vertex -10.673762078750736 -30.228993532094623 -3
      vertex -9.731706479385911 -28.744551437424015 2
      vertex -10.414018014422984 -29.81970237859061 2
    endloop
  endfacet
  facet normal 0 0 -1
    outer loop
      vertex -14.498424870294052 -33.820590957028216 -3
      vertex -15.405020355646156 -24.27442785818293 -3
      vertex -13.850418130424318 -25.193817051261075 -3
    endloop
  endfacet
  facet normal 0 0 -1
    outer loop
      vertex -14.498424870294052 -33.820590957028216 -3
      vertex -13.850418130424318 -25.193817051261075 -3
      vertex -12.241154632495833 -26.013777758398064 -3
    endloop
  endfacet
  facet normal 0 0 -1
    outer loop
      vertex -14.498424870294052 -33.820590957028216 -3
      vertex -12.241154632495833 -26.013777758398064 -3
      vertex -10.58358088968449 -26.73107396928723 -3
    endloop
  endfacet
  facet normal 0 0 -1
    outer loop
      vertex -14.498424870294052 -33.820590957028216 -3
      vertex -10.58358088968449 -26.73107396928723 -3
      vertex -9.044907967958391 -27.285030307477196 -3
    endloop
  endfacet
  facet normal 0 0 -1
    outer loop
      vertex -10.673762078750736 -30.228993532094623 -3
      vertex -9.044907967958391 -27.285030307477196 -3
      vertex -9.731706479385911 -28.744551437424015 -3
    endloop
  endfacet
  facet normal 0.8443279255020155 -0.5358267949789962 0
    outer loop
      vertex -10.673762078750736 -30.228993532094623 -3
      vertex -9.731706479385911 -28.744551437424015 -3
      vertex -9.731706479385911 -28.744551437424015 2
    endloop
  endfacet
  facet normal 0.9048270524660189 -0.4257792915650741 0
    outer loop
      vertex -9.731706479385911 -28.744551437424015 -3
      vertex -9.044907967958391 -27.285030307477196 -3
      vertex -9.044907967958391 -27.285030307477196 -0.1
    endloop
  endfacet
  facet normal 0.904827052466019 -0.425779291565074 0
    outer loop
      vertex -9.731706479385911 -28.744551437424015 -3
      vertex -9.044907967958391 -27.285030307477196 -0.1
      vertex -9.044907967958391 -27.285030307477196 2
    endloop
  endfacet
  facet normal 0.9048270524660189 -0.425779291565074 0
    outer loop
      vertex -9.731706479385911 -28.744551437424015 -3
      vertex -9.044907967958391 -27.285030307477196 2
      vertex -9.731706479385911 -28.744551437424015 2
    endloop
  endfacet
  facet normal 0.48175367410171166 -0.8763066800438655 0
    outer loop
      vertex -16.039089918088987 -34.66757873452427 -3
      vertex -14.498424870294052 -33.820590957028216 -3
      vertex -16.039089918088987 -34.66757873452427 25
    endloop
  endfacet
  facet normal 0.5877852522924732 -0.8090169943749473 0
    outer loop
      vertex -14.498424870294052 -33.820590957028216 -3
      vertex -13.076064143518341 -32.78718539886105 -3
      vertex -14.498424870294052 -33.820590957028216 25
    endloop
  endfacet
  facet normal 0.6845471059286894 -0.728968627421411 0
    outer loop
      vertex -13.076064143518341 -32.78718539886105 -3
      vertex -11.794439216100237 -31.58365948300164 -3
      vertex -13.076064143518341 -32.78718539886105 25
    endloop
  endfacet
  facet normal 0.7705132427757893 -0.6374239897486897 0
    outer loop
      vertex -11.794439216100237 -31.58365948300164 -3
      vertex -10.673762078750736 -30.228993532094623 -3
      vertex -10.673762078750736 -30.228993532094623 25
    endloop
  endfacet
  facet normal 0.8443279255020153 -0.5358267949789963 0
    outer loop
      vertex -10.673762078750736 -30.228993532094623 -3
      vertex -10.414018014422984 -29.81970237859061 2
      vertex -10.673762078750736 -30.228993532094623 25
    endloop
  endfacet
  facet normal 0.48175367410171166 -0.8763066800438655 0
    outer loop
      vertex -14.498424870294052 -33.820590957028216 -3
      vertex -14.498424870294052 -33.820590957028216 25
      vertex -16.039089918088987 -34.66757873452427 25
    endloop
  endfacet
  facet normal 0.5877852522924732 -0.8090169943749473 0
    outer loop
      vertex -13.076064143518341 -32.78718539886105 -3
      vertex -13.076064143518341 -32.78718539886105 25
      vertex -14.498424870294052 -33.820590957028216 25
    endloop
  endfacet
  facet normal 0.6845471059286894 -0.728968627421411 0
    outer loop
      vertex -11.794439216100237 -31.58365948300164 -3
      vertex -11.794439216100237 -31.58365948300164 25
      vertex -13.076064143518341 -32.78718539886105 25
    endloop
  endfacet
  facet normal 0.7705132427757893 -0.6374239897486897 0
    outer loop
      vertex -11.794439216100237 -31.58365948300164 -3
      vertex -10.673762078750736 -30.228993532094623 25
      vertex -11.794439216100237 -31.58365948300164 25
    endloop
  endfacet
  facet normal 0.8443279255020154 -0.5358267949789964 0
    outer loop
      vertex -10.414018014422984 -29.81970237859061 2
      vertex -10.414018014422984 -29.81970237859061 20
      vertex -10.673762078750736 -30.228993532094623 25
    endloop
  endfacet
  facet normal 0 0 1
    outer loop
      vertex -14.498424870294052 -33.820590957028216 25
      vertex -13.076064143518341 -32.78718539886105 25
      vertex -10.673762078750736 -30.228993532094623 25
    endloop
  endfacet
  facet normal 0 0 1
    outer loop
      vertex -13.076064143518341 -32.78718539886105 25
      vertex -11.794439216100237 -31.58365948300164 25
      vertex -10.673762078750736 -30.228993532094623 25
    endloop
  endfacet
  facet normal 0 0 1
    outer loop
      vertex -14.498424870294052 -33.820590957028216 25
      vertex -10.673762078750736 -30.228993532094623 25
      vertex -8.983129197564482 -27.153743737585497 25
    endloop
  endfacet
  facet normal 0.8443279255020155 -0.5358267949789962 2.525911402247953e-17
    outer loop
      vertex -10.414018014422984 -29.81970237859061 20
      vertex -9.731706479385911 -28.744551437424015 25
      vertex -10.673762078750736 -30.228993532094623 25
    endloop
  endfacet
  facet normal 0.9048270524660188 -0.4257792915650742 2.581004372881036e-15
    outer loop
      vertex -9.731706479385911 -28.744551437424015 20
      vertex -8.9991080059745 -27.187700433934943 20
      vertex -9.044907967958391 -27.285030307477196 20.100000001490116
    endloop
  endfacet
  facet normal 0.8443279255020154 -0.5358267949789961 0
    outer loop
      vertex -10.414018014422984 -29.81970237859061 20
      vertex -9.731706479385911 -28.744551437424015 20
      vertex -9.731706479385911 -28.744551437424015 25
    endloop
  endfacet
  facet normal 0.9048270524660189 -0.42577929156507405 1.4072372712949342e-16
    outer loop
      vertex -9.731706479385911 -28.744551437424015 20
      vertex -9.044907967958391 -27.285030307477196 20.100000001490116
      vertex -8.983129197564482 -27.153743737585497 25
    endloop
  endfacet
  facet normal 0.904827052466021 -0.4257792915650695 0
    outer loop
      vertex -8.983129197564482 -27.153743737585497 25
      vertex -9.044907967958391 -27.285030307477196 20.100000001490116
      vertex -8.983129197564482 -27.153743737585497 20.100000001490116
    endloop
  endfacet
  facet normal 0.9510565162951536 -0.3090169943749471 0
    outer loop
      vertex -8.983129197564482 -27.153743737585497 25
      vertex -8.983129197564482 -27.153743737585497 20.100000001490116
      vertex -8.439835744199163 -25.481658420307962 20.100000001490116
    endloop
  endfacet
  facet normal 0.9822872507286886 -0.18738131458572505 0
    outer loop
      vertex -8.439835744199163 -25.481658420307962 25
      vertex -8.439835744199163 -25.481658420307962 20.100000001490116
      vertex -8.110394181597309 -23.754665269900258 20.100000001490116
    endloop
  endfacet
  facet normal 0.9048270524660191 -0.42577929156507366 0
    outer loop
      vertex -9.731706479385911 -28.744551437424015 20
      vertex -8.983129197564482 -27.153743737585497 25
      vertex -9.731706479385911 -28.744551437424015 25
    endloop
  endfacet
  facet normal 0 0 1
    outer loop
      vertex -10.673762078750736 -30.228993532094623 25
      vertex -9.731706479385911 -28.744551437424015 25
      vertex -8.983129197564482 -27.153743737585497 25
    endloop
  endfacet
  facet normal 0 0 1
    outer loop
      vertex -14.498424870294052 -33.820590957028216 25
      vertex -8.983129197564482 -27.153743737585497 25
      vertex -8.110394181597309 -20.245334730099742 25
    endloop
  endfacet
  facet normal 0.9510565162951536 -0.3090169943749471 0
    outer loop
      vertex -8.983129197564482 -27.153743737585497 25
      vertex -8.439835744199163 -25.481658420307962 20.100000001490116
      vertex -8.439835744199163 -25.481658420307962 25
    endloop
  endfacet
  facet normal 0 0 1
    outer loop
      vertex -8.983129197564482 -27.153743737585497 25
      vertex -8.439835744199163 -25.481658420307962 25
      vertex -8.110394181597309 -23.754665269900258 25
    endloop
  endfacet
  facet normal 0.9980267284282716 -0.0627905195293127 0
    outer loop
      vertex -8.110394181597309 -23.754665269900258 25
      vertex -8.110394181597309 -23.754665269900258 20.100000001490116
      vertex -8 -22 20.100000001490116
    endloop
  endfacet
  facet normal 0.9822872507286885 0.18738131458572563 0
    outer loop
      vertex -8.110394181597309 -20.245334730099742 25
      vertex -8.110394181597309 -20.245334730099742 20.100000001490116
      vertex -8.439835744199165 -18.518341579692034 20.100000001490116
    endloop
  endfacet
  facet normal 0.9980267284282716 0.0627905195293127 0
    outer loop
      vertex -8 -22 25
      vertex -8 -22 20.100000001490116
      vertex -8.110394181597309 -20.245334730099742 20.100000001490116
    endloop
  endfacet
  facet normal 0.9822872507286886 -0.18738131458572505 0
    outer loop
      vertex -8.439835744199163 -25.481658420307962 25
      vertex -8.110394181597309 -23.754665269900258 20.100000001490116
      vertex -8.110394181597309 -23.754665269900258 25
    endloop
  endfacet
  facet normal 0 0 1
    outer loop
      vertex -8.983129197564482 -27.153743737585497 25
      vertex -8.110394181597309 -23.754665269900258 25
      vertex -8.110394181597309 -20.245334730099742 25
    endloop
  endfacet
  facet normal 0 0 1
    outer loop
      vertex -8.110394181597309 -23.754665269900258 25
      vertex -8 -22 25
      vertex -8.110394181597309 -20.245334730099742 25
    endloop
  endfacet
  facet normal 0.9980267284282716 0.0627905195293127 0
    outer loop
      vertex -8.110394181597309 -20.245334730099742 25
      vertex -8 -22 25
      vertex -8.110394181597309 -20.245334730099742 20.100000001490116
    endloop
  endfacet
  facet normal 0.9980267284282716 -0.0627905195293127 0
    outer loop
      vertex -8.110394181597309 -23.754665269900258 25
      vertex -8 -22 20.100000001490116
      vertex -8 -22 25
    endloop
  endfacet
  facet normal 0 0 1
    outer loop
      vertex -8.110394181597309 -20.245334730099742 25
      vertex -10.673762078750736 -13.771006467905377 25
      vertex -16.039089918088983 -9.332421265475727 25
    endloop
  endfacet
  facet normal 0.48175367410171516 0.8763066800438636 0
    outer loop
      vertex -14.498424870294047 -10.17940904297179 25
      vertex -14.498424870294047 -10.17940904297179 20.100000001490116
      vertex -16.039089918088983 -9.332421265475727 20.100000001490116
    endloop
  endfacet
  facet normal 0.6845471059286877 0.7289686274214123 0
    outer loop
      vertex -11.794439216100239 -12.416340516998357 25
      vertex -11.794439216100239 -12.416340516998357 20.100000001490116
      vertex -13.076064143518344 -11.212814601138952 20.100000001490116
    endloop
  endfacet
  facet normal 0.5877852522924736 0.8090169943749471 0
    outer loop
      vertex -13.076064143518344 -11.212814601138952 25
      vertex -13.076064143518344 -11.212814601138952 20.100000001490116
      vertex -14.498424870294047 -10.17940904297179 20.100000001490116
    endloop
  endfacet
  facet normal 0.48175367410171516 0.8763066800438636 0
    outer loop
      vertex -16.039089918088983 -9.332421265475727 25
      vertex -14.498424870294047 -10.17940904297179 25
      vertex -16.039089918088983 -9.332421265475727 20.100000001490116
    endloop
  endfacet
  facet normal 0 0 1
    outer loop
      vertex -16.039089918088983 -9.332421265475727 25
      vertex -13.076064143518344 -11.212814601138952 25
      vertex -14.498424870294047 -10.17940904297179 25
    endloop
  endfacet
  facet normal 0.7705132427757896 0.6374239897486892 0
    outer loop
      vertex -11.794439216100239 -12.416340516998357 25
      vertex -10.673762078750736 -13.771006467905377 25
      vertex -11.794439216100239 -12.416340516998357 20.100000001490116
    endloop
  endfacet
  facet normal 0 0 1
    outer loop
      vertex -11.794439216100239 -12.416340516998357 25
      vertex -13.076064143518344 -11.212814601138952 25
      vertex -10.673762078750736 -13.771006467905377 25
    endloop
  endfacet
  facet normal 0.5877852522924736 0.8090169943749471 0
    outer loop
      vertex -14.498424870294047 -10.17940904297179 25
      vertex -13.076064143518344 -11.212814601138952 25
      vertex -14.498424870294047 -10.17940904297179 20.100000001490116
    endloop
  endfacet
  facet normal 0.6845471059286877 0.7289686274214123 0
    outer loop
      vertex -11.794439216100239 -12.416340516998357 25
      vertex -13.076064143518344 -11.212814601138952 20.100000001490116
      vertex -13.076064143518344 -11.212814601138952 25
    endloop
  endfacet
  facet normal 0 0 1
    outer loop
      vertex -16.039089918088983 -9.332421265475727 25
      vertex -10.673762078750736 -13.771006467905377 25
      vertex -13.076064143518344 -11.212814601138952 25
    endloop
  endfacet
  facet normal 0.9510565162951538 0.3090169943749464 0
    outer loop
      vertex -8.439835744199165 -18.518341579692034 25
      vertex -8.439835744199165 -18.518341579692034 20.100000001490116
      vertex -8.98312919756448 -16.846256262414506 20.100000001490116
    endloop
  endfacet
  facet normal 0.844327925502015 0.5358267949789969 0
    outer loop
      vertex -9.73170647938591 -15.255448562575985 25
      vertex -9.73170647938591 -15.255448562575985 20.100000001490116
      vertex -10.673762078750736 -13.771006467905377 20.100000001490116
    endloop
  endfacet
  facet normal 0.9048270524660195 0.4257792915650729 0
    outer loop
      vertex -8.98312919756448 -16.846256262414506 25
      vertex -8.98312919756448 -16.846256262414506 20.100000001490116
      vertex -9.73170647938591 -15.255448562575985 20.100000001490116
    endloop
  endfacet
  facet normal 0.9822872507286885 0.18738131458572563 0
    outer loop
      vertex -8.110394181597309 -20.245334730099742 25
      vertex -8.439835744199165 -18.518341579692034 20.100000001490116
      vertex -8.439835744199165 -18.518341579692034 25
    endloop
  endfacet
  facet normal 0.9510565162951538 0.3090169943749464 0
    outer loop
      vertex -8.439835744199165 -18.518341579692034 25
      vertex -8.98312919756448 -16.846256262414506 20.100000001490116
      vertex -8.98312919756448 -16.846256262414506 25
    endloop
  endfacet
  facet normal 0 0 1
    outer loop
      vertex -8.110394181597309 -20.245334730099742 25
      vertex -8.439835744199165 -18.518341579692034 25
      vertex -8.98312919756448 -16.846256262414506 25
    endloop
  endfacet
  facet normal 0 0 1
    outer loop
      vertex -8.110394181597309 -20.245334730099742 25
      vertex -8.98312919756448 -16.846256262414506 25
      vertex -10.673762078750736 -13.771006467905377 25
    endloop
  endfacet
  facet normal 0.9048270524660195 0.4257792915650729 0
    outer loop
      vertex -8.98312919756448 -16.846256262414506 25
      vertex -9.73170647938591 -15.255448562575985 20.100000001490116
      vertex -9.73170647938591 -15.255448562575985 25
    endloop
  endfacet
  facet normal 0 0 1
    outer loop
      vertex -8.98312919756448 -16.846256262414506 25
      vertex -9.73170647938591 -15.255448562575985 25
      vertex -10.673762078750736 -13.771006467905377 25
    endloop
  endfacet
  facet normal 0.7705132427757896 0.6374239897486892 0
    outer loop
      vertex -10.673762078750736 -13.771006467905377 25
      vertex -10.673762078750736 -13.771006467905377 20.100000001490116
      vertex -11.794439216100239 -12.416340516998357 20.100000001490116
    endloop
  endfacet
  facet normal 0.844327925502015 0.5358267949789969 0
    outer loop
      vertex -9.73170647938591 -15.255448562575985 25
      vertex -10.673762078750736 -13.771006467905377 20.100000001490116
      vertex -10.673762078750736 -13.771006467905377 25
    endloop
  endfacet
  facet normal 0.36812455268467736 0.9297764858882516 0
    outer loop
      vertex -16.039089918088983 -9.332421265475727 25
      vertex -16.039089918088983 -9.332421265475727 20.100000001490116
      vertex -17.673762078750737 -8.68520877186785 20.100000001490116
    endloop
  endfacet
  facet normal 0.36812455268467736 0.9297764858882516 0
    outer loop
      vertex -17.673762078750737 -8.68520877186785 25
      vertex -16.039089918088983 -9.332421265475727 25
      vertex -17.673762078750737 -8.68520877186785 20.100000001490116
    endloop
  endfacet
  facet normal 0 0 -1
    outer loop
      vertex -32.445324250609566 -5.4289623147961175 0
      vertex -28.540317017956557 -3.42328449382438 0
      vertex -32.07675812337327 -5.240998888960437 0
    endloop
  endfacet
  facet normal 0 0 -1
    outer loop
      vertex -32.445324250609566 -5.4289623147961175 0
      vertex -31.785039230126024 -5.065967553012092 0
      vertex -28.540317017956557 -3.42328449382438 0
    endloop
  endfacet
  facet normal 0 0 -1
    outer loop
      vertex -31.785039230126024 -5.065967553012092 0
      vertex -31.17545606150786 -4.623079456654734 0
      vertex -28.540317017956557 -3.42328449382438 0
    endloop
  endfacet
  facet normal 0 0 -1
    outer loop
      vertex -32.07675812337327 -5.240998888960437 0
      vertex -28.540317017956557 -3.42328449382438 0
      vertex -28.89688283373971 -3.6193082098640783 0
    endloop
  endfacet
  facet normal 0.454315918454054 -0.8908406402040991 0
    outer loop
      vertex -32.07675812337327 -5.240998888960437 0
      vertex -28.89688283373971 -3.6193082098640783 0
      vertex -28.89688283373971 -3.6193082098640783 2
    endloop
  endfacet
  facet normal 0.4543159184540539 -0.8908406402040993 0
    outer loop
      vertex -32.07675812337327 -5.240998888960437 0
      vertex -31.217429471634034 -4.8027536315602495 2
      vertex -32.07675812337327 -5.240998888960437 4
    endloop
  endfacet
  facet normal 0.45431591845405417 -0.8908406402040993 -8.524127667814152e-17
    outer loop
      vertex -32.07675812337327 -5.240998888960437 0
      vertex -28.89688283373971 -3.6193082098640783 2
      vertex -31.217429471634034 -4.8027536315602495 2
    endloop
  endfacet
  facet normal 0 0 -1
    outer loop
      vertex -31.17545606150786 -4.623079456654734 0
      vertex -30.62618823547153 -4.1072826355721315 0
      vertex -28.540317017956557 -3.42328449382438 0
    endloop
  endfacet
  facet normal 0 0 -1
    outer loop
      vertex -30.62618823547153 -4.1072826355721315 0
      vertex -30.145898033750314 -3.526711513754839 0
      vertex -28.540317017956557 -3.42328449382438 0
    endloop
  endfacet
  facet normal 0 0 -1
    outer loop
      vertex -30.145898033750314 -3.526711513754839 0
      vertex -29.74215991973682 -2.890522044610292 0
      vertex -28.540317017956557 -3.42328449382438 0
    endloop
  endfacet
  facet normal -0.48175367410171216 0.8763066800438652 0
    outer loop
      vertex -37.554675749390434 5.428962314796117 0
      vertex -38.21496076987398 5.06596755301209 4
      vertex -37.554675749390434 5.428962314796117 4
    endloop
  endfacet
  facet normal 0 0 -1
    outer loop
      vertex -29.742159919736817 2.890522044610292 0
      vertex -30.145898033750314 3.526711513754839 0
      vertex -28.69214280801134 1.8171354035439553 0
    endloop
  endfacet
  facet normal 0 0 -1
    outer loop
      vertex -30.145898033750314 3.526711513754839 0
      vertex -30.62618823547153 4.107282635572132 0
      vertex -28.69214280801134 1.8171354035439553 0
    endloop
  endfacet
  facet normal 0 0 -1
    outer loop
      vertex -32.445324250609566 5.428962314796117 0
      vertex -28.540317017956557 3.4232844938243785 0
      vertex -31.78503923012602 5.06596755301209 0
    endloop
  endfacet
  facet normal 0 0 -1
    outer loop
      vertex -31.175456061507862 4.623079456654735 0
      vertex -31.78503923012602 5.06596755301209 0
      vertex -28.540317017956557 3.4232844938243785 0
    endloop
  endfacet
  facet normal 0 0 -1
    outer loop
      vertex -31.175456061507862 4.623079456654735 0
      vertex -28.540317017956557 3.4232844938243785 0
      vertex -30.62618823547153 4.107282635572132 0
    endloop
  endfacet
  facet normal 0 0 -1
    outer loop
      vertex -32.445324250609566 5.428962314796117 0
      vertex -28.89688283373971 3.619308209864078 0
      vertex -28.540317017956557 3.4232844938243785 0
    endloop
  endfacet
  facet normal 0.454315918454054 0.8908406402040993 5.574457480539997e-17
    outer loop
      vertex -32.445324250609566 5.428962314796117 0
      vertex -31.217429471634034 4.802753631560249 2
      vertex -28.89688283373971 3.619308209864078 0
    endloop
  endfacet
  facet normal 0.454315918454054 0.8908406402040993 0
    outer loop
      vertex -31.217429471634034 4.802753631560249 2
      vertex -28.89688283373971 3.619308209864078 2
      vertex -28.89688283373971 3.619308209864078 0
    endloop
  endfacet
  facet normal 0 0 -1
    outer loop
      vertex -29.74215991973682 -2.890522044610292 0
      vertex -29.421341084670495 -2.20874731610807 0
      vertex -28.540317017956557 -3.42328449382438 0
    endloop
  endfacet
  facet normal 0.48175367410171527 -0.8763066800438637 0
    outer loop
      vertex -28.89688283373971 -3.6193082098640783 0
      vertex -28.540317017956557 -3.42328449382438 0
      vertex -28.540317017956557 -3.42328449382438 2
    endloop
  endfacet
  facet normal 0 0 -1
    outer loop
      vertex -29.421341084670495 -2.20874731610807 0
      vertex -29.188501033228214 -1.4921393229891267 0
      vertex -28.540317017956557 -3.42328449382438 0
    endloop
  endfacet
  facet normal 0 0 -1
    outer loop
      vertex -29.188501033228214 -1.4921393229891267 0
      vertex -28.693268442312807 -1.8052274364677567 0
      vertex -28.540317017956557 -3.42328449382438 0
    endloop
  endfacet
  facet normal 0.48175367410171527 -0.8763066800438637 0
    outer loop
      vertex -28.89688283373971 -3.6193082098640783 0
      vertex -28.540317017956557 -3.42328449382438 2
      vertex -28.89688283373971 -3.6193082098640783 2
    endloop
  endfacet
  facet normal 0 0 -1
    outer loop
      vertex -29.188501033228214 -1.4921393229891267 0
      vertex -29.047311792113135 -0.7519994013858244 0
      vertex -28.693268442312807 -1.8052274364677567 0
    endloop
  endfacet
  facet normal 0 0 -1
    outer loop
      vertex -29.047311792113135 -0.7519994013858244 0
      vertex -29 0 0
      vertex -28.693268442312807 -1.8052274364677567 0
    endloop
  endfacet
  facet normal 0 0 -1
    outer loop
      vertex -29 0 0
      vertex -28.75 0 0
      vertex -28.693268442312807 -1.8052274364677567 0
    endloop
  endfacet
  facet normal 0 0 -1
    outer loop
      vertex -29 0 0
      vertex -29.047311792113135 0.7519994013858255 0
      vertex -28.75 0 0
    endloop
  endfacet
  facet normal 0 0 -1
    outer loop
      vertex -29.047311792113135 0.7519994013858255 0
      vertex -29.188501033228214 1.4921393229891287 0
      vertex -28.75 0 0
    endloop
  endfacet
  facet normal 0 0 -1
    outer loop
      vertex -29.188501033228214 1.4921393229891287 0
      vertex -28.693268442312807 1.8052274364677567 0
      vertex -28.75 0 0
    endloop
  endfacet
  facet normal 0 0 -1
    outer loop
      vertex -29.42134108467049 2.208747316108068 0
      vertex -28.693268442312807 1.8052274364677567 0
      vertex -29.188501033228214 1.4921393229891287 0
    endloop
  endfacet
  facet normal 0 0 -1
    outer loop
      vertex -29.42134108467049 2.208747316108068 0
      vertex -28.69214280801134 1.8171354035439553 0
      vertex -28.693268442312807 1.8052274364677567 0
    endloop
  endfacet
  facet normal 0 0 -1
    outer loop
      vertex -29.42134108467049 2.208747316108068 0
      vertex -29.742159919736817 2.890522044610292 0
      vertex -28.69214280801134 1.8171354035439553 0
    endloop
  endfacet
  facet normal 0 0 -1
    outer loop
      vertex -30.62618823547153 4.107282635572132 0
      vertex -28.540317017956557 3.4232844938243785 0
      vertex -28.69214280801134 1.8171354035439553 0
    endloop
  endfacet
  facet normal 0.4817536741017169 0.8763066800438627 -3.751710731680604e-15
    outer loop
      vertex -28.89688283373971 3.619308209864078 0
      vertex -28.540317017956557 3.423284493824379 0.09999999999999964
      vertex -28.540317017956557 3.4232844938243785 0
    endloop
  endfacet
  facet normal 0.48175367410171605 0.8763066800438631 0
    outer loop
      vertex -28.89688283373971 3.619308209864078 0
      vertex -28.89688283373971 3.619308209864078 2
      vertex -28.540317017956557 3.423284493824379 0.09999999999999964
    endloop
  endfacet
  facet normal 0.4817536741017161 0.8763066800438631 0
    outer loop
      vertex -28.89688283373971 3.619308209864078 2
      vertex -28.540317017956557 3.423284493824379 2
      vertex -28.540317017956557 3.423284493824379 0.09999999999999964
    endloop
  endfacet
  facet normal -0.5877852522924725 -0.809016994374948 0
    outer loop
      vertex -38.82454393849214 -4.623079456654736 4
      vertex -38.21496076987398 -5.06596755301209 4
      vertex -38.82454393849214 -4.623079456654736 20
    endloop
  endfacet
  facet normal -0.6845471059286916 -0.7289686274214088 0
    outer loop
      vertex -39.37381176452847 -4.1072826355721315 4
      vertex -38.82454393849214 -4.623079456654736 4
      vertex -39.37381176452847 -4.1072826355721315 20
    endloop
  endfacet
  facet normal -0.3681245526846789 -0.929776485888251 0
    outer loop
      vertex -37.554675749390434 -5.4289623147961175 4
      vertex -36.85410196624969 -5.706339097770921 4
      vertex -37.554675749390434 -5.4289623147961175 20
    endloop
  endfacet
  facet normal -0.48175367410171305 -0.8763066800438647 0
    outer loop
      vertex -37.554675749390434 -5.4289623147961175 4
      vertex -38.21496076987398 -5.06596755301209 20
      vertex -38.21496076987398 -5.06596755301209 4
    endloop
  endfacet
  facet normal -0.24868988716485402 -0.9685831611286313 0
    outer loop
      vertex -36.85410196624969 -5.706339097770921 4
      vertex -36.12428788751435 -5.893723504372131 4
      vertex -36.85410196624969 -5.706339097770921 20
    endloop
  endfacet
  facet normal -0.12533323356430526 -0.9921147013144777 0
    outer loop
      vertex -36.12428788751435 -5.893723504372131 4
      vertex -35.376743117175884 -5.988160370569629 4
      vertex -36.12428788751435 -5.893723504372131 20
    endloop
  endfacet
  facet normal -0.8443279255020175 -0.5358267949789928 0
    outer loop
      vertex -40.25784008026318 -2.890522044610292 4
      vertex -39.85410196624969 -3.526711513754839 4
      vertex -40.25784008026318 -2.890522044610292 20
    endloop
  endfacet
  facet normal -0.9048270524660165 -0.42577929156507915 0
    outer loop
      vertex -40.25784008026318 -2.890522044610292 4
      vertex -40.57865891532951 -2.208747316108067 20
      vertex -40.57865891532951 -2.208747316108067 4
    endloop
  endfacet
  facet normal -0.9510565162951552 -0.3090169943749426 0
    outer loop
      vertex -40.57865891532951 -2.208747316108067 4
      vertex -40.81149896677179 -1.492139322989129 20
      vertex -40.81149896677179 -1.492139322989129 4
    endloop
  endfacet
  facet normal -0.7705132427757875 -0.6374239897486919 0
    outer loop
      vertex -39.37381176452847 -4.1072826355721315 4
      vertex -39.85410196624969 -3.526711513754839 20
      vertex -39.85410196624969 -3.526711513754839 4
    endloop
  endfacet
  facet normal -0.982287250728689 -0.1873813145857224 0
    outer loop
      vertex -40.952688207886865 -0.7519994013858244 4
      vertex -40.81149896677179 -1.492139322989129 4
      vertex -40.952688207886865 -0.7519994013858244 20
    endloop
  endfacet
  facet normal -0.9980267284282713 -0.06279051952931575 0
    outer loop
      vertex -40.952688207886865 -0.7519994013858244 4
      vertex -41 0 20
      vertex -41 0 4
    endloop
  endfacet
  facet normal -0.9980267284282713 0.06279051952931575 0
    outer loop
      vertex -41 0 4
      vertex -40.952688207886865 0.7519994013858244 20
      vertex -40.952688207886865 0.7519994013858244 4
    endloop
  endfacet
  facet normal 0 -1 0
    outer loop
      vertex -35.376743117175884 -5.988160370569629 4
      vertex -34.623256882824116 -5.988160370569629 4
      vertex -35.376743117175884 -5.988160370569629 20
    endloop
  endfacet
  facet normal 0.12533323356430526 -0.9921147013144777 0
    outer loop
      vertex -34.623256882824116 -5.988160370569629 4
      vertex -33.87571211248565 -5.893723504372131 4
      vertex -34.623256882824116 -5.988160370569629 20
    endloop
  endfacet
  facet normal 0.24868988716485402 -0.9685831611286313 0
    outer loop
      vertex -33.87571211248565 -5.893723504372131 4
      vertex -33.14589803375031 -5.706339097770921 4
      vertex -33.87571211248565 -5.893723504372131 20
    endloop
  endfacet
  facet normal 0.3681245526846789 -0.929776485888251 0
    outer loop
      vertex -33.14589803375031 -5.706339097770921 4
      vertex -32.445324250609566 -5.4289623147961175 4
      vertex -33.14589803375031 -5.706339097770921 20
    endloop
  endfacet
  facet normal 0.45431591845405384 -0.8908406402040993 -2.280254072662564e-17
    outer loop
      vertex -31.217429471634034 -4.8027536315602495 2
      vertex -32.445324250609566 -5.4289623147961175 20
      vertex -32.07675812337327 -5.240998888960437 4
    endloop
  endfacet
  facet normal 0.45431591845405445 -0.8908406402040989 0
    outer loop
      vertex -32.445324250609566 -5.4289623147961175 4
      vertex -32.07675812337327 -5.240998888960437 4
      vertex -32.445324250609566 -5.4289623147961175 20
    endloop
  endfacet
  facet normal -0.6845471059286916 -0.7289686274214088 0
    outer loop
      vertex -38.82454393849214 -4.623079456654736 4
      vertex -38.82454393849214 -4.623079456654736 20
      vertex -39.37381176452847 -4.1072826355721315 20
    endloop
  endfacet
  facet normal -0.3681245526846789 -0.929776485888251 0
    outer loop
      vertex -36.85410196624969 -5.706339097770921 4
      vertex -36.85410196624969 -5.706339097770921 20
      vertex -37.554675749390434 -5.4289623147961175 20
    endloop
  endfacet
  facet normal -0.5877852522924725 -0.809016994374948 0
    outer loop
      vertex -38.21496076987398 -5.06596755301209 4
      vertex -38.21496076987398 -5.06596755301209 20
      vertex -38.82454393849214 -4.623079456654736 20
    endloop
  endfacet
  facet normal -0.48175367410171305 -0.8763066800438647 0
    outer loop
      vertex -37.554675749390434 -5.4289623147961175 4
      vertex -37.554675749390434 -5.4289623147961175 20
      vertex -38.21496076987398 -5.06596755301209 20
    endloop
  endfacet
  facet normal -0.24868988716485402 -0.9685831611286313 0
    outer loop
      vertex -36.12428788751435 -5.893723504372131 4
      vertex -36.12428788751435 -5.893723504372131 20
      vertex -36.85410196624969 -5.706339097770921 20
    endloop
  endfacet
  facet normal -0.12533323356430526 -0.9921147013144777 0
    outer loop
      vertex -35.376743117175884 -5.988160370569629 4
      vertex -35.376743117175884 -5.988160370569629 20
      vertex -36.12428788751435 -5.893723504372131 20
    endloop
  endfacet
  facet normal -0.9048270524660165 -0.42577929156507915 0
    outer loop
      vertex -40.25784008026318 -2.890522044610292 4
      vertex -40.25784008026318 -2.890522044610292 20
      vertex -40.57865891532951 -2.208747316108067 20
    endloop
  endfacet
  facet normal -0.9510565162951552 -0.3090169943749426 0
    outer loop
      vertex -40.57865891532951 -2.208747316108067 4
      vertex -40.57865891532951 -2.208747316108067 20
      vertex -40.81149896677179 -1.492139322989129 20
    endloop
  endfacet
  facet normal -0.7705132427757875 -0.6374239897486919 0
    outer loop
      vertex -39.37381176452847 -4.1072826355721315 4
      vertex -39.37381176452847 -4.1072826355721315 20
      vertex -39.85410196624969 -3.526711513754839 20
    endloop
  endfacet
  facet normal -0.8443279255020175 -0.5358267949789928 0
    outer loop
      vertex -39.85410196624969 -3.526711513754839 4
      vertex -39.85410196624969 -3.526711513754839 20
      vertex -40.25784008026318 -2.890522044610292 20
    endloop
  endfacet
  facet normal -0.982287250728689 -0.1873813145857224 0
    outer loop
      vertex -40.81149896677179 -1.492139322989129 4
      vertex -40.81149896677179 -1.492139322989129 20
      vertex -40.952688207886865 -0.7519994013858244 20
    endloop
  endfacet
  facet normal -0.9980267284282713 -0.06279051952931575 0
    outer loop
      vertex -40.952688207886865 -0.7519994013858244 4
      vertex -40.952688207886865 -0.7519994013858244 20
      vertex -41 0 20
    endloop
  endfacet
  facet normal -0.9980267284282713 0.06279051952931575 0
    outer loop
      vertex -41 0 4
      vertex -41 0 20
      vertex -40.952688207886865 0.7519994013858244 20
    endloop
  endfacet
  facet normal -0.982287250728689 0.1873813145857224 0
    outer loop
      vertex -40.952688207886865 0.7519994013858244 4
      vertex -40.952688207886865 0.7519994013858244 20
      vertex -40.81149896677179 1.492139322989129 20
    endloop
  endfacet
  facet normal 0 -1 0
    outer loop
      vertex -34.623256882824116 -5.988160370569629 4
      vertex -34.623256882824116 -5.988160370569629 20
      vertex -35.376743117175884 -5.988160370569629 20
    endloop
  endfacet
  facet normal 0.12533323356430526 -0.9921147013144777 0
    outer loop
      vertex -33.87571211248565 -5.893723504372131 4
      vertex -33.87571211248565 -5.893723504372131 20
      vertex -34.623256882824116 -5.988160370569629 20
    endloop
  endfacet
  facet normal 0.24868988716485402 -0.9685831611286313 0
    outer loop
      vertex -33.14589803375031 -5.706339097770921 4
      vertex -33.14589803375031 -5.706339097770921 20
      vertex -33.87571211248565 -5.893723504372131 20
    endloop
  endfacet
  facet normal 0.3681245526846789 -0.929776485888251 0
    outer loop
      vertex -32.445324250609566 -5.4289623147961175 4
      vertex -32.445324250609566 -5.4289623147961175 20
      vertex -33.14589803375031 -5.706339097770921 20
    endloop
  endfacet
  facet normal 0.4543159184540541 -0.8908406402040993 0
    outer loop
      vertex -31.217429471634034 -4.8027536315602495 2
      vertex -31.217429471634034 -4.8027536315602495 20
      vertex -32.445324250609566 -5.4289623147961175 20
    endloop
  endfacet
  facet normal -0.982287250728689 0.1873813145857224 0
    outer loop
      vertex -40.952688207886865 0.7519994013858244 4
      vertex -40.81149896677179 1.492139322989129 20
      vertex -40.81149896677179 1.492139322989129 4
    endloop
  endfacet
  facet normal -0.9510565162951552 0.3090169943749426 0
    outer loop
      vertex -40.81149896677179 1.492139322989129 4
      vertex -40.57865891532951 2.208747316108067 20
      vertex -40.57865891532951 2.208747316108067 4
    endloop
  endfacet
  facet normal -0.9048270524660165 0.42577929156507915 0
    outer loop
      vertex -40.57865891532951 2.208747316108067 4
      vertex -40.25784008026318 2.890522044610292 20
      vertex -40.25784008026318 2.890522044610292 4
    endloop
  endfacet
  facet normal -0.8443279255020175 0.5358267949789928 0
    outer loop
      vertex -40.25784008026318 2.890522044610292 4
      vertex -39.85410196624969 3.526711513754839 20
      vertex -39.85410196624969 3.526711513754839 4
    endloop
  endfacet
  facet normal -0.7705132427757875 0.6374239897486919 0
    outer loop
      vertex -39.85410196624969 3.526711513754839 4
      vertex -39.37381176452847 4.1072826355721315 20
      vertex -39.37381176452847 4.1072826355721315 4
    endloop
  endfacet
  facet normal -0.6845471059286916 0.7289686274214088 0
    outer loop
      vertex -39.37381176452847 4.1072826355721315 4
      vertex -38.82454393849214 4.623079456654736 20
      vertex -38.82454393849214 4.623079456654736 4
    endloop
  endfacet
  facet normal -0.5877852522924725 0.809016994374948 0
    outer loop
      vertex -38.82454393849214 4.623079456654736 4
      vertex -38.21496076987398 5.06596755301209 20
      vertex -38.21496076987398 5.06596755301209 4
    endloop
  endfacet
  facet normal -0.48175367410171216 0.8763066800438652 0
    outer loop
      vertex -38.21496076987398 5.06596755301209 4
      vertex -37.554675749390434 5.428962314796117 20
      vertex -37.554675749390434 5.428962314796117 4
    endloop
  endfacet
  facet normal -0.36812455268468 0.9297764858882506 0
    outer loop
      vertex -37.554675749390434 5.428962314796117 4
      vertex -36.85410196624969 5.706339097770921 20
      vertex -36.85410196624969 5.706339097770921 4
    endloop
  endfacet
  facet normal -0.24868988716485513 0.968583161128631 0
    outer loop
      vertex -36.85410196624969 5.706339097770921 4
      vertex -36.12428788751435 5.893723504372132 20
      vertex -36.12428788751435 5.893723504372132 4
    endloop
  endfacet
  facet normal -0.12533323356430293 0.992114701314478 0
    outer loop
      vertex -36.12428788751435 5.893723504372132 4
      vertex -35.37674311717588 5.988160370569629 20
      vertex -35.37674311717588 5.988160370569629 4
    endloop
  endfacet
  facet normal 0.4543159184540541 0.8908406402040993 0
    outer loop
      vertex -32.445324250609566 5.428962314796117 0
      vertex -31.217429471634034 4.802753631560249 20
      vertex -31.217429471634034 4.802753631560249 2
    endloop
  endfacet
  facet normal 0 1 0
    outer loop
      vertex -35.37674311717588 5.988160370569629 4
      vertex -34.62325688282412 5.988160370569629 20
      vertex -34.62325688282412 5.988160370569629 4
    endloop
  endfacet
  facet normal 0.12533323356430293 0.992114701314478 0
    outer loop
      vertex -34.62325688282412 5.988160370569629 4
      vertex -33.87571211248565 5.893723504372132 20
      vertex -33.87571211248565 5.893723504372132 4
    endloop
  endfacet
  facet normal 0.24868988716485513 0.968583161128631 0
    outer loop
      vertex -33.87571211248565 5.893723504372132 4
      vertex -33.14589803375031 5.706339097770921 20
      vertex -33.14589803375031 5.706339097770921 4
    endloop
  endfacet
  facet normal 0.36812455268468 0.9297764858882506 0
    outer loop
      vertex -33.14589803375031 5.706339097770921 4
      vertex -32.445324250609566 5.428962314796117 20
      vertex -32.445324250609566 5.428962314796117 4
    endloop
  endfacet
  facet normal 0.45431591845405406 0.8908406402040991 0
    outer loop
      vertex -32.445324250609566 5.428962314796117 0
      vertex -32.445324250609566 5.428962314796117 4
      vertex -31.217429471634034 4.802753631560249 20
    endloop
  endfacet
  facet normal -0.9510565162951552 0.3090169943749426 0
    outer loop
      vertex -40.81149896677179 1.492139322989129 4
      vertex -40.81149896677179 1.492139322989129 20
      vertex -40.57865891532951 2.208747316108067 20
    endloop
  endfacet
  facet normal -0.9048270524660165 0.42577929156507915 0
    outer loop
      vertex -40.57865891532951 2.208747316108067 4
      vertex -40.57865891532951 2.208747316108067 20
      vertex -40.25784008026318 2.890522044610292 20
    endloop
  endfacet
  facet normal -0.8443279255020175 0.5358267949789928 0
    outer loop
      vertex -40.25784008026318 2.890522044610292 4
      vertex -40.25784008026318 2.890522044610292 20
      vertex -39.85410196624969 3.526711513754839 20
    endloop
  endfacet
  facet normal -0.7705132427757875 0.6374239897486919 0
    outer loop
      vertex -39.85410196624969 3.526711513754839 4
      vertex -39.85410196624969 3.526711513754839 20
      vertex -39.37381176452847 4.1072826355721315 20
    endloop
  endfacet
  facet normal -0.6845471059286916 0.7289686274214088 0
    outer loop
      vertex -39.37381176452847 4.1072826355721315 4
      vertex -39.37381176452847 4.1072826355721315 20
      vertex -38.82454393849214 4.623079456654736 20
    endloop
  endfacet
  facet normal -0.5877852522924725 0.809016994374948 0
    outer loop
      vertex -38.82454393849214 4.623079456654736 4
      vertex -38.82454393849214 4.623079456654736 20
      vertex -38.21496076987398 5.06596755301209 20
    endloop
  endfacet
  facet normal -0.48175367410171216 0.8763066800438652 0
    outer loop
      vertex -38.21496076987398 5.06596755301209 4
      vertex -38.21496076987398 5.06596755301209 20
      vertex -37.554675749390434 5.428962314796117 20
    endloop
  endfacet
  facet normal -0.36812455268468 0.9297764858882506 0
    outer loop
      vertex -37.554675749390434 5.428962314796117 4
      vertex -37.554675749390434 5.428962314796117 20
      vertex -36.85410196624969 5.706339097770921 20
    endloop
  endfacet
  facet normal -0.24868988716485513 0.968583161128631 0
    outer loop
      vertex -36.85410196624969 5.706339097770921 4
      vertex -36.85410196624969 5.706339097770921 20
      vertex -36.12428788751435 5.893723504372132 20
    endloop
  endfacet
  facet normal -0.12533323356430293 0.992114701314478 0
    outer loop
      vertex -36.12428788751435 5.893723504372132 4
      vertex -36.12428788751435 5.893723504372132 20
      vertex -35.37674311717588 5.988160370569629 20
    endloop
  endfacet
  facet normal 0 1 0
    outer loop
      vertex -35.37674311717588 5.988160370569629 4
      vertex -35.37674311717588 5.988160370569629 20
      vertex -34.62325688282412 5.988160370569629 20
    endloop
  endfacet
  facet normal 0.12533323356430293 0.992114701314478 0
    outer loop
      vertex -34.62325688282412 5.988160370569629 4
      vertex -34.62325688282412 5.988160370569629 20
      vertex -33.87571211248565 5.893723504372132 20
    endloop
  endfacet
  facet normal 0.24868988716485513 0.968583161128631 0
    outer loop
      vertex -33.87571211248565 5.893723504372132 4
      vertex -33.87571211248565 5.893723504372132 20
      vertex -33.14589803375031 5.706339097770921 20
    endloop
  endfacet
  facet normal 0.36812455268468 0.9297764858882506 0
    outer loop
      vertex -33.14589803375031 5.706339097770921 4
      vertex -33.14589803375031 5.706339097770921 20
      vertex -32.445324250609566 5.428962314796117 20
    endloop
  endfacet
  facet normal 0.45431591845405406 0.8908406402040991 0
    outer loop
      vertex -32.445324250609566 5.428962314796117 4
      vertex -32.445324250609566 5.428962314796117 20
      vertex -31.217429471634034 4.802753631560249 20
    endloop
  endfacet
  facet normal 0 0 1
    outer loop
      vertex -38.82454393849214 -4.623079456654736 20
      vertex -38.21496076987398 -5.06596755301209 20
      vertex -39.85410196624969 -3.526711513754839 20
    endloop
  endfacet
  facet normal 0 0 1
    outer loop
      vertex -37.554675749390434 -5.4289623147961175 20
      vertex -36.85410196624969 -5.706339097770921 20
      vertex -38.21496076987398 -5.06596755301209 20
    endloop
  endfacet
  facet normal 0 0 1
    outer loop
      vertex -38.21496076987398 -5.06596755301209 20
      vertex -35.376743117175884 -5.988160370569629 20
      vertex -39.85410196624969 -3.526711513754839 20
    endloop
  endfacet
  facet normal 0 0 1
    outer loop
      vertex -38.21496076987398 -5.06596755301209 20
      vertex -36.85410196624969 -5.706339097770921 20
      vertex -35.376743117175884 -5.988160370569629 20
    endloop
  endfacet
  facet normal 0 0 1
    outer loop
      vertex -36.85410196624969 -5.706339097770921 20
      vertex -36.12428788751435 -5.893723504372131 20
      vertex -35.376743117175884 -5.988160370569629 20
    endloop
  endfacet
  facet normal 0 0 1
    outer loop
      vertex -40.25784008026318 -2.890522044610292 20
      vertex -39.85410196624969 -3.526711513754839 20
      vertex -40.57865891532951 -2.208747316108067 20
    endloop
  endfacet
  facet normal 0 0 1
    outer loop
      vertex -40.57865891532951 -2.208747316108067 20
      vertex -39.85410196624969 -3.526711513754839 20
      vertex -40.81149896677179 -1.492139322989129 20
    endloop
  endfacet
  facet normal 0 0 1
    outer loop
      vertex -39.37381176452847 -4.1072826355721315 20
      vertex -38.82454393849214 -4.623079456654736 20
      vertex -39.85410196624969 -3.526711513754839 20
    endloop
  endfacet
  facet normal 0 0 1
    outer loop
      vertex -39.85410196624969 -3.526711513754839 20
      vertex -35.376743117175884 -5.988160370569629 20
      vertex -40.952688207886865 0.7519994013858244 20
    endloop
  endfacet
  facet normal 0 0 1
    outer loop
      vertex -40.952688207886865 -0.7519994013858244 20
      vertex -40.81149896677179 -1.492139322989129 20
      vertex -41 0 20
    endloop
  endfacet
  facet normal 0 0 1
    outer loop
      vertex -39.85410196624969 -3.526711513754839 20
      vertex -40.952688207886865 0.7519994013858244 20
      vertex -40.81149896677179 -1.492139322989129 20
    endloop
  endfacet
  facet normal 0 0 1
    outer loop
      vertex -40.81149896677179 -1.492139322989129 20
      vertex -40.952688207886865 0.7519994013858244 20
      vertex -41 0 20
    endloop
  endfacet
  facet normal 0 0 1
    outer loop
      vertex -40.952688207886865 0.7519994013858244 20
      vertex -35.376743117175884 -5.988160370569629 20
      vertex -31.57636746674761 0.7519994013858253 20
    endloop
  endfacet
  facet normal 0 0 1
    outer loop
      vertex -35.376743117175884 -5.988160370569629 20
      vertex -34.623256882824116 -5.988160370569629 20
      vertex -33.87571211248565 -5.893723504372131 20
    endloop
  endfacet
  facet normal 0 0 1
    outer loop
      vertex -35.376743117175884 -5.988160370569629 20
      vertex -33.87571211248565 -5.893723504372131 20
      vertex -32.445324250609566 -5.4289623147961175 20
    endloop
  endfacet
  facet normal 0 0 1
    outer loop
      vertex -33.87571211248565 -5.893723504372131 20
      vertex -33.14589803375031 -5.706339097770921 20
      vertex -32.445324250609566 -5.4289623147961175 20
    endloop
  endfacet
  facet normal 0 0 1
    outer loop
      vertex -35.376743117175884 -5.988160370569629 20
      vertex -32.445324250609566 -5.4289623147961175 20
      vertex -31.302316305166833 -4.266799257766574 20
    endloop
  endfacet
  facet normal 0 0 1
    outer loop
      vertex -32.445324250609566 -5.4289623147961175 20
      vertex -31.217429471634034 -4.8027536315602495 20
      vertex -31.302316305166833 -4.266799257766574 20
    endloop
  endfacet
  facet normal 0 0 1
    outer loop
      vertex -35.376743117175884 -5.988160370569629 20
      vertex -31.302316305166833 -4.266799257766574 20
      vertex -31.54020638410818 -1.9026637084194977 20
    endloop
  endfacet
  facet normal 0 0 1
    outer loop
      vertex -35.376743117175884 -5.988160370569629 20
      vertex -31.54020638410818 -1.9026637084194977 20
      vertex -31.57636746674761 0.7519994013858253 20
    endloop
  endfacet
  facet normal 0 0 1
    outer loop
      vertex -31.302316305166833 -4.266799257766574 20
      vertex -31.350824561537504 -1.7009925508581478 20
      vertex -31.54020638410818 -1.9026637084194977 20
    endloop
  endfacet
  facet normal 0 0 1
    outer loop
      vertex -40.952688207886865 0.7519994013858244 20
      vertex -40.57865891532951 2.208747316108067 20
      vertex -40.81149896677179 1.492139322989129 20
    endloop
  endfacet
  facet normal 0 0 1
    outer loop
      vertex -40.952688207886865 0.7519994013858244 20
      vertex -39.85410196624969 3.526711513754839 20
      vertex -40.57865891532951 2.208747316108067 20
    endloop
  endfacet
  facet normal 0 0 1
    outer loop
      vertex -40.57865891532951 2.208747316108067 20
      vertex -39.85410196624969 3.526711513754839 20
      vertex -40.25784008026318 2.890522044610292 20
    endloop
  endfacet
  facet normal 0 0 1
    outer loop
      vertex -40.952688207886865 0.7519994013858244 20
      vertex -38.82454393849214 4.623079456654736 20
      vertex -39.85410196624969 3.526711513754839 20
    endloop
  endfacet
  facet normal 0 0 1
    outer loop
      vertex -39.85410196624969 3.526711513754839 20
      vertex -38.82454393849214 4.623079456654736 20
      vertex -39.37381176452847 4.1072826355721315 20
    endloop
  endfacet
  facet normal 0 0 1
    outer loop
      vertex -40.952688207886865 0.7519994013858244 20
      vertex -35.37674311717588 5.988160370569629 20
      vertex -38.82454393849214 4.623079456654736 20
    endloop
  endfacet
  facet normal 0 0 1
    outer loop
      vertex -38.82454393849214 4.623079456654736 20
      vertex -35.37674311717588 5.988160370569629 20
      vertex -38.21496076987398 5.06596755301209 20
    endloop
  endfacet
  facet normal 0 0 1
    outer loop
      vertex -38.21496076987398 5.06596755301209 20
      vertex -36.85410196624969 5.706339097770921 20
      vertex -37.554675749390434 5.428962314796117 20
    endloop
  endfacet
  facet normal 0 0 1
    outer loop
      vertex -40.952688207886865 0.7519994013858244 20
      vertex -31.342964419789425 4.010157162499506 20
      vertex -35.37674311717588 5.988160370569629 20
    endloop
  endfacet
  facet normal 0 0 1
    outer loop
      vertex -38.21496076987398 5.06596755301209 20
      vertex -35.37674311717588 5.988160370569629 20
      vertex -36.85410196624969 5.706339097770921 20
    endloop
  endfacet
  facet normal 0 0 1
    outer loop
      vertex -36.85410196624969 5.706339097770921 20
      vertex -35.37674311717588 5.988160370569629 20
      vertex -36.12428788751435 5.893723504372132 20
    endloop
  endfacet
  facet normal 0 0 1
    outer loop
      vertex -40.952688207886865 0.7519994013858244 20
      vertex -31.57636746674761 0.7519994013858253 20
      vertex -31.551316202423184 1.549143557483414 20
    endloop
  endfacet
  facet normal 0 0 1
    outer loop
      vertex -40.952688207886865 0.7519994013858244 20
      vertex -31.551316202423184 1.549143557483414 20
      vertex -31.342964419789425 4.010157162499506 20
    endloop
  endfacet
  facet normal 0 0 1
    outer loop
      vertex -35.37674311717588 5.988160370569629 20
      vertex -33.87571211248565 5.893723504372132 20
      vertex -34.62325688282412 5.988160370569629 20
    endloop
  endfacet
  facet normal 0 0 1
    outer loop
      vertex -35.37674311717588 5.988160370569629 20
      vertex -32.445324250609566 5.428962314796117 20
      vertex -33.87571211248565 5.893723504372132 20
    endloop
  endfacet
  facet normal 0 0 1
    outer loop
      vertex -35.37674311717588 5.988160370569629 20
      vertex -31.342964419789425 4.010157162499506 20
      vertex -32.445324250609566 5.428962314796117 20
    endloop
  endfacet
  facet normal 0 0 1
    outer loop
      vertex -33.87571211248565 5.893723504372132 20
      vertex -32.445324250609566 5.428962314796117 20
      vertex -33.14589803375031 5.706339097770921 20
    endloop
  endfacet
  facet normal 0 0 1
    outer loop
      vertex -31.551316202423184 1.549143557483414 20
      vertex -31.27577789416074 1.5725065040921404 20
      vertex -31.342964419789425 4.010157162499506 20
    endloop
  endfacet
  facet normal 0 0 1
    outer loop
      vertex -31.342964419789425 4.010157162499506 20
      vertex -31.217429471634034 4.802753631560249 20
      vertex -32.445324250609566 5.428962314796117 20
    endloop
  endfacet
  facet normal -0.6845471059286916 -0.7289686274214088 0
    outer loop
      vertex -39.37381176452847 -4.1072826355721315 -12
      vertex -38.82454393849214 -4.623079456654736 -12
      vertex -38.82454393849214 -4.623079456654736 -8
    endloop
  endfacet
  facet normal 0 0 -1
    outer loop
      vertex -36.85410196624969 -5.706339097770921 -12
      vertex -35.92705098312484 -2.8531695488854605 -12
      vertex -36.12428788751435 -5.893723504372131 -12
    endloop
  endfacet
  facet normal 0 0 -1
    outer loop
      vertex -37.554675749390434 -5.4289623147961175 -12
      vertex -36.5 -2.598076211353316 -12
      vertex -36.85410196624969 -5.706339097770921 -12
    endloop
  endfacet
  facet normal 0 0 -1
    outer loop
      vertex -36.12428788751435 -5.893723504372131 -12
      vertex -35.31358538980296 -2.9835656861048196 -12
      vertex -35.376743117175884 -5.988160370569629 -12
    endloop
  endfacet
  facet normal -0.3681245526846789 -0.929776485888251 0
    outer loop
      vertex -37.554675749390434 -5.4289623147961175 -12
      vertex -36.85410196624969 -5.706339097770921 -12
      vertex -36.85410196624969 -5.706339097770921 -8
    endloop
  endfacet
  facet normal -0.5877852522924725 -0.809016994374948 0
    outer loop
      vertex -38.82454393849214 -4.623079456654736 -12
      vertex -38.21496076987398 -5.06596755301209 -12
      vertex -38.21496076987398 -5.06596755301209 -8
    endloop
  endfacet
  facet normal -0.48175367410171305 -0.8763066800438647 0
    outer loop
      vertex -37.554675749390434 -5.4289623147961175 -12
      vertex -37.554675749390434 -5.4289623147961175 -8
      vertex -38.21496076987398 -5.06596755301209 -12
    endloop
  endfacet
  facet normal -0.24868988716485402 -0.9685831611286313 0
    outer loop
      vertex -36.85410196624969 -5.706339097770921 -12
      vertex -36.12428788751435 -5.893723504372131 -12
      vertex -36.12428788751435 -5.893723504372131 -8
    endloop
  endfacet
  facet normal -0.12533323356430526 -0.9921147013144777 0
    outer loop
      vertex -36.12428788751435 -5.893723504372131 -12
      vertex -35.376743117175884 -5.988160370569629 -12
      vertex -35.376743117175884 -5.988160370569629 -8
    endloop
  endfacet
  facet normal -0.8443279255020175 -0.5358267949789928 0
    outer loop
      vertex -40.25784008026318 -2.890522044610292 -12
      vertex -39.85410196624969 -3.526711513754839 -12
      vertex -40.25784008026318 -2.890522044610292 -8
    endloop
  endfacet
  facet normal -0.9048270524660165 -0.42577929156507915 0
    outer loop
      vertex -40.25784008026318 -2.890522044610292 -12
      vertex -40.57865891532951 -2.208747316108067 -8
      vertex -40.57865891532951 -2.208747316108067 -12
    endloop
  endfacet
  facet normal -0.9510565162951552 -0.3090169943749426 0
    outer loop
      vertex -40.57865891532951 -2.208747316108067 -12
      vertex -40.81149896677179 -1.492139322989129 -8
      vertex -40.81149896677179 -1.492139322989129 -12
    endloop
  endfacet
  facet normal -0.7705132427757875 -0.6374239897486919 0
    outer loop
      vertex -39.37381176452847 -4.1072826355721315 -12
      vertex -39.85410196624969 -3.526711513754839 -8
      vertex -39.85410196624969 -3.526711513754839 -12
    endloop
  endfacet
  facet normal 0 0 -1
    outer loop
      vertex -40.57865891532951 -2.208747316108067 -12
      vertex -40.81149896677179 -1.492139322989129 -12
      vertex -40.57865891532951 2.208747316108067 -12
    endloop
  endfacet
  facet normal 0 0 -1
    outer loop
      vertex -40.25784008026318 -2.890522044610292 -12
      vertex -40.57865891532951 -2.208747316108067 -12
      vertex -40.25784008026318 2.890522044610292 -12
    endloop
  endfacet
  facet normal 0 0 -1
    outer loop
      vertex -40.952688207886865 -0.7519994013858244 -12
      vertex -40.81149896677179 1.492139322989129 -12
      vertex -40.81149896677179 -1.492139322989129 -12
    endloop
  endfacet
  facet normal 0 0 -1
    outer loop
      vertex -40.952688207886865 -0.7519994013858244 -12
      vertex -41 0 -12
      vertex -40.952688207886865 0.7519994013858244 -12
    endloop
  endfacet
  facet normal 0 0 -1
    outer loop
      vertex -40.952688207886865 -0.7519994013858244 -12
      vertex -40.952688207886865 0.7519994013858244 -12
      vertex -40.81149896677179 1.492139322989129 -12
    endloop
  endfacet
  facet normal 0 0 -1
    outer loop
      vertex -40.81149896677179 -1.492139322989129 -12
      vertex -40.81149896677179 1.492139322989129 -12
      vertex -40.57865891532951 2.208747316108067 -12
    endloop
  endfacet
  facet normal 0 0 -1
    outer loop
      vertex -40.57865891532951 -2.208747316108067 -12
      vertex -40.57865891532951 2.208747316108067 -12
      vertex -40.25784008026318 2.890522044610292 -12
    endloop
  endfacet
  facet normal 0 0 -1
    outer loop
      vertex -40.25784008026318 -2.890522044610292 -12
      vertex -39.85410196624969 3.526711513754839 -12
      vertex -39.85410196624969 -3.526711513754839 -12
    endloop
  endfacet
  facet normal 0 0 -1
    outer loop
      vertex -39.37381176452847 -4.1072826355721315 -12
      vertex -39.85410196624969 -3.526711513754839 -12
      vertex -39.37381176452847 4.1072826355721315 -12
    endloop
  endfacet
  facet normal 0 0 -1
    outer loop
      vertex -39.37381176452847 -4.1072826355721315 -12
      vertex -38.82454393849214 4.623079456654736 -12
      vertex -38.82454393849214 -4.623079456654736 -12
    endloop
  endfacet
  facet normal -0.982287250728689 -0.1873813145857224 0
    outer loop
      vertex -40.952688207886865 -0.7519994013858244 -12
      vertex -40.81149896677179 -1.492139322989129 -12
      vertex -40.952688207886865 -0.7519994013858244 -8
    endloop
  endfacet
  facet normal -0.9980267284282713 -0.06279051952931575 0
    outer loop
      vertex -40.952688207886865 -0.7519994013858244 -12
      vertex -41 0 -8
      vertex -41 0 -12
    endloop
  endfacet
  facet normal -0.9980267284282713 0.06279051952931575 0
    outer loop
      vertex -41 0 -12
      vertex -40.952688207886865 0.7519994013858244 -8
      vertex -40.952688207886865 0.7519994013858244 -12
    endloop
  endfacet
  facet normal 0 0 -1
    outer loop
      vertex -37.554675749390434 -5.4289623147961175 -12
      vertex -38.21496076987398 -5.06596755301209 -12
      vertex -37.42705098312484 -1.7633557568774194 -12
    endloop
  endfacet
  facet normal 0 0 -1
    outer loop
      vertex -37.554675749390434 -5.4289623147961175 -12
      vertex -37.42705098312484 -1.7633557568774194 -12
      vertex -37.007391819076574 -2.229434476432183 -12
    endloop
  endfacet
  facet normal 0 0 -1
    outer loop
      vertex -38.21496076987398 -5.06596755301209 -12
      vertex -37.7406363729278 -1.2202099292274007 -12
      vertex -37.42705098312484 -1.7633557568774194 -12
    endloop
  endfacet
  facet normal 0 0 -1
    outer loop
      vertex -38.21496076987398 -5.06596755301209 -12
      vertex -37.93444280220142 -0.623735072453278 -12
      vertex -37.7406363729278 -1.2202099292274007 -12
    endloop
  endfacet
  facet normal 0 0 -1
    outer loop
      vertex -38.21496076987398 -5.06596755301209 -12
      vertex -38 0 -12
      vertex -37.93444280220142 -0.623735072453278 -12
    endloop
  endfacet
  facet normal 0 0 -1
    outer loop
      vertex -36.85410196624969 -5.706339097770921 -12
      vertex -36.5 -2.598076211353316 -12
      vertex -35.92705098312484 -2.8531695488854605 -12
    endloop
  endfacet
  facet normal 0 0 -1
    outer loop
      vertex -37.554675749390434 -5.4289623147961175 -12
      vertex -37.007391819076574 -2.229434476432183 -12
      vertex -36.5 -2.598076211353316 -12
    endloop
  endfacet
  facet normal 0 0 -1
    outer loop
      vertex -36.12428788751435 -5.893723504372131 -12
      vertex -35.92705098312484 -2.8531695488854605 -12
      vertex -35.31358538980296 -2.9835656861048196 -12
    endloop
  endfacet
  facet normal 0 0 -1
    outer loop
      vertex -38.82454393849214 -4.623079456654736 -12
      vertex -38.21496076987398 5.06596755301209 -12
      vertex -38.21496076987398 -5.06596755301209 -12
    endloop
  endfacet
  facet normal 0 0 -1
    outer loop
      vertex -38.21496076987398 -5.06596755301209 -12
      vertex -38.21496076987398 5.06596755301209 -12
      vertex -38 0 -12
    endloop
  endfacet
  facet normal 0 0 -1
    outer loop
      vertex -35.376743117175884 -5.988160370569629 -12
      vertex -34.68641461019704 -2.9835656861048196 -12
      vertex -34.623256882824116 -5.988160370569629 -12
    endloop
  endfacet
  facet normal 0 0 -1
    outer loop
      vertex -34.623256882824116 -5.988160370569629 -12
      vertex -34.07294901687516 -2.8531695488854605 -12
      vertex -33.87571211248565 -5.893723504372131 -12
    endloop
  endfacet
  facet normal 0 0 -1
    outer loop
      vertex -33.87571211248565 -5.893723504372131 -12
      vertex -33.5 -2.598076211353316 -12
      vertex -33.14589803375031 -5.706339097770921 -12
    endloop
  endfacet
  facet normal 0 0 -1
    outer loop
      vertex -33.14589803375031 -5.706339097770921 -12
      vertex -32.57294901687516 -1.7633557568774194 -12
      vertex -32.445324250609566 -5.4289623147961175 -12
    endloop
  endfacet
  facet normal 0 -1 0
    outer loop
      vertex -35.376743117175884 -5.988160370569629 -12
      vertex -34.623256882824116 -5.988160370569629 -12
      vertex -34.623256882824116 -5.988160370569629 -8
    endloop
  endfacet
  facet normal 0.12533323356430526 -0.9921147013144777 0
    outer loop
      vertex -34.623256882824116 -5.988160370569629 -12
      vertex -33.87571211248565 -5.893723504372131 -12
      vertex -33.87571211248565 -5.893723504372131 -8
    endloop
  endfacet
  facet normal 0.24868988716485402 -0.9685831611286313 0
    outer loop
      vertex -33.87571211248565 -5.893723504372131 -12
      vertex -33.14589803375031 -5.706339097770921 -12
      vertex -33.14589803375031 -5.706339097770921 -8
    endloop
  endfacet
  facet normal 0.3681245526846789 -0.929776485888251 0
    outer loop
      vertex -33.14589803375031 -5.706339097770921 -12
      vertex -32.445324250609566 -5.4289623147961175 -12
      vertex -32.445324250609566 -5.4289623147961175 -8
    endloop
  endfacet
  facet normal 0 0 -1
    outer loop
      vertex -31.785039230126024 -5.065967553012092 -12
      vertex -31.350824561537504 -3.960530180632009 -12
      vertex -31.238618743914294 -4.668969831605905 -12
    endloop
  endfacet
  facet normal 0.48175367410171527 -0.8763066800438636 0
    outer loop
      vertex -32.445324250609566 -5.4289623147961175 -12
      vertex -31.785039230126024 -5.065967553012092 -12
      vertex -31.785039230126024 -5.065967553012092 -8
    endloop
  endfacet
  facet normal 0.5877852522924716 -0.8090169943749486 0
    outer loop
      vertex -31.785039230126024 -5.065967553012092 -12
      vertex -31.238618743914294 -4.668969831605905 -12
      vertex -31.785039230126024 -5.065967553012092 -8
    endloop
  endfacet
  facet normal 0 0 -1
    outer loop
      vertex -35.376743117175884 -5.988160370569629 -12
      vertex -35.31358538980296 -2.9835656861048196 -12
      vertex -34.68641461019704 -2.9835656861048196 -12
    endloop
  endfacet
  facet normal 0 0 -1
    outer loop
      vertex -34.623256882824116 -5.988160370569629 -12
      vertex -34.68641461019704 -2.9835656861048196 -12
      vertex -34.07294901687516 -2.8531695488854605 -12
    endloop
  endfacet
  facet normal 0 0 -1
    outer loop
      vertex -33.87571211248565 -5.893723504372131 -12
      vertex -34.07294901687516 -2.8531695488854605 -12
      vertex -33.5 -2.598076211353316 -12
    endloop
  endfacet
  facet normal 0 0 -1
    outer loop
      vertex -33.14589803375031 -5.706339097770921 -12
      vertex -33.5 -2.598076211353316 -12
      vertex -32.992608180923426 -2.229434476432183 -12
    endloop
  endfacet
  facet normal 0 0 -1
    outer loop
      vertex -33.14589803375031 -5.706339097770921 -12
      vertex -32.992608180923426 -2.229434476432183 -12
      vertex -32.57294901687516 -1.7633557568774194 -12
    endloop
  endfacet
  facet normal 0 0 -1
    outer loop
      vertex -32.445324250609566 -5.4289623147961175 -12
      vertex -32.06555719779858 -0.623735072453278 -12
      vertex -31.785039230126024 -5.065967553012092 -12
    endloop
  endfacet
  facet normal 0 0 -1
    outer loop
      vertex -31.785039230126024 -5.065967553012092 -12
      vertex -31.53764461833338 -1.9841804171262996 -12
      vertex -31.350824561537504 -3.960530180632009 -12
    endloop
  endfacet
  facet normal 0 0 -1
    outer loop
      vertex -32.445324250609566 -5.4289623147961175 -12
      vertex -32.57294901687516 -1.7633557568774194 -12
      vertex -32.2593636270722 -1.2202099292274007 -12
    endloop
  endfacet
  facet normal 0 0 -1
    outer loop
      vertex -32.445324250609566 -5.4289623147961175 -12
      vertex -32.2593636270722 -1.2202099292274007 -12
      vertex -32.06555719779858 -0.623735072453278 -12
    endloop
  endfacet
  facet normal 0 0 -1
    outer loop
      vertex -31.785039230126024 -5.065967553012092 -12
      vertex -32.06555719779858 -0.623735072453278 -12
      vertex -32 0 -12
    endloop
  endfacet
  facet normal 0 0 -1
    outer loop
      vertex -31.785039230126024 -5.065967553012092 -12
      vertex -31.6 0 -12
      vertex -31.53764461833338 -1.9841804171262996 -12
    endloop
  endfacet
  facet normal 0 0 -1
    outer loop
      vertex -31.785039230126024 -5.065967553012092 -12
      vertex -31.53764461833338 1.9841804171262996 -12
      vertex -31.6 0 -12
    endloop
  endfacet
  facet normal 0 0 -1
    outer loop
      vertex -31.785039230126024 -5.065967553012092 -12
      vertex -32 0 -12
      vertex -31.78503923012602 5.06596755301209 -12
    endloop
  endfacet
  facet normal 0 0 -1
    outer loop
      vertex -31.785039230126024 -5.065967553012092 -12
      vertex -31.78503923012602 5.06596755301209 -12
      vertex -31.53764461833338 1.9841804171262996 -12
    endloop
  endfacet
  facet normal -0.5877852522924725 -0.809016994374948 0
    outer loop
      vertex -38.82454393849214 -4.623079456654736 -12
      vertex -38.21496076987398 -5.06596755301209 -8
      vertex -38.82454393849214 -4.623079456654736 -8
    endloop
  endfacet
  facet normal -0.6845471059286916 -0.7289686274214088 0
    outer loop
      vertex -39.37381176452847 -4.1072826355721315 -12
      vertex -38.82454393849214 -4.623079456654736 -8
      vertex -39.37381176452847 -4.1072826355721315 -8
    endloop
  endfacet
  facet normal -0.3681245526846789 -0.929776485888251 0
    outer loop
      vertex -37.554675749390434 -5.4289623147961175 -12
      vertex -36.85410196624969 -5.706339097770921 -8
      vertex -37.554675749390434 -5.4289623147961175 -8
    endloop
  endfacet
  facet normal -0.48175367410171305 -0.8763066800438647 0
    outer loop
      vertex -38.21496076987398 -5.06596755301209 -12
      vertex -37.554675749390434 -5.4289623147961175 -8
      vertex -38.21496076987398 -5.06596755301209 -8
    endloop
  endfacet
  facet normal -0.24868988716485402 -0.9685831611286313 0
    outer loop
      vertex -36.85410196624969 -5.706339097770921 -12
      vertex -36.12428788751435 -5.893723504372131 -8
      vertex -36.85410196624969 -5.706339097770921 -8
    endloop
  endfacet
  facet normal -0.12533323356430526 -0.9921147013144777 0
    outer loop
      vertex -36.12428788751435 -5.893723504372131 -12
      vertex -35.376743117175884 -5.988160370569629 -8
      vertex -36.12428788751435 -5.893723504372131 -8
    endloop
  endfacet
  facet normal 0 0 1
    outer loop
      vertex -36.12428788751435 -5.893723504372131 -8
      vertex -35.376743117175884 -5.988160370569629 -8
      vertex -35.825 -1.4289419162443235 -8
    endloop
  endfacet
  facet normal -0.9048270524660165 -0.42577929156507915 0
    outer loop
      vertex -40.25784008026318 -2.890522044610292 -12
      vertex -40.25784008026318 -2.890522044610292 -8
      vertex -40.57865891532951 -2.208747316108067 -8
    endloop
  endfacet
  facet normal -0.9510565162951552 -0.3090169943749426 0
    outer loop
      vertex -40.57865891532951 -2.208747316108067 -12
      vertex -40.57865891532951 -2.208747316108067 -8
      vertex -40.81149896677179 -1.492139322989129 -8
    endloop
  endfacet
  facet normal -0.7705132427757875 -0.6374239897486919 0
    outer loop
      vertex -39.37381176452847 -4.1072826355721315 -12
      vertex -39.37381176452847 -4.1072826355721315 -8
      vertex -39.85410196624969 -3.526711513754839 -8
    endloop
  endfacet
  facet normal -0.8443279255020175 -0.5358267949789928 0
    outer loop
      vertex -39.85410196624969 -3.526711513754839 -12
      vertex -39.85410196624969 -3.526711513754839 -8
      vertex -40.25784008026318 -2.890522044610292 -8
    endloop
  endfacet
  facet normal 0 0 1
    outer loop
      vertex -38.82454393849214 -4.623079456654736 -8
      vertex -38.21496076987398 -5.06596755301209 -8
      vertex -38.82454393849214 4.623079456654736 -8
    endloop
  endfacet
  facet normal -0.982287250728689 -0.1873813145857224 0
    outer loop
      vertex -40.81149896677179 -1.492139322989129 -12
      vertex -40.81149896677179 -1.492139322989129 -8
      vertex -40.952688207886865 -0.7519994013858244 -8
    endloop
  endfacet
  facet normal -0.9980267284282713 -0.06279051952931575 0
    outer loop
      vertex -40.952688207886865 -0.7519994013858244 -12
      vertex -40.952688207886865 -0.7519994013858244 -8
      vertex -41 0 -8
    endloop
  endfacet
  facet normal -0.9980267284282713 0.06279051952931575 0
    outer loop
      vertex -41 0 -12
      vertex -41 0 -8
      vertex -40.952688207886865 0.7519994013858244 -8
    endloop
  endfacet
  facet normal -0.982287250728689 0.1873813145857224 0
    outer loop
      vertex -40.952688207886865 0.7519994013858244 -12
      vertex -40.952688207886865 0.7519994013858244 -8
      vertex -40.81149896677179 1.492139322989129 -8
    endloop
  endfacet
  facet normal 0 0 1
    outer loop
      vertex -40.952688207886865 -0.7519994013858244 -8
      vertex -40.81149896677179 -1.492139322989129 -8
      vertex -40.952688207886865 0.7519994013858244 -8
    endloop
  endfacet
  facet normal 0 0 1
    outer loop
      vertex -40.25784008026318 -2.890522044610292 -8
      vertex -40.57865891532951 2.208747316108067 -8
      vertex -40.57865891532951 -2.208747316108067 -8
    endloop
  endfacet
  facet normal 0 0 1
    outer loop
      vertex -40.25784008026318 -2.890522044610292 -8
      vertex -39.85410196624969 -3.526711513754839 -8
      vertex -40.25784008026318 2.890522044610292 -8
    endloop
  endfacet
  facet normal 0 0 1
    outer loop
      vertex -40.57865891532951 -2.208747316108067 -8
      vertex -40.81149896677179 1.492139322989129 -8
      vertex -40.81149896677179 -1.492139322989129 -8
    endloop
  endfacet
  facet normal 0 0 1
    outer loop
      vertex -40.952688207886865 -0.7519994013858244 -8
      vertex -40.952688207886865 0.7519994013858244 -8
      vertex -41 0 -8
    endloop
  endfacet
  facet normal 0 0 1
    outer loop
      vertex -40.81149896677179 -1.492139322989129 -8
      vertex -40.81149896677179 1.492139322989129 -8
      vertex -40.952688207886865 0.7519994013858244 -8
    endloop
  endfacet
  facet normal 0 0 1
    outer loop
      vertex -40.57865891532951 -2.208747316108067 -8
      vertex -40.57865891532951 2.208747316108067 -8
      vertex -40.81149896677179 1.492139322989129 -8
    endloop
  endfacet
  facet normal 0 0 1
    outer loop
      vertex -40.25784008026318 -2.890522044610292 -8
      vertex -40.25784008026318 2.890522044610292 -8
      vertex -40.57865891532951 2.208747316108067 -8
    endloop
  endfacet
  facet normal 0 0 1
    outer loop
      vertex -39.37381176452847 -4.1072826355721315 -8
      vertex -39.85410196624969 3.526711513754839 -8
      vertex -39.85410196624969 -3.526711513754839 -8
    endloop
  endfacet
  facet normal 0 0 1
    outer loop
      vertex -39.37381176452847 -4.1072826355721315 -8
      vertex -38.82454393849214 -4.623079456654736 -8
      vertex -39.37381176452847 4.1072826355721315 -8
    endloop
  endfacet
  facet normal 0 0 1
    outer loop
      vertex -39.85410196624969 -3.526711513754839 -8
      vertex -39.85410196624969 3.526711513754839 -8
      vertex -40.25784008026318 2.890522044610292 -8
    endloop
  endfacet
  facet normal 0 0 1
    outer loop
      vertex -37.554675749390434 -5.4289623147961175 -8
      vertex -38.21496076987398 5.06596755301209 -8
      vertex -38.21496076987398 -5.06596755301209 -8
    endloop
  endfacet
  facet normal 0 0 1
    outer loop
      vertex -37.554675749390434 -5.4289623147961175 -8
      vertex -36.85410196624969 -5.706339097770921 -8
      vertex -37.554675749390434 5.428962314796117 -8
    endloop
  endfacet
  facet normal 0 0 1
    outer loop
      vertex -36.85410196624969 -5.706339097770921 -8
      vertex -36.12428788751435 -5.893723504372131 -8
      vertex -36.50735000511029 -0.6711154610750703 -8
    endloop
  endfacet
  facet normal 0 0 1
    outer loop
      vertex -36.12428788751435 -5.893723504372131 -8
      vertex -35.825 -1.4289419162443235 -8
      vertex -36.10406550049212 -1.2261889620377004 -8
    endloop
  endfacet
  facet normal 0 0 1
    outer loop
      vertex -35.376743117175884 -5.988160370569629 -8
      vertex -35.50987804071866 -1.5692432518870032 -8
      vertex -35.825 -1.4289419162443235 -8
    endloop
  endfacet
  facet normal 0 0 1
    outer loop
      vertex -36.85410196624969 -5.706339097770921 -8
      vertex -36.50735000511029 -0.6711154610750703 -8
      vertex -36.61394354121078 -0.3430542898493029 -8
    endloop
  endfacet
  facet normal 0 0 1
    outer loop
      vertex -36.12428788751435 -5.893723504372131 -8
      vertex -36.334878040718664 -0.9698456662825806 -8
      vertex -36.50735000511029 -0.6711154610750703 -8
    endloop
  endfacet
  facet normal 0 0 1
    outer loop
      vertex -36.85410196624969 -5.706339097770921 -8
      vertex -36.61394354121078 -0.3430542898493029 -8
      vertex -36.65 0 -8
    endloop
  endfacet
  facet normal 0 0 1
    outer loop
      vertex -36.12428788751435 -5.893723504372131 -8
      vertex -36.10406550049212 -1.2261889620377004 -8
      vertex -36.334878040718664 -0.9698456662825806 -8
    endloop
  endfacet
  facet normal 0 0 1
    outer loop
      vertex -36.85410196624969 -5.706339097770921 -8
      vertex -36.65 0 -8
      vertex -36.85410196624969 5.706339097770921 -8
    endloop
  endfacet
  facet normal 0 -1 0
    outer loop
      vertex -35.376743117175884 -5.988160370569629 -12
      vertex -34.623256882824116 -5.988160370569629 -8
      vertex -35.376743117175884 -5.988160370569629 -8
    endloop
  endfacet
  facet normal 0.12533323356430526 -0.9921147013144777 0
    outer loop
      vertex -34.623256882824116 -5.988160370569629 -12
      vertex -33.87571211248565 -5.893723504372131 -8
      vertex -34.623256882824116 -5.988160370569629 -8
    endloop
  endfacet
  facet normal 0.24868988716485402 -0.9685831611286313 0
    outer loop
      vertex -33.87571211248565 -5.893723504372131 -12
      vertex -33.14589803375031 -5.706339097770921 -8
      vertex -33.87571211248565 -5.893723504372131 -8
    endloop
  endfacet
  facet normal 0.3681245526846789 -0.929776485888251 0
    outer loop
      vertex -33.14589803375031 -5.706339097770921 -12
      vertex -32.445324250609566 -5.4289623147961175 -8
      vertex -33.14589803375031 -5.706339097770921 -8
    endloop
  endfacet
  facet normal 0 0 1
    outer loop
      vertex -35.376743117175884 -5.988160370569629 -8
      vertex -34.623256882824116 -5.988160370569629 -8
      vertex -35.172471964391626 -1.6409611273576508 -8
    endloop
  endfacet
  facet normal 0 0 1
    outer loop
      vertex -34.623256882824116 -5.988160370569629 -8
      vertex -33.87571211248565 -5.893723504372131 -8
      vertex -34.827528035608374 -1.6409611273576508 -8
    endloop
  endfacet
  facet normal 0 0 1
    outer loop
      vertex -33.87571211248565 -5.893723504372131 -8
      vertex -33.14589803375031 -5.706339097770921 -8
      vertex -33.89593449950788 -1.2261889620377004 -8
    endloop
  endfacet
  facet normal 0.48175367410171527 -0.8763066800438636 0
    outer loop
      vertex -32.445324250609566 -5.4289623147961175 -12
      vertex -31.785039230126024 -5.065967553012092 -8
      vertex -32.445324250609566 -5.4289623147961175 -8
    endloop
  endfacet
  facet normal 0.5877852522924716 -0.8090169943749486 0
    outer loop
      vertex -31.238618743914294 -4.668969831605905 -12
      vertex -31.238618743914294 -4.668969831605905 -8
      vertex -31.785039230126024 -5.065967553012092 -8
    endloop
  endfacet
  facet normal 0 0 1
    outer loop
      vertex -31.785039230126024 -5.065967553012092 -8
      vertex -31.238618743914294 -4.668969831605905 -8
      vertex -31.28398234514274 -2.8981035746820876 -8
    endloop
  endfacet
  facet normal 0 0 1
    outer loop
      vertex -35.376743117175884 -5.988160370569629 -8
      vertex -35.172471964391626 -1.6409611273576508 -8
      vertex -35.50987804071866 -1.5692432518870032 -8
    endloop
  endfacet
  facet normal 0 0 1
    outer loop
      vertex -34.623256882824116 -5.988160370569629 -8
      vertex -34.827528035608374 -1.6409611273576508 -8
      vertex -35.172471964391626 -1.6409611273576508 -8
    endloop
  endfacet
  facet normal 0 0 1
    outer loop
      vertex -33.87571211248565 -5.893723504372131 -8
      vertex -34.49012195928134 -1.5692432518870032 -8
      vertex -34.827528035608374 -1.6409611273576508 -8
    endloop
  endfacet
  facet normal 0 0 1
    outer loop
      vertex -33.87571211248565 -5.893723504372131 -8
      vertex -34.175 -1.4289419162443235 -8
      vertex -34.49012195928134 -1.5692432518870032 -8
    endloop
  endfacet
  facet normal 0 0 1
    outer loop
      vertex -33.87571211248565 -5.893723504372131 -8
      vertex -33.89593449950788 -1.2261889620377004 -8
      vertex -34.175 -1.4289419162443235 -8
    endloop
  endfacet
  facet normal 0 0 1
    outer loop
      vertex -33.14589803375031 -5.706339097770921 -8
      vertex -33.665121959281336 -0.9698456662825806 -8
      vertex -33.89593449950788 -1.2261889620377004 -8
    endloop
  endfacet
  facet normal 0 0 1
    outer loop
      vertex -33.14589803375031 -5.706339097770921 -8
      vertex -33.49264999488971 -0.6711154610750703 -8
      vertex -33.665121959281336 -0.9698456662825806 -8
    endloop
  endfacet
  facet normal 0 0 1
    outer loop
      vertex -33.14589803375031 -5.706339097770921 -8
      vertex -33.38605645878922 -0.3430542898493029 -8
      vertex -33.49264999488971 -0.6711154610750703 -8
    endloop
  endfacet
  facet normal 0 0 1
    outer loop
      vertex -33.14589803375031 -5.706339097770921 -8
      vertex -33.35 0 -8
      vertex -33.38605645878922 -0.3430542898493029 -8
    endloop
  endfacet
  facet normal 0 0 1
    outer loop
      vertex -33.14589803375031 -5.706339097770921 -8
      vertex -32.445324250609566 -5.4289623147961175 -8
      vertex -33.14589803375031 5.706339097770921 -8
    endloop
  endfacet
  facet normal 0 0 1
    outer loop
      vertex -33.14589803375031 -5.706339097770921 -8
      vertex -33.14589803375031 5.706339097770921 -8
      vertex -33.35 0 -8
    endloop
  endfacet
  facet normal 0 0 1
    outer loop
      vertex -32.445324250609566 -5.4289623147961175 -8
      vertex -31.785039230126024 -5.065967553012092 -8
      vertex -32.445324250609566 5.428962314796117 -8
    endloop
  endfacet
  facet normal 0 0 1
    outer loop
      vertex -31.785039230126024 -5.065967553012092 -8
      vertex -31.28398234514274 -2.8981035746820876 -8
      vertex -31.53315778360524 1.0624266059498988 -8
    endloop
  endfacet
  facet normal 0 0 1
    outer loop
      vertex -31.785039230126024 -5.065967553012092 -8
      vertex -31.53315778360524 1.0624266059498988 -8
      vertex -31.78503923012602 5.06596755301209 -8
    endloop
  endfacet
  facet normal 0 0 -1
    outer loop
      vertex -40.25784008026318 -2.890522044610292 -12
      vertex -40.25784008026318 2.890522044610292 -12
      vertex -39.85410196624969 3.526711513754839 -12
    endloop
  endfacet
  facet normal 0 0 -1
    outer loop
      vertex -39.85410196624969 -3.526711513754839 -12
      vertex -39.85410196624969 3.526711513754839 -12
      vertex -39.37381176452847 4.1072826355721315 -12
    endloop
  endfacet
  facet normal 0 0 -1
    outer loop
      vertex -39.37381176452847 -4.1072826355721315 -12
      vertex -39.37381176452847 4.1072826355721315 -12
      vertex -38.82454393849214 4.623079456654736 -12
    endloop
  endfacet
  facet normal 0 0 -1
    outer loop
      vertex -38.82454393849214 -4.623079456654736 -12
      vertex -38.82454393849214 4.623079456654736 -12
      vertex -38.21496076987398 5.06596755301209 -12
    endloop
  endfacet
  facet normal -0.982287250728689 0.1873813145857224 0
    outer loop
      vertex -40.952688207886865 0.7519994013858244 -12
      vertex -40.81149896677179 1.492139322989129 -8
      vertex -40.81149896677179 1.492139322989129 -12
    endloop
  endfacet
  facet normal -0.9510565162951552 0.3090169943749426 0
    outer loop
      vertex -40.81149896677179 1.492139322989129 -12
      vertex -40.57865891532951 2.208747316108067 -8
      vertex -40.57865891532951 2.208747316108067 -12
    endloop
  endfacet
  facet normal -0.9048270524660165 0.42577929156507915 0
    outer loop
      vertex -40.57865891532951 2.208747316108067 -12
      vertex -40.25784008026318 2.890522044610292 -8
      vertex -40.25784008026318 2.890522044610292 -12
    endloop
  endfacet
  facet normal -0.8443279255020175 0.5358267949789928 0
    outer loop
      vertex -40.25784008026318 2.890522044610292 -12
      vertex -39.85410196624969 3.526711513754839 -8
      vertex -39.85410196624969 3.526711513754839 -12
    endloop
  endfacet
  facet normal -0.7705132427757875 0.6374239897486919 0
    outer loop
      vertex -39.85410196624969 3.526711513754839 -12
      vertex -39.37381176452847 4.1072826355721315 -8
      vertex -39.37381176452847 4.1072826355721315 -12
    endloop
  endfacet
  facet normal -0.6845471059286916 0.7289686274214088 0
    outer loop
      vertex -39.37381176452847 4.1072826355721315 -12
      vertex -39.37381176452847 4.1072826355721315 -8
      vertex -38.82454393849214 4.623079456654736 -12
    endloop
  endfacet
  facet normal -0.5877852522924725 0.809016994374948 0
    outer loop
      vertex -38.82454393849214 4.623079456654736 -12
      vertex -38.82454393849214 4.623079456654736 -8
      vertex -38.21496076987398 5.06596755301209 -12
    endloop
  endfacet
  facet normal 0 0 -1
    outer loop
      vertex -38.21496076987398 5.06596755301209 -12
      vertex -37.93444280220142 0.623735072453278 -12
      vertex -38 0 -12
    endloop
  endfacet
  facet normal 0 0 -1
    outer loop
      vertex -37.554675749390434 5.428962314796117 -12
      vertex -37.7406363729278 1.2202099292274007 -12
      vertex -37.93444280220142 0.623735072453278 -12
    endloop
  endfacet
  facet normal 0 0 -1
    outer loop
      vertex -37.554675749390434 5.428962314796117 -12
      vertex -37.42705098312484 1.7633557568774194 -12
      vertex -37.7406363729278 1.2202099292274007 -12
    endloop
  endfacet
  facet normal 0 0 -1
    outer loop
      vertex -36.85410196624969 5.706339097770921 -12
      vertex -37.007391819076574 2.229434476432183 -12
      vertex -37.42705098312484 1.7633557568774194 -12
    endloop
  endfacet
  facet normal 0 0 -1
    outer loop
      vertex -36.85410196624969 5.706339097770921 -12
      vertex -36.5 2.598076211353316 -12
      vertex -37.007391819076574 2.229434476432183 -12
    endloop
  endfacet
  facet normal 0 0 -1
    outer loop
      vertex -38.21496076987398 5.06596755301209 -12
      vertex -37.554675749390434 5.428962314796117 -12
      vertex -37.93444280220142 0.623735072453278 -12
    endloop
  endfacet
  facet normal 0 0 -1
    outer loop
      vertex -37.554675749390434 5.428962314796117 -12
      vertex -36.85410196624969 5.706339097770921 -12
      vertex -37.42705098312484 1.7633557568774194 -12
    endloop
  endfacet
  facet normal 0 0 -1
    outer loop
      vertex -36.85410196624969 5.706339097770921 -12
      vertex -36.12428788751435 5.893723504372132 -12
      vertex -36.5 2.598076211353316 -12
    endloop
  endfacet
  facet normal 0 0 -1
    outer loop
      vertex -36.12428788751435 5.893723504372132 -12
      vertex -35.92705098312484 2.8531695488854605 -12
      vertex -36.5 2.598076211353316 -12
    endloop
  endfacet
  facet normal 0 0 -1
    outer loop
      vertex -35.37674311717588 5.988160370569629 -12
      vertex -35.31358538980296 2.9835656861048196 -12
      vertex -35.92705098312484 2.8531695488854605 -12
    endloop
  endfacet
  facet normal 0 0 -1
    outer loop
      vertex -36.12428788751435 5.893723504372132 -12
      vertex -35.37674311717588 5.988160370569629 -12
      vertex -35.92705098312484 2.8531695488854605 -12
    endloop
  endfacet
  facet normal -0.48175367410171216 0.8763066800438652 0
    outer loop
      vertex -38.21496076987398 5.06596755301209 -12
      vertex -38.21496076987398 5.06596755301209 -8
      vertex -37.554675749390434 5.428962314796117 -12
    endloop
  endfacet
  facet normal -0.36812455268468 0.9297764858882506 0
    outer loop
      vertex -37.554675749390434 5.428962314796117 -12
      vertex -37.554675749390434 5.428962314796117 -8
      vertex -36.85410196624969 5.706339097770921 -12
    endloop
  endfacet
  facet normal -0.24868988716485513 0.968583161128631 0
    outer loop
      vertex -36.85410196624969 5.706339097770921 -12
      vertex -36.85410196624969 5.706339097770921 -8
      vertex -36.12428788751435 5.893723504372132 -12
    endloop
  endfacet
  facet normal -0.12533323356430293 0.992114701314478 0
    outer loop
      vertex -36.12428788751435 5.893723504372132 -12
      vertex -36.12428788751435 5.893723504372132 -8
      vertex -35.37674311717588 5.988160370569629 -12
    endloop
  endfacet
  facet normal 0 0 -1
    outer loop
      vertex -32.445324250609566 5.428962314796117 -12
      vertex -32.992608180923426 2.229434476432183 -12
      vertex -33.5 2.598076211353316 -12
    endloop
  endfacet
  facet normal 0 0 -1
    outer loop
      vertex -32.445324250609566 5.428962314796117 -12
      vertex -32.57294901687516 1.7633557568774194 -12
      vertex -32.992608180923426 2.229434476432183 -12
    endloop
  endfacet
  facet normal 0 0 -1
    outer loop
      vertex -34.62325688282412 5.988160370569629 -12
      vertex -34.68641461019704 2.9835656861048196 -12
      vertex -35.31358538980296 2.9835656861048196 -12
    endloop
  endfacet
  facet normal 0 0 -1
    outer loop
      vertex -33.87571211248565 5.893723504372132 -12
      vertex -34.07294901687516 2.8531695488854605 -12
      vertex -34.68641461019704 2.9835656861048196 -12
    endloop
  endfacet
  facet normal 0 0 -1
    outer loop
      vertex -35.37674311717588 5.988160370569629 -12
      vertex -34.62325688282412 5.988160370569629 -12
      vertex -35.31358538980296 2.9835656861048196 -12
    endloop
  endfacet
  facet normal 0 0 -1
    outer loop
      vertex -34.62325688282412 5.988160370569629 -12
      vertex -33.87571211248565 5.893723504372132 -12
      vertex -34.68641461019704 2.9835656861048196 -12
    endloop
  endfacet
  facet normal 0 0 -1
    outer loop
      vertex -33.14589803375031 5.706339097770921 -12
      vertex -33.5 2.598076211353316 -12
      vertex -34.07294901687516 2.8531695488854605 -12
    endloop
  endfacet
  facet normal 0 0 -1
    outer loop
      vertex -33.87571211248565 5.893723504372132 -12
      vertex -33.14589803375031 5.706339097770921 -12
      vertex -34.07294901687516 2.8531695488854605 -12
    endloop
  endfacet
  facet normal 0 0 -1
    outer loop
      vertex -33.14589803375031 5.706339097770921 -12
      vertex -32.445324250609566 5.428962314796117 -12
      vertex -33.5 2.598076211353316 -12
    endloop
  endfacet
  facet normal 0 1 0
    outer loop
      vertex -35.37674311717588 5.988160370569629 -12
      vertex -35.37674311717588 5.988160370569629 -8
      vertex -34.62325688282412 5.988160370569629 -12
    endloop
  endfacet
  facet normal 0.12533323356430293 0.992114701314478 0
    outer loop
      vertex -34.62325688282412 5.988160370569629 -12
      vertex -34.62325688282412 5.988160370569629 -8
      vertex -33.87571211248565 5.893723504372132 -12
    endloop
  endfacet
  facet normal 0.24868988716485513 0.968583161128631 0
    outer loop
      vertex -33.87571211248565 5.893723504372132 -12
      vertex -33.87571211248565 5.893723504372132 -8
      vertex -33.14589803375031 5.706339097770921 -12
    endloop
  endfacet
  facet normal 0.36812455268468 0.9297764858882506 0
    outer loop
      vertex -33.14589803375031 5.706339097770921 -12
      vertex -33.14589803375031 5.706339097770921 -8
      vertex -32.445324250609566 5.428962314796117 -12
    endloop
  endfacet
  facet normal 0 0 -1
    outer loop
      vertex -31.78503923012602 5.06596755301209 -12
      vertex -32 0 -12
      vertex -32.06555719779858 0.623735072453278 -12
    endloop
  endfacet
  facet normal 0 0 -1
    outer loop
      vertex -31.78503923012602 5.06596755301209 -12
      vertex -32.2593636270722 1.2202099292274007 -12
      vertex -32.57294901687516 1.7633557568774194 -12
    endloop
  endfacet
  facet normal 0 0 -1
    outer loop
      vertex -31.78503923012602 5.06596755301209 -12
      vertex -32.06555719779858 0.623735072453278 -12
      vertex -32.2593636270722 1.2202099292274007 -12
    endloop
  endfacet
  facet normal 0 0 -1
    outer loop
      vertex -32.445324250609566 5.428962314796117 -12
      vertex -31.78503923012602 5.06596755301209 -12
      vertex -32.57294901687516 1.7633557568774194 -12
    endloop
  endfacet
  facet normal 0 0 -1
    outer loop
      vertex -31.53764461833338 1.9841804171262996 -12
      vertex -31.78503923012602 5.06596755301209 -12
      vertex -31.350824561537504 3.960530180632009 -12
    endloop
  endfacet
  facet normal 0 0 -1
    outer loop
      vertex -31.350824561537504 3.960530180632009 -12
      vertex -31.78503923012602 5.06596755301209 -12
      vertex -31.238618743914294 4.668969831605903 -12
    endloop
  endfacet
  facet normal 0.5877852522924741 0.8090169943749468 0
    outer loop
      vertex -31.238618743914294 4.668969831605903 -12
      vertex -31.78503923012602 5.06596755301209 -12
      vertex -31.238618743914294 4.668969831605903 -8
    endloop
  endfacet
  facet normal 0.48175367410171416 0.8763066800438641 0
    outer loop
      vertex -32.445324250609566 5.428962314796117 -12
      vertex -32.445324250609566 5.428962314796117 -8
      vertex -31.78503923012602 5.06596755301209 -12
    endloop
  endfacet
  facet normal -0.9510565162951552 0.3090169943749426 0
    outer loop
      vertex -40.81149896677179 1.492139322989129 -12
      vertex -40.81149896677179 1.492139322989129 -8
      vertex -40.57865891532951 2.208747316108067 -8
    endloop
  endfacet
  facet normal -0.9048270524660165 0.42577929156507915 0
    outer loop
      vertex -40.57865891532951 2.208747316108067 -12
      vertex -40.57865891532951 2.208747316108067 -8
      vertex -40.25784008026318 2.890522044610292 -8
    endloop
  endfacet
  facet normal -0.8443279255020175 0.5358267949789928 0
    outer loop
      vertex -40.25784008026318 2.890522044610292 -12
      vertex -40.25784008026318 2.890522044610292 -8
      vertex -39.85410196624969 3.526711513754839 -8
    endloop
  endfacet
  facet normal 0 0 1
    outer loop
      vertex -39.37381176452847 -4.1072826355721315 -8
      vertex -39.37381176452847 4.1072826355721315 -8
      vertex -39.85410196624969 3.526711513754839 -8
    endloop
  endfacet
  facet normal 0 0 1
    outer loop
      vertex -38.82454393849214 -4.623079456654736 -8
      vertex -38.82454393849214 4.623079456654736 -8
      vertex -39.37381176452847 4.1072826355721315 -8
    endloop
  endfacet
  facet normal -0.7705132427757875 0.6374239897486919 0
    outer loop
      vertex -39.85410196624969 3.526711513754839 -12
      vertex -39.85410196624969 3.526711513754839 -8
      vertex -39.37381176452847 4.1072826355721315 -8
    endloop
  endfacet
  facet normal -0.6845471059286916 0.7289686274214088 0
    outer loop
      vertex -38.82454393849214 4.623079456654736 -12
      vertex -39.37381176452847 4.1072826355721315 -8
      vertex -38.82454393849214 4.623079456654736 -8
    endloop
  endfacet
  facet normal 0 0 1
    outer loop
      vertex -38.21496076987398 -5.06596755301209 -8
      vertex -38.21496076987398 5.06596755301209 -8
      vertex -38.82454393849214 4.623079456654736 -8
    endloop
  endfacet
  facet normal 0 0 1
    outer loop
      vertex -37.554675749390434 -5.4289623147961175 -8
      vertex -37.554675749390434 5.428962314796117 -8
      vertex -38.21496076987398 5.06596755301209 -8
    endloop
  endfacet
  facet normal 0 0 1
    outer loop
      vertex -36.85410196624969 -5.706339097770921 -8
      vertex -36.85410196624969 5.706339097770921 -8
      vertex -37.554675749390434 5.428962314796117 -8
    endloop
  endfacet
  facet normal 0 0 1
    outer loop
      vertex -36.85410196624969 5.706339097770921 -8
      vertex -36.65 0 -8
      vertex -36.61394354121078 0.3430542898493029 -8
    endloop
  endfacet
  facet normal 0 0 1
    outer loop
      vertex -36.85410196624969 5.706339097770921 -8
      vertex -36.61394354121078 0.3430542898493029 -8
      vertex -36.50735000511029 0.6711154610750703 -8
    endloop
  endfacet
  facet normal 0 0 1
    outer loop
      vertex -36.85410196624969 5.706339097770921 -8
      vertex -36.50735000511029 0.6711154610750703 -8
      vertex -36.334878040718664 0.9698456662825806 -8
    endloop
  endfacet
  facet normal 0 0 1
    outer loop
      vertex -36.85410196624969 5.706339097770921 -8
      vertex -36.334878040718664 0.9698456662825806 -8
      vertex -36.10406550049212 1.2261889620377004 -8
    endloop
  endfacet
  facet normal 0 0 1
    outer loop
      vertex -36.12428788751435 5.893723504372132 -8
      vertex -36.10406550049212 1.2261889620377004 -8
      vertex -35.825 1.4289419162443235 -8
    endloop
  endfacet
  facet normal 0 0 1
    outer loop
      vertex -36.12428788751435 5.893723504372132 -8
      vertex -35.825 1.4289419162443235 -8
      vertex -35.50987804071866 1.5692432518870032 -8
    endloop
  endfacet
  facet normal 0 0 1
    outer loop
      vertex -36.12428788751435 5.893723504372132 -8
      vertex -35.50987804071866 1.5692432518870032 -8
      vertex -35.172471964391626 1.6409611273576508 -8
    endloop
  endfacet
  facet normal -0.5877852522924725 0.809016994374948 0
    outer loop
      vertex -38.21496076987398 5.06596755301209 -12
      vertex -38.82454393849214 4.623079456654736 -8
      vertex -38.21496076987398 5.06596755301209 -8
    endloop
  endfacet
  facet normal -0.48175367410171216 0.8763066800438652 0
    outer loop
      vertex -37.554675749390434 5.428962314796117 -12
      vertex -38.21496076987398 5.06596755301209 -8
      vertex -37.554675749390434 5.428962314796117 -8
    endloop
  endfacet
  facet normal -0.36812455268468 0.9297764858882506 0
    outer loop
      vertex -36.85410196624969 5.706339097770921 -12
      vertex -37.554675749390434 5.428962314796117 -8
      vertex -36.85410196624969 5.706339097770921 -8
    endloop
  endfacet
  facet normal -0.24868988716485513 0.968583161128631 0
    outer loop
      vertex -36.12428788751435 5.893723504372132 -12
      vertex -36.85410196624969 5.706339097770921 -8
      vertex -36.12428788751435 5.893723504372132 -8
    endloop
  endfacet
  facet normal -0.12533323356430293 0.992114701314478 0
    outer loop
      vertex -35.37674311717588 5.988160370569629 -12
      vertex -36.12428788751435 5.893723504372132 -8
      vertex -35.37674311717588 5.988160370569629 -8
    endloop
  endfacet
  facet normal 0 0 1
    outer loop
      vertex -36.85410196624969 5.706339097770921 -8
      vertex -36.10406550049212 1.2261889620377004 -8
      vertex -36.12428788751435 5.893723504372132 -8
    endloop
  endfacet
  facet normal 0 0 1
    outer loop
      vertex -36.12428788751435 5.893723504372132 -8
      vertex -35.172471964391626 1.6409611273576508 -8
      vertex -35.37674311717588 5.988160370569629 -8
    endloop
  endfacet
  facet normal 0 0 1
    outer loop
      vertex -35.37674311717588 5.988160370569629 -8
      vertex -35.172471964391626 1.6409611273576508 -8
      vertex -34.827528035608374 1.6409611273576508 -8
    endloop
  endfacet
  facet normal 0 0 1
    outer loop
      vertex -33.87571211248565 5.893723504372132 -8
      vertex -34.175 1.4289419162443235 -8
      vertex -33.89593449950788 1.2261889620377004 -8
    endloop
  endfacet
  facet normal 0 0 1
    outer loop
      vertex -34.62325688282412 5.988160370569629 -8
      vertex -34.827528035608374 1.6409611273576508 -8
      vertex -34.49012195928134 1.5692432518870032 -8
    endloop
  endfacet
  facet normal 0 0 1
    outer loop
      vertex -34.62325688282412 5.988160370569629 -8
      vertex -34.49012195928134 1.5692432518870032 -8
      vertex -34.175 1.4289419162443235 -8
    endloop
  endfacet
  facet normal 0 0 1
    outer loop
      vertex -33.14589803375031 5.706339097770921 -8
      vertex -33.38605645878922 0.3430542898493029 -8
      vertex -33.35 0 -8
    endloop
  endfacet
  facet normal 0 0 1
    outer loop
      vertex -33.14589803375031 5.706339097770921 -8
      vertex -33.49264999488971 0.6711154610750703 -8
      vertex -33.38605645878922 0.3430542898493029 -8
    endloop
  endfacet
  facet normal 0 0 1
    outer loop
      vertex -32.445324250609566 -5.4289623147961175 -8
      vertex -32.445324250609566 5.428962314796117 -8
      vertex -33.14589803375031 5.706339097770921 -8
    endloop
  endfacet
  facet normal 0 0 1
    outer loop
      vertex -33.87571211248565 5.893723504372132 -8
      vertex -33.665121959281336 0.9698456662825806 -8
      vertex -33.49264999488971 0.6711154610750703 -8
    endloop
  endfacet
  facet normal 0 0 1
    outer loop
      vertex -33.87571211248565 5.893723504372132 -8
      vertex -33.89593449950788 1.2261889620377004 -8
      vertex -33.665121959281336 0.9698456662825806 -8
    endloop
  endfacet
  facet normal 0 1 0
    outer loop
      vertex -34.62325688282412 5.988160370569629 -12
      vertex -35.37674311717588 5.988160370569629 -8
      vertex -34.62325688282412 5.988160370569629 -8
    endloop
  endfacet
  facet normal 0.12533323356430293 0.992114701314478 0
    outer loop
      vertex -33.87571211248565 5.893723504372132 -12
      vertex -34.62325688282412 5.988160370569629 -8
      vertex -33.87571211248565 5.893723504372132 -8
    endloop
  endfacet
  facet normal 0.24868988716485513 0.968583161128631 0
    outer loop
      vertex -33.14589803375031 5.706339097770921 -12
      vertex -33.87571211248565 5.893723504372132 -8
      vertex -33.14589803375031 5.706339097770921 -8
    endloop
  endfacet
  facet normal 0.36812455268468 0.9297764858882506 0
    outer loop
      vertex -32.445324250609566 5.428962314796117 -12
      vertex -33.14589803375031 5.706339097770921 -8
      vertex -32.445324250609566 5.428962314796117 -8
    endloop
  endfacet
  facet normal 0 0 1
    outer loop
      vertex -35.37674311717588 5.988160370569629 -8
      vertex -34.827528035608374 1.6409611273576508 -8
      vertex -34.62325688282412 5.988160370569629 -8
    endloop
  endfacet
  facet normal 0 0 1
    outer loop
      vertex -34.62325688282412 5.988160370569629 -8
      vertex -34.175 1.4289419162443235 -8
      vertex -33.87571211248565 5.893723504372132 -8
    endloop
  endfacet
  facet normal 0 0 1
    outer loop
      vertex -33.87571211248565 5.893723504372132 -8
      vertex -33.49264999488971 0.6711154610750703 -8
      vertex -33.14589803375031 5.706339097770921 -8
    endloop
  endfacet
  facet normal 0 0 1
    outer loop
      vertex -31.785039230126024 -5.065967553012092 -8
      vertex -31.78503923012602 5.06596755301209 -8
      vertex -32.445324250609566 5.428962314796117 -8
    endloop
  endfacet
  facet normal 0.48175367410171416 0.8763066800438641 0
    outer loop
      vertex -31.78503923012602 5.06596755301209 -12
      vertex -32.445324250609566 5.428962314796117 -8
      vertex -31.78503923012602 5.06596755301209 -8
    endloop
  endfacet
  facet normal 0.5877852522924741 0.8090169943749468 0
    outer loop
      vertex -31.78503923012602 5.06596755301209 -12
      vertex -31.78503923012602 5.06596755301209 -8
      vertex -31.238618743914294 4.668969831605903 -8
    endloop
  endfacet
  facet normal 0 0 1
    outer loop
      vertex -31.53315778360524 1.0624266059498988 -8
      vertex -31.238618743914294 4.668969831605903 -8
      vertex -31.78503923012602 5.06596755301209 -8
    endloop
  endfacet
  facet normal -0.6845471059286916 -0.7289686274214088 0
    outer loop
      vertex -39.37381176452847 -4.1072826355721315 -4
      vertex -38.82454393849214 -4.623079456654736 -4
      vertex -38.82454393849214 -4.623079456654736 0
    endloop
  endfacet
  facet normal 0 0 -1
    outer loop
      vertex -36.85410196624969 -5.706339097770921 -4
      vertex -35.9367828489024 -1.040402755668352 -4
      vertex -36.12428788751435 -5.893723504372131 -4
    endloop
  endfacet
  facet normal 0 0 -1
    outer loop
      vertex -36.12428788751435 -5.893723504372131 -4
      vertex -35.14633984857471 -1.3923306535155826 -4
      vertex -35.376743117175884 -5.988160370569629 -4
    endloop
  endfacet
  facet normal -0.3681245526846789 -0.929776485888251 0
    outer loop
      vertex -37.554675749390434 -5.4289623147961175 -4
      vertex -36.85410196624969 -5.706339097770921 -4
      vertex -36.85410196624969 -5.706339097770921 0
    endloop
  endfacet
  facet normal -0.5877852522924725 -0.809016994374948 0
    outer loop
      vertex -38.82454393849214 -4.623079456654736 -4
      vertex -38.21496076987398 -5.06596755301209 -4
      vertex -38.21496076987398 -5.06596755301209 0
    endloop
  endfacet
  facet normal -0.48175367410171305 -0.8763066800438647 0
    outer loop
      vertex -37.554675749390434 -5.4289623147961175 -4
      vertex -37.554675749390434 -5.4289623147961175 0
      vertex -38.21496076987398 -5.06596755301209 -4
    endloop
  endfacet
  facet normal -0.24868988716485402 -0.9685831611286313 0
    outer loop
      vertex -36.85410196624969 -5.706339097770921 -4
      vertex -36.12428788751435 -5.893723504372131 -4
      vertex -36.12428788751435 -5.893723504372131 0
    endloop
  endfacet
  facet normal -0.12533323356430526 -0.9921147013144777 0
    outer loop
      vertex -36.12428788751435 -5.893723504372131 -4
      vertex -35.376743117175884 -5.988160370569629 -4
      vertex -35.376743117175884 -5.988160370569629 0
    endloop
  endfacet
  facet normal -0.5877852522924725 -0.809016994374948 0
    outer loop
      vertex -38.82454393849214 -4.623079456654736 -4
      vertex -38.21496076987398 -5.06596755301209 0
      vertex -38.82454393849214 -4.623079456654736 0
    endloop
  endfacet
  facet normal -0.6845471059286916 -0.7289686274214088 0
    outer loop
      vertex -39.37381176452847 -4.1072826355721315 -4
      vertex -38.82454393849214 -4.623079456654736 0
      vertex -39.37381176452847 -4.1072826355721315 0
    endloop
  endfacet
  facet normal -0.3681245526846789 -0.929776485888251 0
    outer loop
      vertex -37.554675749390434 -5.4289623147961175 -4
      vertex -36.85410196624969 -5.706339097770921 0
      vertex -37.554675749390434 -5.4289623147961175 0
    endloop
  endfacet
  facet normal -0.48175367410171305 -0.8763066800438647 0
    outer loop
      vertex -38.21496076987398 -5.06596755301209 -4
      vertex -37.554675749390434 -5.4289623147961175 0
      vertex -38.21496076987398 -5.06596755301209 0
    endloop
  endfacet
  facet normal -0.24868988716485402 -0.9685831611286313 0
    outer loop
      vertex -36.85410196624969 -5.706339097770921 -4
      vertex -36.12428788751435 -5.893723504372131 0
      vertex -36.85410196624969 -5.706339097770921 0
    endloop
  endfacet
  facet normal -0.12533323356430526 -0.9921147013144777 0
    outer loop
      vertex -36.12428788751435 -5.893723504372131 -4
      vertex -35.376743117175884 -5.988160370569629 0
      vertex -36.12428788751435 -5.893723504372131 0
    endloop
  endfacet
  facet normal -0.8443279255020175 -0.5358267949789928 0
    outer loop
      vertex -40.25784008026318 -2.890522044610292 -4
      vertex -39.85410196624969 -3.526711513754839 -4
      vertex -40.25784008026318 -2.890522044610292 0
    endloop
  endfacet
  facet normal -0.9048270524660165 -0.42577929156507915 0
    outer loop
      vertex -40.25784008026318 -2.890522044610292 -4
      vertex -40.57865891532951 -2.208747316108067 0
      vertex -40.57865891532951 -2.208747316108067 -4
    endloop
  endfacet
  facet normal -0.9510565162951552 -0.3090169943749426 0
    outer loop
      vertex -40.57865891532951 -2.208747316108067 -4
      vertex -40.81149896677179 -1.492139322989129 0
      vertex -40.81149896677179 -1.492139322989129 -4
    endloop
  endfacet
  facet normal -0.7705132427757875 -0.6374239897486919 0
    outer loop
      vertex -39.37381176452847 -4.1072826355721315 -4
      vertex -39.85410196624969 -3.526711513754839 0
      vertex -39.85410196624969 -3.526711513754839 -4
    endloop
  endfacet
  facet normal 0 0 -1
    outer loop
      vertex -40.57865891532951 -2.208747316108067 -4
      vertex -40.81149896677179 -1.492139322989129 -4
      vertex -40.57865891532951 2.208747316108067 -4
    endloop
  endfacet
  facet normal 0 0 -1
    outer loop
      vertex -40.25784008026318 -2.890522044610292 -4
      vertex -40.57865891532951 -2.208747316108067 -4
      vertex -40.25784008026318 2.890522044610292 -4
    endloop
  endfacet
  facet normal 0 0 -1
    outer loop
      vertex -40.952688207886865 -0.7519994013858244 -4
      vertex -40.81149896677179 1.492139322989129 -4
      vertex -40.81149896677179 -1.492139322989129 -4
    endloop
  endfacet
  facet normal 0 0 -1
    outer loop
      vertex -40.952688207886865 -0.7519994013858244 -4
      vertex -41 0 -4
      vertex -40.952688207886865 0.7519994013858244 -4
    endloop
  endfacet
  facet normal 0 0 -1
    outer loop
      vertex -40.952688207886865 -0.7519994013858244 -4
      vertex -40.952688207886865 0.7519994013858244 -4
      vertex -40.81149896677179 1.492139322989129 -4
    endloop
  endfacet
  facet normal 0 0 -1
    outer loop
      vertex -40.81149896677179 -1.492139322989129 -4
      vertex -40.81149896677179 1.492139322989129 -4
      vertex -40.57865891532951 2.208747316108067 -4
    endloop
  endfacet
  facet normal 0 0 -1
    outer loop
      vertex -40.57865891532951 -2.208747316108067 -4
      vertex -40.57865891532951 2.208747316108067 -4
      vertex -40.25784008026318 2.890522044610292 -4
    endloop
  endfacet
  facet normal 0 0 -1
    outer loop
      vertex -40.25784008026318 -2.890522044610292 -4
      vertex -39.85410196624969 3.526711513754839 -4
      vertex -39.85410196624969 -3.526711513754839 -4
    endloop
  endfacet
  facet normal 0 0 -1
    outer loop
      vertex -39.37381176452847 -4.1072826355721315 -4
      vertex -39.85410196624969 -3.526711513754839 -4
      vertex -39.37381176452847 4.1072826355721315 -4
    endloop
  endfacet
  facet normal 0 0 -1
    outer loop
      vertex -39.37381176452847 -4.1072826355721315 -4
      vertex -38.82454393849214 4.623079456654736 -4
      vertex -38.82454393849214 -4.623079456654736 -4
    endloop
  endfacet
  facet normal -0.982287250728689 -0.1873813145857224 0
    outer loop
      vertex -40.952688207886865 -0.7519994013858244 -4
      vertex -40.81149896677179 -1.492139322989129 -4
      vertex -40.952688207886865 -0.7519994013858244 0
    endloop
  endfacet
  facet normal -0.9980267284282713 -0.06279051952931575 0
    outer loop
      vertex -40.952688207886865 -0.7519994013858244 -4
      vertex -41 0 0
      vertex -41 0 -4
    endloop
  endfacet
  facet normal -0.9980267284282713 0.06279051952931575 0
    outer loop
      vertex -41 0 -4
      vertex -40.952688207886865 0.7519994013858244 0
      vertex -40.952688207886865 0.7519994013858244 -4
    endloop
  endfacet
  facet normal 0 0 -1
    outer loop
      vertex -37.554675749390434 -5.4289623147961175 -4
      vertex -38.21496076987398 -5.06596755301209 -4
      vertex -37.554675749390434 5.428962314796117 -4
    endloop
  endfacet
  facet normal 0 0 -1
    outer loop
      vertex -37.554675749390434 -5.4289623147961175 -4
      vertex -36.85410196624969 5.706339097770921 -4
      vertex -36.85410196624969 -5.706339097770921 -4
    endloop
  endfacet
  facet normal 0 0 -1
    outer loop
      vertex -36.12428788751435 -5.893723504372131 -4
      vertex -35.43262379212493 -1.3314791228132148 -4
      vertex -35.14633984857471 -1.3923306535155826 -4
    endloop
  endfacet
  facet normal 0 0 -1
    outer loop
      vertex -36.85410196624969 -5.706339097770921 -4
      vertex -36.132623792124924 -0.8228993532094624 -4
      vertex -35.9367828489024 -1.040402755668352 -4
    endloop
  endfacet
  facet normal 0 0 -1
    outer loop
      vertex -36.85410196624969 -5.706339097770921 -4
      vertex -36.369406641027325 -0.29107636714486307 -4
      vertex -36.278963640699644 -0.5694313003061202 -4
    endloop
  endfacet
  facet normal 0 0 -1
    outer loop
      vertex -36.85410196624969 -5.706339097770921 -4
      vertex -36.278963640699644 -0.5694313003061202 -4
      vertex -36.132623792124924 -0.8228993532094624 -4
    endloop
  endfacet
  facet normal 0 0 -1
    outer loop
      vertex -36.85410196624969 -5.706339097770921 -4
      vertex -36.4 0 -4
      vertex -36.369406641027325 -0.29107636714486307 -4
    endloop
  endfacet
  facet normal 0 0 -1
    outer loop
      vertex -36.12428788751435 -5.893723504372131 -4
      vertex -35.9367828489024 -1.040402755668352 -4
      vertex -35.7 -1.212435565298214 -4
    endloop
  endfacet
  facet normal 0 0 -1
    outer loop
      vertex -36.12428788751435 -5.893723504372131 -4
      vertex -35.7 -1.212435565298214 -4
      vertex -35.43262379212493 -1.3314791228132148 -4
    endloop
  endfacet
  facet normal 0 0 -1
    outer loop
      vertex -38.82454393849214 -4.623079456654736 -4
      vertex -38.21496076987398 5.06596755301209 -4
      vertex -38.21496076987398 -5.06596755301209 -4
    endloop
  endfacet
  facet normal 0 0 -1
    outer loop
      vertex -36.85410196624969 -5.706339097770921 -4
      vertex -36.12428788751435 5.893723504372132 -4
      vertex -36.4 0 -4
    endloop
  endfacet
  facet normal -0.9048270524660165 -0.42577929156507915 0
    outer loop
      vertex -40.25784008026318 -2.890522044610292 -4
      vertex -40.25784008026318 -2.890522044610292 0
      vertex -40.57865891532951 -2.208747316108067 0
    endloop
  endfacet
  facet normal -0.9510565162951552 -0.3090169943749426 0
    outer loop
      vertex -40.57865891532951 -2.208747316108067 -4
      vertex -40.57865891532951 -2.208747316108067 0
      vertex -40.81149896677179 -1.492139322989129 0
    endloop
  endfacet
  facet normal -0.7705132427757875 -0.6374239897486919 0
    outer loop
      vertex -39.37381176452847 -4.1072826355721315 -4
      vertex -39.37381176452847 -4.1072826355721315 0
      vertex -39.85410196624969 -3.526711513754839 0
    endloop
  endfacet
  facet normal -0.8443279255020175 -0.5358267949789928 0
    outer loop
      vertex -39.85410196624969 -3.526711513754839 -4
      vertex -39.85410196624969 -3.526711513754839 0
      vertex -40.25784008026318 -2.890522044610292 0
    endloop
  endfacet
  facet normal -0.982287250728689 -0.1873813145857224 0
    outer loop
      vertex -40.81149896677179 -1.492139322989129 -4
      vertex -40.81149896677179 -1.492139322989129 0
      vertex -40.952688207886865 -0.7519994013858244 0
    endloop
  endfacet
  facet normal -0.9980267284282713 -0.06279051952931575 0
    outer loop
      vertex -40.952688207886865 -0.7519994013858244 -4
      vertex -40.952688207886865 -0.7519994013858244 0
      vertex -41 0 0
    endloop
  endfacet
  facet normal -0.9980267284282713 0.06279051952931575 0
    outer loop
      vertex -41 0 -4
      vertex -41 0 0
      vertex -40.952688207886865 0.7519994013858244 0
    endloop
  endfacet
  facet normal -0.982287250728689 0.1873813145857224 0
    outer loop
      vertex -40.952688207886865 0.7519994013858244 -4
      vertex -40.952688207886865 0.7519994013858244 0
      vertex -40.81149896677179 1.492139322989129 0
    endloop
  endfacet
  facet normal 0 0 -1
    outer loop
      vertex -35.376743117175884 -5.988160370569629 -4
      vertex -34.85366015142529 -1.3923306535155826 -4
      vertex -34.623256882824116 -5.988160370569629 -4
    endloop
  endfacet
  facet normal 0 0 -1
    outer loop
      vertex -34.623256882824116 -5.988160370569629 -4
      vertex -34.3 -1.212435565298214 -4
      vertex -33.87571211248565 -5.893723504372131 -4
    endloop
  endfacet
  facet normal 0 -1 0
    outer loop
      vertex -35.376743117175884 -5.988160370569629 -4
      vertex -34.623256882824116 -5.988160370569629 -4
      vertex -34.623256882824116 -5.988160370569629 0
    endloop
  endfacet
  facet normal 0.12533323356430526 -0.9921147013144777 0
    outer loop
      vertex -34.623256882824116 -5.988160370569629 -4
      vertex -33.87571211248565 -5.893723504372131 -4
      vertex -33.87571211248565 -5.893723504372131 0
    endloop
  endfacet
  facet normal 0.24868988716485402 -0.9685831611286313 0
    outer loop
      vertex -33.87571211248565 -5.893723504372131 -4
      vertex -33.14589803375031 -5.706339097770921 -4
      vertex -33.14589803375031 -5.706339097770921 0
    endloop
  endfacet
  facet normal 0.3681245526846789 -0.929776485888251 0
    outer loop
      vertex -33.14589803375031 -5.706339097770921 -4
      vertex -32.445324250609566 -5.4289623147961175 -4
      vertex -32.445324250609566 -5.4289623147961175 0
    endloop
  endfacet
  facet normal 0.48175367410171527 -0.8763066800438636 0
    outer loop
      vertex -32.445324250609566 -5.4289623147961175 -4
      vertex -31.785039230126024 -5.065967553012092 -4
      vertex -31.785039230126024 -5.065967553012092 0
    endloop
  endfacet
  facet normal 0.587785252292471 -0.809016994374949 0
    outer loop
      vertex -31.785039230126024 -5.065967553012092 -4
      vertex -31.17545606150786 -4.623079456654734 -4
      vertex -31.17545606150786 -4.623079456654734 0
    endloop
  endfacet
  facet normal 0.6845471059286904 -0.72896862742141 0
    outer loop
      vertex -31.17545606150786 -4.623079456654734 -4
      vertex -30.62618823547153 -4.1072826355721315 -4
      vertex -30.62618823547153 -4.1072826355721315 0
    endloop
  endfacet
  facet normal 0 -1 0
    outer loop
      vertex -35.376743117175884 -5.988160370569629 -4
      vertex -34.623256882824116 -5.988160370569629 0
      vertex -35.376743117175884 -5.988160370569629 0
    endloop
  endfacet
  facet normal 0.12533323356430526 -0.9921147013144777 0
    outer loop
      vertex -34.623256882824116 -5.988160370569629 -4
      vertex -33.87571211248565 -5.893723504372131 0
      vertex -34.623256882824116 -5.988160370569629 0
    endloop
  endfacet
  facet normal 0.24868988716485402 -0.9685831611286313 0
    outer loop
      vertex -33.87571211248565 -5.893723504372131 -4
      vertex -33.14589803375031 -5.706339097770921 0
      vertex -33.87571211248565 -5.893723504372131 0
    endloop
  endfacet
  facet normal 0.3681245526846789 -0.929776485888251 0
    outer loop
      vertex -33.14589803375031 -5.706339097770921 -4
      vertex -32.445324250609566 -5.4289623147961175 0
      vertex -33.14589803375031 -5.706339097770921 0
    endloop
  endfacet
  facet normal 0.48175367410171527 -0.8763066800438636 0
    outer loop
      vertex -32.445324250609566 -5.4289623147961175 -4
      vertex -31.785039230126024 -5.065967553012092 0
      vertex -32.445324250609566 -5.4289623147961175 0
    endloop
  endfacet
  facet normal 0.587785252292471 -0.809016994374949 0
    outer loop
      vertex -31.785039230126024 -5.065967553012092 -4
      vertex -31.17545606150786 -4.623079456654734 0
      vertex -31.785039230126024 -5.065967553012092 0
    endloop
  endfacet
  facet normal 0.6845471059286904 -0.72896862742141 0
    outer loop
      vertex -31.17545606150786 -4.623079456654734 -4
      vertex -30.62618823547153 -4.1072826355721315 0
      vertex -31.17545606150786 -4.623079456654734 0
    endloop
  endfacet
  facet normal 0 0 -1
    outer loop
      vertex -35.376743117175884 -5.988160370569629 -4
      vertex -35.14633984857471 -1.3923306535155826 -4
      vertex -34.85366015142529 -1.3923306535155826 -4
    endloop
  endfacet
  facet normal 0 0 -1
    outer loop
      vertex -34.623256882824116 -5.988160370569629 -4
      vertex -34.85366015142529 -1.3923306535155826 -4
      vertex -34.56737620787507 -1.3314791228132148 -4
    endloop
  endfacet
  facet normal 0 0 -1
    outer loop
      vertex -34.623256882824116 -5.988160370569629 -4
      vertex -34.56737620787507 -1.3314791228132148 -4
      vertex -34.3 -1.212435565298214 -4
    endloop
  endfacet
  facet normal 0 0 -1
    outer loop
      vertex -33.87571211248565 -5.893723504372131 -4
      vertex -34.3 -1.212435565298214 -4
      vertex -34.0632171510976 -1.040402755668352 -4
    endloop
  endfacet
  facet normal 0 0 -1
    outer loop
      vertex -33.87571211248565 -5.893723504372131 -4
      vertex -34.0632171510976 -1.040402755668352 -4
      vertex -33.867376207875076 -0.8228993532094624 -4
    endloop
  endfacet
  facet normal 0 0 -1
    outer loop
      vertex -33.87571211248565 -5.893723504372131 -4
      vertex -33.867376207875076 -0.8228993532094624 -4
      vertex -33.721036359300356 -0.5694313003061202 -4
    endloop
  endfacet
  facet normal 0 0 -1
    outer loop
      vertex -33.87571211248565 -5.893723504372131 -4
      vertex -33.721036359300356 -0.5694313003061202 -4
      vertex -33.630593358972675 -0.29107636714486307 -4
    endloop
  endfacet
  facet normal 0 0 -1
    outer loop
      vertex -33.87571211248565 -5.893723504372131 -4
      vertex -33.630593358972675 -0.29107636714486307 -4
      vertex -33.6 0 -4
    endloop
  endfacet
  facet normal 0 0 -1
    outer loop
      vertex -33.87571211248565 -5.893723504372131 -4
      vertex -33.14589803375031 5.706339097770921 -4
      vertex -33.14589803375031 -5.706339097770921 -4
    endloop
  endfacet
  facet normal 0 0 -1
    outer loop
      vertex -33.14589803375031 -5.706339097770921 -4
      vertex -32.445324250609566 5.428962314796117 -4
      vertex -32.445324250609566 -5.4289623147961175 -4
    endloop
  endfacet
  facet normal 0 0 -1
    outer loop
      vertex -33.87571211248565 -5.893723504372131 -4
      vertex -33.6 0 -4
      vertex -33.14589803375031 5.706339097770921 -4
    endloop
  endfacet
  facet normal 0 0 -1
    outer loop
      vertex -32.445324250609566 -5.4289623147961175 -4
      vertex -31.78503923012602 5.06596755301209 -4
      vertex -31.785039230126024 -5.065967553012092 -4
    endloop
  endfacet
  facet normal 0 0 -1
    outer loop
      vertex -31.785039230126024 -5.065967553012092 -4
      vertex -31.175456061507862 4.623079456654735 -4
      vertex -31.17545606150786 -4.623079456654734 -4
    endloop
  endfacet
  facet normal 0.7705132427757875 -0.6374239897486919 0
    outer loop
      vertex -30.62618823547153 -4.1072826355721315 -4
      vertex -30.145898033750314 -3.526711513754839 -4
      vertex -30.62618823547153 -4.1072826355721315 0
    endloop
  endfacet
  facet normal 0.8443279255020175 -0.5358267949789928 0
    outer loop
      vertex -30.145898033750314 -3.526711513754839 -4
      vertex -29.74215991973682 -2.890522044610292 -4
      vertex -30.145898033750314 -3.526711513754839 0
    endloop
  endfacet
  facet normal 0.9048270524660194 -0.42577929156507305 0
    outer loop
      vertex -29.74215991973682 -2.890522044610292 -4
      vertex -29.421341084670495 -2.20874731610807 -4
      vertex -29.74215991973682 -2.890522044610292 0
    endloop
  endfacet
  facet normal 0 0 -1
    outer loop
      vertex -31.17545606150786 -4.623079456654734 -4
      vertex -30.62618823547153 4.107282635572132 -4
      vertex -30.62618823547153 -4.1072826355721315 -4
    endloop
  endfacet
  facet normal 0 0 -1
    outer loop
      vertex -30.62618823547153 -4.1072826355721315 -4
      vertex -30.145898033750314 3.526711513754839 -4
      vertex -30.145898033750314 -3.526711513754839 -4
    endloop
  endfacet
  facet normal 0 0 -1
    outer loop
      vertex -30.145898033750314 -3.526711513754839 -4
      vertex -29.742159919736817 2.890522044610292 -4
      vertex -29.74215991973682 -2.890522044610292 -4
    endloop
  endfacet
  facet normal 0 0 -1
    outer loop
      vertex -29.74215991973682 -2.890522044610292 -4
      vertex -29.42134108467049 2.208747316108068 -4
      vertex -29.421341084670495 -2.20874731610807 -4
    endloop
  endfacet
  facet normal 0 0 -1
    outer loop
      vertex -30.145898033750314 -3.526711513754839 -4
      vertex -30.145898033750314 3.526711513754839 -4
      vertex -29.742159919736817 2.890522044610292 -4
    endloop
  endfacet
  facet normal 0 0 -1
    outer loop
      vertex -29.74215991973682 -2.890522044610292 -4
      vertex -29.742159919736817 2.890522044610292 -4
      vertex -29.42134108467049 2.208747316108068 -4
    endloop
  endfacet
  facet normal 0.7705132427757875 -0.6374239897486919 0
    outer loop
      vertex -30.145898033750314 -3.526711513754839 -4
      vertex -30.145898033750314 -3.526711513754839 0
      vertex -30.62618823547153 -4.1072826355721315 0
    endloop
  endfacet
  facet normal 0.8443279255020175 -0.5358267949789928 0
    outer loop
      vertex -29.74215991973682 -2.890522044610292 -4
      vertex -29.74215991973682 -2.890522044610292 0
      vertex -30.145898033750314 -3.526711513754839 0
    endloop
  endfacet
  facet normal 0.9048270524660194 -0.42577929156507305 0
    outer loop
      vertex -29.421341084670495 -2.20874731610807 -4
      vertex -29.421341084670495 -2.20874731610807 0
      vertex -29.74215991973682 -2.890522044610292 0
    endloop
  endfacet
  facet normal 0 0 -1
    outer loop
      vertex -40.25784008026318 -2.890522044610292 -4
      vertex -40.25784008026318 2.890522044610292 -4
      vertex -39.85410196624969 3.526711513754839 -4
    endloop
  endfacet
  facet normal 0 0 -1
    outer loop
      vertex -39.85410196624969 -3.526711513754839 -4
      vertex -39.85410196624969 3.526711513754839 -4
      vertex -39.37381176452847 4.1072826355721315 -4
    endloop
  endfacet
  facet normal 0 0 -1
    outer loop
      vertex -39.37381176452847 -4.1072826355721315 -4
      vertex -39.37381176452847 4.1072826355721315 -4
      vertex -38.82454393849214 4.623079456654736 -4
    endloop
  endfacet
  facet normal 0 0 -1
    outer loop
      vertex -38.82454393849214 -4.623079456654736 -4
      vertex -38.82454393849214 4.623079456654736 -4
      vertex -38.21496076987398 5.06596755301209 -4
    endloop
  endfacet
  facet normal -0.982287250728689 0.1873813145857224 0
    outer loop
      vertex -40.952688207886865 0.7519994013858244 -4
      vertex -40.81149896677179 1.492139322989129 0
      vertex -40.81149896677179 1.492139322989129 -4
    endloop
  endfacet
  facet normal -0.9510565162951552 0.3090169943749426 0
    outer loop
      vertex -40.81149896677179 1.492139322989129 -4
      vertex -40.57865891532951 2.208747316108067 0
      vertex -40.57865891532951 2.208747316108067 -4
    endloop
  endfacet
  facet normal -0.9048270524660165 0.42577929156507915 0
    outer loop
      vertex -40.57865891532951 2.208747316108067 -4
      vertex -40.25784008026318 2.890522044610292 0
      vertex -40.25784008026318 2.890522044610292 -4
    endloop
  endfacet
  facet normal -0.8443279255020175 0.5358267949789928 0
    outer loop
      vertex -40.25784008026318 2.890522044610292 -4
      vertex -39.85410196624969 3.526711513754839 0
      vertex -39.85410196624969 3.526711513754839 -4
    endloop
  endfacet
  facet normal -0.7705132427757875 0.6374239897486919 0
    outer loop
      vertex -39.85410196624969 3.526711513754839 -4
      vertex -39.37381176452847 4.1072826355721315 0
      vertex -39.37381176452847 4.1072826355721315 -4
    endloop
  endfacet
  facet normal -0.6845471059286916 0.7289686274214088 0
    outer loop
      vertex -39.37381176452847 4.1072826355721315 -4
      vertex -39.37381176452847 4.1072826355721315 0
      vertex -38.82454393849214 4.623079456654736 -4
    endloop
  endfacet
  facet normal -0.5877852522924725 0.809016994374948 0
    outer loop
      vertex -38.82454393849214 4.623079456654736 -4
      vertex -38.82454393849214 4.623079456654736 0
      vertex -38.21496076987398 5.06596755301209 -4
    endloop
  endfacet
  facet normal 0 0 -1
    outer loop
      vertex -38.21496076987398 -5.06596755301209 -4
      vertex -38.21496076987398 5.06596755301209 -4
      vertex -37.554675749390434 5.428962314796117 -4
    endloop
  endfacet
  facet normal 0 0 -1
    outer loop
      vertex -37.554675749390434 -5.4289623147961175 -4
      vertex -37.554675749390434 5.428962314796117 -4
      vertex -36.85410196624969 5.706339097770921 -4
    endloop
  endfacet
  facet normal 0 0 -1
    outer loop
      vertex -36.85410196624969 -5.706339097770921 -4
      vertex -36.85410196624969 5.706339097770921 -4
      vertex -36.12428788751435 5.893723504372132 -4
    endloop
  endfacet
  facet normal 0 0 -1
    outer loop
      vertex -36.12428788751435 5.893723504372132 -4
      vertex -36.369406641027325 0.29107636714486307 -4
      vertex -36.4 0 -4
    endloop
  endfacet
  facet normal 0 0 -1
    outer loop
      vertex -36.12428788751435 5.893723504372132 -4
      vertex -36.278963640699644 0.5694313003061202 -4
      vertex -36.369406641027325 0.29107636714486307 -4
    endloop
  endfacet
  facet normal 0 0 -1
    outer loop
      vertex -36.12428788751435 5.893723504372132 -4
      vertex -36.132623792124924 0.8228993532094624 -4
      vertex -36.278963640699644 0.5694313003061202 -4
    endloop
  endfacet
  facet normal 0 0 -1
    outer loop
      vertex -36.12428788751435 5.893723504372132 -4
      vertex -35.9367828489024 1.040402755668352 -4
      vertex -36.132623792124924 0.8228993532094624 -4
    endloop
  endfacet
  facet normal 0 0 -1
    outer loop
      vertex -36.12428788751435 5.893723504372132 -4
      vertex -35.7 1.212435565298214 -4
      vertex -35.9367828489024 1.040402755668352 -4
    endloop
  endfacet
  facet normal 0 0 -1
    outer loop
      vertex -35.37674311717588 5.988160370569629 -4
      vertex -35.43262379212493 1.3314791228132148 -4
      vertex -35.7 1.212435565298214 -4
    endloop
  endfacet
  facet normal 0 0 -1
    outer loop
      vertex -36.12428788751435 5.893723504372132 -4
      vertex -35.37674311717588 5.988160370569629 -4
      vertex -35.7 1.212435565298214 -4
    endloop
  endfacet
  facet normal -0.48175367410171216 0.8763066800438652 0
    outer loop
      vertex -38.21496076987398 5.06596755301209 -4
      vertex -38.21496076987398 5.06596755301209 0
      vertex -37.554675749390434 5.428962314796117 -4
    endloop
  endfacet
  facet normal -0.36812455268468 0.9297764858882506 0
    outer loop
      vertex -37.554675749390434 5.428962314796117 -4
      vertex -37.554675749390434 5.428962314796117 0
      vertex -36.85410196624969 5.706339097770921 -4
    endloop
  endfacet
  facet normal -0.24868988716485513 0.968583161128631 0
    outer loop
      vertex -36.85410196624969 5.706339097770921 -4
      vertex -36.85410196624969 5.706339097770921 0
      vertex -36.12428788751435 5.893723504372132 -4
    endloop
  endfacet
  facet normal -0.12533323356430293 0.992114701314478 0
    outer loop
      vertex -36.12428788751435 5.893723504372132 -4
      vertex -36.12428788751435 5.893723504372132 0
      vertex -35.37674311717588 5.988160370569629 -4
    endloop
  endfacet
  facet normal -0.9510565162951552 0.3090169943749426 0
    outer loop
      vertex -40.81149896677179 1.492139322989129 -4
      vertex -40.81149896677179 1.492139322989129 0
      vertex -40.57865891532951 2.208747316108067 0
    endloop
  endfacet
  facet normal -0.9048270524660165 0.42577929156507915 0
    outer loop
      vertex -40.57865891532951 2.208747316108067 -4
      vertex -40.57865891532951 2.208747316108067 0
      vertex -40.25784008026318 2.890522044610292 0
    endloop
  endfacet
  facet normal -0.8443279255020175 0.5358267949789928 0
    outer loop
      vertex -40.25784008026318 2.890522044610292 -4
      vertex -40.25784008026318 2.890522044610292 0
      vertex -39.85410196624969 3.526711513754839 0
    endloop
  endfacet
  facet normal -0.7705132427757875 0.6374239897486919 0
    outer loop
      vertex -39.85410196624969 3.526711513754839 -4
      vertex -39.85410196624969 3.526711513754839 0
      vertex -39.37381176452847 4.1072826355721315 0
    endloop
  endfacet
  facet normal -0.6845471059286916 0.7289686274214088 0
    outer loop
      vertex -38.82454393849214 4.623079456654736 -4
      vertex -39.37381176452847 4.1072826355721315 0
      vertex -38.82454393849214 4.623079456654736 0
    endloop
  endfacet
  facet normal -0.5877852522924725 0.809016994374948 0
    outer loop
      vertex -38.21496076987398 5.06596755301209 -4
      vertex -38.82454393849214 4.623079456654736 0
      vertex -38.21496076987398 5.06596755301209 0
    endloop
  endfacet
  facet normal -0.48175367410171216 0.8763066800438652 0
    outer loop
      vertex -37.554675749390434 5.428962314796117 -4
      vertex -38.21496076987398 5.06596755301209 0
      vertex -37.554675749390434 5.428962314796117 0
    endloop
  endfacet
  facet normal -0.36812455268468 0.9297764858882506 0
    outer loop
      vertex -36.85410196624969 5.706339097770921 -4
      vertex -37.554675749390434 5.428962314796117 0
      vertex -36.85410196624969 5.706339097770921 0
    endloop
  endfacet
  facet normal -0.24868988716485513 0.968583161128631 0
    outer loop
      vertex -36.12428788751435 5.893723504372132 -4
      vertex -36.85410196624969 5.706339097770921 0
      vertex -36.12428788751435 5.893723504372132 0
    endloop
  endfacet
  facet normal -0.12533323356430293 0.992114701314478 0
    outer loop
      vertex -35.37674311717588 5.988160370569629 -4
      vertex -36.12428788751435 5.893723504372132 0
      vertex -35.37674311717588 5.988160370569629 0
    endloop
  endfacet
  facet normal 0 0 -1
    outer loop
      vertex -35.37674311717588 5.988160370569629 -4
      vertex -35.14633984857471 1.3923306535155826 -4
      vertex -35.43262379212493 1.3314791228132148 -4
    endloop
  endfacet
  facet normal 0 0 -1
    outer loop
      vertex -34.62325688282412 5.988160370569629 -4
      vertex -34.85366015142529 1.3923306535155826 -4
      vertex -35.14633984857471 1.3923306535155826 -4
    endloop
  endfacet
  facet normal 0 0 -1
    outer loop
      vertex -33.87571211248565 5.893723504372132 -4
      vertex -34.56737620787507 1.3314791228132148 -4
      vertex -34.85366015142529 1.3923306535155826 -4
    endloop
  endfacet
  facet normal 0 0 -1
    outer loop
      vertex -33.87571211248565 5.893723504372132 -4
      vertex -34.3 1.212435565298214 -4
      vertex -34.56737620787507 1.3314791228132148 -4
    endloop
  endfacet
  facet normal 0 0 -1
    outer loop
      vertex -33.87571211248565 5.893723504372132 -4
      vertex -34.0632171510976 1.040402755668352 -4
      vertex -34.3 1.212435565298214 -4
    endloop
  endfacet
  facet normal 0 0 -1
    outer loop
      vertex -33.14589803375031 5.706339097770921 -4
      vertex -33.6 0 -4
      vertex -33.630593358972675 0.29107636714486307 -4
    endloop
  endfacet
  facet normal 0 0 -1
    outer loop
      vertex -33.14589803375031 5.706339097770921 -4
      vertex -33.630593358972675 0.29107636714486307 -4
      vertex -33.721036359300356 0.5694313003061202 -4
    endloop
  endfacet
  facet normal 0 0 -1
    outer loop
      vertex -33.14589803375031 -5.706339097770921 -4
      vertex -33.14589803375031 5.706339097770921 -4
      vertex -32.445324250609566 5.428962314796117 -4
    endloop
  endfacet
  facet normal 0 0 -1
    outer loop
      vertex -33.14589803375031 5.706339097770921 -4
      vertex -33.867376207875076 0.8228993532094624 -4
      vertex -34.0632171510976 1.040402755668352 -4
    endloop
  endfacet
  facet normal 0 0 -1
    outer loop
      vertex -33.14589803375031 5.706339097770921 -4
      vertex -33.721036359300356 0.5694313003061202 -4
      vertex -33.867376207875076 0.8228993532094624 -4
    endloop
  endfacet
  facet normal 0 0 -1
    outer loop
      vertex -35.37674311717588 5.988160370569629 -4
      vertex -34.62325688282412 5.988160370569629 -4
      vertex -35.14633984857471 1.3923306535155826 -4
    endloop
  endfacet
  facet normal 0 0 -1
    outer loop
      vertex -34.62325688282412 5.988160370569629 -4
      vertex -33.87571211248565 5.893723504372132 -4
      vertex -34.85366015142529 1.3923306535155826 -4
    endloop
  endfacet
  facet normal 0 0 -1
    outer loop
      vertex -33.87571211248565 5.893723504372132 -4
      vertex -33.14589803375031 5.706339097770921 -4
      vertex -34.0632171510976 1.040402755668352 -4
    endloop
  endfacet
  facet normal 0 1 0
    outer loop
      vertex -35.37674311717588 5.988160370569629 -4
      vertex -35.37674311717588 5.988160370569629 0
      vertex -34.62325688282412 5.988160370569629 -4
    endloop
  endfacet
  facet normal 0.12533323356430293 0.992114701314478 0
    outer loop
      vertex -34.62325688282412 5.988160370569629 -4
      vertex -34.62325688282412 5.988160370569629 0
      vertex -33.87571211248565 5.893723504372132 -4
    endloop
  endfacet
  facet normal 0.24868988716485513 0.968583161128631 0
    outer loop
      vertex -33.87571211248565 5.893723504372132 -4
      vertex -33.87571211248565 5.893723504372132 0
      vertex -33.14589803375031 5.706339097770921 -4
    endloop
  endfacet
  facet normal 0.36812455268468 0.9297764858882506 0
    outer loop
      vertex -33.14589803375031 5.706339097770921 -4
      vertex -33.14589803375031 5.706339097770921 0
      vertex -32.445324250609566 5.428962314796117 -4
    endloop
  endfacet
  facet normal 0 0 -1
    outer loop
      vertex -32.445324250609566 -5.4289623147961175 -4
      vertex -32.445324250609566 5.428962314796117 -4
      vertex -31.78503923012602 5.06596755301209 -4
    endloop
  endfacet
  facet normal 0 0 -1
    outer loop
      vertex -31.785039230126024 -5.065967553012092 -4
      vertex -31.78503923012602 5.06596755301209 -4
      vertex -31.175456061507862 4.623079456654735 -4
    endloop
  endfacet
  facet normal 0 0 -1
    outer loop
      vertex -31.17545606150786 -4.623079456654734 -4
      vertex -31.175456061507862 4.623079456654735 -4
      vertex -30.62618823547153 4.107282635572132 -4
    endloop
  endfacet
  facet normal 0 0 -1
    outer loop
      vertex -30.62618823547153 -4.1072826355721315 -4
      vertex -30.62618823547153 4.107282635572132 -4
      vertex -30.145898033750314 3.526711513754839 -4
    endloop
  endfacet
  facet normal 0.9048270524660199 0.42577929156507194 0
    outer loop
      vertex -29.42134108467049 2.208747316108068 -4
      vertex -29.742159919736817 2.890522044610292 -4
      vertex -29.42134108467049 2.208747316108068 0
    endloop
  endfacet
  facet normal 0.8443279255020154 0.5358267949789961 0
    outer loop
      vertex -29.742159919736817 2.890522044610292 -4
      vertex -30.145898033750314 3.526711513754839 -4
      vertex -29.742159919736817 2.890522044610292 0
    endloop
  endfacet
  facet normal 0.6845471059286881 0.7289686274214122 0
    outer loop
      vertex -31.175456061507862 4.623079456654735 -4
      vertex -31.175456061507862 4.623079456654735 0
      vertex -30.62618823547153 4.107282635572132 -4
    endloop
  endfacet
  facet normal 0.48175367410171416 0.8763066800438641 0
    outer loop
      vertex -32.445324250609566 5.428962314796117 -4
      vertex -32.445324250609566 5.428962314796117 0
      vertex -31.78503923012602 5.06596755301209 -4
    endloop
  endfacet
  facet normal 0.5877852522924731 0.8090169943749475 0
    outer loop
      vertex -31.175456061507862 4.623079456654735 -4
      vertex -31.78503923012602 5.06596755301209 -4
      vertex -31.78503923012602 5.06596755301209 0
    endloop
  endfacet
  facet normal 0.7705132427757879 0.6374239897486913 0
    outer loop
      vertex -30.145898033750314 3.526711513754839 -4
      vertex -30.62618823547153 4.107282635572132 -4
      vertex -30.145898033750314 3.526711513754839 0
    endloop
  endfacet
  facet normal 0 1 0
    outer loop
      vertex -34.62325688282412 5.988160370569629 -4
      vertex -35.37674311717588 5.988160370569629 0
      vertex -34.62325688282412 5.988160370569629 0
    endloop
  endfacet
  facet normal 0.12533323356430293 0.992114701314478 0
    outer loop
      vertex -33.87571211248565 5.893723504372132 -4
      vertex -34.62325688282412 5.988160370569629 0
      vertex -33.87571211248565 5.893723504372132 0
    endloop
  endfacet
  facet normal 0.24868988716485513 0.968583161128631 0
    outer loop
      vertex -33.14589803375031 5.706339097770921 -4
      vertex -33.87571211248565 5.893723504372132 0
      vertex -33.14589803375031 5.706339097770921 0
    endloop
  endfacet
  facet normal 0.36812455268468 0.9297764858882506 0
    outer loop
      vertex -32.445324250609566 5.428962314796117 -4
      vertex -33.14589803375031 5.706339097770921 0
      vertex -32.445324250609566 5.428962314796117 0
    endloop
  endfacet
  facet normal 0.9048270524660199 0.42577929156507194 0
    outer loop
      vertex -29.742159919736817 2.890522044610292 -4
      vertex -29.742159919736817 2.890522044610292 0
      vertex -29.42134108467049 2.208747316108068 0
    endloop
  endfacet
  facet normal 0.8443279255020154 0.5358267949789961 0
    outer loop
      vertex -30.145898033750314 3.526711513754839 -4
      vertex -30.145898033750314 3.526711513754839 0
      vertex -29.742159919736817 2.890522044610292 0
    endloop
  endfacet
  facet normal 0.5877852522924731 0.8090169943749475 0
    outer loop
      vertex -31.175456061507862 4.623079456654735 -4
      vertex -31.78503923012602 5.06596755301209 0
      vertex -31.175456061507862 4.623079456654735 0
    endloop
  endfacet
  facet normal 0.48175367410171416 0.8763066800438641 0
    outer loop
      vertex -31.78503923012602 5.06596755301209 -4
      vertex -32.445324250609566 5.428962314796117 0
      vertex -31.78503923012602 5.06596755301209 0
    endloop
  endfacet
  facet normal 0.7705132427757879 0.6374239897486913 0
    outer loop
      vertex -30.62618823547153 4.107282635572132 -4
      vertex -30.62618823547153 4.107282635572132 0
      vertex -30.145898033750314 3.526711513754839 0
    endloop
  endfacet
  facet normal 0.6845471059286881 0.7289686274214122 0
    outer loop
      vertex -30.62618823547153 4.107282635572132 -4
      vertex -31.175456061507862 4.623079456654735 0
      vertex -30.62618823547153 4.107282635572132 0
    endloop
  endfacet
  facet normal 0.9510565162951531 -0.30901699437494895 0
    outer loop
      vertex -29.421341084670495 -2.20874731610807 -4
      vertex -29.188501033228214 -1.4921393229891267 -4
      vertex -29.421341084670495 -2.20874731610807 0
    endloop
  endfacet
  facet normal 0 0 -1
    outer loop
      vertex -29.421341084670495 -2.20874731610807 -4
      vertex -29.188501033228214 1.4921393229891287 -4
      vertex -29.188501033228214 -1.4921393229891267 -4
    endloop
  endfacet
  facet normal 0 0 -1
    outer loop
      vertex -29.188501033228214 -1.4921393229891267 -4
      vertex -29.047311792113135 0.7519994013858255 -4
      vertex -29.047311792113135 -0.7519994013858244 -4
    endloop
  endfacet
  facet normal 0 0 -1
    outer loop
      vertex -29.047311792113135 -0.7519994013858244 -4
      vertex -29.047311792113135 0.7519994013858255 -4
      vertex -29 0 -4
    endloop
  endfacet
  facet normal 0 0 -1
    outer loop
      vertex -29.188501033228214 -1.4921393229891267 -4
      vertex -29.188501033228214 1.4921393229891287 -4
      vertex -29.047311792113135 0.7519994013858255 -4
    endloop
  endfacet
  facet normal 0 0 -1
    outer loop
      vertex -29.421341084670495 -2.20874731610807 -4
      vertex -29.42134108467049 2.208747316108068 -4
      vertex -29.188501033228214 1.4921393229891287 -4
    endloop
  endfacet
  facet normal 0.982287250728689 -0.18738131458572302 0
    outer loop
      vertex -29.188501033228214 -1.4921393229891267 -4
      vertex -29.047311792113135 -0.7519994013858244 -4
      vertex -29.188501033228214 -1.4921393229891267 0
    endloop
  endfacet
  facet normal 0.9980267284282713 -0.06279051952931575 0
    outer loop
      vertex -29.047311792113135 -0.7519994013858244 -4
      vertex -29 0 -4
      vertex -29.047311792113135 -0.7519994013858244 0
    endloop
  endfacet
  facet normal 0.9980267284282713 0.06279051952931565 0
    outer loop
      vertex -29 0 -4
      vertex -29.047311792113135 0.7519994013858255 -4
      vertex -29 0 0
    endloop
  endfacet
  facet normal 0.982287250728689 0.1873813145857228 0
    outer loop
      vertex -29.047311792113135 0.7519994013858255 -4
      vertex -29.188501033228214 1.4921393229891287 -4
      vertex -29.047311792113135 0.7519994013858255 0
    endloop
  endfacet
  facet normal 0.9510565162951531 -0.30901699437494895 0
    outer loop
      vertex -29.421341084670495 -2.20874731610807 0
      vertex -29.188501033228214 -1.4921393229891267 -4
      vertex -29.188501033228214 -1.4921393229891267 0
    endloop
  endfacet
  facet normal 0.982287250728689 -0.18738131458572302 0
    outer loop
      vertex -29.047311792113135 -0.7519994013858244 -4
      vertex -29.047311792113135 -0.7519994013858244 0
      vertex -29.188501033228214 -1.4921393229891267 0
    endloop
  endfacet
  facet normal 0.9980267284282713 -0.06279051952931575 0
    outer loop
      vertex -29 0 -4
      vertex -29 0 0
      vertex -29.047311792113135 -0.7519994013858244 0
    endloop
  endfacet
  facet normal 0.9980267284282713 0.06279051952931565 0
    outer loop
      vertex -29.047311792113135 0.7519994013858255 -4
      vertex -29.047311792113135 0.7519994013858255 0
      vertex -29 0 0
    endloop
  endfacet
  facet normal 0.9510565162951539 0.30901699437494634 0
    outer loop
      vertex -29.42134108467049 2.208747316108068 -4
      vertex -29.188501033228214 1.4921393229891287 0
      vertex -29.188501033228214 1.4921393229891287 -4
    endloop
  endfacet
  facet normal 0.982287250728689 0.1873813145857228 0
    outer loop
      vertex -29.047311792113135 0.7519994013858255 0
      vertex -29.188501033228214 1.4921393229891287 -4
      vertex -29.188501033228214 1.4921393229891287 0
    endloop
  endfacet
  facet normal 0.9510565162951539 0.30901699437494634 0
    outer loop
      vertex -29.42134108467049 2.208747316108068 -4
      vertex -29.42134108467049 2.208747316108068 0
      vertex -29.188501033228214 1.4921393229891287 0
    endloop
  endfacet
  facet normal 0.7071067811865475 0.7071067811865475 0
    outer loop
      vertex -19.680729295449794 -20.957848038365587 -0.1
      vertex -20.941043844379852 -19.69753348943553 -0.1
      vertex -20.957848038365587 -19.680729295449794 0.09999999999999964
    endloop
  endfacet
  facet normal 0.6613118653236555 0.7501110696304565 0
    outer loop
      vertex -18.343765884092917 -22.136539839127124 -0.1
      vertex -18.325939705274827 -22.152255729803944 0.09999999999999964
      vertex -18.325939705274827 -22.152255729803944 -0.1
    endloop
  endfacet
  facet normal 0.6129070536529759 0.7901550123756909 0
    outer loop
      vertex -18.325939705274827 -22.152255729803944 -0.1
      vertex -16.8988260034086 -23.25923858827974 15
      vertex -16.8988260034086 -23.25923858827974 -0.1
    endloop
  endfacet
  facet normal 0.8607420270039433 0.509041415750372 0
    outer loop
      vertex -24.27442785818293 -15.405020355646156 -0.1
      vertex -25.193817051261075 -13.850418130424318 -0.1
      vertex -25.193817051261075 -13.850418130424318 15
    endloop
  endfacet
  facet normal 0.8270805742745625 0.5620833778521297 0
    outer loop
      vertex -24.27442785818293 -15.405020355646156 -0.1
      vertex -24.27442785818293 -15.405020355646156 15
      vertex -23.25923858827974 -16.8988260034086 -0.1
    endloop
  endfacet
  facet normal 0.9408807689542261 0.3387379202452896 0
    outer loop
      vertex -26.73107396928723 -10.58358088968449 -0.1
      vertex -27.278755423128807 -9.062337129731999 -0.1
      vertex -27.278755423128807 -9.062337129731999 2
    endloop
  endfacet
  facet normal 0.9177546256839808 0.39714789063478134 0
    outer loop
      vertex -26.013777758398064 -12.241154632495833 -0.1
      vertex -26.73107396928723 -10.58358088968449 -0.1
      vertex -26.73107396928723 -10.58358088968449 15
    endloop
  endfacet
  facet normal 0.8910065241883676 0.4539904997395472 0
    outer loop
      vertex -26.013777758398064 -12.241154632495833 -0.1
      vertex -26.013777758398064 -12.241154632495833 15
      vertex -25.193817051261075 -13.850418130424318 -0.1
    endloop
  endfacet
  facet normal 0.7901550123756909 0.6129070536529759 0
    outer loop
      vertex -22.152255729803944 -18.325939705274827 -0.1
      vertex -23.25923858827974 -16.8988260034086 -0.1
      vertex -23.25923858827974 -16.8988260034086 15
    endloop
  endfacet
  facet normal 0.7501110696304593 0.6613118653236522 0
    outer loop
      vertex -22.152255729803944 -18.325939705274827 -0.1
      vertex -22.152255729803944 -18.325939705274827 15
      vertex -20.957848038365587 -19.680729295449794 -0.1
    endloop
  endfacet
  facet normal 0.7071067811865476 0.7071067811865476 0
    outer loop
      vertex -19.680729295449794 -20.957848038365587 -0.1
      vertex -20.957848038365587 -19.680729295449794 0.09999999999999964
      vertex -20.957848038365587 -19.680729295449794 15
    endloop
  endfacet
  facet normal 0.6129070536529759 0.7901550123756909 0
    outer loop
      vertex -18.325939705274827 -22.152255729803944 -0.1
      vertex -18.325939705274827 -22.152255729803944 0.09999999999999964
      vertex -16.8988260034086 -23.25923858827974 15
    endloop
  endfacet
  facet normal 0.6613118653236162 0.750111069630491 0
    outer loop
      vertex -19.680729295449794 -20.957848038365587 -0.1
      vertex -19.680729295449794 -20.957848038365587 15
      vertex -19.662785062467343 -20.97366800778861 0.09999999999999964
    endloop
  endfacet
  facet normal 0.6613118653236527 0.7501110696304588 0
    outer loop
      vertex -18.325939705274827 -22.152255729803944 0.09999999999999964
      vertex -19.662785062467343 -20.97366800778861 0.09999999999999964
      vertex -18.325939705274827 -22.152255729803944 15
    endloop
  endfacet
  facet normal 0.7071067811865476 0.7071067811865476 0
    outer loop
      vertex -19.680729295449794 -20.957848038365587 -0.1
      vertex -20.957848038365587 -19.680729295449794 15
      vertex -19.680729295449794 -20.957848038365587 15
    endloop
  endfacet
  facet normal 0.6129070536529758 0.7901550123756909 0
    outer loop
      vertex -18.325939705274827 -22.152255729803944 0.09999999999999964
      vertex -18.325939705274827 -22.152255729803944 15
      vertex -16.8988260034086 -23.25923858827974 15
    endloop
  endfacet
  facet normal 0.6613118653236523 0.7501110696304593 7.709547536506665e-17
    outer loop
      vertex -19.662785062467343 -20.97366800778861 0.09999999999999964
      vertex -19.680729295449794 -20.957848038365587 15
      vertex -18.325939705274827 -22.152255729803944 15
    endloop
  endfacet
  facet normal 0.8270805742745625 0.5620833778521297 0
    outer loop
      vertex -23.25923858827974 -16.8988260034086 -0.1
      vertex -24.27442785818293 -15.405020355646156 15
      vertex -23.25923858827974 -16.8988260034086 15
    endloop
  endfacet
  facet normal 0.8607420270039433 0.509041415750372 0
    outer loop
      vertex -24.27442785818293 -15.405020355646156 -0.1
      vertex -25.193817051261075 -13.850418130424318 15
      vertex -24.27442785818293 -15.405020355646156 15
    endloop
  endfacet
  facet normal 0.9408807689542261 0.33873792024528954 1.076774326721673e-17
    outer loop
      vertex -26.73107396928723 -10.58358088968449 -0.1
      vertex -27.278755423128807 -9.062337129731999 2
      vertex -27.342874843485664 -8.884238588279738 15
    endloop
  endfacet
  facet normal 0.9408807689542261 0.33873792024528965 0
    outer loop
      vertex -26.73107396928723 -10.58358088968449 -0.1
      vertex -27.342874843485664 -8.884238588279738 15
      vertex -26.73107396928723 -10.58358088968449 15
    endloop
  endfacet
  facet normal 0.8910065241883676 0.4539904997395472 0
    outer loop
      vertex -25.193817051261075 -13.850418130424318 -0.1
      vertex -26.013777758398064 -12.241154632495833 15
      vertex -25.193817051261075 -13.850418130424318 15
    endloop
  endfacet
  facet normal 0.9177546256839808 0.39714789063478134 0
    outer loop
      vertex -26.013777758398064 -12.241154632495833 -0.1
      vertex -26.73107396928723 -10.58358088968449 15
      vertex -26.013777758398064 -12.241154632495833 15
    endloop
  endfacet
  facet normal 0.7501110696304593 0.6613118653236522 0
    outer loop
      vertex -20.957848038365587 -19.680729295449794 -0.1
      vertex -22.152255729803944 -18.325939705274827 15
      vertex -20.957848038365587 -19.680729295449794 0.09999999999999964
    endloop
  endfacet
  facet normal 0.7901550123756909 0.6129070536529759 0
    outer loop
      vertex -22.152255729803944 -18.325939705274827 -0.1
      vertex -23.25923858827974 -16.8988260034086 15
      vertex -22.152255729803944 -18.325939705274827 15
    endloop
  endfacet
  facet normal 0.7501110696304593 0.6613118653236523 0
    outer loop
      vertex -20.957848038365587 -19.680729295449794 0.09999999999999964
      vertex -22.152255729803944 -18.325939705274827 15
      vertex -20.957848038365587 -19.680729295449794 15
    endloop
  endfacet
  facet normal 0 0 -1
    outer loop
      vertex -19.60738496163085 -20.879744255747735 15
      vertex -20.957848038365587 -19.680729295449794 15
      vertex -20.879744255747735 -19.60738496163085 15
    endloop
  endfacet
  facet normal 0 0 -1
    outer loop
      vertex -18.325939705274827 -22.152255729803944 15
      vertex -16.83584901119781 -23.172558194795148 15
      vertex -16.8988260034086 -23.25923858827974 15
    endloop
  endfacet
  facet normal 0 0 -1
    outer loop
      vertex -18.325939705274827 -22.152255729803944 15
      vertex -18.257644276832533 -22.06970073833495 15
      vertex -16.83584901119781 -23.172558194795148 15
    endloop
  endfacet
  facet normal 0 0 -1
    outer loop
      vertex -18.257644276832533 -22.06970073833495 15
      vertex -19.680729295449794 -20.957848038365587 15
      vertex -19.60738496163085 -20.879744255747735 15
    endloop
  endfacet
  facet normal 0 0 -1
    outer loop
      vertex -18.325939705274827 -22.152255729803944 15
      vertex -19.680729295449794 -20.957848038365587 15
      vertex -18.257644276832533 -22.06970073833495 15
    endloop
  endfacet
  facet normal 0 0 -1
    outer loop
      vertex -19.680729295449794 -20.957848038365587 15
      vertex -20.957848038365587 -19.680729295449794 15
      vertex -19.60738496163085 -20.879744255747735 15
    endloop
  endfacet
  facet normal 0 0 -1
    outer loop
      vertex -24.18396415059532 -15.347610341083668 15
      vertex -25.193817051261075 -13.850418130424318 15
      vertex -25.099927048495356 -13.798801664609472 15
    endloop
  endfacet
  facet normal 0 0 -1
    outer loop
      vertex -24.27442785818293 -15.405020355646156 15
      vertex -23.172558194795148 -16.83584901119781 15
      vertex -23.25923858827974 -16.8988260034086 15
    endloop
  endfacet
  facet normal 0 0 -1
    outer loop
      vertex -24.27442785818293 -15.405020355646156 15
      vertex -24.18396415059532 -15.347610341083668 15
      vertex -23.172558194795148 -16.83584901119781 15
    endloop
  endfacet
  facet normal 0 0 -1
    outer loop
      vertex -24.27442785818293 -15.405020355646156 15
      vertex -25.193817051261075 -13.850418130424318 15
      vertex -24.18396415059532 -15.347610341083668 15
    endloop
  endfacet
  facet normal 0 0 -1
    outer loop
      vertex -25.91683200140089 -12.195535422037882 15
      vertex -26.73107396928723 -10.58358088968449 15
      vertex -26.63145505867117 -10.544138972765673 15
    endloop
  endfacet
  facet normal 0 0 -1
    outer loop
      vertex -26.73107396928723 -10.58358088968449 15
      vertex -27.342874843485664 -8.884238588279738 15
      vertex -26.63145505867117 -10.544138972765673 15
    endloop
  endfacet
  facet normal 0 0 -1
    outer loop
      vertex -26.63145505867117 -10.544138972765673 15
      vertex -27.342874843485664 -8.884238588279738 15
      vertex -27.240975929579363 -8.85112962412684 15
    endloop
  endfacet
  facet normal 0 0 -1
    outer loop
      vertex -26.013777758398064 -12.241154632495833 15
      vertex -25.099927048495356 -13.798801664609472 15
      vertex -25.193817051261075 -13.850418130424318 15
    endloop
  endfacet
  facet normal 0 0 -1
    outer loop
      vertex -26.013777758398064 -12.241154632495833 15
      vertex -25.91683200140089 -12.195535422037882 15
      vertex -25.099927048495356 -13.798801664609472 15
    endloop
  endfacet
  facet normal 0 0 -1
    outer loop
      vertex -26.013777758398064 -12.241154632495833 15
      vertex -26.73107396928723 -10.58358088968449 15
      vertex -25.91683200140089 -12.195535422037882 15
    endloop
  endfacet
  facet normal 0 0 -1
    outer loop
      vertex -22.06970073833495 -18.257644276832533 15
      vertex -23.25923858827974 -16.8988260034086 15
      vertex -23.172558194795148 -16.83584901119781 15
    endloop
  endfacet
  facet normal 0 0 -1
    outer loop
      vertex -22.152255729803944 -18.325939705274827 15
      vertex -23.25923858827974 -16.8988260034086 15
      vertex -22.06970073833495 -18.257644276832533 15
    endloop
  endfacet
  facet normal 0 0 -1
    outer loop
      vertex -22.152255729803944 -18.325939705274827 15
      vertex -20.879744255747735 -19.60738496163085 15
      vertex -20.957848038365587 -19.680729295449794 15
    endloop
  endfacet
  facet normal 0 0 -1
    outer loop
      vertex -22.152255729803944 -18.325939705274827 15
      vertex -22.06970073833495 -18.257644276832533 15
      vertex -20.879744255747735 -19.60738496163085 15
    endloop
  endfacet
  facet normal 0.9955619646030802 0.09410831331851235 0
    outer loop
      vertex -28.540317017956557 -3.42328449382438 0
      vertex -28.693268442312807 -1.8052274364677567 0
      vertex -28.540317017956557 -3.42328449382438 2
    endloop
  endfacet
  facet normal 0.9955619646030867 -0.09410831331844453 0
    outer loop
      vertex -28.691017173709874 1.8290433706201539 0.09999999999999964
      vertex -28.693268442312807 1.8052274364677567 0
      vertex -28.69214280801134 1.8171354035439553 0
    endloop
  endfacet
  facet normal 0.9955619646030801 -0.09410831331851341 0
    outer loop
      vertex -28.691017173709874 1.8290433706201539 0.09999999999999964
      vertex -28.540317017956557 3.423284493824379 0.09999999999999964
      vertex -28.540317017956557 3.423284493824379 2
    endloop
  endfacet
  facet normal 0.8910065241883675 -0.45399049973954764 0
    outer loop
      vertex -25.193817051261075 13.850418130424318 -0.1
      vertex -25.659226417386698 12.937000819105679 2
      vertex -25.659226417386698 12.937000819105679 -0.1
    endloop
  endfacet
  facet normal 0.8910065241883675 -0.4539904997395476 0
    outer loop
      vertex -25.193817051261075 13.850418130424318 -0.1
      vertex -25.193817051261075 13.850418130424318 0.09999999999999964
      vertex -25.659226417386698 12.937000819105679 2
    endloop
  endfacet
  facet normal 0.8270805742745625 -0.5620833778521297 0
    outer loop
      vertex -24.27442785818293 15.405020355646156 -0.1
      vertex -23.25923858827974 16.8988260034086 -0.1
      vertex -23.25923858827974 16.8988260034086 15
    endloop
  endfacet
  facet normal 0.7901550123756909 -0.6129070536529759 0
    outer loop
      vertex -23.25923858827974 16.8988260034086 -0.1
      vertex -22.152255729803944 18.325939705274827 -0.1
      vertex -22.152255729803944 18.325939705274827 15
    endloop
  endfacet
  facet normal 0.7501110696304593 -0.6613118653236522 0
    outer loop
      vertex -22.152255729803944 18.325939705274827 -0.1
      vertex -20.957848038365587 19.680729295449794 -0.1
      vertex -20.957848038365587 19.680729295449794 15
    endloop
  endfacet
  facet normal 0.7071067811865476 -0.7071067811865476 0
    outer loop
      vertex -20.957848038365587 19.680729295449794 -0.1
      vertex -19.680729295449794 20.957848038365587 -0.1
      vertex -19.680729295449794 20.957848038365587 15
    endloop
  endfacet
  facet normal 0.6613118653236522 -0.7501110696304593 0
    outer loop
      vertex -19.680729295449794 20.957848038365587 -0.1
      vertex -18.325939705274827 22.152255729803944 -0.1
      vertex -19.680729295449794 20.957848038365587 15
    endloop
  endfacet
  facet normal 0.6129070536529759 -0.7901550123756909 0
    outer loop
      vertex -18.325939705274827 22.152255729803944 -0.1
      vertex -16.8988260034086 23.25923858827974 -0.1
      vertex -18.325939705274827 22.152255729803944 15
    endloop
  endfacet
  facet normal 0.9408807689542259 0.33873792024529037 0
    outer loop
      vertex -27.342874843485664 -8.884238588279738 15
      vertex -27.278755423128807 -9.062337129731999 2
      vertex -27.342874843485664 -8.884238588279738 2
    endloop
  endfacet
  facet normal 0.9602936856769431 0.2789911060392294 0
    outer loop
      vertex -27.846765882448143 -7.149834255989577 15
      vertex -27.342874843485664 -8.884238588279738 2
      vertex -27.846765882448143 -7.149834255989577 2
    endloop
  endfacet
  facet normal 0.9759167619387474 0.21814324139654262 0
    outer loop
      vertex -28.240758458449797 -5.387212794339589 15
      vertex -27.846765882448143 -7.149834255989577 2
      vertex -28.240758458449797 -5.387212794339589 2
    endloop
  endfacet
  facet normal 0.9876883405951374 0.15643446504023273 0
    outer loop
      vertex -28.52329766279124 -3.603330464973742 15
      vertex -28.240758458449797 -5.387212794339589 2
      vertex -28.52329766279124 -3.603330464973742 2
    endloop
  endfacet
  facet normal 0.9955619646030802 0.09410831331851234 0
    outer loop
      vertex -28.693268442312807 -1.8052274364677567 15
      vertex -28.540317017956557 -3.42328449382438 2
      vertex -28.693268442312807 -1.8052274364677567 0
    endloop
  endfacet
  facet normal 0.9955619646030798 0.0941083133185158 0
    outer loop
      vertex -28.52329766279124 -3.603330464973742 15
      vertex -28.52329766279124 -3.603330464973742 2
      vertex -28.540317017956557 -3.42328449382438 2
    endloop
  endfacet
  facet normal 0.9995065603657315 0.031410759078128785 0
    outer loop
      vertex -28.75 0 15
      vertex -28.693268442312807 -1.8052274364677567 0
      vertex -28.75 0 0
    endloop
  endfacet
  facet normal 0.9995065603657315 -0.031410759078128785 0
    outer loop
      vertex -28.75 0 15
      vertex -28.75 0 0
      vertex -28.693268442312807 1.8052274364677567 0
    endloop
  endfacet
  facet normal 0.9602936856769431 0.2789911060392294 0
    outer loop
      vertex -27.342874843485664 -8.884238588279738 15
      vertex -27.342874843485664 -8.884238588279738 2
      vertex -27.846765882448143 -7.149834255989577 15
    endloop
  endfacet
  facet normal 0.9759167619387474 0.21814324139654262 0
    outer loop
      vertex -27.846765882448143 -7.149834255989577 15
      vertex -27.846765882448143 -7.149834255989577 2
      vertex -28.240758458449797 -5.387212794339589 15
    endloop
  endfacet
  facet normal 0.9876883405951374 0.15643446504023273 0
    outer loop
      vertex -28.240758458449797 -5.387212794339589 15
      vertex -28.240758458449797 -5.387212794339589 2
      vertex -28.52329766279124 -3.603330464973742 15
    endloop
  endfacet
  facet normal 0.9955619646030801 0.09410831331851269 -4.32950497557591e-17
    outer loop
      vertex -28.52329766279124 -3.603330464973742 15
      vertex -28.540317017956557 -3.42328449382438 2
      vertex -28.693268442312807 -1.8052274364677567 15
    endloop
  endfacet
  facet normal 0.9995065603657315 0.031410759078128785 0
    outer loop
      vertex -28.693268442312807 -1.8052274364677567 15
      vertex -28.693268442312807 -1.8052274364677567 0
      vertex -28.75 0 15
    endloop
  endfacet
  facet normal 0.9955619646030865 -0.09410831331844453 0
    outer loop
      vertex -28.691017173709874 1.8290433706201539 0.09999999999999964
      vertex -28.693268442312807 1.8052274364677567 15
      vertex -28.693268442312807 1.8052274364677567 0
    endloop
  endfacet
  facet normal 0.9955619646030801 -0.0941083133185134 -2.7113115169580185e-17
    outer loop
      vertex -28.691017173709874 1.8290433706201539 0.09999999999999964
      vertex -28.540317017956557 3.423284493824379 2
      vertex -28.52329766279124 3.603330464973742 15
    endloop
  endfacet
  facet normal 0.99556196460308 -0.09410831331851534 0
    outer loop
      vertex -28.52329766279124 3.603330464973742 15
      vertex -28.540317017956557 3.423284493824379 2
      vertex -28.52329766279124 3.603330464973742 2
    endloop
  endfacet
  facet normal 0.9876883405951374 -0.15643446504023273 0
    outer loop
      vertex -28.240758458449797 5.387212794339589 15
      vertex -28.52329766279124 3.603330464973742 2
      vertex -28.240758458449797 5.387212794339589 2
    endloop
  endfacet
  facet normal 0.9759167619387474 -0.21814324139654262 0
    outer loop
      vertex -27.846765882448143 7.149834255989577 15
      vertex -28.240758458449797 5.387212794339589 2
      vertex -27.846765882448143 7.149834255989577 2
    endloop
  endfacet
  facet normal 0.9602936856769431 -0.2789911060392294 0
    outer loop
      vertex -27.342874843485664 8.884238588279738 15
      vertex -27.846765882448143 7.149834255989577 2
      vertex -27.342874843485664 8.884238588279738 2
    endloop
  endfacet
  facet normal 0.9408807689542261 -0.33873792024528965 0
    outer loop
      vertex -26.73107396928723 10.58358088968449 15
      vertex -27.342874843485664 8.884238588279738 2
      vertex -26.73107396928723 10.58358088968449 2
    endloop
  endfacet
  facet normal 0.9995065603657315 -0.031410759078128785 0
    outer loop
      vertex -28.75 0 15
      vertex -28.693268442312807 1.8052274364677567 0
      vertex -28.693268442312807 1.8052274364677567 15
    endloop
  endfacet
  facet normal 0.9955619646030801 -0.09410831331851269 -1.0990617516508239e-16
    outer loop
      vertex -28.691017173709874 1.8290433706201539 0.09999999999999964
      vertex -28.52329766279124 3.603330464973742 15
      vertex -28.693268442312807 1.8052274364677567 15
    endloop
  endfacet
  facet normal 0.9876883405951374 -0.15643446504023273 0
    outer loop
      vertex -28.52329766279124 3.603330464973742 15
      vertex -28.52329766279124 3.603330464973742 2
      vertex -28.240758458449797 5.387212794339589 15
    endloop
  endfacet
  facet normal 0.9759167619387474 -0.21814324139654262 0
    outer loop
      vertex -28.240758458449797 5.387212794339589 15
      vertex -28.240758458449797 5.387212794339589 2
      vertex -27.846765882448143 7.149834255989577 15
    endloop
  endfacet
  facet normal 0.9602936856769431 -0.2789911060392294 0
    outer loop
      vertex -27.846765882448143 7.149834255989577 15
      vertex -27.846765882448143 7.149834255989577 2
      vertex -27.342874843485664 8.884238588279738 15
    endloop
  endfacet
  facet normal 0.9408807689542261 -0.33873792024528965 0
    outer loop
      vertex -27.342874843485664 8.884238588279738 15
      vertex -27.342874843485664 8.884238588279738 2
      vertex -26.73107396928723 10.58358088968449 15
    endloop
  endfacet
  facet normal 0.9177546256839808 -0.3971478906347814 0
    outer loop
      vertex -26.73107396928723 10.58358088968449 15
      vertex -26.73107396928723 10.58358088968449 2
      vertex -26.013777758398064 12.241154632495833 15
    endloop
  endfacet
  facet normal 0 0 -1
    outer loop
      vertex -27.342874843485664 -8.884238588279738 15
      vertex -27.846765882448143 -7.149834255989577 15
      vertex -27.240975929579363 -8.85112962412684 15
    endloop
  endfacet
  facet normal 0 0 -1
    outer loop
      vertex -27.240975929579363 -8.85112962412684 15
      vertex -27.846765882448143 -7.149834255989577 15
      vertex -27.742989113711605 -7.123188910558061 15
    endloop
  endfacet
  facet normal 0 0 -1
    outer loop
      vertex -27.846765882448143 -7.149834255989577 15
      vertex -28.240758458449797 -5.387212794339589 15
      vertex -27.742989113711605 -7.123188910558061 15
    endloop
  endfacet
  facet normal 0 0 -1
    outer loop
      vertex -27.742989113711605 -7.123188910558061 15
      vertex -28.240758458449797 -5.387212794339589 15
      vertex -28.13551339437813 -5.367136224634772 15
    endloop
  endfacet
  facet normal 0 0 -1
    outer loop
      vertex -28.240758458449797 -5.387212794339589 15
      vertex -28.52329766279124 -3.603330464973742 15
      vertex -28.13551339437813 -5.367136224634772 15
    endloop
  endfacet
  facet normal 0 0 -1
    outer loop
      vertex -28.13551339437813 -5.367136224634772 15
      vertex -28.52329766279124 -3.603330464973742 15
      vertex -28.416999657570436 -3.5899019040441367 15
    endloop
  endfacet
  facet normal 0 0 -1
    outer loop
      vertex -28.52329766279124 -3.603330464973742 15
      vertex -28.693268442312807 -1.8052274364677567 15
      vertex -28.416999657570436 -3.5899019040441367 15
    endloop
  endfacet
  facet normal 0 0 -1
    outer loop
      vertex -28.693268442312807 -1.8052274364677567 15
      vertex -28.586337005606534 -1.7984998807084271 15
      vertex -28.416999657570436 -3.5899019040441367 15
    endloop
  endfacet
  facet normal 0 0 -1
    outer loop
      vertex -28.693268442312807 -1.8052274364677567 15
      vertex -28.642857141336616 0 15
      vertex -28.586337005606534 -1.7984998807084271 15
    endloop
  endfacet
  facet normal 0 0 -1
    outer loop
      vertex -28.693268442312807 -1.8052274364677567 15
      vertex -28.75 0 15
      vertex -28.693268442312807 1.8052274364677567 15
    endloop
  endfacet
  facet normal 0 0 -1
    outer loop
      vertex -28.693268442312807 -1.8052274364677567 15
      vertex -28.693268442312807 1.8052274364677567 15
      vertex -28.642857141336616 0 15
    endloop
  endfacet
  facet normal 0 0 -1
    outer loop
      vertex -28.642857141336616 0 15
      vertex -28.693268442312807 1.8052274364677567 15
      vertex -28.586337005606538 1.798499880708441 15
    endloop
  endfacet
  facet normal 0 0 -1
    outer loop
      vertex -28.693268442312807 1.8052274364677567 15
      vertex -28.52329766279124 3.603330464973742 15
      vertex -28.586337005606538 1.798499880708441 15
    endloop
  endfacet
  facet normal 0 0 -1
    outer loop
      vertex -28.586337005606538 1.798499880708441 15
      vertex -28.52329766279124 3.603330464973742 15
      vertex -28.416999657570432 3.5899019040441646 15
    endloop
  endfacet
  facet normal 0 0 -1
    outer loop
      vertex -28.416999657570432 3.5899019040441646 15
      vertex -28.52329766279124 3.603330464973742 15
      vertex -28.240758458449797 5.387212794339589 15
    endloop
  endfacet
  facet normal 0 0 -1
    outer loop
      vertex -28.416999657570432 3.5899019040441646 15
      vertex -28.240758458449797 5.387212794339589 15
      vertex -28.135513394378137 5.367136224634743 15
    endloop
  endfacet
  facet normal 0 0 -1
    outer loop
      vertex -28.240758458449797 5.387212794339589 15
      vertex -27.846765882448143 7.149834255989577 15
      vertex -28.135513394378137 5.367136224634743 15
    endloop
  endfacet
  facet normal 0 0 -1
    outer loop
      vertex -28.135513394378137 5.367136224634743 15
      vertex -27.846765882448143 7.149834255989577 15
      vertex -27.74298911371161 7.123188910558048 15
    endloop
  endfacet
  facet normal 0 0 -1
    outer loop
      vertex -27.846765882448143 7.149834255989577 15
      vertex -27.342874843485664 8.884238588279738 15
      vertex -27.74298911371161 7.123188910558048 15
    endloop
  endfacet
  facet normal 0 0 -1
    outer loop
      vertex -27.74298911371161 7.123188910558048 15
      vertex -27.342874843485664 8.884238588279738 15
      vertex -27.240975929579363 8.85112962412684 15
    endloop
  endfacet
  facet normal 0 0 -1
    outer loop
      vertex -27.342874843485664 8.884238588279738 15
      vertex -26.73107396928723 10.58358088968449 15
      vertex -27.240975929579363 8.85112962412684 15
    endloop
  endfacet
  facet normal 0 0 -1
    outer loop
      vertex -27.240975929579363 8.85112962412684 15
      vertex -26.73107396928723 10.58358088968449 15
      vertex -26.63145505867116 10.544138972765687 15
    endloop
  endfacet
  facet normal 0 0 -1
    outer loop
      vertex -26.63145505867116 10.544138972765687 15
      vertex -26.73107396928723 10.58358088968449 15
      vertex -26.013777758398064 12.241154632495833 15
    endloop
  endfacet
  facet normal 0.8910065241883675 -0.45399049973954764 0
    outer loop
      vertex -25.193817051261075 13.850418130424318 0.09999999999999964
      vertex -25.193817051261075 13.850418130424318 15
      vertex -25.659226417386698 12.937000819105679 2
    endloop
  endfacet
  facet normal 0.9177546256839808 -0.3971478906347814 0
    outer loop
      vertex -26.013777758398064 12.241154632495833 15
      vertex -26.73107396928723 10.58358088968449 2
      vertex -26.013777758398064 12.241154632495833 2
    endloop
  endfacet
  facet normal 0.8910065241883678 -0.4539904997395468 -6.56123753041065e-17
    outer loop
      vertex -25.193817051261075 13.850418130424318 15
      vertex -26.013777758398064 12.241154632495833 2
      vertex -25.659226417386698 12.937000819105679 2
    endloop
  endfacet
  facet normal 0.8607420270039433 -0.509041415750372 0
    outer loop
      vertex -25.193817051261075 13.850418130424318 0.09999999999999964
      vertex -24.27442785818293 15.405020355646156 0.09999999999999964
      vertex -25.193817051261075 13.850418130424318 15
    endloop
  endfacet
  facet normal 0.8270805742745625 -0.5620833778521296 0
    outer loop
      vertex -24.27442785818293 15.405020355646156 -0.1
      vertex -23.25923858827974 16.8988260034086 15
      vertex -24.27442785818293 15.405020355646156 0.09999999999999964
    endloop
  endfacet
  facet normal 0.7901550123756909 -0.6129070536529759 0
    outer loop
      vertex -23.25923858827974 16.8988260034086 -0.1
      vertex -22.152255729803944 18.325939705274827 15
      vertex -23.25923858827974 16.8988260034086 15
    endloop
  endfacet
  facet normal 0.7501110696304593 -0.6613118653236522 0
    outer loop
      vertex -22.152255729803944 18.325939705274827 -0.1
      vertex -20.957848038365587 19.680729295449794 15
      vertex -22.152255729803944 18.325939705274827 15
    endloop
  endfacet
  facet normal 0.7071067811865476 -0.7071067811865476 0
    outer loop
      vertex -20.957848038365587 19.680729295449794 -0.1
      vertex -19.680729295449794 20.957848038365587 15
      vertex -20.957848038365587 19.680729295449794 15
    endloop
  endfacet
  facet normal 0.8910065241883677 -0.4539904997395473 0
    outer loop
      vertex -26.013777758398064 12.241154632495833 15
      vertex -26.013777758398064 12.241154632495833 2
      vertex -25.193817051261075 13.850418130424318 15
    endloop
  endfacet
  facet normal 0.8607420270039433 -0.509041415750372 0
    outer loop
      vertex -24.27442785818293 15.405020355646156 0.09999999999999964
      vertex -24.27442785818293 15.405020355646156 15
      vertex -25.193817051261075 13.850418130424318 15
    endloop
  endfacet
  facet normal 0.8270805742745625 -0.5620833778521296 0
    outer loop
      vertex -24.27442785818293 15.405020355646156 0.09999999999999964
      vertex -23.25923858827974 16.8988260034086 15
      vertex -24.27442785818293 15.405020355646156 15
    endloop
  endfacet
  facet normal 0.6613118653236522 -0.7501110696304593 0
    outer loop
      vertex -18.325939705274827 22.152255729803944 -0.1
      vertex -18.325939705274827 22.152255729803944 15
      vertex -19.680729295449794 20.957848038365587 15
    endloop
  endfacet
  facet normal 0.6129070536529759 -0.7901550123756909 0
    outer loop
      vertex -16.8988260034086 23.25923858827974 -0.1
      vertex -16.8988260034086 23.25923858827974 15
      vertex -18.325939705274827 22.152255729803944 15
    endloop
  endfacet
  facet normal 0 0 -1
    outer loop
      vertex -26.63145505867116 10.544138972765687 15
      vertex -26.013777758398064 12.241154632495833 15
      vertex -25.91683200140088 12.195535422037906 15
    endloop
  endfacet
  facet normal 0 0 -1
    outer loop
      vertex -26.013777758398064 12.241154632495833 15
      vertex -25.193817051261075 13.850418130424318 15
      vertex -25.91683200140088 12.195535422037906 15
    endloop
  endfacet
  facet normal 0 0 -1
    outer loop
      vertex -25.91683200140088 12.195535422037906 15
      vertex -25.193817051261075 13.850418130424318 15
      vertex -25.099927048495356 13.798801664609472 15
    endloop
  endfacet
  facet normal 0 0 -1
    outer loop
      vertex -25.099927048495356 13.798801664609472 15
      vertex -25.193817051261075 13.850418130424318 15
      vertex -24.27442785818293 15.405020355646156 15
    endloop
  endfacet
  facet normal 0 0 -1
    outer loop
      vertex -25.099927048495356 13.798801664609472 15
      vertex -24.27442785818293 15.405020355646156 15
      vertex -24.18396415059533 15.347610341083652 15
    endloop
  endfacet
  facet normal 0 0 -1
    outer loop
      vertex -24.18396415059533 15.347610341083652 15
      vertex -24.27442785818293 15.405020355646156 15
      vertex -23.25923858827974 16.8988260034086 15
    endloop
  endfacet
  facet normal 0 0 -1
    outer loop
      vertex -24.18396415059533 15.347610341083652 15
      vertex -23.25923858827974 16.8988260034086 15
      vertex -23.172558194795148 16.83584901119781 15
    endloop
  endfacet
  facet normal 0 0 -1
    outer loop
      vertex -23.172558194795148 16.83584901119781 15
      vertex -23.25923858827974 16.8988260034086 15
      vertex -22.152255729803944 18.325939705274827 15
    endloop
  endfacet
  facet normal 0 0 -1
    outer loop
      vertex -23.172558194795148 16.83584901119781 15
      vertex -22.152255729803944 18.325939705274827 15
      vertex -22.06970073833494 18.257644276832544 15
    endloop
  endfacet
  facet normal 0 0 -1
    outer loop
      vertex -22.152255729803944 18.325939705274827 15
      vertex -20.957848038365587 19.680729295449794 15
      vertex -22.06970073833494 18.257644276832544 15
    endloop
  endfacet
  facet normal 0 0 -1
    outer loop
      vertex -22.06970073833494 18.257644276832544 15
      vertex -20.957848038365587 19.680729295449794 15
      vertex -20.879744255747735 19.60738496163085 15
    endloop
  endfacet
  facet normal 0 0 -1
    outer loop
      vertex -20.957848038365587 19.680729295449794 15
      vertex -19.680729295449794 20.957848038365587 15
      vertex -20.879744255747735 19.60738496163085 15
    endloop
  endfacet
  facet normal 0 0 -1
    outer loop
      vertex -20.879744255747735 19.60738496163085 15
      vertex -19.680729295449794 20.957848038365587 15
      vertex -19.60738496163085 20.879744255747735 15
    endloop
  endfacet
  facet normal 0 0 -1
    outer loop
      vertex -19.60738496163085 20.879744255747735 15
      vertex -19.680729295449794 20.957848038365587 15
      vertex -18.325939705274827 22.152255729803944 15
    endloop
  endfacet
  facet normal 0 0 -1
    outer loop
      vertex -19.60738496163085 20.879744255747735 15
      vertex -18.325939705274827 22.152255729803944 15
      vertex -18.257644276832544 22.06970073833494 15
    endloop
  endfacet
  facet normal 0 0 -1
    outer loop
      vertex -18.325939705274827 22.152255729803944 15
      vertex -16.8988260034086 23.25923858827974 15
      vertex -18.257644276832544 22.06970073833494 15
    endloop
  endfacet
  facet normal 0 0 -1
    outer loop
      vertex -18.257644276832544 22.06970073833494 15
      vertex -16.8988260034086 23.25923858827974 15
      vertex -16.83584901119781 23.172558194795148 15
    endloop
  endfacet
  facet normal 0.3971478906347815 0.9177546256839808 -6.228970616965108e-16
    outer loop
      vertex -12.241154632495833 -26.013777758398064 -0.1
      vertex -10.58358088968449 -26.73107396928723 0.09999999999999964
      vertex -10.605391070510954 -26.721635861249215 -0.1
    endloop
  endfacet
  facet normal 0.509041415750372 0.8607420270039433 0
    outer loop
      vertex -13.850418130424318 -25.193817051261075 -0.1
      vertex -15.405020355646156 -24.27442785818293 -0.1
      vertex -13.850418130424318 -25.193817051261075 15
    endloop
  endfacet
  facet normal 0.4539904997395472 0.8910065241883676 0
    outer loop
      vertex -13.850418130424318 -25.193817051261075 -0.1
      vertex -12.241154632495833 -26.013777758398064 15
      vertex -12.241154632495833 -26.013777758398064 -0.1
    endloop
  endfacet
  facet normal 0.5620833778521297 0.8270805742745625 0
    outer loop
      vertex -15.405020355646156 -24.27442785818293 -0.1
      vertex -16.8988260034086 -23.25923858827974 -0.1
      vertex -15.405020355646156 -24.27442785818293 15
    endloop
  endfacet
  facet normal 0.33873792024529015 0.9408807689542259 0
    outer loop
      vertex -10.58358088968449 -26.73107396928723 -0.1
      vertex -9.044907967958391 -27.285030307477196 2
      vertex -9.044907967958391 -27.285030307477196 -0.1
    endloop
  endfacet
  facet normal 0.39714789063478134 0.9177546256839808 0
    outer loop
      vertex -12.241154632495833 -26.013777758398064 -0.1
      vertex -10.58358088968449 -26.73107396928723 15
      vertex -10.58358088968449 -26.73107396928723 0.09999999999999964
    endloop
  endfacet
  facet normal 0.509041415750372 0.8607420270039433 0
    outer loop
      vertex -15.405020355646156 -24.27442785818293 -0.1
      vertex -15.405020355646156 -24.27442785818293 15
      vertex -13.850418130424318 -25.193817051261075 15
    endloop
  endfacet
  facet normal 0.4539904997395472 0.8910065241883676 0
    outer loop
      vertex -13.850418130424318 -25.193817051261075 -0.1
      vertex -13.850418130424318 -25.193817051261075 15
      vertex -12.241154632495833 -26.013777758398064 15
    endloop
  endfacet
  facet normal 0.39714789063478134 0.9177546256839808 0
    outer loop
      vertex -12.241154632495833 -26.013777758398064 -0.1
      vertex -12.241154632495833 -26.013777758398064 15
      vertex -10.58358088968449 -26.73107396928723 15
    endloop
  endfacet
  facet normal 0.5620833778521297 0.8270805742745625 0
    outer loop
      vertex -16.8988260034086 -23.25923858827974 -0.1
      vertex -16.8988260034086 -23.25923858827974 15
      vertex -15.405020355646156 -24.27442785818293 15
    endloop
  endfacet
  facet normal 0.33873792024529026 0.9408807689542259 -6.905365395464948e-17
    outer loop
      vertex -10.58358088968449 -26.73107396928723 -0.1
      vertex -8.884238588279738 -27.342874843485664 15
      vertex -9.044907967958391 -27.285030307477196 2
    endloop
  endfacet
  facet normal 0.3387379202452851 0.9408807689542278 0
    outer loop
      vertex -8.884238588279738 -27.342874843485664 15
      vertex -8.884238588279738 -27.342874843485664 2
      vertex -9.044907967958391 -27.285030307477196 2
    endloop
  endfacet
  facet normal 0.2789911060392294 0.9602936856769431 0
    outer loop
      vertex -8.884238588279738 -27.342874843485664 15
      vertex -7.149834255989577 -27.846765882448143 2
      vertex -8.884238588279738 -27.342874843485664 2
    endloop
  endfacet
  facet normal 0.33873792024528965 0.9408807689542261 0
    outer loop
      vertex -10.58358088968449 -26.73107396928723 -0.1
      vertex -10.58358088968449 -26.73107396928723 0.09999999999999964
      vertex -8.884238588279738 -27.342874843485664 15
    endloop
  endfacet
  facet normal 0.21814324139654262 0.9759167619387474 0
    outer loop
      vertex -7.149834255989577 -27.846765882448143 15
      vertex -5.387212794339589 -28.240758458449797 2
      vertex -7.149834255989577 -27.846765882448143 2
    endloop
  endfacet
  facet normal 0.33873792024528965 0.940880768954226 0
    outer loop
      vertex -10.58358088968449 -26.73107396928723 0.09999999999999964
      vertex -10.58358088968449 -26.73107396928723 15
      vertex -8.884238588279738 -27.342874843485664 15
    endloop
  endfacet
  facet normal 0.2789911060392294 0.9602936856769431 0
    outer loop
      vertex -8.884238588279738 -27.342874843485664 15
      vertex -7.149834255989577 -27.846765882448143 15
      vertex -7.149834255989577 -27.846765882448143 2
    endloop
  endfacet
  facet normal 0.21814324139654262 0.9759167619387474 0
    outer loop
      vertex -7.149834255989577 -27.846765882448143 15
      vertex -5.387212794339589 -28.240758458449797 15
      vertex -5.387212794339589 -28.240758458449797 2
    endloop
  endfacet
  facet normal 0.15643446504023273 0.9876883405951374 0
    outer loop
      vertex -5.387212794339589 -28.240758458449797 15
      vertex -3.603330464973742 -28.52329766279124 2
      vertex -5.387212794339589 -28.240758458449797 2
    endloop
  endfacet
  facet normal 0.09410831331851342 0.99556196460308 0
    outer loop
      vertex -3.603330464973742 -28.52329766279124 15
      vertex -1.8052274364677707 -28.693268442312807 2
      vertex -3.603330464973742 -28.52329766279124 2
    endloop
  endfacet
  facet normal 0.03141075907812855 0.9995065603657316 0
    outer loop
      vertex -1.8052274364677707 -28.693268442312807 15
      vertex 0 -28.75 2
      vertex -1.8052274364677707 -28.693268442312807 2
    endloop
  endfacet
  facet normal -0.03141075907812855 0.9995065603657316 0
    outer loop
      vertex 0 -28.75 15
      vertex 1.8052274364677707 -28.693268442312807 2
      vertex 0 -28.75 2
    endloop
  endfacet
  facet normal -0.09410831331851342 0.99556196460308 0
    outer loop
      vertex 1.8052274364677707 -28.693268442312807 15
      vertex 3.603330464973742 -28.52329766279124 2
      vertex 1.8052274364677707 -28.693268442312807 2
    endloop
  endfacet
  facet normal -0.15643446504023273 0.9876883405951374 0
    outer loop
      vertex 3.603330464973742 -28.52329766279124 15
      vertex 5.387212794339589 -28.240758458449797 2
      vertex 3.603330464973742 -28.52329766279124 2
    endloop
  endfacet
  facet normal -0.2181432413965422 0.9759167619387475 0
    outer loop
      vertex 5.387212794339589 -28.240758458449797 15
      vertex 7.149834255989565 -27.846765882448146 2
      vertex 5.387212794339589 -28.240758458449797 2
    endloop
  endfacet
  facet normal 0.15643446504023273 0.9876883405951374 0
    outer loop
      vertex -5.387212794339589 -28.240758458449797 15
      vertex -3.603330464973742 -28.52329766279124 15
      vertex -3.603330464973742 -28.52329766279124 2
    endloop
  endfacet
  facet normal 0.09410831331851342 0.99556196460308 0
    outer loop
      vertex -3.603330464973742 -28.52329766279124 15
      vertex -1.8052274364677707 -28.693268442312807 15
      vertex -1.8052274364677707 -28.693268442312807 2
    endloop
  endfacet
  facet normal 0.03141075907812855 0.9995065603657316 0
    outer loop
      vertex -1.8052274364677707 -28.693268442312807 15
      vertex 0 -28.75 15
      vertex 0 -28.75 2
    endloop
  endfacet
  facet normal -0.03141075907812855 0.9995065603657316 0
    outer loop
      vertex 0 -28.75 15
      vertex 1.8052274364677707 -28.693268442312807 15
      vertex 1.8052274364677707 -28.693268442312807 2
    endloop
  endfacet
  facet normal -0.09410831331851342 0.99556196460308 0
    outer loop
      vertex 1.8052274364677707 -28.693268442312807 15
      vertex 3.603330464973742 -28.52329766279124 15
      vertex 3.603330464973742 -28.52329766279124 2
    endloop
  endfacet
  facet normal -0.15643446504023273 0.9876883405951374 0
    outer loop
      vertex 3.603330464973742 -28.52329766279124 15
      vertex 5.387212794339589 -28.240758458449797 15
      vertex 5.387212794339589 -28.240758458449797 2
    endloop
  endfacet
  facet normal -0.2181432413965422 0.9759167619387475 0
    outer loop
      vertex 5.387212794339589 -28.240758458449797 15
      vertex 7.149834255989565 -27.846765882448146 15
      vertex 7.149834255989565 -27.846765882448146 2
    endloop
  endfacet
  facet normal 0 0 -1
    outer loop
      vertex -15.405020355646156 -24.27442785818293 15
      vertex -15.347610341083668 -24.18396415059532 15
      vertex -13.798801664609472 -25.099927048495356 15
    endloop
  endfacet
  facet normal 0 0 -1
    outer loop
      vertex -13.850418130424318 -25.193817051261075 15
      vertex -15.405020355646156 -24.27442785818293 15
      vertex -13.798801664609472 -25.099927048495356 15
    endloop
  endfacet
  facet normal 0 0 -1
    outer loop
      vertex -13.850418130424318 -25.193817051261075 15
      vertex -13.798801664609472 -25.099927048495356 15
      vertex -12.195535422037882 -25.91683200140089 15
    endloop
  endfacet
  facet normal 0 0 -1
    outer loop
      vertex -13.850418130424318 -25.193817051261075 15
      vertex -12.195535422037882 -25.91683200140089 15
      vertex -12.241154632495833 -26.013777758398064 15
    endloop
  endfacet
  facet normal 0 0 -1
    outer loop
      vertex -12.241154632495833 -26.013777758398064 15
      vertex -10.544138972765673 -26.63145505867117 15
      vertex -10.58358088968449 -26.73107396928723 15
    endloop
  endfacet
  facet normal 0 0 -1
    outer loop
      vertex -12.241154632495833 -26.013777758398064 15
      vertex -12.195535422037882 -25.91683200140089 15
      vertex -10.544138972765673 -26.63145505867117 15
    endloop
  endfacet
  facet normal 0 0 -1
    outer loop
      vertex -15.405020355646156 -24.27442785818293 15
      vertex -16.8988260034086 -23.25923858827974 15
      vertex -15.347610341083668 -24.18396415059532 15
    endloop
  endfacet
  facet normal 0 0 -1
    outer loop
      vertex -15.347610341083668 -24.18396415059532 15
      vertex -16.8988260034086 -23.25923858827974 15
      vertex -16.83584901119781 -23.172558194795148 15
    endloop
  endfacet
  facet normal 0 0 -1
    outer loop
      vertex -8.884238588279738 -27.342874843485664 15
      vertex -10.58358088968449 -26.73107396928723 15
      vertex -8.85112962412684 -27.240975929579363 15
    endloop
  endfacet
  facet normal 0 0 -1
    outer loop
      vertex -8.884238588279738 -27.342874843485664 15
      vertex -8.85112962412684 -27.240975929579363 15
      vertex -7.123188910558061 -27.742989113711605 15
    endloop
  endfacet
  facet normal 0 0 -1
    outer loop
      vertex -8.85112962412684 -27.240975929579363 15
      vertex -10.58358088968449 -26.73107396928723 15
      vertex -10.544138972765673 -26.63145505867117 15
    endloop
  endfacet
  facet normal 0 0 -1
    outer loop
      vertex -8.884238588279738 -27.342874843485664 15
      vertex -7.123188910558061 -27.742989113711605 15
      vertex -7.149834255989577 -27.846765882448143 15
    endloop
  endfacet
  facet normal 0 0 -1
    outer loop
      vertex -7.149834255989577 -27.846765882448143 15
      vertex -7.123188910558061 -27.742989113711605 15
      vertex -5.367136224634772 -28.13551339437813 15
    endloop
  endfacet
  facet normal 0 0 -1
    outer loop
      vertex -7.149834255989577 -27.846765882448143 15
      vertex -5.367136224634772 -28.13551339437813 15
      vertex -5.387212794339589 -28.240758458449797 15
    endloop
  endfacet
  facet normal 0 0 -1
    outer loop
      vertex -5.387212794339589 -28.240758458449797 15
      vertex -3.5899019040441367 -28.416999657570436 15
      vertex -3.603330464973742 -28.52329766279124 15
    endloop
  endfacet
  facet normal 0 0 -1
    outer loop
      vertex -5.387212794339589 -28.240758458449797 15
      vertex -5.367136224634772 -28.13551339437813 15
      vertex -3.5899019040441367 -28.416999657570436 15
    endloop
  endfacet
  facet normal 0 0 -1
    outer loop
      vertex -3.603330464973742 -28.52329766279124 15
      vertex -3.5899019040441367 -28.416999657570436 15
      vertex -1.7984998807084411 -28.586337005606538 15
    endloop
  endfacet
  facet normal 0 0 -1
    outer loop
      vertex -3.603330464973742 -28.52329766279124 15
      vertex -1.7984998807084411 -28.586337005606538 15
      vertex -1.8052274364677707 -28.693268442312807 15
    endloop
  endfacet
  facet normal 0 0 -1
    outer loop
      vertex -1.8052274364677707 -28.693268442312807 15
      vertex -1.7984998807084411 -28.586337005606538 15
      vertex 0 -28.642857141336616 15
    endloop
  endfacet
  facet normal 0 0 -1
    outer loop
      vertex -1.8052274364677707 -28.693268442312807 15
      vertex 0 -28.642857141336616 15
      vertex 0 -28.75 15
    endloop
  endfacet
  facet normal 0 0 -1
    outer loop
      vertex 0 -28.75 15
      vertex 0 -28.642857141336616 15
      vertex 1.7984998807084411 -28.586337005606538 15
    endloop
  endfacet
  facet normal 0 0 -1
    outer loop
      vertex 0 -28.75 15
      vertex 1.7984998807084411 -28.586337005606538 15
      vertex 1.8052274364677707 -28.693268442312807 15
    endloop
  endfacet
  facet normal 0 0 -1
    outer loop
      vertex 1.8052274364677707 -28.693268442312807 15
      vertex 1.7984998807084411 -28.586337005606538 15
      vertex 3.5899019040441367 -28.416999657570436 15
    endloop
  endfacet
  facet normal 0 0 -1
    outer loop
      vertex 1.8052274364677707 -28.693268442312807 15
      vertex 3.5899019040441367 -28.416999657570436 15
      vertex 3.603330464973742 -28.52329766279124 15
    endloop
  endfacet
  facet normal 0 0 -1
    outer loop
      vertex 3.603330464973742 -28.52329766279124 15
      vertex 3.5899019040441367 -28.416999657570436 15
      vertex 5.367136224634772 -28.13551339437813 15
    endloop
  endfacet
  facet normal 0 0 -1
    outer loop
      vertex 3.603330464973742 -28.52329766279124 15
      vertex 5.367136224634772 -28.13551339437813 15
      vertex 5.387212794339589 -28.240758458449797 15
    endloop
  endfacet
  facet normal 0 0 -1
    outer loop
      vertex 5.387212794339589 -28.240758458449797 15
      vertex 5.367136224634772 -28.13551339437813 15
      vertex 7.123188910558048 -27.74298911371161 15
    endloop
  endfacet
  facet normal 0 0 -1
    outer loop
      vertex 5.387212794339589 -28.240758458449797 15
      vertex 7.123188910558048 -27.74298911371161 15
      vertex 7.149834255989565 -27.846765882448146 15
    endloop
  endfacet
  facet normal -0.27899110603922933 0.960293685676943 0
    outer loop
      vertex 7.149834255989565 -27.846765882448146 15
      vertex 8.884238588279738 -27.342874843485664 2
      vertex 7.149834255989565 -27.846765882448146 2
    endloop
  endfacet
  facet normal -0.3387379202452906 0.9408807689542257 0
    outer loop
      vertex 8.884238588279738 -27.342874843485664 15
      vertex 10.583580889684503 -26.731073969287223 2
      vertex 8.884238588279738 -27.342874843485664 2
    endloop
  endfacet
  facet normal -0.39714789063478095 0.917754625683981 0
    outer loop
      vertex 10.583580889684503 -26.731073969287223 15
      vertex 12.241154632495833 -26.013777758398064 2
      vertex 10.583580889684503 -26.731073969287223 2
    endloop
  endfacet
  facet normal -0.4539904997395473 0.8910065241883677 0
    outer loop
      vertex 12.241154632495833 -26.013777758398064 15
      vertex 13.850418130424318 -25.193817051261075 2
      vertex 12.241154632495833 -26.013777758398064 2
    endloop
  endfacet
  facet normal -0.5090414157503715 0.8607420270039436 0
    outer loop
      vertex 13.850418130424318 -25.193817051261075 15
      vertex 15.40502035564614 -24.27442785818294 2
      vertex 13.850418130424318 -25.193817051261075 2
    endloop
  endfacet
  facet normal -0.5620833778521296 0.8270805742745626 0
    outer loop
      vertex 15.40502035564614 -24.27442785818294 15
      vertex 16.8988260034086 -23.25923858827974 2
      vertex 15.40502035564614 -24.27442785818294 2
    endloop
  endfacet
  facet normal -0.6129070536529768 0.7901550123756903 0
    outer loop
      vertex 16.8988260034086 -23.25923858827974 15
      vertex 18.325939705274838 -22.152255729803933 2
      vertex 16.8988260034086 -23.25923858827974 2
    endloop
  endfacet
  facet normal -0.6613118653236518 0.7501110696304596 0
    outer loop
      vertex 18.325939705274838 -22.152255729803933 15
      vertex 19.680729295449794 -20.957848038365587 2
      vertex 18.325939705274838 -22.152255729803933 2
    endloop
  endfacet
  facet normal -0.27899110603922933 0.960293685676943 0
    outer loop
      vertex 7.149834255989565 -27.846765882448146 15
      vertex 8.884238588279738 -27.342874843485664 15
      vertex 8.884238588279738 -27.342874843485664 2
    endloop
  endfacet
  facet normal -0.3387379202452906 0.9408807689542257 0
    outer loop
      vertex 8.884238588279738 -27.342874843485664 15
      vertex 10.583580889684503 -26.731073969287223 15
      vertex 10.583580889684503 -26.731073969287223 2
    endloop
  endfacet
  facet normal -0.39714789063478095 0.917754625683981 0
    outer loop
      vertex 10.583580889684503 -26.731073969287223 15
      vertex 12.241154632495833 -26.013777758398064 15
      vertex 12.241154632495833 -26.013777758398064 2
    endloop
  endfacet
  facet normal -0.4539904997395473 0.8910065241883677 0
    outer loop
      vertex 12.241154632495833 -26.013777758398064 15
      vertex 13.850418130424318 -25.193817051261075 15
      vertex 13.850418130424318 -25.193817051261075 2
    endloop
  endfacet
  facet normal -0.5090414157503715 0.8607420270039436 0
    outer loop
      vertex 13.850418130424318 -25.193817051261075 15
      vertex 15.40502035564614 -24.27442785818294 15
      vertex 15.40502035564614 -24.27442785818294 2
    endloop
  endfacet
  facet normal -0.5620833778521296 0.8270805742745626 0
    outer loop
      vertex 15.40502035564614 -24.27442785818294 15
      vertex 16.8988260034086 -23.25923858827974 15
      vertex 16.8988260034086 -23.25923858827974 2
    endloop
  endfacet
  facet normal -0.6129070536529768 0.7901550123756903 0
    outer loop
      vertex 16.8988260034086 -23.25923858827974 15
      vertex 18.325939705274838 -22.152255729803933 15
      vertex 18.325939705274838 -22.152255729803933 2
    endloop
  endfacet
  facet normal -0.6613118653236518 0.7501110696304596 0
    outer loop
      vertex 18.325939705274838 -22.152255729803933 15
      vertex 19.680729295449794 -20.957848038365587 15
      vertex 19.680729295449794 -20.957848038365587 2
    endloop
  endfacet
  facet normal -0.7071067811865476 0.7071067811865476 0
    outer loop
      vertex 19.680729295449794 -20.957848038365587 15
      vertex 20.957848038365587 -19.680729295449794 2
      vertex 19.680729295449794 -20.957848038365587 2
    endloop
  endfacet
  facet normal -0.7071067811865476 0.7071067811865476 0
    outer loop
      vertex 19.680729295449794 -20.957848038365587 15
      vertex 20.957848038365587 -19.680729295449794 15
      vertex 20.957848038365587 -19.680729295449794 2
    endloop
  endfacet
  facet normal -0.7501110696304596 0.6613118653236518 0
    outer loop
      vertex 20.957848038365587 -19.680729295449794 15
      vertex 22.152255729803933 -18.325939705274838 2
      vertex 20.957848038365587 -19.680729295449794 2
    endloop
  endfacet
  facet normal -0.7901550123756903 0.6129070536529768 0
    outer loop
      vertex 22.152255729803933 -18.325939705274838 15
      vertex 23.25923858827974 -16.8988260034086 2
      vertex 22.152255729803933 -18.325939705274838 2
    endloop
  endfacet
  facet normal -0.8270805742745626 0.5620833778521296 0
    outer loop
      vertex 23.25923858827974 -16.8988260034086 15
      vertex 24.27442785818294 -15.40502035564614 2
      vertex 23.25923858827974 -16.8988260034086 2
    endloop
  endfacet
  facet normal -0.8607420270039436 0.5090414157503715 0
    outer loop
      vertex 24.27442785818294 -15.40502035564614 15
      vertex 25.193817051261075 -13.850418130424318 2
      vertex 24.27442785818294 -15.40502035564614 2
    endloop
  endfacet
  facet normal -0.8910065241883677 0.4539904997395473 0
    outer loop
      vertex 25.193817051261075 -13.850418130424318 15
      vertex 26.013777758398064 -12.241154632495833 2
      vertex 25.193817051261075 -13.850418130424318 2
    endloop
  endfacet
  facet normal -0.917754625683981 0.39714789063478095 0
    outer loop
      vertex 26.013777758398064 -12.241154632495833 15
      vertex 26.731073969287223 -10.583580889684503 2
      vertex 26.013777758398064 -12.241154632495833 2
    endloop
  endfacet
  facet normal -0.9408807689542257 0.3387379202452906 0
    outer loop
      vertex 26.731073969287223 -10.583580889684503 15
      vertex 27.342874843485664 -8.884238588279738 2
      vertex 26.731073969287223 -10.583580889684503 2
    endloop
  endfacet
  facet normal -0.7501110696304596 0.6613118653236518 0
    outer loop
      vertex 20.957848038365587 -19.680729295449794 15
      vertex 22.152255729803933 -18.325939705274838 15
      vertex 22.152255729803933 -18.325939705274838 2
    endloop
  endfacet
  facet normal -0.7901550123756903 0.6129070536529768 0
    outer loop
      vertex 22.152255729803933 -18.325939705274838 15
      vertex 23.25923858827974 -16.8988260034086 15
      vertex 23.25923858827974 -16.8988260034086 2
    endloop
  endfacet
  facet normal -0.8270805742745626 0.5620833778521296 0
    outer loop
      vertex 23.25923858827974 -16.8988260034086 15
      vertex 24.27442785818294 -15.40502035564614 15
      vertex 24.27442785818294 -15.40502035564614 2
    endloop
  endfacet
  facet normal -0.8607420270039436 0.5090414157503715 0
    outer loop
      vertex 24.27442785818294 -15.40502035564614 15
      vertex 25.193817051261075 -13.850418130424318 15
      vertex 25.193817051261075 -13.850418130424318 2
    endloop
  endfacet
  facet normal -0.8910065241883677 0.4539904997395473 0
    outer loop
      vertex 25.193817051261075 -13.850418130424318 15
      vertex 26.013777758398064 -12.241154632495833 15
      vertex 26.013777758398064 -12.241154632495833 2
    endloop
  endfacet
  facet normal -0.917754625683981 0.39714789063478095 0
    outer loop
      vertex 26.013777758398064 -12.241154632495833 15
      vertex 26.731073969287223 -10.583580889684503 15
      vertex 26.731073969287223 -10.583580889684503 2
    endloop
  endfacet
  facet normal -0.9408807689542257 0.3387379202452906 0
    outer loop
      vertex 26.731073969287223 -10.583580889684503 15
      vertex 27.342874843485664 -8.884238588279738 15
      vertex 27.342874843485664 -8.884238588279738 2
    endloop
  endfacet
  facet normal 0 0 -1
    outer loop
      vertex 7.149834255989565 -27.846765882448146 15
      vertex 7.123188910558048 -27.74298911371161 15
      vertex 8.85112962412684 -27.240975929579363 15
    endloop
  endfacet
  facet normal 0 0 -1
    outer loop
      vertex 7.149834255989565 -27.846765882448146 15
      vertex 8.85112962412684 -27.240975929579363 15
      vertex 8.884238588279738 -27.342874843485664 15
    endloop
  endfacet
  facet normal 0 0 -1
    outer loop
      vertex 8.884238588279738 -27.342874843485664 15
      vertex 8.85112962412684 -27.240975929579363 15
      vertex 10.544138972765687 -26.63145505867116 15
    endloop
  endfacet
  facet normal 0 0 -1
    outer loop
      vertex 8.884238588279738 -27.342874843485664 15
      vertex 10.544138972765687 -26.63145505867116 15
      vertex 10.583580889684503 -26.731073969287223 15
    endloop
  endfacet
  facet normal 0 0 -1
    outer loop
      vertex 10.583580889684503 -26.731073969287223 15
      vertex 10.544138972765687 -26.63145505867116 15
      vertex 12.195535422037882 -25.91683200140089 15
    endloop
  endfacet
  facet normal 0 0 -1
    outer loop
      vertex 10.583580889684503 -26.731073969287223 15
      vertex 12.195535422037882 -25.91683200140089 15
      vertex 12.241154632495833 -26.013777758398064 15
    endloop
  endfacet
  facet normal 0 0 -1
    outer loop
      vertex 12.241154632495833 -26.013777758398064 15
      vertex 12.195535422037882 -25.91683200140089 15
      vertex 13.798801664609472 -25.099927048495356 15
    endloop
  endfacet
  facet normal 0 0 -1
    outer loop
      vertex 12.241154632495833 -26.013777758398064 15
      vertex 13.798801664609472 -25.099927048495356 15
      vertex 13.850418130424318 -25.193817051261075 15
    endloop
  endfacet
  facet normal 0 0 -1
    outer loop
      vertex 13.850418130424318 -25.193817051261075 15
      vertex 13.798801664609472 -25.099927048495356 15
      vertex 15.347610341083652 -24.18396415059533 15
    endloop
  endfacet
  facet normal 0 0 -1
    outer loop
      vertex 13.850418130424318 -25.193817051261075 15
      vertex 15.347610341083652 -24.18396415059533 15
      vertex 15.40502035564614 -24.27442785818294 15
    endloop
  endfacet
  facet normal 0 0 -1
    outer loop
      vertex 15.40502035564614 -24.27442785818294 15
      vertex 15.347610341083652 -24.18396415059533 15
      vertex 16.83584901119781 -23.172558194795148 15
    endloop
  endfacet
  facet normal 0 0 -1
    outer loop
      vertex 15.40502035564614 -24.27442785818294 15
      vertex 16.83584901119781 -23.172558194795148 15
      vertex 16.8988260034086 -23.25923858827974 15
    endloop
  endfacet
  facet normal 0 0 -1
    outer loop
      vertex 16.83584901119781 -23.172558194795148 15
      vertex 18.257644276832544 -22.06970073833494 15
      vertex 16.8988260034086 -23.25923858827974 15
    endloop
  endfacet
  facet normal 0 0 -1
    outer loop
      vertex 16.8988260034086 -23.25923858827974 15
      vertex 18.257644276832544 -22.06970073833494 15
      vertex 18.325939705274838 -22.152255729803933 15
    endloop
  endfacet
  facet normal 0 0 -1
    outer loop
      vertex 18.257644276832544 -22.06970073833494 15
      vertex 19.60738496163085 -20.879744255747735 15
      vertex 18.325939705274838 -22.152255729803933 15
    endloop
  endfacet
  facet normal 0 0 -1
    outer loop
      vertex 18.325939705274838 -22.152255729803933 15
      vertex 19.60738496163085 -20.879744255747735 15
      vertex 19.680729295449794 -20.957848038365587 15
    endloop
  endfacet
  facet normal 0 0 -1
    outer loop
      vertex 19.60738496163085 -20.879744255747735 15
      vertex 20.879744255747735 -19.60738496163085 15
      vertex 19.680729295449794 -20.957848038365587 15
    endloop
  endfacet
  facet normal 0 0 -1
    outer loop
      vertex 19.680729295449794 -20.957848038365587 15
      vertex 20.879744255747735 -19.60738496163085 15
      vertex 20.957848038365587 -19.680729295449794 15
    endloop
  endfacet
  facet normal 0 0 -1
    outer loop
      vertex 20.879744255747735 -19.60738496163085 15
      vertex 22.06970073833494 -18.257644276832544 15
      vertex 20.957848038365587 -19.680729295449794 15
    endloop
  endfacet
  facet normal 0 0 -1
    outer loop
      vertex 20.957848038365587 -19.680729295449794 15
      vertex 22.06970073833494 -18.257644276832544 15
      vertex 22.152255729803933 -18.325939705274838 15
    endloop
  endfacet
  facet normal 0 0 -1
    outer loop
      vertex 22.06970073833494 -18.257644276832544 15
      vertex 23.172558194795148 -16.83584901119781 15
      vertex 22.152255729803933 -18.325939705274838 15
    endloop
  endfacet
  facet normal 0 0 -1
    outer loop
      vertex 22.152255729803933 -18.325939705274838 15
      vertex 23.172558194795148 -16.83584901119781 15
      vertex 23.25923858827974 -16.8988260034086 15
    endloop
  endfacet
  facet normal 0 0 -1
    outer loop
      vertex 23.25923858827974 -16.8988260034086 15
      vertex 23.172558194795148 -16.83584901119781 15
      vertex 24.18396415059533 -15.347610341083652 15
    endloop
  endfacet
  facet normal 0 0 -1
    outer loop
      vertex 23.25923858827974 -16.8988260034086 15
      vertex 24.18396415059533 -15.347610341083652 15
      vertex 24.27442785818294 -15.40502035564614 15
    endloop
  endfacet
  facet normal 0 0 -1
    outer loop
      vertex 24.18396415059533 -15.347610341083652 15
      vertex 25.099927048495356 -13.798801664609472 15
      vertex 24.27442785818294 -15.40502035564614 15
    endloop
  endfacet
  facet normal 0 0 -1
    outer loop
      vertex 24.27442785818294 -15.40502035564614 15
      vertex 25.099927048495356 -13.798801664609472 15
      vertex 25.193817051261075 -13.850418130424318 15
    endloop
  endfacet
  facet normal 0 0 -1
    outer loop
      vertex 25.193817051261075 -13.850418130424318 15
      vertex 25.099927048495356 -13.798801664609472 15
      vertex 25.91683200140089 -12.195535422037882 15
    endloop
  endfacet
  facet normal 0 0 -1
    outer loop
      vertex 25.193817051261075 -13.850418130424318 15
      vertex 25.91683200140089 -12.195535422037882 15
      vertex 26.013777758398064 -12.241154632495833 15
    endloop
  endfacet
  facet normal 0 0 -1
    outer loop
      vertex 25.91683200140089 -12.195535422037882 15
      vertex 26.63145505867116 -10.544138972765687 15
      vertex 26.013777758398064 -12.241154632495833 15
    endloop
  endfacet
  facet normal 0 0 -1
    outer loop
      vertex 26.013777758398064 -12.241154632495833 15
      vertex 26.63145505867116 -10.544138972765687 15
      vertex 26.731073969287223 -10.583580889684503 15
    endloop
  endfacet
  facet normal 0 0 -1
    outer loop
      vertex 26.63145505867116 -10.544138972765687 15
      vertex 27.240975929579363 -8.85112962412684 15
      vertex 26.731073969287223 -10.583580889684503 15
    endloop
  endfacet
  facet normal 0 0 -1
    outer loop
      vertex 26.731073969287223 -10.583580889684503 15
      vertex 27.240975929579363 -8.85112962412684 15
      vertex 27.342874843485664 -8.884238588279738 15
    endloop
  endfacet
  facet normal 0.5620833778521297 -0.8270805742745625 0
    outer loop
      vertex -16.8988260034086 23.25923858827974 -0.1
      vertex -15.405020355646156 24.27442785818293 -0.1
      vertex -16.8988260034086 23.25923858827974 15
    endloop
  endfacet
  facet normal 0.5090414157503721 -0.8607420270039432 0
    outer loop
      vertex -15.405020355646156 24.27442785818293 -0.1
      vertex -13.850418130424313 25.193817051261078 -0.1
      vertex -15.405020355646156 24.27442785818293 15
    endloop
  endfacet
  facet normal 0.45399049973954647 -0.891006524188368 0
    outer loop
      vertex -13.850418130424313 25.193817051261078 -0.1
      vertex -12.401251531327933 25.932204314057973 -0.1
      vertex -13.850418130424313 25.193817051261078 15
    endloop
  endfacet
  facet normal 0.4539904997395465 -0.891006524188368 0
    outer loop
      vertex -13.850418130424313 25.193817051261078 15
      vertex -12.401251531327933 25.932204314057973 -0.1
      vertex -12.401251531327933 25.932204314057973 2
    endloop
  endfacet
  facet normal 0.45399049973955125 -0.8910065241883656 0
    outer loop
      vertex -12.24115463249584 26.01377775839806 15
      vertex -12.401251531327933 25.932204314057973 2
      vertex -12.24115463249584 26.01377775839806 2
    endloop
  endfacet
  facet normal 0.39714789063478156 -0.9177546256839806 0
    outer loop
      vertex -10.58358088968449 26.73107396928723 15
      vertex -12.24115463249584 26.01377775839806 2
      vertex -10.58358088968449 26.73107396928723 2
    endloop
  endfacet
  facet normal 0.5620833778521297 -0.8270805742745625 0
    outer loop
      vertex -15.405020355646156 24.27442785818293 -0.1
      vertex -15.405020355646156 24.27442785818293 15
      vertex -16.8988260034086 23.25923858827974 15
    endloop
  endfacet
  facet normal 0.5090414157503721 -0.8607420270039432 0
    outer loop
      vertex -13.850418130424313 25.193817051261078 -0.1
      vertex -13.850418130424313 25.193817051261078 15
      vertex -15.405020355646156 24.27442785818293 15
    endloop
  endfacet
  facet normal 0.33873792024528965 -0.9408807689542261 0
    outer loop
      vertex -8.884238588279738 27.342874843485664 15
      vertex -10.58358088968449 26.73107396928723 2
      vertex -8.884238588279738 27.342874843485664 2
    endloop
  endfacet
  facet normal 0.2789911060392294 -0.9602936856769431 0
    outer loop
      vertex -7.149834255989577 27.846765882448143 15
      vertex -8.884238588279738 27.342874843485664 2
      vertex -7.149834255989577 27.846765882448143 2
    endloop
  endfacet
  facet normal 0.21814324139654367 -0.9759167619387472 0
    outer loop
      vertex -5.387212794339582 28.2407584584498 15
      vertex -7.149834255989577 27.846765882448143 2
      vertex -5.387212794339582 28.2407584584498 2
    endloop
  endfacet
  facet normal 0.45399049973954697 -0.8910065241883679 6.619857437058051e-17
    outer loop
      vertex -13.850418130424313 25.193817051261078 15
      vertex -12.401251531327933 25.932204314057973 2
      vertex -12.24115463249584 26.01377775839806 15
    endloop
  endfacet
  facet normal 0.39714789063478156 -0.9177546256839806 0
    outer loop
      vertex -12.24115463249584 26.01377775839806 15
      vertex -12.24115463249584 26.01377775839806 2
      vertex -10.58358088968449 26.73107396928723 15
    endloop
  endfacet
  facet normal 0.33873792024528965 -0.9408807689542261 0
    outer loop
      vertex -10.58358088968449 26.73107396928723 15
      vertex -10.58358088968449 26.73107396928723 2
      vertex -8.884238588279738 27.342874843485664 15
    endloop
  endfacet
  facet normal 0.2789911060392294 -0.9602936856769431 0
    outer loop
      vertex -8.884238588279738 27.342874843485664 15
      vertex -8.884238588279738 27.342874843485664 2
      vertex -7.149834255989577 27.846765882448143 15
    endloop
  endfacet
  facet normal 0.21814324139654367 -0.9759167619387472 0
    outer loop
      vertex -7.149834255989577 27.846765882448143 15
      vertex -7.149834255989577 27.846765882448143 2
      vertex -5.387212794339582 28.2407584584498 15
    endloop
  endfacet
  facet normal 0.15643446504023195 -0.9876883405951375 0
    outer loop
      vertex -3.603330464973748 28.52329766279124 15
      vertex -5.387212794339582 28.2407584584498 2
      vertex -3.603330464973748 28.52329766279124 2
    endloop
  endfacet
  facet normal 0.09410831331851238 -0.9955619646030802 0
    outer loop
      vertex -1.8052274364677567 28.693268442312807 15
      vertex -3.603330464973748 28.52329766279124 2
      vertex -1.8052274364677567 28.693268442312807 2
    endloop
  endfacet
  facet normal 0.03141075907812879 -0.9995065603657316 0
    outer loop
      vertex 0 28.75 15
      vertex -1.8052274364677567 28.693268442312807 2
      vertex 0 28.75 2
    endloop
  endfacet
  facet normal -0.03141075907812879 -0.9995065603657316 0
    outer loop
      vertex 1.8052274364677567 28.693268442312807 15
      vertex 0 28.75 2
      vertex 1.8052274364677567 28.693268442312807 2
    endloop
  endfacet
  facet normal -0.09410831331851238 -0.9955619646030802 0
    outer loop
      vertex 3.603330464973748 28.52329766279124 15
      vertex 1.8052274364677567 28.693268442312807 2
      vertex 3.603330464973748 28.52329766279124 2
    endloop
  endfacet
  facet normal -0.15643446504023195 -0.9876883405951375 0
    outer loop
      vertex 5.387212794339582 28.2407584584498 15
      vertex 3.603330464973748 28.52329766279124 2
      vertex 5.387212794339582 28.2407584584498 2
    endloop
  endfacet
  facet normal -0.21814324139654367 -0.9759167619387472 0
    outer loop
      vertex 7.149834255989577 27.846765882448143 15
      vertex 5.387212794339582 28.2407584584498 2
      vertex 7.149834255989577 27.846765882448143 2
    endloop
  endfacet
  facet normal 0.15643446504023195 -0.9876883405951375 0
    outer loop
      vertex -5.387212794339582 28.2407584584498 15
      vertex -5.387212794339582 28.2407584584498 2
      vertex -3.603330464973748 28.52329766279124 15
    endloop
  endfacet
  facet normal 0.09410831331851238 -0.9955619646030802 0
    outer loop
      vertex -3.603330464973748 28.52329766279124 15
      vertex -3.603330464973748 28.52329766279124 2
      vertex -1.8052274364677567 28.693268442312807 15
    endloop
  endfacet
  facet normal 0.03141075907812879 -0.9995065603657316 0
    outer loop
      vertex -1.8052274364677567 28.693268442312807 15
      vertex -1.8052274364677567 28.693268442312807 2
      vertex 0 28.75 15
    endloop
  endfacet
  facet normal -0.03141075907812879 -0.9995065603657316 0
    outer loop
      vertex 0 28.75 15
      vertex 0 28.75 2
      vertex 1.8052274364677567 28.693268442312807 15
    endloop
  endfacet
  facet normal -0.09410831331851238 -0.9955619646030802 0
    outer loop
      vertex 1.8052274364677567 28.693268442312807 15
      vertex 1.8052274364677567 28.693268442312807 2
      vertex 3.603330464973748 28.52329766279124 15
    endloop
  endfacet
  facet normal -0.15643446504023195 -0.9876883405951375 0
    outer loop
      vertex 3.603330464973748 28.52329766279124 15
      vertex 3.603330464973748 28.52329766279124 2
      vertex 5.387212794339582 28.2407584584498 15
    endloop
  endfacet
  facet normal -0.21814324139654367 -0.9759167619387472 0
    outer loop
      vertex 5.387212794339582 28.2407584584498 15
      vertex 5.387212794339582 28.2407584584498 2
      vertex 7.149834255989577 27.846765882448143 15
    endloop
  endfacet
  facet normal 0 0 -1
    outer loop
      vertex -16.8988260034086 23.25923858827974 15
      vertex -15.405020355646156 24.27442785818293 15
      vertex -16.83584901119781 23.172558194795148 15
    endloop
  endfacet
  facet normal 0 0 -1
    outer loop
      vertex -16.83584901119781 23.172558194795148 15
      vertex -15.405020355646156 24.27442785818293 15
      vertex -15.347610341083652 24.18396415059533 15
    endloop
  endfacet
  facet normal 0 0 -1
    outer loop
      vertex -15.347610341083652 24.18396415059533 15
      vertex -15.405020355646156 24.27442785818293 15
      vertex -13.850418130424313 25.193817051261078 15
    endloop
  endfacet
  facet normal 0 0 -1
    outer loop
      vertex -15.347610341083652 24.18396415059533 15
      vertex -13.850418130424313 25.193817051261078 15
      vertex -13.798801664609472 25.099927048495356 15
    endloop
  endfacet
  facet normal 0 0 -1
    outer loop
      vertex -13.798801664609472 25.099927048495356 15
      vertex -13.850418130424313 25.193817051261078 15
      vertex -12.24115463249584 26.01377775839806 15
    endloop
  endfacet
  facet normal 0 0 -1
    outer loop
      vertex -13.798801664609472 25.099927048495356 15
      vertex -12.24115463249584 26.01377775839806 15
      vertex -12.195535422037882 25.91683200140089 15
    endloop
  endfacet
  facet normal 0 0 -1
    outer loop
      vertex -12.195535422037882 25.91683200140089 15
      vertex -12.24115463249584 26.01377775839806 15
      vertex -10.58358088968449 26.73107396928723 15
    endloop
  endfacet
  facet normal 0 0 -1
    outer loop
      vertex -12.195535422037882 25.91683200140089 15
      vertex -10.58358088968449 26.73107396928723 15
      vertex -10.544138972765687 26.63145505867116 15
    endloop
  endfacet
  facet normal 0 0 -1
    outer loop
      vertex -10.544138972765687 26.63145505867116 15
      vertex -10.58358088968449 26.73107396928723 15
      vertex -8.884238588279738 27.342874843485664 15
    endloop
  endfacet
  facet normal 0 0 -1
    outer loop
      vertex -10.544138972765687 26.63145505867116 15
      vertex -8.884238588279738 27.342874843485664 15
      vertex -8.85112962412684 27.240975929579363 15
    endloop
  endfacet
  facet normal 0 0 -1
    outer loop
      vertex -8.85112962412684 27.240975929579363 15
      vertex -8.884238588279738 27.342874843485664 15
      vertex -7.149834255989577 27.846765882448143 15
    endloop
  endfacet
  facet normal 0 0 -1
    outer loop
      vertex -8.85112962412684 27.240975929579363 15
      vertex -7.149834255989577 27.846765882448143 15
      vertex -7.123188910558048 27.74298911371161 15
    endloop
  endfacet
  facet normal 0 0 -1
    outer loop
      vertex -7.123188910558048 27.74298911371161 15
      vertex -7.149834255989577 27.846765882448143 15
      vertex -5.387212794339582 28.2407584584498 15
    endloop
  endfacet
  facet normal 0 0 -1
    outer loop
      vertex -7.123188910558048 27.74298911371161 15
      vertex -5.387212794339582 28.2407584584498 15
      vertex -5.367136224634771 28.13551339437813 15
    endloop
  endfacet
  facet normal 0 0 -1
    outer loop
      vertex -5.367136224634771 28.13551339437813 15
      vertex -5.387212794339582 28.2407584584498 15
      vertex -3.603330464973748 28.52329766279124 15
    endloop
  endfacet
  facet normal 0 0 -1
    outer loop
      vertex -5.367136224634771 28.13551339437813 15
      vertex -3.603330464973748 28.52329766279124 15
      vertex -3.5899019040441367 28.416999657570436 15
    endloop
  endfacet
  facet normal 0 0 -1
    outer loop
      vertex -3.5899019040441367 28.416999657570436 15
      vertex -3.603330464973748 28.52329766279124 15
      vertex -1.8052274364677567 28.693268442312807 15
    endloop
  endfacet
  facet normal 0 0 -1
    outer loop
      vertex -3.5899019040441367 28.416999657570436 15
      vertex -1.8052274364677567 28.693268442312807 15
      vertex -1.7984998807084411 28.586337005606534 15
    endloop
  endfacet
  facet normal 0 0 -1
    outer loop
      vertex -1.7984998807084411 28.586337005606534 15
      vertex -1.8052274364677567 28.693268442312807 15
      vertex 0 28.75 15
    endloop
  endfacet
  facet normal 0 0 -1
    outer loop
      vertex -1.7984998807084411 28.586337005606534 15
      vertex 0 28.75 15
      vertex 0 28.642857141336616 15
    endloop
  endfacet
  facet normal 0 0 -1
    outer loop
      vertex 0 28.642857141336616 15
      vertex 0 28.75 15
      vertex 1.8052274364677567 28.693268442312807 15
    endloop
  endfacet
  facet normal 0 0 -1
    outer loop
      vertex 0 28.642857141336616 15
      vertex 1.8052274364677567 28.693268442312807 15
      vertex 1.798499880708441 28.586337005606534 15
    endloop
  endfacet
  facet normal 0 0 -1
    outer loop
      vertex 1.798499880708441 28.586337005606534 15
      vertex 1.8052274364677567 28.693268442312807 15
      vertex 3.603330464973748 28.52329766279124 15
    endloop
  endfacet
  facet normal 0 0 -1
    outer loop
      vertex 1.798499880708441 28.586337005606534 15
      vertex 3.603330464973748 28.52329766279124 15
      vertex 3.5899019040441367 28.416999657570436 15
    endloop
  endfacet
  facet normal 0 0 -1
    outer loop
      vertex 3.5899019040441367 28.416999657570436 15
      vertex 3.603330464973748 28.52329766279124 15
      vertex 5.387212794339582 28.2407584584498 15
    endloop
  endfacet
  facet normal 0 0 -1
    outer loop
      vertex 3.5899019040441367 28.416999657570436 15
      vertex 5.387212794339582 28.2407584584498 15
      vertex 5.367136224634772 28.13551339437813 15
    endloop
  endfacet
  facet normal 0 0 -1
    outer loop
      vertex 5.367136224634772 28.13551339437813 15
      vertex 5.387212794339582 28.2407584584498 15
      vertex 7.149834255989577 27.846765882448143 15
    endloop
  endfacet
  facet normal 0 0 -1
    outer loop
      vertex 5.367136224634772 28.13551339437813 15
      vertex 7.149834255989577 27.846765882448143 15
      vertex 7.123188910558048 27.74298911371161 15
    endloop
  endfacet
  facet normal -0.960293685676943 0.27899110603922933 0
    outer loop
      vertex 27.342874843485664 -8.884238588279738 15
      vertex 27.846765882448146 -7.149834255989565 2
      vertex 27.342874843485664 -8.884238588279738 2
    endloop
  endfacet
  facet normal -0.9759167619387475 0.2181432413965422 0
    outer loop
      vertex 27.846765882448146 -7.149834255989565 15
      vertex 28.240758458449797 -5.387212794339589 2
      vertex 27.846765882448146 -7.149834255989565 2
    endloop
  endfacet
  facet normal -0.9876883405951374 0.15643446504023273 0
    outer loop
      vertex 28.240758458449797 -5.387212794339589 15
      vertex 28.52329766279124 -3.603330464973742 2
      vertex 28.240758458449797 -5.387212794339589 2
    endloop
  endfacet
  facet normal -0.99556196460308 0.09410831331851342 0
    outer loop
      vertex 28.52329766279124 -3.603330464973742 15
      vertex 28.693268442312807 -1.8052274364677707 2
      vertex 28.52329766279124 -3.603330464973742 2
    endloop
  endfacet
  facet normal -0.9995065603657316 0.03141075907812855 0
    outer loop
      vertex 28.693268442312807 -1.8052274364677707 15
      vertex 28.75 0 2
      vertex 28.693268442312807 -1.8052274364677707 2
    endloop
  endfacet
  facet normal -0.9995065603657316 -0.03141075907812874 0
    outer loop
      vertex 28.75 0 15
      vertex 28.693268442312807 1.8052274364677594 2
      vertex 28.75 0 2
    endloop
  endfacet
  facet normal -0.960293685676943 0.27899110603922933 0
    outer loop
      vertex 27.342874843485664 -8.884238588279738 15
      vertex 27.846765882448146 -7.149834255989565 15
      vertex 27.846765882448146 -7.149834255989565 2
    endloop
  endfacet
  facet normal -0.9759167619387475 0.2181432413965422 0
    outer loop
      vertex 27.846765882448146 -7.149834255989565 15
      vertex 28.240758458449797 -5.387212794339589 15
      vertex 28.240758458449797 -5.387212794339589 2
    endloop
  endfacet
  facet normal -0.9876883405951374 0.15643446504023273 0
    outer loop
      vertex 28.240758458449797 -5.387212794339589 15
      vertex 28.52329766279124 -3.603330464973742 15
      vertex 28.52329766279124 -3.603330464973742 2
    endloop
  endfacet
  facet normal -0.99556196460308 0.09410831331851342 0
    outer loop
      vertex 28.52329766279124 -3.603330464973742 15
      vertex 28.693268442312807 -1.8052274364677707 15
      vertex 28.693268442312807 -1.8052274364677707 2
    endloop
  endfacet
  facet normal -0.9995065603657316 0.03141075907812855 0
    outer loop
      vertex 28.693268442312807 -1.8052274364677707 15
      vertex 28.75 0 15
      vertex 28.75 0 2
    endloop
  endfacet
  facet normal -0.9876883405951377 -0.1564344650402317 0
    outer loop
      vertex 28.52329766279124 3.603330464973747 15
      vertex 28.2407584584498 5.387212794339583 2
      vertex 28.52329766279124 3.603330464973747 2
    endloop
  endfacet
  facet normal -0.9759167619387471 -0.2181432413965441 0
    outer loop
      vertex 28.2407584584498 5.387212794339583 15
      vertex 27.846765882448143 7.149834255989576 2
      vertex 28.2407584584498 5.387212794339583 2
    endloop
  endfacet
  facet normal -0.9955619646030802 -0.09410831331851256 0
    outer loop
      vertex 28.693268442312807 1.8052274364677594 15
      vertex 28.52329766279124 3.603330464973747 2
      vertex 28.693268442312807 1.8052274364677594 2
    endloop
  endfacet
  facet normal -0.9602936856769431 -0.2789911060392291 0
    outer loop
      vertex 27.846765882448143 7.149834255989576 15
      vertex 27.342874843485664 8.884238588279738 2
      vertex 27.846765882448143 7.149834255989576 2
    endloop
  endfacet
  facet normal -0.9177546256839818 -0.397147890634779 0
    outer loop
      vertex 26.731073969287227 10.583580889684491 15
      vertex 26.013777758398064 12.241154632495839 2
      vertex 26.731073969287227 10.583580889684491 2
    endloop
  endfacet
  facet normal -0.9408807689542256 -0.33873792024529104 0
    outer loop
      vertex 27.342874843485664 8.884238588279738 15
      vertex 26.731073969287227 10.583580889684491 2
      vertex 27.342874843485664 8.884238588279738 2
    endloop
  endfacet
  facet normal -0.9876883405951377 -0.1564344650402317 0
    outer loop
      vertex 28.52329766279124 3.603330464973747 15
      vertex 28.2407584584498 5.387212794339583 15
      vertex 28.2407584584498 5.387212794339583 2
    endloop
  endfacet
  facet normal -0.9995065603657316 -0.03141075907812874 0
    outer loop
      vertex 28.75 0 15
      vertex 28.693268442312807 1.8052274364677594 15
      vertex 28.693268442312807 1.8052274364677594 2
    endloop
  endfacet
  facet normal -0.9955619646030802 -0.09410831331851256 0
    outer loop
      vertex 28.693268442312807 1.8052274364677594 15
      vertex 28.52329766279124 3.603330464973747 15
      vertex 28.52329766279124 3.603330464973747 2
    endloop
  endfacet
  facet normal -0.9759167619387471 -0.2181432413965441 0
    outer loop
      vertex 28.2407584584498 5.387212794339583 15
      vertex 27.846765882448143 7.149834255989576 15
      vertex 27.846765882448143 7.149834255989576 2
    endloop
  endfacet
  facet normal -0.9602936856769431 -0.2789911060392291 0
    outer loop
      vertex 27.846765882448143 7.149834255989576 15
      vertex 27.342874843485664 8.884238588279738 15
      vertex 27.342874843485664 8.884238588279738 2
    endloop
  endfacet
  facet normal -0.9408807689542256 -0.33873792024529104 0
    outer loop
      vertex 27.342874843485664 8.884238588279738 15
      vertex 26.731073969287227 10.583580889684491 15
      vertex 26.731073969287227 10.583580889684491 2
    endloop
  endfacet
  facet normal 0 0 -1
    outer loop
      vertex 27.240975929579363 -8.85112962412684 15
      vertex 27.74298911371161 -7.123188910558048 15
      vertex 27.342874843485664 -8.884238588279738 15
    endloop
  endfacet
  facet normal 0 0 -1
    outer loop
      vertex 27.342874843485664 -8.884238588279738 15
      vertex 27.74298911371161 -7.123188910558048 15
      vertex 27.846765882448146 -7.149834255989565 15
    endloop
  endfacet
  facet normal 0 0 -1
    outer loop
      vertex 27.74298911371161 -7.123188910558048 15
      vertex 28.13551339437813 -5.367136224634772 15
      vertex 27.846765882448146 -7.149834255989565 15
    endloop
  endfacet
  facet normal 0 0 -1
    outer loop
      vertex 27.846765882448146 -7.149834255989565 15
      vertex 28.13551339437813 -5.367136224634772 15
      vertex 28.240758458449797 -5.387212794339589 15
    endloop
  endfacet
  facet normal 0 0 -1
    outer loop
      vertex 28.13551339437813 -5.367136224634772 15
      vertex 28.416999657570436 -3.5899019040441367 15
      vertex 28.240758458449797 -5.387212794339589 15
    endloop
  endfacet
  facet normal 0 0 -1
    outer loop
      vertex 28.240758458449797 -5.387212794339589 15
      vertex 28.416999657570436 -3.5899019040441367 15
      vertex 28.52329766279124 -3.603330464973742 15
    endloop
  endfacet
  facet normal 0 0 -1
    outer loop
      vertex 28.52329766279124 -3.603330464973742 15
      vertex 28.416999657570436 -3.5899019040441367 15
      vertex 28.586337005606538 -1.798499880708441 15
    endloop
  endfacet
  facet normal 0 0 -1
    outer loop
      vertex 28.52329766279124 -3.603330464973742 15
      vertex 28.586337005606538 -1.798499880708441 15
      vertex 28.693268442312807 -1.8052274364677707 15
    endloop
  endfacet
  facet normal 0 0 -1
    outer loop
      vertex 28.586337005606538 -1.798499880708441 15
      vertex 28.642857141336613 0 15
      vertex 28.693268442312807 -1.8052274364677707 15
    endloop
  endfacet
  facet normal 0 0 -1
    outer loop
      vertex 28.693268442312807 -1.8052274364677707 15
      vertex 28.642857141336613 0 15
      vertex 28.693268442312807 1.8052274364677594 15
    endloop
  endfacet
  facet normal 0 0 -1
    outer loop
      vertex 28.693268442312807 -1.8052274364677707 15
      vertex 28.693268442312807 1.8052274364677594 15
      vertex 28.75 0 15
    endloop
  endfacet
  facet normal 0 0 -1
    outer loop
      vertex 28.693268442312807 1.8052274364677594 15
      vertex 28.416999657570436 3.5899019040441367 15
      vertex 28.52329766279124 3.603330464973747 15
    endloop
  endfacet
  facet normal 0 0 -1
    outer loop
      vertex 28.416999657570436 3.5899019040441367 15
      vertex 28.13551339437813 5.367136224634772 15
      vertex 28.52329766279124 3.603330464973747 15
    endloop
  endfacet
  facet normal 0 0 -1
    outer loop
      vertex 28.52329766279124 3.603330464973747 15
      vertex 28.13551339437813 5.367136224634772 15
      vertex 28.2407584584498 5.387212794339583 15
    endloop
  endfacet
  facet normal 0 0 -1
    outer loop
      vertex 28.13551339437813 5.367136224634772 15
      vertex 27.74298911371161 7.123188910558048 15
      vertex 28.2407584584498 5.387212794339583 15
    endloop
  endfacet
  facet normal 0 0 -1
    outer loop
      vertex 28.642857141336613 0 15
      vertex 28.586337005606534 1.798499880708441 15
      vertex 28.693268442312807 1.8052274364677594 15
    endloop
  endfacet
  facet normal 0 0 -1
    outer loop
      vertex 28.586337005606534 1.798499880708441 15
      vertex 28.416999657570436 3.5899019040441367 15
      vertex 28.693268442312807 1.8052274364677594 15
    endloop
  endfacet
  facet normal 0 0 -1
    outer loop
      vertex 28.2407584584498 5.387212794339583 15
      vertex 27.74298911371161 7.123188910558048 15
      vertex 27.846765882448143 7.149834255989576 15
    endloop
  endfacet
  facet normal 0 0 -1
    outer loop
      vertex 27.74298911371161 7.123188910558048 15
      vertex 27.240975929579363 8.85112962412684 15
      vertex 27.846765882448143 7.149834255989576 15
    endloop
  endfacet
  facet normal 0 0 -1
    outer loop
      vertex 27.846765882448143 7.149834255989576 15
      vertex 27.240975929579363 8.85112962412684 15
      vertex 27.342874843485664 8.884238588279738 15
    endloop
  endfacet
  facet normal 0 0 -1
    outer loop
      vertex 26.63145505867116 10.544138972765689 15
      vertex 26.731073969287227 10.583580889684491 15
      vertex 27.342874843485664 8.884238588279738 15
    endloop
  endfacet
  facet normal 0 0 -1
    outer loop
      vertex 26.63145505867116 10.544138972765689 15
      vertex 25.91683200140089 12.195535422037882 15
      vertex 26.731073969287227 10.583580889684491 15
    endloop
  endfacet
  facet normal 0 0 -1
    outer loop
      vertex 26.63145505867116 10.544138972765689 15
      vertex 27.342874843485664 8.884238588279738 15
      vertex 27.240975929579363 8.85112962412684 15
    endloop
  endfacet
  facet normal -0.6613118653236502 -0.7501110696304611 0
    outer loop
      vertex 19.6807292954498 20.957848038365583 15
      vertex 18.32593970527483 22.152255729803937 2
      vertex 19.6807292954498 20.957848038365583 2
    endloop
  endfacet
  facet normal -0.39714789063478156 -0.9177546256839806 0
    outer loop
      vertex 12.24115463249584 26.01377775839806 15
      vertex 10.58358088968449 26.73107396928723 2
      vertex 12.24115463249584 26.01377775839806 2
    endloop
  endfacet
  facet normal -0.2789911060392294 -0.9602936856769431 0
    outer loop
      vertex 8.884238588279738 27.342874843485664 15
      vertex 7.149834255989577 27.846765882448143 2
      vertex 8.884238588279738 27.342874843485664 2
    endloop
  endfacet
  facet normal -0.33873792024528965 -0.9408807689542261 0
    outer loop
      vertex 10.58358088968449 26.73107396928723 15
      vertex 8.884238588279738 27.342874843485664 2
      vertex 10.58358088968449 26.73107396928723 2
    endloop
  endfacet
  facet normal -0.45399049973954697 -0.8910065241883679 0
    outer loop
      vertex 13.850418130424313 25.193817051261078 15
      vertex 12.24115463249584 26.01377775839806 2
      vertex 13.850418130424313 25.193817051261078 2
    endloop
  endfacet
  facet normal -0.5090414157503711 -0.8607420270039439 0
    outer loop
      vertex 15.405020355646155 24.274427858182932 15
      vertex 13.850418130424313 25.193817051261078 2
      vertex 15.405020355646155 24.274427858182932 2
    endloop
  endfacet
  facet normal -0.6129070536529774 -0.7901550123756896 0
    outer loop
      vertex 18.32593970527483 22.152255729803937 15
      vertex 16.8988260034086 23.25923858827974 2
      vertex 18.32593970527483 22.152255729803937 2
    endloop
  endfacet
  facet normal -0.5620833778521306 -0.8270805742745619 0
    outer loop
      vertex 16.8988260034086 23.25923858827974 15
      vertex 15.405020355646155 24.274427858182932 2
      vertex 16.8988260034086 23.25923858827974 2
    endloop
  endfacet
  facet normal -0.39714789063478156 -0.9177546256839806 0
    outer loop
      vertex 10.58358088968449 26.73107396928723 15
      vertex 10.58358088968449 26.73107396928723 2
      vertex 12.24115463249584 26.01377775839806 15
    endloop
  endfacet
  facet normal -0.45399049973954697 -0.8910065241883679 0
    outer loop
      vertex 12.24115463249584 26.01377775839806 15
      vertex 12.24115463249584 26.01377775839806 2
      vertex 13.850418130424313 25.193817051261078 15
    endloop
  endfacet
  facet normal -0.2789911060392294 -0.9602936856769431 0
    outer loop
      vertex 7.149834255989577 27.846765882448143 15
      vertex 7.149834255989577 27.846765882448143 2
      vertex 8.884238588279738 27.342874843485664 15
    endloop
  endfacet
  facet normal -0.33873792024528965 -0.9408807689542261 0
    outer loop
      vertex 8.884238588279738 27.342874843485664 15
      vertex 8.884238588279738 27.342874843485664 2
      vertex 10.58358088968449 26.73107396928723 15
    endloop
  endfacet
  facet normal -0.5620833778521306 -0.8270805742745619 0
    outer loop
      vertex 15.405020355646155 24.274427858182932 15
      vertex 15.405020355646155 24.274427858182932 2
      vertex 16.8988260034086 23.25923858827974 15
    endloop
  endfacet
  facet normal -0.5090414157503711 -0.8607420270039439 0
    outer loop
      vertex 15.405020355646155 24.274427858182932 15
      vertex 13.850418130424313 25.193817051261078 15
      vertex 13.850418130424313 25.193817051261078 2
    endloop
  endfacet
  facet normal -0.6129070536529774 -0.7901550123756896 0
    outer loop
      vertex 16.8988260034086 23.25923858827974 15
      vertex 16.8988260034086 23.25923858827974 2
      vertex 18.32593970527483 22.152255729803937 15
    endloop
  endfacet
  facet normal -0.6613118653236502 -0.7501110696304611 0
    outer loop
      vertex 19.6807292954498 20.957848038365583 15
      vertex 18.32593970527483 22.152255729803937 15
      vertex 18.32593970527483 22.152255729803937 2
    endloop
  endfacet
  facet normal -0.8270805742745619 -0.5620833778521306 0
    outer loop
      vertex 24.274427858182932 15.405020355646155 15
      vertex 23.25923858827974 16.8988260034086 2
      vertex 24.274427858182932 15.405020355646155 2
    endloop
  endfacet
  facet normal -0.8607420270039433 -0.509041415750372 0
    outer loop
      vertex 25.193817051261078 13.850418130424316 15
      vertex 24.274427858182932 15.405020355646155 2
      vertex 25.193817051261078 13.850418130424316 2
    endloop
  endfacet
  facet normal -0.7501110696304611 -0.6613118653236502 0
    outer loop
      vertex 22.152255729803937 18.32593970527483 15
      vertex 20.957848038365583 19.6807292954498 2
      vertex 22.152255729803937 18.32593970527483 2
    endloop
  endfacet
  facet normal -0.7071067811865475 -0.7071067811865475 0
    outer loop
      vertex 20.957848038365583 19.6807292954498 15
      vertex 19.6807292954498 20.957848038365583 2
      vertex 20.957848038365583 19.6807292954498 2
    endloop
  endfacet
  facet normal -0.7901550123756896 -0.6129070536529774 0
    outer loop
      vertex 23.25923858827974 16.8988260034086 15
      vertex 22.152255729803937 18.32593970527483 2
      vertex 23.25923858827974 16.8988260034086 2
    endloop
  endfacet
  facet normal -0.8910065241883677 -0.4539904997395473 0
    outer loop
      vertex 26.013777758398064 12.241154632495839 15
      vertex 25.193817051261078 13.850418130424316 2
      vertex 26.013777758398064 12.241154632495839 2
    endloop
  endfacet
  facet normal -0.8910065241883677 -0.4539904997395473 0
    outer loop
      vertex 26.013777758398064 12.241154632495839 15
      vertex 25.193817051261078 13.850418130424316 15
      vertex 25.193817051261078 13.850418130424316 2
    endloop
  endfacet
  facet normal -0.8607420270039433 -0.509041415750372 0
    outer loop
      vertex 25.193817051261078 13.850418130424316 15
      vertex 24.274427858182932 15.405020355646155 15
      vertex 24.274427858182932 15.405020355646155 2
    endloop
  endfacet
  facet normal -0.7071067811865475 -0.7071067811865475 0
    outer loop
      vertex 19.6807292954498 20.957848038365583 15
      vertex 19.6807292954498 20.957848038365583 2
      vertex 20.957848038365583 19.6807292954498 15
    endloop
  endfacet
  facet normal -0.7501110696304611 -0.6613118653236502 0
    outer loop
      vertex 20.957848038365583 19.6807292954498 15
      vertex 20.957848038365583 19.6807292954498 2
      vertex 22.152255729803937 18.32593970527483 15
    endloop
  endfacet
  facet normal -0.8270805742745619 -0.5620833778521306 0
    outer loop
      vertex 24.274427858182932 15.405020355646155 15
      vertex 23.25923858827974 16.8988260034086 15
      vertex 23.25923858827974 16.8988260034086 2
    endloop
  endfacet
  facet normal -0.7901550123756896 -0.6129070536529774 0
    outer loop
      vertex 23.25923858827974 16.8988260034086 15
      vertex 22.152255729803937 18.32593970527483 15
      vertex 22.152255729803937 18.32593970527483 2
    endloop
  endfacet
  facet normal -0.9177546256839818 -0.397147890634779 0
    outer loop
      vertex 26.731073969287227 10.583580889684491 15
      vertex 26.013777758398064 12.241154632495839 15
      vertex 26.013777758398064 12.241154632495839 2
    endloop
  endfacet
  facet normal 0 0 -1
    outer loop
      vertex 19.60738496163085 20.879744255747735 15
      vertex 18.257644276832544 22.069700738334944 15
      vertex 19.6807292954498 20.957848038365583 15
    endloop
  endfacet
  facet normal 0 0 -1
    outer loop
      vertex 10.544138972765687 26.63145505867116 15
      vertex 10.58358088968449 26.73107396928723 15
      vertex 12.24115463249584 26.01377775839806 15
    endloop
  endfacet
  facet normal 0 0 -1
    outer loop
      vertex 10.544138972765687 26.63145505867116 15
      vertex 12.24115463249584 26.01377775839806 15
      vertex 12.195535422037882 25.91683200140089 15
    endloop
  endfacet
  facet normal 0 0 -1
    outer loop
      vertex 12.195535422037882 25.91683200140089 15
      vertex 12.24115463249584 26.01377775839806 15
      vertex 13.850418130424313 25.193817051261078 15
    endloop
  endfacet
  facet normal 0 0 -1
    outer loop
      vertex 13.798801664609472 25.099927048495356 15
      vertex 12.195535422037882 25.91683200140089 15
      vertex 13.850418130424313 25.193817051261078 15
    endloop
  endfacet
  facet normal 0 0 -1
    outer loop
      vertex 7.123188910558048 27.74298911371161 15
      vertex 7.149834255989577 27.846765882448143 15
      vertex 8.884238588279738 27.342874843485664 15
    endloop
  endfacet
  facet normal 0 0 -1
    outer loop
      vertex 7.123188910558048 27.74298911371161 15
      vertex 8.884238588279738 27.342874843485664 15
      vertex 8.85112962412684 27.240975929579363 15
    endloop
  endfacet
  facet normal 0 0 -1
    outer loop
      vertex 8.85112962412684 27.240975929579363 15
      vertex 8.884238588279738 27.342874843485664 15
      vertex 10.58358088968449 26.73107396928723 15
    endloop
  endfacet
  facet normal 0 0 -1
    outer loop
      vertex 8.85112962412684 27.240975929579363 15
      vertex 10.58358088968449 26.73107396928723 15
      vertex 10.544138972765687 26.63145505867116 15
    endloop
  endfacet
  facet normal 0 0 -1
    outer loop
      vertex 15.347610341083652 24.18396415059533 15
      vertex 15.405020355646155 24.274427858182932 15
      vertex 16.8988260034086 23.25923858827974 15
    endloop
  endfacet
  facet normal 0 0 -1
    outer loop
      vertex 13.798801664609472 25.099927048495356 15
      vertex 13.850418130424313 25.193817051261078 15
      vertex 15.405020355646155 24.274427858182932 15
    endloop
  endfacet
  facet normal 0 0 -1
    outer loop
      vertex 13.798801664609472 25.099927048495356 15
      vertex 15.405020355646155 24.274427858182932 15
      vertex 15.347610341083652 24.18396415059533 15
    endloop
  endfacet
  facet normal 0 0 -1
    outer loop
      vertex 16.83584901119781 23.172558194795148 15
      vertex 18.32593970527483 22.152255729803937 15
      vertex 18.257644276832544 22.069700738334944 15
    endloop
  endfacet
  facet normal 0 0 -1
    outer loop
      vertex 15.347610341083652 24.18396415059533 15
      vertex 16.8988260034086 23.25923858827974 15
      vertex 16.83584901119781 23.172558194795148 15
    endloop
  endfacet
  facet normal 0 0 -1
    outer loop
      vertex 16.83584901119781 23.172558194795148 15
      vertex 16.8988260034086 23.25923858827974 15
      vertex 18.32593970527483 22.152255729803937 15
    endloop
  endfacet
  facet normal 0 0 -1
    outer loop
      vertex 19.6807292954498 20.957848038365583 15
      vertex 18.257644276832544 22.069700738334944 15
      vertex 18.32593970527483 22.152255729803937 15
    endloop
  endfacet
  facet normal 0 0 -1
    outer loop
      vertex 26.013777758398064 12.241154632495839 15
      vertex 25.099927048495356 13.798801664609472 15
      vertex 25.193817051261078 13.850418130424316 15
    endloop
  endfacet
  facet normal 0 0 -1
    outer loop
      vertex 24.18396415059533 15.347610341083652 15
      vertex 23.172558194795148 16.83584901119781 15
      vertex 24.274427858182932 15.405020355646155 15
    endloop
  endfacet
  facet normal 0 0 -1
    outer loop
      vertex 25.193817051261078 13.850418130424316 15
      vertex 24.18396415059533 15.347610341083652 15
      vertex 24.274427858182932 15.405020355646155 15
    endloop
  endfacet
  facet normal 0 0 -1
    outer loop
      vertex 25.099927048495356 13.798801664609472 15
      vertex 24.18396415059533 15.347610341083652 15
      vertex 25.193817051261078 13.850418130424316 15
    endloop
  endfacet
  facet normal 0 0 -1
    outer loop
      vertex 20.879744255747735 19.60738496163085 15
      vertex 22.152255729803937 18.32593970527483 15
      vertex 22.06970073833494 18.257644276832544 15
    endloop
  endfacet
  facet normal 0 0 -1
    outer loop
      vertex 19.60738496163085 20.879744255747735 15
      vertex 20.957848038365583 19.6807292954498 15
      vertex 20.879744255747735 19.60738496163085 15
    endloop
  endfacet
  facet normal 0 0 -1
    outer loop
      vertex 19.60738496163085 20.879744255747735 15
      vertex 19.6807292954498 20.957848038365583 15
      vertex 20.957848038365583 19.6807292954498 15
    endloop
  endfacet
  facet normal 0 0 -1
    outer loop
      vertex 20.879744255747735 19.60738496163085 15
      vertex 20.957848038365583 19.6807292954498 15
      vertex 22.152255729803937 18.32593970527483 15
    endloop
  endfacet
  facet normal 0 0 -1
    outer loop
      vertex 23.172558194795148 16.83584901119781 15
      vertex 22.06970073833494 18.257644276832544 15
      vertex 23.25923858827974 16.8988260034086 15
    endloop
  endfacet
  facet normal 0 0 -1
    outer loop
      vertex 24.274427858182932 15.405020355646155 15
      vertex 23.172558194795148 16.83584901119781 15
      vertex 23.25923858827974 16.8988260034086 15
    endloop
  endfacet
  facet normal 0 0 -1
    outer loop
      vertex 23.25923858827974 16.8988260034086 15
      vertex 22.06970073833494 18.257644276832544 15
      vertex 22.152255729803937 18.32593970527483 15
    endloop
  endfacet
  facet normal 0 0 -1
    outer loop
      vertex 26.731073969287227 10.583580889684491 15
      vertex 25.91683200140089 12.195535422037882 15
      vertex 26.013777758398064 12.241154632495839 15
    endloop
  endfacet
  facet normal 0 0 -1
    outer loop
      vertex 25.91683200140089 12.195535422037882 15
      vertex 25.099927048495356 13.798801664609472 15
      vertex 26.013777758398064 12.241154632495839 15
    endloop
  endfacet
  facet normal 0.7071067811865476 0.7071067811865476 0
    outer loop
      vertex -20.957848038365587 -19.680729295449794 -8
      vertex -19.680729295449794 -20.957848038365587 -15
      vertex -20.957848038365587 -19.680729295449794 -15
    endloop
  endfacet
  facet normal 0.6129070536529759 0.7901550123756909 0
    outer loop
      vertex -16.8988260034086 -23.25923858827974 -15
      vertex -18.325939705274827 -22.152255729803944 -15
      vertex -18.325939705274827 -22.152255729803944 -8
    endloop
  endfacet
  facet normal 0.6613118653236523 0.7501110696304594 0
    outer loop
      vertex -18.325939705274827 -22.152255729803944 -15
      vertex -19.680729295449794 -20.957848038365587 -15
      vertex -19.680729295449794 -20.957848038365587 -8
    endloop
  endfacet
  facet normal 0.6129070536529759 0.7901550123756909 0
    outer loop
      vertex -18.325939705274827 -22.152255729803944 -8
      vertex -16.8988260034086 -23.25923858827974 -8
      vertex -16.8988260034086 -23.25923858827974 -15
    endloop
  endfacet
  facet normal 0.6613118653236523 0.7501110696304594 0
    outer loop
      vertex -19.680729295449794 -20.957848038365587 -8
      vertex -18.325939705274827 -22.152255729803944 -8
      vertex -18.325939705274827 -22.152255729803944 -15
    endloop
  endfacet
  facet normal 0.7071067811865476 0.7071067811865476 0
    outer loop
      vertex -20.957848038365587 -19.680729295449794 -8
      vertex -19.680729295449794 -20.957848038365587 -8
      vertex -19.680729295449794 -20.957848038365587 -15
    endloop
  endfacet
  facet normal 0.8607420270039433 0.509041415750372 0
    outer loop
      vertex -24.27442785818293 -15.405020355646156 -15
      vertex -25.193817051261075 -13.850418130424318 -15
      vertex -25.193817051261075 -13.850418130424318 -8
    endloop
  endfacet
  facet normal 0.8270805742745624 0.5620833778521296 0
    outer loop
      vertex -23.25923858827974 -16.8988260034086 -15
      vertex -24.27442785818293 -15.405020355646156 -15
      vertex -24.27442785818293 -15.405020355646156 -8
    endloop
  endfacet
  facet normal 0.8270805742745624 0.5620833778521296 0
    outer loop
      vertex -24.27442785818293 -15.405020355646156 -8
      vertex -23.25923858827974 -16.8988260034086 -8
      vertex -23.25923858827974 -16.8988260034086 -15
    endloop
  endfacet
  facet normal 0.8607420270039433 0.509041415750372 0
    outer loop
      vertex -25.193817051261075 -13.850418130424318 -8
      vertex -24.27442785818293 -15.405020355646156 -8
      vertex -24.27442785818293 -15.405020355646156 -15
    endloop
  endfacet
  facet normal 0.9177546256839808 0.3971478906347814 0
    outer loop
      vertex -26.73107396928723 -10.58358088968449 -8
      vertex -26.013777758398064 -12.241154632495833 -15
      vertex -26.73107396928723 -10.58358088968449 -15
    endloop
  endfacet
  facet normal 0.9408807689542261 0.33873792024528965 0
    outer loop
      vertex -27.342874843485664 -8.884238588279738 -8
      vertex -26.73107396928723 -10.58358088968449 -15
      vertex -27.342874843485664 -8.884238588279738 -15
    endloop
  endfacet
  facet normal 0.8910065241883677 0.4539904997395473 0
    outer loop
      vertex -26.013777758398064 -12.241154632495833 -8
      vertex -25.193817051261075 -13.850418130424318 -15
      vertex -26.013777758398064 -12.241154632495833 -15
    endloop
  endfacet
  facet normal 0.9408807689542261 0.33873792024528965 0
    outer loop
      vertex -27.342874843485664 -8.884238588279738 -8
      vertex -26.73107396928723 -10.58358088968449 -8
      vertex -26.73107396928723 -10.58358088968449 -15
    endloop
  endfacet
  facet normal 0.8910065241883677 0.4539904997395473 0
    outer loop
      vertex -26.013777758398064 -12.241154632495833 -8
      vertex -25.193817051261075 -13.850418130424318 -8
      vertex -25.193817051261075 -13.850418130424318 -15
    endloop
  endfacet
  facet normal 0.9177546256839808 0.3971478906347814 0
    outer loop
      vertex -26.73107396928723 -10.58358088968449 -8
      vertex -26.013777758398064 -12.241154632495833 -8
      vertex -26.013777758398064 -12.241154632495833 -15
    endloop
  endfacet
  facet normal 0.7901550123756909 0.6129070536529759 0
    outer loop
      vertex -22.152255729803944 -18.325939705274827 -15
      vertex -23.25923858827974 -16.8988260034086 -15
      vertex -23.25923858827974 -16.8988260034086 -8
    endloop
  endfacet
  facet normal 0.7501110696304594 0.6613118653236523 0
    outer loop
      vertex -22.152255729803944 -18.325939705274827 -8
      vertex -20.957848038365587 -19.680729295449794 -15
      vertex -22.152255729803944 -18.325939705274827 -15
    endloop
  endfacet
  facet normal 0.7901550123756909 0.6129070536529759 0
    outer loop
      vertex -23.25923858827974 -16.8988260034086 -8
      vertex -22.152255729803944 -18.325939705274827 -8
      vertex -22.152255729803944 -18.325939705274827 -15
    endloop
  endfacet
  facet normal 0.7501110696304594 0.6613118653236523 0
    outer loop
      vertex -22.152255729803944 -18.325939705274827 -8
      vertex -20.957848038365587 -19.680729295449794 -8
      vertex -20.957848038365587 -19.680729295449794 -15
    endloop
  endfacet
  facet normal 0.7071067811865475 0.7071067811865475 0
    outer loop
      vertex -20.957848038365587 -19.680729295449794 -0.1
      vertex -19.680729295449794 -20.957848038365587 -3
      vertex -20.957848038365587 -19.680729295449794 -3
    endloop
  endfacet
  facet normal 0.7071067811865475 0.7071067811865475 0
    outer loop
      vertex -20.957848038365587 -19.680729295449794 -0.1
      vertex -20.941043844379852 -19.69753348943553 -0.1
      vertex -19.680729295449794 -20.957848038365587 -3
    endloop
  endfacet
  facet normal 0.7071067811865475 0.7071067811865475 0
    outer loop
      vertex -20.957848038365587 -19.680729295449794 -0.1
      vertex -20.957848038365587 -19.680729295449794 0.09999999999999964
      vertex -20.941043844379852 -19.69753348943553 -0.1
    endloop
  endfacet
  facet normal 0.6129070536529759 0.7901550123756909 0
    outer loop
      vertex -18.325939705274827 -22.152255729803944 -0.1
      vertex -16.8988260034086 -23.25923858827974 -3
      vertex -18.325939705274827 -22.152255729803944 -3
    endloop
  endfacet
  facet normal 0.6613118653236555 0.7501110696304564 0
    outer loop
      vertex -18.343765884092917 -22.136539839127124 -0.1
      vertex -18.325939705274827 -22.152255729803944 -0.1
      vertex -18.325939705274827 -22.152255729803944 -3
    endloop
  endfacet
  facet normal 0.6129070536529759 0.7901550123756909 0
    outer loop
      vertex -18.325939705274827 -22.152255729803944 -0.1
      vertex -16.8988260034086 -23.25923858827974 -0.1
      vertex -16.8988260034086 -23.25923858827974 -3
    endloop
  endfacet
  facet normal 0.6613118653236523 0.7501110696304593 0
    outer loop
      vertex -19.680729295449794 -20.957848038365587 -0.1
      vertex -18.325939705274827 -22.152255729803944 -3
      vertex -19.680729295449794 -20.957848038365587 -3
    endloop
  endfacet
  facet normal 0.6613118653236522 0.7501110696304593 -3.557493994602909e-17
    outer loop
      vertex -18.343765884092917 -22.136539839127124 -0.1
      vertex -18.325939705274827 -22.152255729803944 -3
      vertex -19.680729295449794 -20.957848038365587 -0.1
    endloop
  endfacet
  facet normal 0.6613118653236522 0.7501110696304593 -6.228970616965105e-15
    outer loop
      vertex -18.343765884092917 -22.136539839127124 -0.1
      vertex -19.680729295449794 -20.957848038365587 -0.1
      vertex -19.662785062467343 -20.97366800778861 0.09999999999999964
    endloop
  endfacet
  facet normal 0.7071067811865476 0.7071067811865476 0
    outer loop
      vertex -19.680729295449794 -20.957848038365587 -0.1
      vertex -19.680729295449794 -20.957848038365587 -3
      vertex -20.941043844379852 -19.69753348943553 -0.1
    endloop
  endfacet
  facet normal 0.6613118653236528 0.7501110696304589 4.3801317316524163e-16
    outer loop
      vertex -18.343765884092917 -22.136539839127124 -0.1
      vertex -19.662785062467343 -20.97366800778861 0.09999999999999964
      vertex -18.325939705274827 -22.152255729803944 0.09999999999999964
    endloop
  endfacet
  facet normal 0.8607420270039433 0.509041415750372 0
    outer loop
      vertex -25.193817051261075 -13.850418130424318 -0.1
      vertex -24.27442785818293 -15.405020355646156 -3
      vertex -25.193817051261075 -13.850418130424318 -3
    endloop
  endfacet
  facet normal 0.8270805742745625 0.5620833778521296 0
    outer loop
      vertex -24.27442785818293 -15.405020355646156 -0.1
      vertex -23.25923858827974 -16.8988260034086 -3
      vertex -24.27442785818293 -15.405020355646156 -3
    endloop
  endfacet
  facet normal 0.8270805742745625 0.5620833778521296 0
    outer loop
      vertex -24.27442785818293 -15.405020355646156 -0.1
      vertex -23.25923858827974 -16.8988260034086 -0.1
      vertex -23.25923858827974 -16.8988260034086 -3
    endloop
  endfacet
  facet normal 0.8607420270039433 0.509041415750372 0
    outer loop
      vertex -24.27442785818293 -15.405020355646156 -0.1
      vertex -24.27442785818293 -15.405020355646156 -3
      vertex -25.193817051261075 -13.850418130424318 -0.1
    endloop
  endfacet
  facet normal 0.9177546256839807 0.39714789063478134 0
    outer loop
      vertex -26.73107396928723 -10.58358088968449 -0.1
      vertex -26.013777758398064 -12.241154632495833 -3
      vertex -26.73107396928723 -10.58358088968449 -3
    endloop
  endfacet
  facet normal 0.9408807689542261 0.33873792024528954 0
    outer loop
      vertex -26.73107396928723 -10.58358088968449 -0.1
      vertex -26.73107396928723 -10.58358088968449 -3
      vertex -27.278755423128807 -9.062337129731999 -3
    endloop
  endfacet
  facet normal 0.9408807689542261 0.33873792024528954 0
    outer loop
      vertex -26.73107396928723 -10.58358088968449 -0.1
      vertex -27.278755423128807 -9.062337129731999 -3
      vertex -27.278755423128807 -9.062337129731999 -0.1
    endloop
  endfacet
  facet normal 0.8910065241883676 0.45399049973954725 0
    outer loop
      vertex -26.013777758398064 -12.241154632495833 -0.1
      vertex -25.193817051261075 -13.850418130424318 -3
      vertex -26.013777758398064 -12.241154632495833 -3
    endloop
  endfacet
  facet normal 0.8910065241883676 0.45399049973954725 0
    outer loop
      vertex -26.013777758398064 -12.241154632495833 -0.1
      vertex -25.193817051261075 -13.850418130424318 -0.1
      vertex -25.193817051261075 -13.850418130424318 -3
    endloop
  endfacet
  facet normal 0.9177546256839807 0.39714789063478134 0
    outer loop
      vertex -26.013777758398064 -12.241154632495833 -0.1
      vertex -26.013777758398064 -12.241154632495833 -3
      vertex -26.73107396928723 -10.58358088968449 -0.1
    endloop
  endfacet
  facet normal 0.7901550123756909 0.6129070536529759 0
    outer loop
      vertex -23.25923858827974 -16.8988260034086 -0.1
      vertex -22.152255729803944 -18.325939705274827 -3
      vertex -23.25923858827974 -16.8988260034086 -3
    endloop
  endfacet
  facet normal 0.7501110696304593 0.6613118653236523 0
    outer loop
      vertex -22.152255729803944 -18.325939705274827 -0.1
      vertex -20.957848038365587 -19.680729295449794 -3
      vertex -22.152255729803944 -18.325939705274827 -3
    endloop
  endfacet
  facet normal 0.7901550123756909 0.6129070536529759 0
    outer loop
      vertex -22.152255729803944 -18.325939705274827 -0.1
      vertex -22.152255729803944 -18.325939705274827 -3
      vertex -23.25923858827974 -16.8988260034086 -0.1
    endloop
  endfacet
  facet normal 0.7501110696304593 0.6613118653236523 0
    outer loop
      vertex -22.152255729803944 -18.325939705274827 -0.1
      vertex -20.957848038365587 -19.680729295449794 -0.1
      vertex -20.957848038365587 -19.680729295449794 -3
    endloop
  endfacet
  facet normal 0.9602936856769431 0.2789911060392294 0
    outer loop
      vertex -27.342874843485664 -8.884238588279738 -15
      vertex -27.846765882448143 -7.149834255989577 -15
      vertex -27.846765882448143 -7.149834255989577 -8
    endloop
  endfacet
  facet normal 0.9759167619387473 0.21814324139654262 0
    outer loop
      vertex -27.846765882448143 -7.149834255989577 -15
      vertex -28.240758458449797 -5.387212794339589 -15
      vertex -28.240758458449797 -5.387212794339589 -8
    endloop
  endfacet
  facet normal 0.9876883405951374 0.15643446504023273 0
    outer loop
      vertex -28.240758458449797 -5.387212794339589 -15
      vertex -28.52329766279124 -3.603330464973742 -15
      vertex -28.52329766279124 -3.603330464973742 -8
    endloop
  endfacet
  facet normal 0.9602936856769431 0.2789911060392294 0
    outer loop
      vertex -27.846765882448143 -7.149834255989577 -8
      vertex -27.342874843485664 -8.884238588279738 -8
      vertex -27.342874843485664 -8.884238588279738 -15
    endloop
  endfacet
  facet normal 0.9759167619387473 0.21814324139654262 0
    outer loop
      vertex -28.240758458449797 -5.387212794339589 -8
      vertex -27.846765882448143 -7.149834255989577 -8
      vertex -27.846765882448143 -7.149834255989577 -15
    endloop
  endfacet
  facet normal 0.9876883405951374 0.15643446504023273 0
    outer loop
      vertex -28.52329766279124 -3.603330464973742 -8
      vertex -28.240758458449797 -5.387212794339589 -8
      vertex -28.240758458449797 -5.387212794339589 -15
    endloop
  endfacet
  facet normal 0.9955619646030802 0.0941083133185127 0
    outer loop
      vertex -28.52329766279124 -3.603330464973742 -15
      vertex -28.693268442312807 -1.8052274364677567 -15
      vertex -28.693268442312807 -1.8052274364677567 -8
    endloop
  endfacet
  facet normal 0.9995065603657315 0.031410759078128785 0
    outer loop
      vertex -28.693268442312807 -1.8052274364677567 -15
      vertex -28.75 0 -15
      vertex -28.75 0 -8
    endloop
  endfacet
  facet normal 0.9955619646030802 0.0941083133185127 0
    outer loop
      vertex -28.693268442312807 -1.8052274364677567 -8
      vertex -28.52329766279124 -3.603330464973742 -8
      vertex -28.52329766279124 -3.603330464973742 -15
    endloop
  endfacet
  facet normal 0.9995065603657315 0.031410759078128785 0
    outer loop
      vertex -28.693268442312807 -1.8052274364677567 -15
      vertex -28.75 0 -8
      vertex -28.693268442312807 -1.8052274364677567 -8
    endloop
  endfacet
  facet normal 0.9995065603657315 -0.031410759078128785 0
    outer loop
      vertex -28.75 0 -15
      vertex -28.693268442312807 1.8052274364677567 -8
      vertex -28.75 0 -8
    endloop
  endfacet
  facet normal 0.9995065603657315 -0.031410759078128785 0
    outer loop
      vertex -28.75 0 -15
      vertex -28.693268442312807 1.8052274364677567 -15
      vertex -28.693268442312807 1.8052274364677567 -8
    endloop
  endfacet
  facet normal 0.9955619646030802 -0.0941083133185127 0
    outer loop
      vertex -28.693268442312807 1.8052274364677567 -15
      vertex -28.52329766279124 3.603330464973742 -15
      vertex -28.52329766279124 3.603330464973742 -8
    endloop
  endfacet
  facet normal 0.9876883405951374 -0.15643446504023273 0
    outer loop
      vertex -28.240758458449797 5.387212794339589 -8
      vertex -28.52329766279124 3.603330464973742 -15
      vertex -28.240758458449797 5.387212794339589 -15
    endloop
  endfacet
  facet normal 0.9955619646030802 -0.0941083133185127 0
    outer loop
      vertex -28.693268442312807 1.8052274364677567 -15
      vertex -28.52329766279124 3.603330464973742 -8
      vertex -28.693268442312807 1.8052274364677567 -8
    endloop
  endfacet
  facet normal 0.9876883405951374 -0.15643446504023273 0
    outer loop
      vertex -28.240758458449797 5.387212794339589 -8
      vertex -28.52329766279124 3.603330464973742 -8
      vertex -28.52329766279124 3.603330464973742 -15
    endloop
  endfacet
  facet normal 0.9759167619387473 -0.21814324139654262 0
    outer loop
      vertex -27.846765882448143 7.149834255989577 -8
      vertex -28.240758458449797 5.387212794339589 -8
      vertex -28.240758458449797 5.387212794339589 -15
    endloop
  endfacet
  facet normal 0.9759167619387473 -0.21814324139654262 0
    outer loop
      vertex -28.240758458449797 5.387212794339589 -15
      vertex -27.846765882448143 7.149834255989577 -15
      vertex -27.846765882448143 7.149834255989577 -8
    endloop
  endfacet
  facet normal 0.9602936856769431 -0.2789911060392294 0
    outer loop
      vertex -27.846765882448143 7.149834255989577 -15
      vertex -27.342874843485664 8.884238588279738 -15
      vertex -27.342874843485664 8.884238588279738 -8
    endloop
  endfacet
  facet normal 0.9408807689542261 -0.33873792024528965 0
    outer loop
      vertex -27.342874843485664 8.884238588279738 -15
      vertex -26.73107396928723 10.58358088968449 -15
      vertex -26.73107396928723 10.58358088968449 -8
    endloop
  endfacet
  facet normal 0.9602936856769431 -0.2789911060392294 0
    outer loop
      vertex -27.342874843485664 8.884238588279738 -8
      vertex -27.846765882448143 7.149834255989577 -8
      vertex -27.846765882448143 7.149834255989577 -15
    endloop
  endfacet
  facet normal 0.9408807689542261 -0.33873792024528965 0
    outer loop
      vertex -26.73107396928723 10.58358088968449 -8
      vertex -27.342874843485664 8.884238588279738 -8
      vertex -27.342874843485664 8.884238588279738 -15
    endloop
  endfacet
  facet normal 0.9177546256839808 -0.3971478906347814 0
    outer loop
      vertex -26.013777758398064 12.241154632495833 -8
      vertex -26.73107396928723 10.58358088968449 -8
      vertex -26.73107396928723 10.58358088968449 -15
    endloop
  endfacet
  facet normal 0.99556196460308 -0.09410831331851341 8.274977872007652e-15
    outer loop
      vertex -28.691017173709874 1.8290433706201539 0.09999999999999964
      vertex -28.69214280801134 1.8171354035439553 0
      vertex -28.540317017956557 3.423284493824379 0.09999999999999964
    endloop
  endfacet
  facet normal 0.9955619646030802 -0.09410831331851295 4.1792486501940687e-16
    outer loop
      vertex -28.540317017956557 3.4232844938243785 0
      vertex -28.540317017956557 3.423284493824379 0.09999999999999964
      vertex -28.69214280801134 1.8171354035439553 0
    endloop
  endfacet
  facet normal 0.9177546256839808 -0.3971478906347814 0
    outer loop
      vertex -26.73107396928723 10.58358088968449 -15
      vertex -26.013777758398064 12.241154632495833 -15
      vertex -26.013777758398064 12.241154632495833 -8
    endloop
  endfacet
  facet normal 0.8910065241883678 -0.4539904997395468 0
    outer loop
      vertex -25.659226417386698 12.937000819105679 -8
      vertex -26.013777758398064 12.241154632495833 -8
      vertex -26.013777758398064 12.241154632495833 -15
    endloop
  endfacet
  facet normal 0.8910065241883676 -0.4539904997395473 0
    outer loop
      vertex -25.193817051261075 13.850418130424318 -0.1
      vertex -26.013777758398064 12.241154632495833 -15
      vertex -25.193817051261075 13.850418130424318 -15
    endloop
  endfacet
  facet normal 0.8607420270039433 -0.509041415750372 0
    outer loop
      vertex -24.27442785818293 15.405020355646156 -0.1
      vertex -25.193817051261075 13.850418130424318 -15
      vertex -24.27442785818293 15.405020355646156 -15
    endloop
  endfacet
  facet normal 0.8270805742745625 -0.5620833778521296 0
    outer loop
      vertex -23.25923858827974 16.8988260034086 -0.1
      vertex -24.27442785818293 15.405020355646156 -15
      vertex -23.25923858827974 16.8988260034086 -15
    endloop
  endfacet
  facet normal 0.7901550123756909 -0.6129070536529758 0
    outer loop
      vertex -22.152255729803944 18.325939705274827 -0.1
      vertex -23.25923858827974 16.8988260034086 -15
      vertex -22.152255729803944 18.325939705274827 -15
    endloop
  endfacet
  facet normal 0.7501110696304593 -0.6613118653236523 0
    outer loop
      vertex -20.957848038365587 19.680729295449794 -0.1
      vertex -22.152255729803944 18.325939705274827 -15
      vertex -20.957848038365587 19.680729295449794 -15
    endloop
  endfacet
  facet normal 0.7071067811865475 -0.7071067811865475 0
    outer loop
      vertex -19.680729295449794 20.957848038365587 -0.1
      vertex -20.957848038365587 19.680729295449794 -15
      vertex -19.680729295449794 20.957848038365587 -15
    endloop
  endfacet
  facet normal 0.8910065241883649 -0.453990499739553 6.618774902156884e-16
    outer loop
      vertex -25.193817051261075 13.850418130424318 -0.1
      vertex -25.659226417386698 12.937000819105679 -8
      vertex -26.013777758398064 12.241154632495833 -15
    endloop
  endfacet
  facet normal 0.8270805742745625 -0.5620833778521296 0
    outer loop
      vertex -24.27442785818293 15.405020355646156 -0.1
      vertex -24.27442785818293 15.405020355646156 -15
      vertex -23.25923858827974 16.8988260034086 -0.1
    endloop
  endfacet
  facet normal 0.7901550123756909 -0.6129070536529758 0
    outer loop
      vertex -23.25923858827974 16.8988260034086 -0.1
      vertex -23.25923858827974 16.8988260034086 -15
      vertex -22.152255729803944 18.325939705274827 -0.1
    endloop
  endfacet
  facet normal 0.7501110696304593 -0.6613118653236523 0
    outer loop
      vertex -22.152255729803944 18.325939705274827 -0.1
      vertex -22.152255729803944 18.325939705274827 -15
      vertex -20.957848038365587 19.680729295449794 -0.1
    endloop
  endfacet
  facet normal 0.7071067811865475 -0.7071067811865475 0
    outer loop
      vertex -20.957848038365587 19.680729295449794 -0.1
      vertex -20.957848038365587 19.680729295449794 -15
      vertex -19.680729295449794 20.957848038365587 -0.1
    endloop
  endfacet
  facet normal 0.6613118653236523 -0.7501110696304593 0
    outer loop
      vertex -19.680729295449794 20.957848038365587 -0.1
      vertex -19.680729295449794 20.957848038365587 -15
      vertex -18.325939705274827 22.152255729803944 -0.1
    endloop
  endfacet
  facet normal 0.6613118653236523 -0.7501110696304593 0
    outer loop
      vertex -18.325939705274827 22.152255729803944 -0.1
      vertex -19.680729295449794 20.957848038365587 -15
      vertex -18.325939705274827 22.152255729803944 -15
    endloop
  endfacet
  facet normal 0.6129070536529758 -0.7901550123756909 0
    outer loop
      vertex -16.8988260034086 23.25923858827974 -0.1
      vertex -18.325939705274827 22.152255729803944 -15
      vertex -16.8988260034086 23.25923858827974 -15
    endloop
  endfacet
  facet normal 0.6129070536529758 -0.7901550123756909 0
    outer loop
      vertex -18.325939705274827 22.152255729803944 -0.1
      vertex -18.325939705274827 22.152255729803944 -15
      vertex -16.8988260034086 23.25923858827974 -0.1
    endloop
  endfacet
  facet normal 0.8910065241883676 -0.4539904997395477 0
    outer loop
      vertex -25.193817051261075 13.850418130424318 -0.1
      vertex -25.659226417386698 12.937000819105679 -0.1
      vertex -25.659226417386698 12.937000819105679 -8
    endloop
  endfacet
  facet normal 0.8607420270039433 -0.509041415750372 0
    outer loop
      vertex -25.193817051261075 13.850418130424318 -0.1
      vertex -25.193817051261075 13.850418130424318 -15
      vertex -24.27442785818293 15.405020355646156 0.09999999999999964
    endloop
  endfacet
  facet normal 0.8607420270039433 -0.509041415750372 0
    outer loop
      vertex -24.27442785818293 15.405020355646156 -0.1
      vertex -24.27442785818293 15.405020355646156 0.09999999999999964
      vertex -25.193817051261075 13.850418130424318 -15
    endloop
  endfacet
  facet normal 0.8607420270039433 -0.509041415750372 0
    outer loop
      vertex -25.193817051261075 13.850418130424318 -0.1
      vertex -24.27442785818293 15.405020355646156 0.09999999999999964
      vertex -25.193817051261075 13.850418130424318 0.09999999999999964
    endloop
  endfacet
  facet normal 0.509041415750372 0.8607420270039433 0
    outer loop
      vertex -13.850418130424318 -25.193817051261075 -15
      vertex -15.405020355646156 -24.27442785818293 -15
      vertex -15.405020355646156 -24.27442785818293 -8
    endloop
  endfacet
  facet normal 0.4539904997395473 0.8910065241883677 0
    outer loop
      vertex -13.850418130424318 -25.193817051261075 -8
      vertex -12.241154632495833 -26.013777758398064 -15
      vertex -13.850418130424318 -25.193817051261075 -15
    endloop
  endfacet
  facet normal 0.3971478906347814 0.9177546256839808 0
    outer loop
      vertex -12.241154632495833 -26.013777758398064 -8
      vertex -10.58358088968449 -26.73107396928723 -15
      vertex -12.241154632495833 -26.013777758398064 -15
    endloop
  endfacet
  facet normal 0.509041415750372 0.8607420270039433 0
    outer loop
      vertex -15.405020355646156 -24.27442785818293 -8
      vertex -13.850418130424318 -25.193817051261075 -8
      vertex -13.850418130424318 -25.193817051261075 -15
    endloop
  endfacet
  facet normal 0.4539904997395473 0.8910065241883677 0
    outer loop
      vertex -13.850418130424318 -25.193817051261075 -8
      vertex -12.241154632495833 -26.013777758398064 -8
      vertex -12.241154632495833 -26.013777758398064 -15
    endloop
  endfacet
  facet normal 0.3971478906347814 0.9177546256839808 0
    outer loop
      vertex -12.241154632495833 -26.013777758398064 -8
      vertex -10.58358088968449 -26.73107396928723 -8
      vertex -10.58358088968449 -26.73107396928723 -15
    endloop
  endfacet
  facet normal 0.5620833778521296 0.8270805742745624 0
    outer loop
      vertex -15.405020355646156 -24.27442785818293 -15
      vertex -16.8988260034086 -23.25923858827974 -15
      vertex -16.8988260034086 -23.25923858827974 -8
    endloop
  endfacet
  facet normal 0.5620833778521296 0.8270805742745624 0
    outer loop
      vertex -16.8988260034086 -23.25923858827974 -8
      vertex -15.405020355646156 -24.27442785818293 -8
      vertex -15.405020355646156 -24.27442785818293 -15
    endloop
  endfacet
  facet normal 0.2789911060392294 0.9602936856769431 0
    outer loop
      vertex -8.884238588279738 -27.342874843485664 -8
      vertex -7.149834255989577 -27.846765882448143 -15
      vertex -8.884238588279738 -27.342874843485664 -15
    endloop
  endfacet
  facet normal 0.33873792024528965 0.9408807689542261 0
    outer loop
      vertex -8.884238588279738 -27.342874843485664 -15
      vertex -10.58358088968449 -26.73107396928723 -15
      vertex -10.58358088968449 -26.73107396928723 -8
    endloop
  endfacet
  facet normal 0.21814324139654262 0.9759167619387473 0
    outer loop
      vertex -5.387212794339589 -28.240758458449797 -15
      vertex -7.149834255989577 -27.846765882448143 -15
      vertex -7.149834255989577 -27.846765882448143 -8
    endloop
  endfacet
  facet normal 0.33873792024528965 0.9408807689542261 0
    outer loop
      vertex -10.58358088968449 -26.73107396928723 -8
      vertex -8.884238588279738 -27.342874843485664 -8
      vertex -8.884238588279738 -27.342874843485664 -15
    endloop
  endfacet
  facet normal 0.2789911060392294 0.9602936856769431 0
    outer loop
      vertex -8.884238588279738 -27.342874843485664 -8
      vertex -7.149834255989577 -27.846765882448143 -8
      vertex -7.149834255989577 -27.846765882448143 -15
    endloop
  endfacet
  facet normal 0.21814324139654262 0.9759167619387473 0
    outer loop
      vertex -7.149834255989577 -27.846765882448143 -8
      vertex -5.387212794339589 -28.240758458449797 -8
      vertex -5.387212794339589 -28.240758458449797 -15
    endloop
  endfacet
  facet normal 0.15643446504023273 0.9876883405951374 0
    outer loop
      vertex -5.387212794339589 -28.240758458449797 -8
      vertex -3.603330464973742 -28.52329766279124 -15
      vertex -5.387212794339589 -28.240758458449797 -15
    endloop
  endfacet
  facet normal 0.09410831331851342 0.9955619646030802 0
    outer loop
      vertex -1.8052274364677707 -28.693268442312807 -15
      vertex -3.603330464973742 -28.52329766279124 -15
      vertex -3.603330464973742 -28.52329766279124 -8
    endloop
  endfacet
  facet normal 0.03141075907812854 0.9995065603657315 0
    outer loop
      vertex -1.8052274364677707 -28.693268442312807 -8
      vertex 0 -28.75 -15
      vertex -1.8052274364677707 -28.693268442312807 -15
    endloop
  endfacet
  facet normal -0.03141075907812854 0.9995065603657315 0
    outer loop
      vertex 0 -28.75 -8
      vertex 1.8052274364677707 -28.693268442312807 -15
      vertex 0 -28.75 -15
    endloop
  endfacet
  facet normal 0.15643446504023273 0.9876883405951374 0
    outer loop
      vertex -5.387212794339589 -28.240758458449797 -8
      vertex -3.603330464973742 -28.52329766279124 -8
      vertex -3.603330464973742 -28.52329766279124 -15
    endloop
  endfacet
  facet normal 0.09410831331851342 0.9955619646030802 0
    outer loop
      vertex -3.603330464973742 -28.52329766279124 -8
      vertex -1.8052274364677707 -28.693268442312807 -8
      vertex -1.8052274364677707 -28.693268442312807 -15
    endloop
  endfacet
  facet normal 0.03141075907812854 0.9995065603657315 0
    outer loop
      vertex -1.8052274364677707 -28.693268442312807 -8
      vertex 0 -28.75 -8
      vertex 0 -28.75 -15
    endloop
  endfacet
  facet normal -0.09410831331851342 0.9955619646030802 -4.39072176947731e-18
    outer loop
      vertex 3.603330464973742 -28.52329766279124 -15
      vertex 1.8052274364677707 -28.693268442312807 -15
      vertex 1.8052274364677705 -28.693268442312807 -8
    endloop
  endfacet
  facet normal -0.15643446504023273 0.9876883405951374 0
    outer loop
      vertex 3.603330464973742 -28.52329766279124 -8
      vertex 5.387212794339589 -28.240758458449797 -15
      vertex 3.603330464973742 -28.52329766279124 -15
    endloop
  endfacet
  facet normal -0.2181432413965422 0.9759167619387474 0
    outer loop
      vertex 5.387212794339589 -28.240758458449797 -8
      vertex 7.149834255989565 -27.846765882448146 -15
      vertex 5.387212794339589 -28.240758458449797 -15
    endloop
  endfacet
  facet normal -0.03141075907812855 0.9995065603657315 -1.0976804423693107e-18
    outer loop
      vertex 0 -28.75 -8
      vertex 1.8052274364677705 -28.693268442312807 -8
      vertex 1.8052274364677707 -28.693268442312807 -15
    endloop
  endfacet
  facet normal -0.09410831331851342 0.9955619646030802 0
    outer loop
      vertex 1.8052274364677705 -28.693268442312807 -8
      vertex 3.603330464973742 -28.52329766279124 -8
      vertex 3.603330464973742 -28.52329766279124 -15
    endloop
  endfacet
  facet normal -0.15643446504023273 0.9876883405951374 0
    outer loop
      vertex 3.603330464973742 -28.52329766279124 -8
      vertex 5.387212794339589 -28.240758458449797 -8
      vertex 5.387212794339589 -28.240758458449797 -15
    endloop
  endfacet
  facet normal -0.2181432413965422 0.9759167619387474 0
    outer loop
      vertex 5.387212794339589 -28.240758458449797 -8
      vertex 7.149834255989565 -27.846765882448146 -8
      vertex 7.149834255989565 -27.846765882448146 -15
    endloop
  endfacet
  facet normal 0.509041415750372 0.8607420270039433 0
    outer loop
      vertex -15.405020355646156 -24.27442785818293 -0.1
      vertex -13.850418130424318 -25.193817051261075 -3
      vertex -15.405020355646156 -24.27442785818293 -3
    endloop
  endfacet
  facet normal 0.509041415750372 0.8607420270039433 0
    outer loop
      vertex -13.850418130424318 -25.193817051261075 -0.1
      vertex -13.850418130424318 -25.193817051261075 -3
      vertex -15.405020355646156 -24.27442785818293 -0.1
    endloop
  endfacet
  facet normal 0.45399049973954725 0.8910065241883676 0
    outer loop
      vertex -13.850418130424318 -25.193817051261075 -0.1
      vertex -12.241154632495833 -26.013777758398064 -3
      vertex -13.850418130424318 -25.193817051261075 -3
    endloop
  endfacet
  facet normal 0.39714789063478134 0.9177546256839807 0
    outer loop
      vertex -12.241154632495833 -26.013777758398064 -0.1
      vertex -10.58358088968449 -26.73107396928723 -3
      vertex -12.241154632495833 -26.013777758398064 -3
    endloop
  endfacet
  facet normal 0.45399049973954725 0.8910065241883676 0
    outer loop
      vertex -13.850418130424318 -25.193817051261075 -0.1
      vertex -12.241154632495833 -26.013777758398064 -0.1
      vertex -12.241154632495833 -26.013777758398064 -3
    endloop
  endfacet
  facet normal 0.39714789063478145 0.9177546256839807 4.295841804803515e-17
    outer loop
      vertex -12.241154632495833 -26.013777758398064 -0.1
      vertex -10.605391070510954 -26.721635861249215 -0.1
      vertex -10.58358088968449 -26.73107396928723 -3
    endloop
  endfacet
  facet normal 0.5620833778521296 0.8270805742745625 0
    outer loop
      vertex -16.8988260034086 -23.25923858827974 -0.1
      vertex -15.405020355646156 -24.27442785818293 -3
      vertex -16.8988260034086 -23.25923858827974 -3
    endloop
  endfacet
  facet normal 0.5620833778521296 0.8270805742745625 0
    outer loop
      vertex -15.405020355646156 -24.27442785818293 -0.1
      vertex -15.405020355646156 -24.27442785818293 -3
      vertex -16.8988260034086 -23.25923858827974 -0.1
    endloop
  endfacet
  facet normal 0.3387379202452901 0.940880768954226 0
    outer loop
      vertex -10.58358088968449 -26.73107396928723 -0.1
      vertex -9.044907967958391 -27.285030307477196 -0.1
      vertex -9.044907967958391 -27.285030307477196 -3
    endloop
  endfacet
  facet normal 0.3387379202452901 0.940880768954226 0
    outer loop
      vertex -10.58358088968449 -26.73107396928723 -0.1
      vertex -9.044907967958391 -27.285030307477196 -3
      vertex -10.58358088968449 -26.73107396928723 -3
    endloop
  endfacet
  facet normal 0.39714789063477524 0.9177546256839836 0
    outer loop
      vertex -10.58358088968449 -26.73107396928723 -0.1
      vertex -10.58358088968449 -26.73107396928723 -3
      vertex -10.605391070510954 -26.721635861249215 -0.1
    endloop
  endfacet
  facet normal 0.3971478906347752 0.9177546256839836 0
    outer loop
      vertex -10.58358088968449 -26.73107396928723 -0.1
      vertex -10.605391070510954 -26.721635861249215 -0.1
      vertex -10.58358088968449 -26.73107396928723 0.09999999999999964
    endloop
  endfacet
  facet normal -0.27899110603922933 0.9602936856769431 0
    outer loop
      vertex 7.149834255989565 -27.846765882448146 -8
      vertex 8.884238588279738 -27.342874843485664 -15
      vertex 7.149834255989565 -27.846765882448146 -15
    endloop
  endfacet
  facet normal -0.33873792024529065 0.9408807689542258 0
    outer loop
      vertex 8.884238588279738 -27.342874843485664 -8
      vertex 10.583580889684503 -26.731073969287223 -15
      vertex 8.884238588279738 -27.342874843485664 -15
    endloop
  endfacet
  facet normal -0.39714789063478095 0.917754625683981 0
    outer loop
      vertex 10.583580889684503 -26.731073969287223 -8
      vertex 12.241154632495833 -26.013777758398064 -15
      vertex 10.583580889684503 -26.731073969287223 -15
    endloop
  endfacet
  facet normal -0.4539904997395473 0.8910065241883677 0
    outer loop
      vertex 12.241154632495833 -26.013777758398064 -8
      vertex 13.850418130424318 -25.193817051261075 -15
      vertex 12.241154632495833 -26.013777758398064 -15
    endloop
  endfacet
  facet normal -0.27899110603922933 0.9602936856769431 0
    outer loop
      vertex 7.149834255989565 -27.846765882448146 -8
      vertex 8.884238588279738 -27.342874843485664 -8
      vertex 8.884238588279738 -27.342874843485664 -15
    endloop
  endfacet
  facet normal -0.33873792024529065 0.9408807689542258 0
    outer loop
      vertex 8.884238588279738 -27.342874843485664 -8
      vertex 10.583580889684503 -26.731073969287223 -8
      vertex 10.583580889684503 -26.731073969287223 -15
    endloop
  endfacet
  facet normal -0.39714789063478095 0.917754625683981 0
    outer loop
      vertex 10.583580889684503 -26.731073969287223 -8
      vertex 12.241154632495833 -26.013777758398064 -8
      vertex 12.241154632495833 -26.013777758398064 -15
    endloop
  endfacet
  facet normal -0.5090414157503715 0.8607420270039436 0
    outer loop
      vertex 15.40502035564614 -24.27442785818294 -15
      vertex 13.850418130424318 -25.193817051261075 -15
      vertex 13.850418130424318 -25.193817051261075 -8
    endloop
  endfacet
  facet normal -0.4539904997395473 0.8910065241883677 0
    outer loop
      vertex 12.241154632495833 -26.013777758398064 -8
      vertex 13.850418130424318 -25.193817051261075 -8
      vertex 13.850418130424318 -25.193817051261075 -15
    endloop
  endfacet
  facet normal -0.5090414157503715 0.8607420270039436 0
    outer loop
      vertex 13.850418130424318 -25.193817051261075 -8
      vertex 15.40502035564614 -24.27442785818294 -8
      vertex 15.40502035564614 -24.27442785818294 -15
    endloop
  endfacet
  facet normal -0.5620833778521296 0.8270805742745626 0
    outer loop
      vertex 15.40502035564614 -24.27442785818294 -8
      vertex 16.8988260034086 -23.25923858827974 -15
      vertex 15.40502035564614 -24.27442785818294 -15
    endloop
  endfacet
  facet normal -0.6129070536529767 0.7901550123756902 0
    outer loop
      vertex 18.325939705274838 -22.152255729803933 -15
      vertex 16.8988260034086 -23.25923858827974 -15
      vertex 16.8988260034086 -23.25923858827974 -8
    endloop
  endfacet
  facet normal -0.6613118653236518 0.7501110696304597 0
    outer loop
      vertex 19.680729295449794 -20.957848038365587 -15
      vertex 18.325939705274838 -22.152255729803933 -15
      vertex 18.325939705274838 -22.152255729803933 -8
    endloop
  endfacet
  facet normal -0.5620833778521296 0.8270805742745626 0
    outer loop
      vertex 15.40502035564614 -24.27442785818294 -8
      vertex 16.8988260034086 -23.25923858827974 -8
      vertex 16.8988260034086 -23.25923858827974 -15
    endloop
  endfacet
  facet normal -0.6129070536529767 0.7901550123756902 0
    outer loop
      vertex 16.8988260034086 -23.25923858827974 -8
      vertex 18.325939705274838 -22.152255729803933 -8
      vertex 18.325939705274838 -22.152255729803933 -15
    endloop
  endfacet
  facet normal -0.6613118653236518 0.7501110696304597 0
    outer loop
      vertex 18.325939705274838 -22.152255729803933 -8
      vertex 19.680729295449794 -20.957848038365587 -8
      vertex 19.680729295449794 -20.957848038365587 -15
    endloop
  endfacet
  facet normal -0.7071067811865476 0.7071067811865476 0
    outer loop
      vertex 19.680729295449794 -20.957848038365587 -8
      vertex 20.957848038365587 -19.680729295449794 -15
      vertex 19.680729295449794 -20.957848038365587 -15
    endloop
  endfacet
  facet normal -0.7071067811865476 0.7071067811865476 0
    outer loop
      vertex 19.680729295449794 -20.957848038365587 -8
      vertex 20.957848038365587 -19.680729295449794 -8
      vertex 20.957848038365587 -19.680729295449794 -15
    endloop
  endfacet
  facet normal -0.7501110696304597 0.6613118653236518 0
    outer loop
      vertex 20.957848038365587 -19.680729295449794 -8
      vertex 22.152255729803933 -18.325939705274838 -15
      vertex 20.957848038365587 -19.680729295449794 -15
    endloop
  endfacet
  facet normal -0.7901550123756902 0.6129070536529767 0
    outer loop
      vertex 22.152255729803933 -18.325939705274838 -8
      vertex 23.25923858827974 -16.8988260034086 -15
      vertex 22.152255729803933 -18.325939705274838 -15
    endloop
  endfacet
  facet normal -0.8270805742745626 0.5620833778521296 0
    outer loop
      vertex 23.25923858827974 -16.8988260034086 -8
      vertex 24.27442785818294 -15.40502035564614 -15
      vertex 23.25923858827974 -16.8988260034086 -15
    endloop
  endfacet
  facet normal -0.8607420270039436 0.5090414157503715 0
    outer loop
      vertex 25.193817051261075 -13.850418130424318 -15
      vertex 24.27442785818294 -15.40502035564614 -15
      vertex 24.27442785818294 -15.40502035564614 -8
    endloop
  endfacet
  facet normal -0.7501110696304597 0.6613118653236518 0
    outer loop
      vertex 20.957848038365587 -19.680729295449794 -8
      vertex 22.152255729803933 -18.325939705274838 -8
      vertex 22.152255729803933 -18.325939705274838 -15
    endloop
  endfacet
  facet normal -0.7901550123756902 0.6129070536529767 0
    outer loop
      vertex 22.152255729803933 -18.325939705274838 -8
      vertex 23.25923858827974 -16.8988260034086 -8
      vertex 23.25923858827974 -16.8988260034086 -15
    endloop
  endfacet
  facet normal -0.8270805742745626 0.5620833778521296 0
    outer loop
      vertex 23.25923858827974 -16.8988260034086 -8
      vertex 24.27442785818294 -15.40502035564614 -8
      vertex 24.27442785818294 -15.40502035564614 -15
    endloop
  endfacet
  facet normal -0.8607420270039436 0.5090414157503715 0
    outer loop
      vertex 24.27442785818294 -15.40502035564614 -8
      vertex 25.193817051261075 -13.850418130424318 -8
      vertex 25.193817051261075 -13.850418130424318 -15
    endloop
  endfacet
  facet normal -0.8910065241883677 0.4539904997395473 0
    outer loop
      vertex 26.013777758398064 -12.241154632495833 -15
      vertex 25.193817051261075 -13.850418130424318 -15
      vertex 25.193817051261075 -13.850418130424318 -8
    endloop
  endfacet
  facet normal -0.917754625683981 0.39714789063478095 0
    outer loop
      vertex 26.731073969287223 -10.583580889684503 -15
      vertex 26.013777758398064 -12.241154632495833 -15
      vertex 26.013777758398064 -12.241154632495833 -8
    endloop
  endfacet
  facet normal -0.9408807689542258 0.33873792024529065 0
    outer loop
      vertex 27.342874843485664 -8.884238588279738 -15
      vertex 26.731073969287223 -10.583580889684503 -15
      vertex 26.731073969287223 -10.583580889684503 -8
    endloop
  endfacet
  facet normal -0.8910065241883677 0.4539904997395473 0
    outer loop
      vertex 25.193817051261075 -13.850418130424318 -8
      vertex 26.013777758398064 -12.241154632495833 -8
      vertex 26.013777758398064 -12.241154632495833 -15
    endloop
  endfacet
  facet normal -0.917754625683981 0.39714789063478095 0
    outer loop
      vertex 26.013777758398064 -12.241154632495833 -8
      vertex 26.731073969287223 -10.583580889684503 -8
      vertex 26.731073969287223 -10.583580889684503 -15
    endloop
  endfacet
  facet normal -0.9408807689542258 0.33873792024529065 0
    outer loop
      vertex 26.731073969287223 -10.583580889684503 -8
      vertex 27.342874843485664 -8.884238588279738 -8
      vertex 27.342874843485664 -8.884238588279738 -15
    endloop
  endfacet
  facet normal 0.4539904997395469 -0.8910065241883678 -1.229402095453638e-16
    outer loop
      vertex -13.850418130424313 25.193817051261078 -15
      vertex -12.24115463249584 26.01377775839806 -15
      vertex -12.401251531327933 25.932204314057973 -8
    endloop
  endfacet
  facet normal 0.3971478906347816 -0.9177546256839807 0
    outer loop
      vertex -12.24115463249584 26.01377775839806 -15
      vertex -10.58358088968449 26.73107396928723 -15
      vertex -10.58358088968449 26.73107396928723 -8
    endloop
  endfacet
  facet normal 0.5620833778521296 -0.8270805742745625 0
    outer loop
      vertex -15.405020355646156 24.27442785818293 -0.1
      vertex -16.8988260034086 23.25923858827974 -15
      vertex -15.405020355646156 24.27442785818293 -15
    endloop
  endfacet
  facet normal 0.5090414157503721 -0.8607420270039431 0
    outer loop
      vertex -13.850418130424313 25.193817051261078 -0.1
      vertex -15.405020355646156 24.27442785818293 -15
      vertex -13.850418130424313 25.193817051261078 -15
    endloop
  endfacet
  facet normal 0.45399049973955125 -0.8910065241883655 0
    outer loop
      vertex -12.401251531327933 25.932204314057973 -8
      vertex -12.24115463249584 26.01377775839806 -15
      vertex -12.24115463249584 26.01377775839806 -8
    endloop
  endfacet
  facet normal 0.3971478906347816 -0.9177546256839807 0
    outer loop
      vertex -10.58358088968449 26.73107396928723 -8
      vertex -12.24115463249584 26.01377775839806 -8
      vertex -12.24115463249584 26.01377775839806 -15
    endloop
  endfacet
  facet normal 0.33873792024528965 -0.9408807689542261 0
    outer loop
      vertex -10.58358088968449 26.73107396928723 -15
      vertex -8.884238588279738 27.342874843485664 -15
      vertex -8.884238588279738 27.342874843485664 -8
    endloop
  endfacet
  facet normal 0.2789911060392294 -0.9602936856769431 -3.5125774155818214e-17
    outer loop
      vertex -8.884238588279738 27.342874843485664 -15
      vertex -7.149834255989577 27.846765882448143 -15
      vertex -7.1498342559895764 27.846765882448143 -8
    endloop
  endfacet
  facet normal 0.21814324139654362 -0.9759167619387471 -2.6344330616863553e-17
    outer loop
      vertex -7.149834255989577 27.846765882448143 -15
      vertex -5.387212794339582 28.2407584584498 -15
      vertex -5.387212794339581 28.2407584584498 -8
    endloop
  endfacet
  facet normal 0.33873792024528965 -0.9408807689542261 0
    outer loop
      vertex -8.884238588279738 27.342874843485664 -8
      vertex -10.58358088968449 26.73107396928723 -8
      vertex -10.58358088968449 26.73107396928723 -15
    endloop
  endfacet
  facet normal 0.2789911060392293 -0.9602936856769431 0
    outer loop
      vertex -7.1498342559895764 27.846765882448143 -8
      vertex -8.884238588279738 27.342874843485664 -8
      vertex -8.884238588279738 27.342874843485664 -15
    endloop
  endfacet
  facet normal 0.21814324139654362 -0.9759167619387471 -2.6344330616863553e-17
    outer loop
      vertex -5.387212794339581 28.2407584584498 -8
      vertex -7.1498342559895764 27.846765882448143 -8
      vertex -7.149834255989577 27.846765882448143 -15
    endloop
  endfacet
  facet normal 0.45399049973954647 -0.891006524188368 0
    outer loop
      vertex -13.850418130424313 25.193817051261078 -0.1
      vertex -13.850418130424313 25.193817051261078 -15
      vertex -12.401251531327933 25.932204314057973 -8
    endloop
  endfacet
  facet normal 0.5620833778521296 -0.8270805742745625 0
    outer loop
      vertex -16.8988260034086 23.25923858827974 -0.1
      vertex -16.8988260034086 23.25923858827974 -15
      vertex -15.405020355646156 24.27442785818293 -0.1
    endloop
  endfacet
  facet normal 0.5090414157503721 -0.8607420270039431 0
    outer loop
      vertex -15.405020355646156 24.27442785818293 -0.1
      vertex -15.405020355646156 24.27442785818293 -15
      vertex -13.850418130424313 25.193817051261078 -0.1
    endloop
  endfacet
  facet normal 0.15643446504023195 -0.9876883405951375 0
    outer loop
      vertex -5.387212794339582 28.2407584584498 -15
      vertex -3.603330464973748 28.52329766279124 -15
      vertex -3.603330464973748 28.52329766279124 -8
    endloop
  endfacet
  facet normal 0.09410831331851238 -0.9955619646030802 0
    outer loop
      vertex -1.8052274364677567 28.693268442312807 -15
      vertex -1.8052274364677567 28.693268442312807 -8
      vertex -3.603330464973748 28.52329766279124 -15
    endloop
  endfacet
  facet normal 0.031410759078128785 -0.9995065603657315 0
    outer loop
      vertex -1.8052274364677567 28.693268442312807 -15
      vertex 0 28.75 -15
      vertex 0 28.75 -8
    endloop
  endfacet
  facet normal 0.156434465040232 -0.9876883405951375 -2.6344330616863664e-17
    outer loop
      vertex -3.603330464973748 28.52329766279124 -8
      vertex -5.387212794339581 28.2407584584498 -8
      vertex -5.387212794339582 28.2407584584498 -15
    endloop
  endfacet
  facet normal 0.09410831331851238 -0.9955619646030802 0
    outer loop
      vertex -1.8052274364677567 28.693268442312807 -8
      vertex -3.603330464973748 28.52329766279124 -8
      vertex -3.603330464973748 28.52329766279124 -15
    endloop
  endfacet
  facet normal 0.031410759078128785 -0.9995065603657315 0
    outer loop
      vertex 0 28.75 -8
      vertex -1.8052274364677567 28.693268442312807 -8
      vertex -1.8052274364677567 28.693268442312807 -15
    endloop
  endfacet
  facet normal -0.031410759078128785 -0.9995065603657315 0
    outer loop
      vertex 1.8052274364677567 28.693268442312807 -8
      vertex 0 28.75 -8
      vertex 0 28.75 -15
    endloop
  endfacet
  facet normal -0.031410759078128785 -0.9995065603657315 0
    outer loop
      vertex 0 28.75 -15
      vertex 1.8052274364677567 28.693268442312807 -15
      vertex 1.8052274364677567 28.693268442312807 -8
    endloop
  endfacet
  facet normal -0.09410831331851238 -0.9955619646030802 4.3907217694772614e-18
    outer loop
      vertex 1.8052274364677567 28.693268442312807 -15
      vertex 3.603330464973748 28.52329766279124 -15
      vertex 3.6033304649737485 28.52329766279124 -8
    endloop
  endfacet
  facet normal -0.15643446504023195 -0.9876883405951375 0
    outer loop
      vertex 3.603330464973748 28.52329766279124 -15
      vertex 5.387212794339582 28.2407584584498 -15
      vertex 5.387212794339582 28.2407584584498 -8
    endloop
  endfacet
  facet normal -0.21814324139654362 -0.9759167619387471 0
    outer loop
      vertex 5.387212794339582 28.2407584584498 -15
      vertex 7.149834255989577 27.846765882448143 -15
      vertex 7.149834255989577 27.846765882448143 -8
    endloop
  endfacet
  facet normal -0.09410831331851235 -0.9955619646030802 0
    outer loop
      vertex 3.6033304649737485 28.52329766279124 -8
      vertex 1.8052274364677567 28.693268442312807 -8
      vertex 1.8052274364677567 28.693268442312807 -15
    endloop
  endfacet
  facet normal -0.15643446504023198 -0.9876883405951375 8.781443538954552e-18
    outer loop
      vertex 5.387212794339582 28.2407584584498 -8
      vertex 3.6033304649737485 28.52329766279124 -8
      vertex 3.603330464973748 28.52329766279124 -15
    endloop
  endfacet
  facet normal -0.21814324139654362 -0.9759167619387471 0
    outer loop
      vertex 7.149834255989577 27.846765882448143 -8
      vertex 5.387212794339582 28.2407584584498 -8
      vertex 5.387212794339582 28.2407584584498 -15
    endloop
  endfacet
  facet normal 0.45399049973954647 -0.891006524188368 0
    outer loop
      vertex -13.850418130424313 25.193817051261078 -0.1
      vertex -12.401251531327933 25.932204314057973 -8
      vertex -12.401251531327933 25.932204314057973 -0.1
    endloop
  endfacet
  facet normal -0.9602936856769431 0.27899110603922933 0
    outer loop
      vertex 27.342874843485664 -8.884238588279738 -8
      vertex 27.846765882448146 -7.149834255989565 -15
      vertex 27.342874843485664 -8.884238588279738 -15
    endloop
  endfacet
  facet normal -0.9759167619387474 0.2181432413965422 0
    outer loop
      vertex 28.240758458449797 -5.387212794339589 -15
      vertex 27.846765882448146 -7.149834255989565 -15
      vertex 27.846765882448146 -7.149834255989565 -8
    endloop
  endfacet
  facet normal -0.9876883405951374 0.15643446504023273 0
    outer loop
      vertex 28.52329766279124 -3.603330464973742 -15
      vertex 28.240758458449797 -5.387212794339589 -15
      vertex 28.240758458449797 -5.387212794339589 -8
    endloop
  endfacet
  facet normal -0.9602936856769431 0.27899110603922933 0
    outer loop
      vertex 27.342874843485664 -8.884238588279738 -8
      vertex 27.846765882448146 -7.149834255989565 -8
      vertex 27.846765882448146 -7.149834255989565 -15
    endloop
  endfacet
  facet normal -0.9759167619387474 0.2181432413965422 0
    outer loop
      vertex 28.240758458449797 -5.387212794339589 -15
      vertex 27.846765882448146 -7.149834255989565 -8
      vertex 28.240758458449797 -5.387212794339589 -8
    endloop
  endfacet
  facet normal -0.9876883405951374 0.15643446504023273 0
    outer loop
      vertex 28.52329766279124 -3.603330464973742 -15
      vertex 28.240758458449797 -5.387212794339589 -8
      vertex 28.52329766279124 -3.603330464973742 -8
    endloop
  endfacet
  facet normal -0.9955619646030802 0.09410831331851342 0
    outer loop
      vertex 28.693268442312807 -1.8052274364677707 -15
      vertex 28.52329766279124 -3.603330464973742 -15
      vertex 28.52329766279124 -3.603330464973742 -8
    endloop
  endfacet
  facet normal -0.9995065603657315 0.03141075907812854 0
    outer loop
      vertex 28.693268442312807 -1.8052274364677707 -15
      vertex 28.693268442312807 -1.8052274364677707 -8
      vertex 28.75 0 -15
    endloop
  endfacet
  facet normal -0.9995065603657315 -0.03141075907812874 0
    outer loop
      vertex 28.75 0 -8
      vertex 28.693268442312807 1.8052274364677594 -15
      vertex 28.75 0 -15
    endloop
  endfacet
  facet normal -0.9955619646030802 0.09410831331851342 0
    outer loop
      vertex 28.52329766279124 -3.603330464973742 -8
      vertex 28.693268442312807 -1.8052274364677707 -8
      vertex 28.693268442312807 -1.8052274364677707 -15
    endloop
  endfacet
  facet normal -0.9995065603657315 0.03141075907812854 0
    outer loop
      vertex 28.75 0 -8
      vertex 28.75 0 -15
      vertex 28.693268442312807 -1.8052274364677707 -8
    endloop
  endfacet
  facet normal -0.9876883405951375 -0.1564344650402317 0
    outer loop
      vertex 28.2407584584498 5.387212794339583 -15
      vertex 28.52329766279124 3.603330464973747 -15
      vertex 28.52329766279124 3.603330464973747 -8
    endloop
  endfacet
  facet normal -0.975916761938747 -0.21814324139654406 0
    outer loop
      vertex 28.2407584584498 5.387212794339583 -15
      vertex 28.2407584584498 5.387212794339583 -8
      vertex 27.846765882448143 7.149834255989576 -15
    endloop
  endfacet
  facet normal -0.9955619646030802 -0.09410831331851256 0
    outer loop
      vertex 28.52329766279124 3.603330464973747 -15
      vertex 28.693268442312807 1.8052274364677594 -15
      vertex 28.693268442312807 1.8052274364677594 -8
    endloop
  endfacet
  facet normal -0.9876883405951375 -0.1564344650402317 0
    outer loop
      vertex 28.52329766279124 3.603330464973747 -8
      vertex 28.2407584584498 5.387212794339583 -8
      vertex 28.2407584584498 5.387212794339583 -15
    endloop
  endfacet
  facet normal -0.9995065603657315 -0.03141075907812874 0
    outer loop
      vertex 28.75 0 -8
      vertex 28.693268442312807 1.8052274364677594 -8
      vertex 28.693268442312807 1.8052274364677594 -15
    endloop
  endfacet
  facet normal -0.9955619646030802 -0.09410831331851256 0
    outer loop
      vertex 28.52329766279124 3.603330464973747 -15
      vertex 28.693268442312807 1.8052274364677594 -8
      vertex 28.52329766279124 3.603330464973747 -8
    endloop
  endfacet
  facet normal -0.9602936856769431 -0.2789911060392291 0
    outer loop
      vertex 27.342874843485664 8.884238588279738 -15
      vertex 27.846765882448143 7.149834255989576 -15
      vertex 27.846765882448143 7.149834255989576 -8
    endloop
  endfacet
  facet normal -0.9177546256839818 -0.397147890634779 0
    outer loop
      vertex 26.013777758398064 12.241154632495839 -15
      vertex 26.731073969287227 10.583580889684491 -15
      vertex 26.731073969287227 10.583580889684491 -8
    endloop
  endfacet
  facet normal -0.9408807689542256 -0.3387379202452911 0
    outer loop
      vertex 27.342874843485664 8.884238588279738 -8
      vertex 26.731073969287227 10.583580889684491 -15
      vertex 27.342874843485664 8.884238588279738 -15
    endloop
  endfacet
  facet normal -0.975916761938747 -0.21814324139654406 0
    outer loop
      vertex 28.2407584584498 5.387212794339583 -8
      vertex 27.846765882448143 7.149834255989576 -8
      vertex 27.846765882448143 7.149834255989576 -15
    endloop
  endfacet
  facet normal -0.9602936856769431 -0.2789911060392291 0
    outer loop
      vertex 27.846765882448143 7.149834255989576 -8
      vertex 27.342874843485664 8.884238588279738 -8
      vertex 27.342874843485664 8.884238588279738 -15
    endloop
  endfacet
  facet normal -0.9408807689542256 -0.3387379202452911 0
    outer loop
      vertex 26.731073969287227 10.583580889684491 -15
      vertex 27.342874843485664 8.884238588279738 -8
      vertex 26.731073969287227 10.583580889684491 -8
    endloop
  endfacet
  facet normal -0.6613118653236502 -0.7501110696304611 0
    outer loop
      vertex 19.6807292954498 20.957848038365583 -8
      vertex 18.32593970527483 22.152255729803937 -15
      vertex 19.6807292954498 20.957848038365583 -15
    endloop
  endfacet
  facet normal -0.3971478906347816 -0.9177546256839807 0
    outer loop
      vertex 10.58358088968449 26.73107396928723 -15
      vertex 12.24115463249584 26.01377775839806 -15
      vertex 12.24115463249584 26.01377775839806 -8
    endloop
  endfacet
  facet normal -0.3971478906347816 -0.9177546256839807 0
    outer loop
      vertex 12.24115463249584 26.01377775839806 -8
      vertex 10.58358088968449 26.73107396928723 -8
      vertex 10.58358088968449 26.73107396928723 -15
    endloop
  endfacet
  facet normal -0.4539904997395469 -0.8910065241883678 0
    outer loop
      vertex 13.850418130424313 25.193817051261078 -8
      vertex 12.24115463249584 26.01377775839806 -8
      vertex 12.24115463249584 26.01377775839806 -15
    endloop
  endfacet
  facet normal -0.2789911060392294 -0.9602936856769431 0
    outer loop
      vertex 8.884238588279738 27.342874843485664 -8
      vertex 7.149834255989577 27.846765882448143 -15
      vertex 8.884238588279738 27.342874843485664 -15
    endloop
  endfacet
  facet normal -0.33873792024528965 -0.9408807689542261 0
    outer loop
      vertex 8.884238588279738 27.342874843485664 -15
      vertex 10.58358088968449 26.73107396928723 -15
      vertex 10.58358088968449 26.73107396928723 -8
    endloop
  endfacet
  facet normal -0.2789911060392294 -0.9602936856769431 0
    outer loop
      vertex 8.884238588279738 27.342874843485664 -8
      vertex 7.149834255989577 27.846765882448143 -8
      vertex 7.149834255989577 27.846765882448143 -15
    endloop
  endfacet
  facet normal -0.33873792024528965 -0.9408807689542261 0
    outer loop
      vertex 10.58358088968449 26.73107396928723 -8
      vertex 8.884238588279738 27.342874843485664 -8
      vertex 8.884238588279738 27.342874843485664 -15
    endloop
  endfacet
  facet normal -0.4539904997395469 -0.8910065241883678 0
    outer loop
      vertex 13.850418130424313 25.193817051261078 -8
      vertex 12.24115463249584 26.01377775839806 -15
      vertex 13.850418130424313 25.193817051261078 -15
    endloop
  endfacet
  facet normal -0.509041415750371 -0.8607420270039436 0
    outer loop
      vertex 13.850418130424313 25.193817051261078 -15
      vertex 15.405020355646155 24.274427858182932 -15
      vertex 15.405020355646155 24.274427858182932 -8
    endloop
  endfacet
  facet normal -0.6129070536529774 -0.7901550123756897 0
    outer loop
      vertex 16.8988260034086 23.25923858827974 -15
      vertex 18.32593970527483 22.152255729803937 -15
      vertex 18.32593970527483 22.152255729803937 -8
    endloop
  endfacet
  facet normal -0.5620833778521305 -0.8270805742745619 0
    outer loop
      vertex 15.405020355646155 24.274427858182932 -15
      vertex 16.8988260034086 23.25923858827974 -15
      vertex 16.8988260034086 23.25923858827974 -8
    endloop
  endfacet
  facet normal -0.5620833778521305 -0.8270805742745619 0
    outer loop
      vertex 15.405020355646155 24.274427858182932 -15
      vertex 16.8988260034086 23.25923858827974 -8
      vertex 15.405020355646155 24.274427858182932 -8
    endloop
  endfacet
  facet normal -0.509041415750371 -0.8607420270039436 0
    outer loop
      vertex 15.405020355646155 24.274427858182932 -8
      vertex 13.850418130424313 25.193817051261078 -8
      vertex 13.850418130424313 25.193817051261078 -15
    endloop
  endfacet
  facet normal -0.6129070536529774 -0.7901550123756897 0
    outer loop
      vertex 16.8988260034086 23.25923858827974 -15
      vertex 18.32593970527483 22.152255729803937 -8
      vertex 16.8988260034086 23.25923858827974 -8
    endloop
  endfacet
  facet normal -0.6613118653236502 -0.7501110696304611 0
    outer loop
      vertex 18.32593970527483 22.152255729803937 -15
      vertex 19.6807292954498 20.957848038365583 -8
      vertex 18.32593970527483 22.152255729803937 -8
    endloop
  endfacet
  facet normal -0.8270805742745619 -0.5620833778521305 0
    outer loop
      vertex 23.25923858827974 16.8988260034086 -15
      vertex 24.274427858182932 15.405020355646155 -15
      vertex 24.274427858182932 15.405020355646155 -8
    endloop
  endfacet
  facet normal -0.8607420270039433 -0.509041415750372 0
    outer loop
      vertex 24.274427858182932 15.405020355646155 -15
      vertex 25.193817051261078 13.850418130424316 -15
      vertex 25.193817051261078 13.850418130424316 -8
    endloop
  endfacet
  facet normal -0.8910065241883676 -0.4539904997395473 0
    outer loop
      vertex 26.013777758398064 12.241154632495839 -8
      vertex 25.193817051261078 13.850418130424316 -8
      vertex 25.193817051261078 13.850418130424316 -15
    endloop
  endfacet
  facet normal -0.8607420270039433 -0.509041415750372 0
    outer loop
      vertex 25.193817051261078 13.850418130424316 -8
      vertex 24.274427858182932 15.405020355646155 -8
      vertex 24.274427858182932 15.405020355646155 -15
    endloop
  endfacet
  facet normal -0.7501110696304611 -0.6613118653236502 0
    outer loop
      vertex 20.957848038365583 19.6807292954498 -15
      vertex 22.152255729803937 18.32593970527483 -15
      vertex 22.152255729803937 18.32593970527483 -8
    endloop
  endfacet
  facet normal -0.7071067811865476 -0.7071067811865476 0
    outer loop
      vertex 19.6807292954498 20.957848038365583 -15
      vertex 20.957848038365583 19.6807292954498 -15
      vertex 20.957848038365583 19.6807292954498 -8
    endloop
  endfacet
  facet normal -0.7901550123756897 -0.6129070536529774 0
    outer loop
      vertex 22.152255729803937 18.32593970527483 -15
      vertex 23.25923858827974 16.8988260034086 -15
      vertex 23.25923858827974 16.8988260034086 -8
    endloop
  endfacet
  facet normal -0.7071067811865476 -0.7071067811865476 0
    outer loop
      vertex 19.6807292954498 20.957848038365583 -15
      vertex 20.957848038365583 19.6807292954498 -8
      vertex 19.6807292954498 20.957848038365583 -8
    endloop
  endfacet
  facet normal -0.7501110696304611 -0.6613118653236502 0
    outer loop
      vertex 22.152255729803937 18.32593970527483 -8
      vertex 20.957848038365583 19.6807292954498 -8
      vertex 20.957848038365583 19.6807292954498 -15
    endloop
  endfacet
  facet normal -0.8270805742745619 -0.5620833778521305 0
    outer loop
      vertex 24.274427858182932 15.405020355646155 -8
      vertex 23.25923858827974 16.8988260034086 -8
      vertex 23.25923858827974 16.8988260034086 -15
    endloop
  endfacet
  facet normal -0.7901550123756897 -0.6129070536529774 0
    outer loop
      vertex 23.25923858827974 16.8988260034086 -8
      vertex 22.152255729803937 18.32593970527483 -8
      vertex 22.152255729803937 18.32593970527483 -15
    endloop
  endfacet
  facet normal -0.8910065241883676 -0.4539904997395473 0
    outer loop
      vertex 25.193817051261078 13.850418130424316 -15
      vertex 26.013777758398064 12.241154632495839 -15
      vertex 26.013777758398064 12.241154632495839 -8
    endloop
  endfacet
  facet normal -0.9177546256839818 -0.397147890634779 0
    outer loop
      vertex 26.013777758398064 12.241154632495839 -15
      vertex 26.731073969287227 10.583580889684491 -8
      vertex 26.013777758398064 12.241154632495839 -8
    endloop
  endfacet
  facet normal 0.4825991158318671 0.4825991158318671 -0.7308872599769407
    outer loop
      vertex -19.60738496163085 -20.879744255747735 15
      vertex -20.879744255747735 -19.60738496163085 15
      vertex -19.31766862666741 -18.140498307110246 17
    endloop
  endfacet
  facet normal 0.4513441675085842 0.5119494659235253 -0.7308872599769408
    outer loop
      vertex -18.257644276832533 -22.06970073833495 15
      vertex -19.60738496163085 -20.879744255747735 15
      vertex -18.140498307110246 -19.31766862666741 17
    endloop
  endfacet
  facet normal 0.4183079699556818 0.5392793853606469 -0.7308872599769402
    outer loop
      vertex -18.257644276832533 -22.06970073833495 15
      vertex -16.891735728340276 -20.41860093355842 17
      vertex -16.83584901119781 -23.172558194795148 15
    endloop
  endfacet
  facet normal 0.4825991158318671 0.4825991158318671 -0.7308872599769407
    outer loop
      vertex -19.60738496163085 -20.879744255747735 15
      vertex -19.31766862666741 -18.140498307110246 17
      vertex -18.140498307110246 -19.31766862666741 17
    endloop
  endfacet
  facet normal 0.45134416750858597 0.5119494659235249 -0.7308872599769402
    outer loop
      vertex -18.257644276832533 -22.06970073833495 15
      vertex -18.140498307110246 -19.31766862666741 17
      vertex -16.891735728340276 -20.41860093355842 17
    endloop
  endfacet
  facet normal 0.6613118653236532 0.7501110696304585 0
    outer loop
      vertex -18.140498307110246 -19.31766862666741 17
      vertex -16.891735728340276 -20.41860093355842 18
      vertex -16.891735728340276 -20.41860093355842 17
    endloop
  endfacet
  facet normal 0.4183079699556818 0.5392793853606469 0.7308872599769403
    outer loop
      vertex -18.325939705274827 -22.152255729803944 20.100000001490116
      vertex -16.8988260034086 -23.25923858827974 20.100000001490116
      vertex -16.891735728340276 -20.41860093355842 18
    endloop
  endfacet
  facet normal 0.4825991158318674 0.48259911583186743 0.7308872599769405
    outer loop
      vertex -19.680729295449794 -20.957848038365587 20.100000001490116
      vertex -18.140498307110246 -19.31766862666741 18
      vertex -19.31766862666741 -18.140498307110246 18
    endloop
  endfacet
  facet normal 0.6613118653236532 0.7501110696304585 0
    outer loop
      vertex -18.140498307110246 -19.31766862666741 17
      vertex -18.140498307110246 -19.31766862666741 18
      vertex -16.891735728340276 -20.41860093355842 18
    endloop
  endfacet
  facet normal 0.4513441675085859 0.5119494659235247 0.7308872599769402
    outer loop
      vertex -18.325939705274827 -22.152255729803944 20.100000001490116
      vertex -16.891735728340276 -20.41860093355842 18
      vertex -18.140498307110246 -19.31766862666741 18
    endloop
  endfacet
  facet normal 0.4825991158318674 0.4825991158318674 0.7308872599769405
    outer loop
      vertex -19.680729295449794 -20.957848038365587 20.100000001490116
      vertex -19.31766862666741 -18.140498307110246 18
      vertex -20.957848038365587 -19.680729295449794 20.100000001490116
    endloop
  endfacet
  facet normal 0.45134416750858497 0.5119494659235251 0.7308872599769405
    outer loop
      vertex -18.325939705274827 -22.152255729803944 20.100000001490116
      vertex -18.140498307110246 -19.31766862666741 18
      vertex -19.680729295449794 -20.957848038365587 20.100000001490116
    endloop
  endfacet
  facet normal 0.5644810154370653 0.38362090195209675 0.7308872599769403
    outer loop
      vertex -24.27442785818293 -15.405020355646156 20.100000001490116
      vertex -23.25923858827974 -16.8988260034086 20.100000001490116
      vertex -22.374690025803396 -14.199410066943415 18
    endloop
  endfacet
  facet normal 0.6421494451496785 0.23118802585203196 -0.7308872599769408
    outer loop
      vertex -26.63145505867117 -10.544138972765673 15
      vertex -27.240975929579363 -8.85112962412684 15
      vertex -25.202997681821568 -8.188950350936105 17
    endloop
  endfacet
  facet normal 0.6081103621325474 0.3098477056078066 -0.7308872599769407
    outer loop
      vertex -25.91683200140089 -12.195535422037882 15
      vertex -23.97791689034952 -11.28315122647442 17
      vertex -25.099927048495356 -13.798801664609472 15
    endloop
  endfacet
  facet normal 0.587454896832398 0.3474198575082272 -0.7308872599769405
    outer loop
      vertex -24.18396415059532 -15.347610341083668 15
      vertex -25.099927048495356 -13.798801664609472 15
      vertex -23.222127021162382 -12.766472363695458 17
    endloop
  endfacet
  facet normal 0.6081103621325478 0.30984770560780617 -0.7308872599769404
    outer loop
      vertex -25.099927048495356 -13.798801664609472 15
      vertex -23.97791689034952 -11.28315122647442 17
      vertex -23.222127021162382 -12.766472363695458 17
    endloop
  endfacet
  facet normal 0.891006524188368 0.4539904997395467 0
    outer loop
      vertex -23.97791689034952 -11.28315122647442 17
      vertex -23.222127021162382 -12.766472363695458 18
      vertex -23.222127021162382 -12.766472363695458 17
    endloop
  endfacet
  facet normal 0.6263658936525579 0.27105272636930394 -0.7308872599769405
    outer loop
      vertex -25.91683200140089 -12.195535422037882 15
      vertex -26.63145505867117 -10.544138972765673 15
      vertex -24.639076876038665 -9.755300646143963 17
    endloop
  endfacet
  facet normal 0.6263658936525573 0.2710527263693043 -0.7308872599769406
    outer loop
      vertex -25.91683200140089 -12.195535422037882 15
      vertex -24.639076876038665 -9.755300646143963 17
      vertex -23.97791689034952 -11.28315122647442 17
    endloop
  endfacet
  facet normal 0.6421494451496792 0.23118802585203133 -0.7308872599769406
    outer loop
      vertex -26.63145505867117 -10.544138972765673 15
      vertex -25.202997681821568 -8.188950350936105 17
      vertex -24.639076876038665 -9.755300646143963 17
    endloop
  endfacet
  facet normal 0.9408807689542262 0.33873792024528926 0
    outer loop
      vertex -24.639076876038665 -9.755300646143963 17
      vertex -25.202997681821568 -8.188950350936105 17
      vertex -24.639076876038665 -9.755300646143963 18
    endloop
  endfacet
  facet normal 0.9177546256839805 0.3971478906347818 0
    outer loop
      vertex -23.97791689034952 -11.28315122647442 17
      vertex -24.639076876038665 -9.755300646143963 17
      vertex -23.97791689034952 -11.28315122647442 18
    endloop
  endfacet
  facet normal 0.642149445149679 0.23118802585203158 0.7308872599769406
    outer loop
      vertex -26.73107396928723 -10.58358088968449 20.100000001490116
      vertex -25.202997681821568 -8.188950350936105 18
      vertex -27.179136512512745 -9.022895212813182 20
    endloop
  endfacet
  facet normal 0.891006524188368 0.4539904997395467 0
    outer loop
      vertex -23.97791689034952 -11.28315122647442 17
      vertex -23.97791689034952 -11.28315122647442 18
      vertex -23.222127021162382 -12.766472363695458 18
    endloop
  endfacet
  facet normal 0.6081103621325478 0.3098477056078063 0.7308872599769404
    outer loop
      vertex -25.193817051261075 -13.850418130424318 20.100000001490116
      vertex -23.222127021162382 -12.766472363695458 18
      vertex -23.97791689034952 -11.28315122647442 18
    endloop
  endfacet
  facet normal 0.6081103621325475 0.30984770560780656 0.7308872599769406
    outer loop
      vertex -26.013777758398064 -12.241154632495833 20.100000001490116
      vertex -25.193817051261075 -13.850418130424318 20.100000001490116
      vertex -23.97791689034952 -11.28315122647442 18
    endloop
  endfacet
  facet normal 0.587454896832398 0.3474198575082272 0.7308872599769405
    outer loop
      vertex -24.27442785818293 -15.405020355646156 20.100000001490116
      vertex -23.222127021162382 -12.766472363695458 18
      vertex -25.193817051261075 -13.850418130424318 20.100000001490116
    endloop
  endfacet
  facet normal 0.6263658936525577 0.27105272636930433 0.7308872599769405
    outer loop
      vertex -26.013777758398064 -12.241154632495833 20.100000001490116
      vertex -23.97791689034952 -11.28315122647442 18
      vertex -24.639076876038665 -9.755300646143963 18
    endloop
  endfacet
  facet normal 0.6421494451496791 0.23118802585203133 0.7308872599769405
    outer loop
      vertex -26.73107396928723 -10.58358088968449 20.100000001490116
      vertex -24.639076876038665 -9.755300646143963 18
      vertex -25.202997681821568 -8.188950350936105 18
    endloop
  endfacet
  facet normal 0.9177546256839805 0.3971478906347818 0
    outer loop
      vertex -23.97791689034952 -11.28315122647442 18
      vertex -24.639076876038665 -9.755300646143963 17
      vertex -24.639076876038665 -9.755300646143963 18
    endloop
  endfacet
  facet normal 0.6263658936525579 0.2710527263693041 0.7308872599769406
    outer loop
      vertex -26.013777758398064 -12.241154632495833 20.100000001490116
      vertex -24.639076876038665 -9.755300646143963 18
      vertex -26.73107396928723 -10.58358088968449 20.100000001490116
    endloop
  endfacet
  facet normal 0.5392793853606468 0.41830796995568176 -0.7308872599769404
    outer loop
      vertex -22.06970073833495 -18.257644276832533 15
      vertex -23.172558194795148 -16.83584901119781 15
      vertex -21.438950350936107 -15.576309185750539 17
    endloop
  endfacet
  facet normal 0.5119494659235259 0.45134416750858464 -0.7308872599769402
    outer loop
      vertex -22.06970073833495 -18.257644276832533 15
      vertex -20.41860093355842 -16.891735728340276 17
      vertex -20.879744255747735 -19.60738496163085 15
    endloop
  endfacet
  facet normal 0.5392793853606471 0.4183079699556815 -0.7308872599769403
    outer loop
      vertex -22.06970073833495 -18.257644276832533 15
      vertex -21.438950350936107 -15.576309185750539 17
      vertex -20.41860093355842 -16.891735728340276 17
    endloop
  endfacet
  facet normal 0.5644810154370651 0.38362090195209697 -0.7308872599769403
    outer loop
      vertex -24.18396415059532 -15.347610341083668 15
      vertex -22.374690025803396 -14.199410066943415 17
      vertex -23.172558194795148 -16.83584901119781 15
    endloop
  endfacet
  facet normal 0.5644810154370651 0.38362090195209697 -0.7308872599769403
    outer loop
      vertex -23.172558194795148 -16.83584901119781 15
      vertex -22.374690025803396 -14.199410066943415 17
      vertex -21.438950350936107 -15.576309185750539 17
    endloop
  endfacet
  facet normal 0.7901550123756912 0.6129070536529754 0
    outer loop
      vertex -21.438950350936107 -15.576309185750539 17
      vertex -20.41860093355842 -16.891735728340276 18
      vertex -20.41860093355842 -16.891735728340276 17
    endloop
  endfacet
  facet normal 0.8270805742745622 0.56208337785213 0
    outer loop
      vertex -21.438950350936107 -15.576309185750539 17
      vertex -22.374690025803396 -14.199410066943415 17
      vertex -21.438950350936107 -15.576309185750539 18
    endloop
  endfacet
  facet normal 0.5119494659235242 0.45134416750858536 -0.7308872599769408
    outer loop
      vertex -20.879744255747735 -19.60738496163085 15
      vertex -20.41860093355842 -16.891735728340276 17
      vertex -19.31766862666741 -18.140498307110246 17
    endloop
  endfacet
  facet normal 0.7501110696304585 0.6613118653236532 0
    outer loop
      vertex -19.31766862666741 -18.140498307110246 17
      vertex -20.41860093355842 -16.891735728340276 17
      vertex -19.31766862666741 -18.140498307110246 18
    endloop
  endfacet
  facet normal 0.7071067811865475 0.7071067811865475 0
    outer loop
      vertex -19.31766862666741 -18.140498307110246 17
      vertex -18.140498307110246 -19.31766862666741 18
      vertex -18.140498307110246 -19.31766862666741 17
    endloop
  endfacet
  facet normal 0.5392793853606471 0.4183079699556815 0.7308872599769402
    outer loop
      vertex -22.152255729803944 -18.325939705274827 20.100000001490116
      vertex -20.41860093355842 -16.891735728340276 18
      vertex -21.438950350936107 -15.576309185750539 18
    endloop
  endfacet
  facet normal 0.5392793853606467 0.41830796995568165 0.7308872599769404
    outer loop
      vertex -22.152255729803944 -18.325939705274827 20.100000001490116
      vertex -21.438950350936107 -15.576309185750539 18
      vertex -23.25923858827974 -16.8988260034086 20.100000001490116
    endloop
  endfacet
  facet normal 0.5119494659235253 0.4513441675085852 0.7308872599769402
    outer loop
      vertex -22.152255729803944 -18.325939705274827 20.100000001490116
      vertex -20.957848038365587 -19.680729295449794 20.100000001490116
      vertex -20.41860093355842 -16.891735728340276 18
    endloop
  endfacet
  facet normal 0.8270805742745622 0.56208337785213 0
    outer loop
      vertex -21.438950350936107 -15.576309185750539 18
      vertex -22.374690025803396 -14.199410066943415 17
      vertex -22.374690025803396 -14.199410066943415 18
    endloop
  endfacet
  facet normal 0.564481015437065 0.3836209019520969 0.7308872599769404
    outer loop
      vertex -23.25923858827974 -16.8988260034086 20.100000001490116
      vertex -21.438950350936107 -15.576309185750539 18
      vertex -22.374690025803396 -14.199410066943415 18
    endloop
  endfacet
  facet normal 0.7901550123756912 0.6129070536529754 0
    outer loop
      vertex -21.438950350936107 -15.576309185750539 17
      vertex -21.438950350936107 -15.576309185750539 18
      vertex -20.41860093355842 -16.891735728340276 18
    endloop
  endfacet
  facet normal 0.7071067811865475 0.7071067811865475 0
    outer loop
      vertex -19.31766862666741 -18.140498307110246 17
      vertex -19.31766862666741 -18.140498307110246 18
      vertex -18.140498307110246 -19.31766862666741 18
    endloop
  endfacet
  facet normal 0.5119494659235244 0.45134416750858564 0.7308872599769405
    outer loop
      vertex -19.31766862666741 -18.140498307110246 18
      vertex -20.41860093355842 -16.891735728340276 18
      vertex -20.957848038365587 -19.680729295449794 20.100000001490116
    endloop
  endfacet
  facet normal 0.7501110696304585 0.6613118653236532 0
    outer loop
      vertex -19.31766862666741 -18.140498307110246 18
      vertex -20.41860093355842 -16.891735728340276 17
      vertex -20.41860093355842 -16.891735728340276 18
    endloop
  endfacet
  facet normal 0.5874548968323984 0.3474198575082269 -0.7308872599769404
    outer loop
      vertex -24.18396415059532 -15.347610341083668 15
      vertex -23.222127021162382 -12.766472363695458 17
      vertex -22.374690025803396 -14.199410066943415 17
    endloop
  endfacet
  facet normal 0.8607420270039435 0.5090414157503714 0
    outer loop
      vertex -22.374690025803396 -14.199410066943415 17
      vertex -23.222127021162382 -12.766472363695458 17
      vertex -22.374690025803396 -14.199410066943415 18
    endloop
  endfacet
  facet normal 0.8607420270039435 0.5090414157503714 0
    outer loop
      vertex -23.222127021162382 -12.766472363695458 17
      vertex -23.222127021162382 -12.766472363695458 18
      vertex -22.374690025803396 -14.199410066943415 18
    endloop
  endfacet
  facet normal 0.5874548968323984 0.34741985750822696 0.7308872599769403
    outer loop
      vertex -24.27442785818293 -15.405020355646156 20.100000001490116
      vertex -22.374690025803396 -14.199410066943415 18
      vertex -23.222127021162382 -12.766472363695458 18
    endloop
  endfacet
  facet normal 0.6421494451496798 0.2311880258520318 0.7308872599769398
    outer loop
      vertex -26.73107396928723 -10.58358088968449 20.100000001490116
      vertex -27.179136512512745 -9.022895212813182 20
      vertex -27.278755423128807 -9.062337129731999 20.100000001490116
    endloop
  endfacet
  facet normal 0 0 -1
    outer loop
      vertex -26.73107396928723 -10.58358088968449 20.100000001490116
      vertex -27.278755423128807 -9.062337129731999 20.100000001490116
      vertex -26.326237921249263 -8.68520877186785 20.100000001490116
    endloop
  endfacet
  facet normal 0 0 -1
    outer loop
      vertex -26.013777758398064 -12.241154632495833 20.100000001490116
      vertex -19.376661595799856 -8.247978489798358 20.100000001490116
      vertex -25.193817051261075 -13.850418130424318 20.100000001490116
    endloop
  endfacet
  facet normal 0 0 -1
    outer loop
      vertex -26.013777758398064 -12.241154632495833 20.100000001490116
      vertex -26.73107396928723 -10.58358088968449 20.100000001490116
      vertex -21.120932726589615 -8.027625802004199 20.100000001490116
    endloop
  endfacet
  facet normal 0 0 -1
    outer loop
      vertex -19.680729295449794 -20.957848038365587 20.100000001490116
      vertex -20.957848038365587 -19.680729295449794 20.100000001490116
      vertex -13.076064143518344 -11.212814601138952 20.100000001490116
    endloop
  endfacet
  facet normal 0 0 -1
    outer loop
      vertex -22.152255729803944 -18.325939705274827 20.100000001490116
      vertex -14.498424870294047 -10.17940904297179 20.100000001490116
      vertex -20.957848038365587 -19.680729295449794 20.100000001490116
    endloop
  endfacet
  facet normal 0 0 -1
    outer loop
      vertex -22.152255729803944 -18.325939705274827 20.100000001490116
      vertex -23.25923858827974 -16.8988260034086 20.100000001490116
      vertex -14.498424870294047 -10.17940904297179 20.100000001490116
    endloop
  endfacet
  facet normal 0 0 -1
    outer loop
      vertex -24.27442785818293 -15.405020355646156 20.100000001490116
      vertex -25.193817051261075 -13.850418130424318 20.100000001490116
      vertex -17.673762078750737 -8.68520877186785 20.100000001490116
    endloop
  endfacet
  facet normal 0 0 -1
    outer loop
      vertex -24.27442785818293 -15.405020355646156 20.100000001490116
      vertex -16.039089918088983 -9.332421265475727 20.100000001490116
      vertex -23.25923858827974 -16.8988260034086 20.100000001490116
    endloop
  endfacet
  facet normal 0 0 -1
    outer loop
      vertex -26.013777758398064 -12.241154632495833 20.100000001490116
      vertex -21.120932726589615 -8.027625802004199 20.100000001490116
      vertex -19.376661595799856 -8.247978489798358 20.100000001490116
    endloop
  endfacet
  facet normal 0 0 -1
    outer loop
      vertex -25.193817051261075 -13.850418130424318 20.100000001490116
      vertex -19.376661595799856 -8.247978489798358 20.100000001490116
      vertex -17.673762078750737 -8.68520877186785 20.100000001490116
    endloop
  endfacet
  facet normal 0 0 -1
    outer loop
      vertex -23.25923858827974 -16.8988260034086 20.100000001490116
      vertex -16.039089918088983 -9.332421265475727 20.100000001490116
      vertex -14.498424870294047 -10.17940904297179 20.100000001490116
    endloop
  endfacet
  facet normal 0 0 -1
    outer loop
      vertex -24.27442785818293 -15.405020355646156 20.100000001490116
      vertex -17.673762078750737 -8.68520877186785 20.100000001490116
      vertex -16.039089918088983 -9.332421265475727 20.100000001490116
    endloop
  endfacet
  facet normal 0.6553987261569693 0.19041093181648625 -0.7308872599769403
    outer loop
      vertex -27.240975929579363 -8.85112962412684 15
      vertex -27.742989113711605 -7.123188910558061 15
      vertex -25.667453769908725 -6.590282009868654 17
    endloop
  endfacet
  facet normal 0.6660614478153141 0.14888237282354005 -0.7308872599769406
    outer loop
      vertex -27.742989113711605 -7.123188910558061 15
      vertex -28.13551339437813 -5.367136224634772 15
      vertex -26.030612144310247 -4.965604836521708 17
    endloop
  endfacet
  facet normal 0.6740955292336628 0.10676624312294619 -0.7308872599769406
    outer loop
      vertex -28.13551339437813 -5.367136224634772 15
      vertex -28.416999657570436 -3.5899019040441367 15
      vertex -26.291039584833662 -3.3213306894540575 17
    endloop
  endfacet
  facet normal 0.6660614478153148 0.1488823728235391 -0.7308872599769403
    outer loop
      vertex -27.742989113711605 -7.123188910558061 15
      vertex -26.030612144310247 -4.965604836521708 17
      vertex -25.667453769908725 -6.590282009868654 17
    endloop
  endfacet
  facet normal 0.6740955292336628 0.10676624312294616 -0.7308872599769406
    outer loop
      vertex -28.13551339437813 -5.367136224634772 15
      vertex -26.291039584833662 -3.3213306894540575 17
      vertex -26.030612144310247 -4.965604836521708 17
    endloop
  endfacet
  facet normal 0.6553987261569684 0.19041093181648744 -0.7308872599769408
    outer loop
      vertex -27.240975929579363 -8.85112962412684 15
      vertex -25.667453769908725 -6.590282009868654 17
      vertex -25.202997681821568 -8.188950350936105 17
    endloop
  endfacet
  facet normal 0.9602936856769426 0.27899110603923105 0
    outer loop
      vertex -25.202997681821568 -8.188950350936105 17
      vertex -25.667453769908725 -6.590282009868654 17
      vertex -25.202997681821568 -8.188950350936105 18
    endloop
  endfacet
  facet normal 0.9759167619387478 0.21814324139654084 0
    outer loop
      vertex -25.667453769908725 -6.590282009868654 17
      vertex -26.030612144310247 -4.965604836521708 17
      vertex -25.667453769908725 -6.590282009868654 18
    endloop
  endfacet
  facet normal 0.9876883405951377 0.15643446504023145 0
    outer loop
      vertex -26.030612144310247 -4.965604836521708 17
      vertex -26.291039584833662 -3.3213306894540575 17
      vertex -26.030612144310247 -4.965604836521708 18
    endloop
  endfacet
  facet normal 0.6421494451496769 0.2311880258520367 0.7308872599769407
    outer loop
      vertex -25.202997681821568 -8.188950350936105 18
      vertex -27.240975929579363 -8.85112962412684 20
      vertex -27.179136512512745 -9.022895212813182 20
    endloop
  endfacet
  facet normal 0.6553987261569688 0.1904109318164861 0.7308872599769408
    outer loop
      vertex -25.202997681821568 -8.188950350936105 18
      vertex -27.742989113711605 -7.123188910558061 20
      vertex -27.240975929579363 -8.85112962412684 20
    endloop
  endfacet
  facet normal 0.6660614478153144 0.148882372823539 0.7308872599769407
    outer loop
      vertex -25.667453769908725 -6.590282009868654 18
      vertex -26.030612144310247 -4.965604836521708 18
      vertex -28.13551339437813 -5.367136224634771 20
    endloop
  endfacet
  facet normal 0.6660614478153146 0.1488823728235401 0.7308872599769402
    outer loop
      vertex -25.667453769908725 -6.590282009868654 18
      vertex -28.13551339437813 -5.367136224634771 20
      vertex -27.742989113711605 -7.123188910558061 20
    endloop
  endfacet
  facet normal 0.6740955292336628 0.10676624312294625 0.7308872599769406
    outer loop
      vertex -26.030612144310247 -4.965604836521708 18
      vertex -28.416999657570436 -3.5899019040441367 20
      vertex -28.13551339437813 -5.367136224634771 20
    endloop
  endfacet
  facet normal 0.9408807689542262 0.33873792024528926 0
    outer loop
      vertex -25.202997681821568 -8.188950350936105 17
      vertex -25.202997681821568 -8.188950350936105 18
      vertex -24.639076876038665 -9.755300646143963 18
    endloop
  endfacet
  facet normal 0.9602936856769426 0.27899110603923105 0
    outer loop
      vertex -25.202997681821568 -8.188950350936105 18
      vertex -25.667453769908725 -6.590282009868654 17
      vertex -25.667453769908725 -6.590282009868654 18
    endloop
  endfacet
  facet normal 0.655398726156969 0.1904109318164876 0.7308872599769402
    outer loop
      vertex -25.202997681821568 -8.188950350936105 18
      vertex -25.667453769908725 -6.590282009868654 18
      vertex -27.742989113711605 -7.123188910558061 20
    endloop
  endfacet
  facet normal 0.9759167619387478 0.21814324139654084 0
    outer loop
      vertex -26.030612144310247 -4.965604836521708 17
      vertex -26.030612144310247 -4.965604836521708 18
      vertex -25.667453769908725 -6.590282009868654 18
    endloop
  endfacet
  facet normal 0.6794692635630802 0.06422875583760043 -0.73088725997694
    outer loop
      vertex -28.416999657570436 -3.5899019040441367 15
      vertex -28.586337005606534 -1.7984998807084271 15
      vertex -26.447708303349195 -1.6639487675268019 17
    endloop
  endfacet
  facet normal 0.6794692635630797 0.06422875583760167 -0.7308872599769407
    outer loop
      vertex -28.416999657570436 -3.5899019040441367 15
      vertex -26.447708303349195 -1.6639487675268019 17
      vertex -26.291039584833662 -3.3213306894540575 17
    endloop
  endfacet
  facet normal 0.6821614431291918 0.021437786996295796 -0.7308872599769404
    outer loop
      vertex -28.586337005606534 -1.7984998807084271 15
      vertex -28.642857141336616 0 15
      vertex -26.5 0 17
    endloop
  endfacet
  facet normal 0.6821614431291922 0.021437786996294915 -0.7308872599769402
    outer loop
      vertex -28.586337005606534 -1.7984998807084271 15
      vertex -26.5 0 17
      vertex -26.447708303349195 -1.6639487675268019 17
    endloop
  endfacet
  facet normal 0.9995065603657315 0.031410759078129125 0
    outer loop
      vertex -26.447708303349195 -1.6639487675268019 17
      vertex -26.5 0 17
      vertex -26.447708303349195 -1.6639487675268019 18
    endloop
  endfacet
  facet normal 0.6821614431291919 -0.02143778699629474 -0.7308872599769405
    outer loop
      vertex -28.642857141336616 0 15
      vertex -26.447708303349195 1.6639487675268148 17
      vertex -26.5 0 17
    endloop
  endfacet
  facet normal 0.9995065603657315 -0.03141075907812888 0
    outer loop
      vertex -26.5 0 17
      vertex -26.447708303349195 1.6639487675268148 17
      vertex -26.5 0 18
    endloop
  endfacet
  facet normal 0.9955619646030801 0.094108313318514 0
    outer loop
      vertex -26.291039584833662 -3.3213306894540575 17
      vertex -26.447708303349195 -1.6639487675268019 17
      vertex -26.291039584833662 -3.3213306894540575 18
    endloop
  endfacet
  facet normal 0.6740955292336628 0.10676624312294616 0.7308872599769407
    outer loop
      vertex -26.030612144310247 -4.965604836521708 18
      vertex -26.291039584833662 -3.3213306894540575 18
      vertex -28.416999657570436 -3.5899019040441367 20
    endloop
  endfacet
  facet normal 0.9955619646030801 0.094108313318514 0
    outer loop
      vertex -26.447708303349195 -1.6639487675268019 17
      vertex -26.447708303349195 -1.6639487675268019 18
      vertex -26.291039584833662 -3.3213306894540575 18
    endloop
  endfacet
  facet normal 0.6794692635630797 0.06422875583760167 0.7308872599769407
    outer loop
      vertex -26.291039584833662 -3.3213306894540575 18
      vertex -26.447708303349195 -1.6639487675268019 18
      vertex -28.586337005606538 -1.7984998807084271 20
    endloop
  endfacet
  facet normal 0.6794692635630796 0.06422875583760172 0.7308872599769407
    outer loop
      vertex -26.291039584833662 -3.3213306894540575 18
      vertex -28.586337005606538 -1.7984998807084271 20
      vertex -28.416999657570436 -3.5899019040441367 20
    endloop
  endfacet
  facet normal 0.9995065603657315 0.031410759078129125 0
    outer loop
      vertex -26.447708303349195 -1.6639487675268019 18
      vertex -26.5 0 17
      vertex -26.5 0 18
    endloop
  endfacet
  facet normal 0.682161443129192 0.021437786996294908 0.7308872599769406
    outer loop
      vertex -26.447708303349195 -1.6639487675268019 18
      vertex -26.5 0 18
      vertex -28.642857141336616 0 20
    endloop
  endfacet
  facet normal 0.6821614431291917 0.021437786996294447 0.7308872599769406
    outer loop
      vertex -26.447708303349195 -1.6639487675268019 18
      vertex -28.642857141336616 0 20
      vertex -28.586337005606538 -1.7984998807084271 20
    endloop
  endfacet
  facet normal 0.6821614431291919 -0.021437786996294287 0.7308872599769405
    outer loop
      vertex -26.5 0 18
      vertex -28.586337005606538 1.7984998807084411 20
      vertex -28.642857141336616 0 20
    endloop
  endfacet
  facet normal 0.9876883405951377 0.15643446504023145 0
    outer loop
      vertex -26.030612144310247 -4.965604836521708 18
      vertex -26.291039584833662 -3.3213306894540575 17
      vertex -26.291039584833662 -3.3213306894540575 18
    endloop
  endfacet
  facet normal 0 0 -1
    outer loop
      vertex -26.73107396928723 -10.58358088968449 20.100000001490116
      vertex -26.326237921249263 -8.68520877186785 20.100000001490116
      vertex -24.623338404200144 -8.247978489798358 20.100000001490116
    endloop
  endfacet
  facet normal 0 0 -1
    outer loop
      vertex -26.73107396928723 -10.58358088968449 20.100000001490116
      vertex -24.623338404200144 -8.247978489798358 20.100000001490116
      vertex -21.120932726589615 -8.027625802004199 20.100000001490116
    endloop
  endfacet
  facet normal 0 0 -1
    outer loop
      vertex -24.623338404200144 -8.247978489798358 20.100000001490116
      vertex -22.879067273410385 -8.027625802004199 20.100000001490116
      vertex -21.120932726589615 -8.027625802004199 20.100000001490116
    endloop
  endfacet
  facet normal 0.6821614431291917 -0.021437786996294284 -0.7308872599769407
    outer loop
      vertex -28.642857141336616 0 15
      vertex -28.586337005606538 1.798499880708441 15
      vertex -26.447708303349195 1.6639487675268148 17
    endloop
  endfacet
  facet normal 0.6794692635630801 -0.0642287558376026 -0.7308872599769402
    outer loop
      vertex -28.586337005606538 1.798499880708441 15
      vertex -28.416999657570432 3.5899019040441646 15
      vertex -26.291039584833662 3.3213306894540833 17
    endloop
  endfacet
  facet normal 0.6794692635630796 -0.06422875583760117 -0.7308872599769407
    outer loop
      vertex -28.586337005606538 1.798499880708441 15
      vertex -26.291039584833662 3.3213306894540833 17
      vertex -26.447708303349195 1.6639487675268148 17
    endloop
  endfacet
  facet normal 0.9955619646030801 -0.09410831331851327 0
    outer loop
      vertex -26.447708303349195 1.6639487675268148 17
      vertex -26.291039584833662 3.3213306894540833 17
      vertex -26.447708303349195 1.6639487675268148 18
    endloop
  endfacet
  facet normal 0.674095529233663 -0.10676624312294557 -0.7308872599769406
    outer loop
      vertex -28.416999657570432 3.5899019040441646 15
      vertex -28.135513394378137 5.367136224634743 15
      vertex -26.030612144310254 4.965604836521682 17
    endloop
  endfacet
  facet normal 0.6740955292336632 -0.10676624312294668 -0.7308872599769402
    outer loop
      vertex -28.416999657570432 3.5899019040441646 15
      vertex -26.030612144310254 4.965604836521682 17
      vertex -26.291039584833662 3.3213306894540833 17
    endloop
  endfacet
  facet normal 0.6660614478153141 -0.14888237282354058 -0.7308872599769405
    outer loop
      vertex -28.135513394378137 5.367136224634743 15
      vertex -25.667453769908725 6.590282009868642 17
      vertex -26.030612144310254 4.965604836521682 17
    endloop
  endfacet
  facet normal 0.9876883405951375 -0.15643446504023206 0
    outer loop
      vertex -26.291039584833662 3.3213306894540833 17
      vertex -26.030612144310254 4.965604836521682 17
      vertex -26.291039584833662 3.3213306894540833 18
    endloop
  endfacet
  facet normal 0.9759167619387472 -0.2181432413965431 0
    outer loop
      vertex -26.030612144310254 4.965604836521682 17
      vertex -25.667453769908725 6.590282009868642 17
      vertex -26.030612144310254 4.965604836521682 18
    endloop
  endfacet
  facet normal 0.9995065603657315 -0.03141075907812888 0
    outer loop
      vertex -26.447708303349195 1.6639487675268148 17
      vertex -26.447708303349195 1.6639487675268148 18
      vertex -26.5 0 18
    endloop
  endfacet
  facet normal 0.6821614431291917 -0.02143778699629473 0.7308872599769407
    outer loop
      vertex -26.5 0 18
      vertex -26.447708303349195 1.6639487675268148 18
      vertex -28.586337005606538 1.7984998807084411 20
    endloop
  endfacet
  facet normal 0.6794692635630796 -0.06422875583760117 0.7308872599769407
    outer loop
      vertex -26.447708303349195 1.6639487675268148 18
      vertex -26.291039584833662 3.3213306894540833 18
      vertex -28.416999657570436 3.5899019040441646 20
    endloop
  endfacet
  facet normal 0.6794692635630797 -0.06422875583760122 0.7308872599769407
    outer loop
      vertex -26.447708303349195 1.6639487675268148 18
      vertex -28.416999657570436 3.5899019040441646 20
      vertex -28.586337005606538 1.7984998807084411 20
    endloop
  endfacet
  facet normal 0.6740955292336628 -0.1067662431229466 0.7308872599769406
    outer loop
      vertex -26.291039584833662 3.3213306894540833 18
      vertex -26.030612144310254 4.965604836521682 18
      vertex -28.135513394378137 5.367136224634744 20
    endloop
  endfacet
  facet normal 0.6740955292336627 -0.1067662431229468 0.7308872599769406
    outer loop
      vertex -26.291039584833662 3.3213306894540833 18
      vertex -28.135513394378137 5.367136224634744 20
      vertex -28.416999657570436 3.5899019040441646 20
    endloop
  endfacet
  facet normal 0.6660614478153142 -0.14888237282354014 0.7308872599769405
    outer loop
      vertex -26.030612144310254 4.965604836521682 18
      vertex -27.74298911371161 7.123188910558048 20
      vertex -28.135513394378137 5.367136224634744 20
    endloop
  endfacet
  facet normal 0.9955619646030801 -0.09410831331851327 0
    outer loop
      vertex -26.291039584833662 3.3213306894540833 17
      vertex -26.291039584833662 3.3213306894540833 18
      vertex -26.447708303349195 1.6639487675268148 18
    endloop
  endfacet
  facet normal 0.9876883405951375 -0.15643446504023206 0
    outer loop
      vertex -26.291039584833662 3.3213306894540833 18
      vertex -26.030612144310254 4.965604836521682 17
      vertex -26.030612144310254 4.965604836521682 18
    endloop
  endfacet
  facet normal 0.9759167619387472 -0.2181432413965431 0
    outer loop
      vertex -25.667453769908725 6.590282009868642 17
      vertex -25.667453769908725 6.590282009868642 18
      vertex -26.030612144310254 4.965604836521682 18
    endloop
  endfacet
  facet normal 0.6660614478153141 -0.14888237282354005 -0.7308872599769408
    outer loop
      vertex -28.135513394378137 5.367136224634743 15
      vertex -27.74298911371161 7.123188910558048 15
      vertex -25.667453769908725 6.590282009868642 17
    endloop
  endfacet
  facet normal 0.6553987261569687 -0.19041093181648608 -0.7308872599769408
    outer loop
      vertex -27.74298911371161 7.123188910558048 15
      vertex -27.240975929579363 8.85112962412684 15
      vertex -25.202997681821568 8.188950350936105 17
    endloop
  endfacet
  facet normal 0.6553987261569687 -0.19041093181648616 -0.7308872599769407
    outer loop
      vertex -27.74298911371161 7.123188910558048 15
      vertex -25.202997681821568 8.188950350936105 17
      vertex -25.667453769908725 6.590282009868642 17
    endloop
  endfacet
  facet normal 0.960293685676943 -0.27899110603922916 0
    outer loop
      vertex -25.667453769908725 6.590282009868642 17
      vertex -25.202997681821568 8.188950350936105 17
      vertex -25.667453769908725 6.590282009868642 18
    endloop
  endfacet
  facet normal 0.6421494451496785 -0.2311880258520327 -0.7308872599769406
    outer loop
      vertex -27.240975929579363 8.85112962412684 15
      vertex -26.63145505867116 10.544138972765687 15
      vertex -24.639076876038658 9.755300646143976 17
    endloop
  endfacet
  facet normal 0.6421494451496784 -0.23118802585203213 -0.7308872599769408
    outer loop
      vertex -27.240975929579363 8.85112962412684 15
      vertex -24.639076876038658 9.755300646143976 17
      vertex -25.202997681821568 8.188950350936105 17
    endloop
  endfacet
  facet normal 0.9408807689542257 -0.33873792024529065 0
    outer loop
      vertex -25.202997681821568 8.188950350936105 17
      vertex -24.639076876038658 9.755300646143976 17
      vertex -25.202997681821568 8.188950350936105 18
    endloop
  endfacet
  facet normal 0.6263658936525577 -0.27105272636930394 -0.7308872599769406
    outer loop
      vertex -26.63145505867116 10.544138972765687 15
      vertex -23.97791689034951 11.283151226474443 17
      vertex -24.639076876038658 9.755300646143976 17
    endloop
  endfacet
  facet normal 0.9177546256839809 -0.39714789063478134 0
    outer loop
      vertex -24.639076876038658 9.755300646143976 17
      vertex -23.97791689034951 11.283151226474443 17
      vertex -24.639076876038658 9.755300646143976 18
    endloop
  endfacet
  facet normal 0.6660614478153138 -0.14888237282354053 0.7308872599769408
    outer loop
      vertex -26.030612144310254 4.965604836521682 18
      vertex -25.667453769908725 6.590282009868642 18
      vertex -27.74298911371161 7.123188910558048 20
    endloop
  endfacet
  facet normal 0.6553987261569687 -0.19041093181648625 0.7308872599769407
    outer loop
      vertex -25.667453769908725 6.590282009868642 18
      vertex -27.240975929579363 8.851129624126838 20
      vertex -27.74298911371161 7.123188910558048 20
    endloop
  endfacet
  facet normal 0.6421494451496784 -0.23118802585203244 0.7308872599769407
    outer loop
      vertex -25.202997681821568 8.188950350936105 18
      vertex -26.63145505867116 10.544138972765687 20
      vertex -27.240975929579363 8.851129624126838 20
    endloop
  endfacet
  facet normal 0.960293685676943 -0.27899110603922916 0
    outer loop
      vertex -25.667453769908725 6.590282009868642 18
      vertex -25.202997681821568 8.188950350936105 17
      vertex -25.202997681821568 8.188950350936105 18
    endloop
  endfacet
  facet normal 0.6553987261569688 -0.1904109318164862 0.7308872599769406
    outer loop
      vertex -25.667453769908725 6.590282009868642 18
      vertex -25.202997681821568 8.188950350936105 18
      vertex -27.240975929579363 8.851129624126838 20
    endloop
  endfacet
  facet normal 0.9408807689542257 -0.33873792024529065 0
    outer loop
      vertex -24.639076876038658 9.755300646143976 17
      vertex -24.639076876038658 9.755300646143976 18
      vertex -25.202997681821568 8.188950350936105 18
    endloop
  endfacet
  facet normal 0.6421494451496786 -0.23118802585203221 0.7308872599769406
    outer loop
      vertex -25.202997681821568 8.188950350936105 18
      vertex -24.639076876038658 9.755300646143976 18
      vertex -26.63145505867116 10.544138972765687 20
    endloop
  endfacet
  facet normal 0.6263658936525576 -0.2710527263693039 0.7308872599769408
    outer loop
      vertex -24.639076876038658 9.755300646143976 18
      vertex -23.97791689034951 11.283151226474443 18
      vertex -25.91683200140088 12.195535422037906 20
    endloop
  endfacet
  facet normal 0.9177546256839809 -0.39714789063478134 0
    outer loop
      vertex -24.639076876038658 9.755300646143976 18
      vertex -23.97791689034951 11.283151226474443 17
      vertex -23.97791689034951 11.283151226474443 18
    endloop
  endfacet
  facet normal 0.626365893652558 -0.27105272636930355 0.7308872599769406
    outer loop
      vertex -24.639076876038658 9.755300646143976 18
      vertex -25.91683200140088 12.195535422037906 20
      vertex -26.63145505867116 10.544138972765687 20
    endloop
  endfacet
  facet normal 0.6263658936525578 -0.27105272636930344 -0.7308872599769408
    outer loop
      vertex -26.63145505867116 10.544138972765687 15
      vertex -25.91683200140088 12.195535422037906 15
      vertex -23.97791689034951 11.283151226474443 17
    endloop
  endfacet
  facet normal 0.6081103621325473 -0.3098477056078073 -0.7308872599769405
    outer loop
      vertex -25.91683200140088 12.195535422037906 15
      vertex -25.099927048495356 13.798801664609472 15
      vertex -23.222127021162382 12.766472363695458 17
    endloop
  endfacet
  facet normal 0.6081103621325474 -0.30984770560780645 -0.7308872599769408
    outer loop
      vertex -25.91683200140088 12.195535422037906 15
      vertex -23.222127021162382 12.766472363695458 17
      vertex -23.97791689034951 11.283151226474443 17
    endloop
  endfacet
  facet normal 0.8910065241883677 -0.4539904997395472 0
    outer loop
      vertex -23.97791689034951 11.283151226474443 17
      vertex -23.222127021162382 12.766472363695458 17
      vertex -23.97791689034951 11.283151226474443 18
    endloop
  endfacet
  facet normal 0.5874548968323986 -0.3474198575082261 -0.7308872599769405
    outer loop
      vertex -25.099927048495356 13.798801664609472 15
      vertex -22.374690025803407 14.1994100669434 17
      vertex -23.222127021162382 12.766472363695458 17
    endloop
  endfacet
  facet normal 0.5874548968323985 -0.347419857508227 -0.7308872599769402
    outer loop
      vertex -25.099927048495356 13.798801664609472 15
      vertex -24.18396415059533 15.347610341083652 15
      vertex -22.374690025803407 14.1994100669434 17
    endloop
  endfacet
  facet normal 0.8910065241883677 -0.4539904997395472 0
    outer loop
      vertex -23.222127021162382 12.766472363695458 17
      vertex -23.222127021162382 12.766472363695458 18
      vertex -23.97791689034951 11.283151226474443 18
    endloop
  endfacet
  facet normal 0.6081103621325478 -0.3098477056078066 0.7308872599769405
    outer loop
      vertex -23.97791689034951 11.283151226474443 18
      vertex -23.222127021162382 12.766472363695458 18
      vertex -25.099927048495356 13.798801664609472 20
    endloop
  endfacet
  facet normal 0.608110362132547 -0.3098477056078071 0.7308872599769408
    outer loop
      vertex -23.97791689034951 11.283151226474443 18
      vertex -25.099927048495356 13.798801664609472 20
      vertex -25.91683200140088 12.195535422037906 20
    endloop
  endfacet
  facet normal 0.5874548968323984 -0.3474198575082265 0.7308872599769404
    outer loop
      vertex -23.222127021162382 12.766472363695458 18
      vertex -24.18396415059533 15.347610341083653 20
      vertex -25.099927048495356 13.798801664609472 20
    endloop
  endfacet
  facet normal 0.8607420270039442 -0.5090414157503704 0
    outer loop
      vertex -23.222127021162382 12.766472363695458 17
      vertex -22.374690025803407 14.1994100669434 17
      vertex -23.222127021162382 12.766472363695458 18
    endloop
  endfacet
  facet normal 0.5644810154370652 -0.3836209019520969 -0.7308872599769404
    outer loop
      vertex -24.18396415059533 15.347610341083652 15
      vertex -23.172558194795148 16.83584901119781 15
      vertex -21.438950350936107 15.576309185750539 17
    endloop
  endfacet
  facet normal 0.8270805742745619 -0.5620833778521304 0
    outer loop
      vertex -22.374690025803407 14.1994100669434 17
      vertex -21.438950350936107 15.576309185750539 17
      vertex -22.374690025803407 14.1994100669434 18
    endloop
  endfacet
  facet normal 0.564481015437065 -0.38362090195209736 -0.73088725997694
    outer loop
      vertex -22.374690025803407 14.1994100669434 17
      vertex -24.18396415059533 15.347610341083652 15
      vertex -21.438950350936107 15.576309185750539 17
    endloop
  endfacet
  facet normal 0.7901550123756897 -0.6129070536529774 0
    outer loop
      vertex -21.438950350936107 15.576309185750539 17
      vertex -20.41860093355841 16.891735728340283 17
      vertex -21.438950350936107 15.576309185750539 18
    endloop
  endfacet
  facet normal 0.8607420270039442 -0.5090414157503704 0
    outer loop
      vertex -22.374690025803407 14.1994100669434 17
      vertex -22.374690025803407 14.1994100669434 18
      vertex -23.222127021162382 12.766472363695458 18
    endloop
  endfacet
  facet normal 0.5874548968323987 -0.3474198575082262 0.7308872599769403
    outer loop
      vertex -23.222127021162382 12.766472363695458 18
      vertex -22.374690025803407 14.1994100669434 18
      vertex -24.18396415059533 15.347610341083653 20
    endloop
  endfacet
  facet normal 0.5644810154370649 -0.3836209019520972 0.7308872599769403
    outer loop
      vertex -22.374690025803407 14.1994100669434 18
      vertex -21.438950350936107 15.576309185750539 18
      vertex -23.172558194795148 16.83584901119781 20
    endloop
  endfacet
  facet normal 0.8270805742745619 -0.5620833778521304 0
    outer loop
      vertex -22.374690025803407 14.1994100669434 18
      vertex -21.438950350936107 15.576309185750539 17
      vertex -21.438950350936107 15.576309185750539 18
    endloop
  endfacet
  facet normal 0.5644810154370649 -0.3836209019520972 0.7308872599769403
    outer loop
      vertex -22.374690025803407 14.1994100669434 18
      vertex -23.172558194795148 16.83584901119781 20
      vertex -24.18396415059533 15.347610341083653 20
    endloop
  endfacet
  facet normal 0.5392793853606461 -0.4183079699556821 -0.7308872599769405
    outer loop
      vertex -23.172558194795148 16.83584901119781 15
      vertex -22.06970073833494 18.257644276832544 15
      vertex -20.41860093355841 16.891735728340283 17
    endloop
  endfacet
  facet normal 0.5119494659235256 -0.4513441675085839 -0.7308872599769408
    outer loop
      vertex -22.06970073833494 18.257644276832544 15
      vertex -20.879744255747735 19.60738496163085 15
      vertex -19.31766862666741 18.140498307110246 17
    endloop
  endfacet
  facet normal 0.539279385360646 -0.4183079699556827 -0.7308872599769403
    outer loop
      vertex -23.172558194795148 16.83584901119781 15
      vertex -20.41860093355841 16.891735728340283 17
      vertex -21.438950350936107 15.576309185750539 17
    endloop
  endfacet
  facet normal 0.5119494659235254 -0.45134416750858464 -0.7308872599769405
    outer loop
      vertex -22.06970073833494 18.257644276832544 15
      vertex -19.31766862666741 18.140498307110246 17
      vertex -20.41860093355841 16.891735728340283 17
    endloop
  endfacet
  facet normal 0.7501110696304597 -0.6613118653236516 0
    outer loop
      vertex -20.41860093355841 16.891735728340283 17
      vertex -19.31766862666741 18.140498307110246 17
      vertex -20.41860093355841 16.891735728340283 18
    endloop
  endfacet
  facet normal 0.7071067811865475 -0.7071067811865475 0
    outer loop
      vertex -19.31766862666741 18.140498307110246 17
      vertex -18.140498307110246 19.31766862666741 17
      vertex -19.31766862666741 18.140498307110246 18
    endloop
  endfacet
  facet normal 0.4825991158318671 -0.4825991158318671 -0.7308872599769407
    outer loop
      vertex -20.879744255747735 19.60738496163085 15
      vertex -19.60738496163085 20.879744255747735 15
      vertex -18.140498307110246 19.31766862666741 17
    endloop
  endfacet
  facet normal 0.45134416750858414 -0.5119494659235259 -0.7308872599769406
    outer loop
      vertex -19.60738496163085 20.879744255747735 15
      vertex -18.257644276832544 22.06970073833494 15
      vertex -16.891735728340283 20.41860093355841 17
    endloop
  endfacet
  facet normal 0.4825991158318671 -0.4825991158318671 -0.7308872599769407
    outer loop
      vertex -20.879744255747735 19.60738496163085 15
      vertex -18.140498307110246 19.31766862666741 17
      vertex -19.31766862666741 18.140498307110246 17
    endloop
  endfacet
  facet normal 0.6613118653236516 -0.7501110696304597 0
    outer loop
      vertex -18.140498307110246 19.31766862666741 17
      vertex -16.891735728340283 20.41860093355841 17
      vertex -18.140498307110246 19.31766862666741 18
    endloop
  endfacet
  facet normal 0.45134416750858436 -0.5119494659235251 -0.7308872599769408
    outer loop
      vertex -19.60738496163085 20.879744255747735 15
      vertex -16.891735728340283 20.41860093355841 17
      vertex -18.140498307110246 19.31766862666741 17
    endloop
  endfacet
  facet normal 0.7901550123756897 -0.6129070536529774 0
    outer loop
      vertex -21.438950350936107 15.576309185750539 18
      vertex -20.41860093355841 16.891735728340283 17
      vertex -20.41860093355841 16.891735728340283 18
    endloop
  endfacet
  facet normal 0.5392793853606458 -0.4183079699556826 0.7308872599769405
    outer loop
      vertex -21.438950350936107 15.576309185750539 18
      vertex -20.41860093355841 16.891735728340283 18
      vertex -22.06970073833494 18.257644276832544 20
    endloop
  endfacet
  facet normal 0.5392793853606462 -0.41830796995568226 0.7308872599769403
    outer loop
      vertex -21.438950350936107 15.576309185750539 18
      vertex -22.06970073833494 18.257644276832544 20
      vertex -23.172558194795148 16.83584901119781 20
    endloop
  endfacet
  facet normal 0.5119494659235257 -0.4513441675085841 0.7308872599769406
    outer loop
      vertex -20.41860093355841 16.891735728340283 18
      vertex -20.879744255747735 19.60738496163085 20
      vertex -22.06970073833494 18.257644276832544 20
    endloop
  endfacet
  facet normal 0.7501110696304597 -0.6613118653236516 0
    outer loop
      vertex -20.41860093355841 16.891735728340283 18
      vertex -19.31766862666741 18.140498307110246 17
      vertex -19.31766862666741 18.140498307110246 18
    endloop
  endfacet
  facet normal 0.5119494659235251 -0.45134416750858436 0.7308872599769407
    outer loop
      vertex -20.41860093355841 16.891735728340283 18
      vertex -19.31766862666741 18.140498307110246 18
      vertex -20.879744255747735 19.60738496163085 20
    endloop
  endfacet
  facet normal 0.4825991158318671 -0.4825991158318671 0.7308872599769408
    outer loop
      vertex -19.31766862666741 18.140498307110246 18
      vertex -18.140498307110246 19.31766862666741 18
      vertex -19.60738496163085 20.879744255747735 20
    endloop
  endfacet
  facet normal 0.7071067811865475 -0.7071067811865475 0
    outer loop
      vertex -18.140498307110246 19.31766862666741 17
      vertex -18.140498307110246 19.31766862666741 18
      vertex -19.31766862666741 18.140498307110246 18
    endloop
  endfacet
  facet normal 0.6613118653236516 -0.7501110696304597 0
    outer loop
      vertex -18.140498307110246 19.31766862666741 18
      vertex -16.891735728340283 20.41860093355841 17
      vertex -16.891735728340283 20.41860093355841 18
    endloop
  endfacet
  facet normal 0.45134416750858464 -0.5119494659235254 0.7308872599769406
    outer loop
      vertex -18.140498307110246 19.31766862666741 18
      vertex -16.891735728340283 20.41860093355841 18
      vertex -18.257644276832544 22.06970073833494 20
    endloop
  endfacet
  facet normal 0.4825991158318671 -0.4825991158318671 0.7308872599769407
    outer loop
      vertex -19.31766862666741 18.140498307110246 18
      vertex -19.60738496163085 20.879744255747735 20
      vertex -20.879744255747735 19.60738496163085 20
    endloop
  endfacet
  facet normal 0.4513441675085839 -0.5119494659235256 0.7308872599769408
    outer loop
      vertex -18.140498307110246 19.31766862666741 18
      vertex -18.257644276832544 22.06970073833494 20
      vertex -19.60738496163085 20.879744255747735 20
    endloop
  endfacet
  facet normal 0.418307969955683 -0.5392793853606455 0.7308872599769406
    outer loop
      vertex -16.891735728340283 20.41860093355841 18
      vertex -16.83584901119781 23.17255819479515 20
      vertex -18.257644276832544 22.06970073833494 20
    endloop
  endfacet
  facet normal 0.3098477056078066 0.6081103621325475 -0.7308872599769405
    outer loop
      vertex -13.798801664609472 -25.099927048495356 15
      vertex -12.766472363695458 -23.222127021162382 17
      vertex -12.195535422037882 -25.91683200140089 15
    endloop
  endfacet
  facet normal 0.27105272636930383 0.6263658936525577 -0.7308872599769407
    outer loop
      vertex -12.195535422037882 -25.91683200140089 15
      vertex -11.28315122647442 -23.97791689034952 17
      vertex -10.544138972765673 -26.63145505867117 15
    endloop
  endfacet
  facet normal 0.30984770560780667 0.6081103621325477 0.7308872599769405
    outer loop
      vertex -13.850418130424318 -25.193817051261075 20.100000001490116
      vertex -12.241154632495833 -26.013777758398064 20.100000001490116
      vertex -12.766472363695458 -23.222127021162382 18
    endloop
  endfacet
  facet normal 0.27105272636930405 0.6263658936525578 0.7308872599769406
    outer loop
      vertex -12.241154632495833 -26.013777758398064 20.100000001490116
      vertex -10.58358088968449 -26.73107396928723 20.100000001490116
      vertex -11.28315122647442 -23.97791689034952 18
    endloop
  endfacet
  facet normal 0.38362090195209697 0.5644810154370651 -0.7308872599769403
    outer loop
      vertex -15.347610341083668 -24.18396415059532 15
      vertex -16.83584901119781 -23.172558194795148 15
      vertex -15.576309185750539 -21.438950350936107 17
    endloop
  endfacet
  facet normal 0.34741985750822724 0.5874548968323982 -0.7308872599769403
    outer loop
      vertex -15.347610341083668 -24.18396415059532 15
      vertex -14.199410066943415 -22.374690025803396 17
      vertex -13.798801664609472 -25.099927048495356 15
    endloop
  endfacet
  facet normal 0.38362090195209697 0.5644810154370651 -0.7308872599769403
    outer loop
      vertex -15.347610341083668 -24.18396415059532 15
      vertex -15.576309185750539 -21.438950350936107 17
      vertex -14.199410066943415 -22.374690025803396 17
    endloop
  endfacet
  facet normal 0.56208337785213 0.8270805742745622 0
    outer loop
      vertex -14.199410066943415 -22.374690025803396 17
      vertex -15.576309185750539 -21.438950350936107 17
      vertex -14.199410066943415 -22.374690025803396 18
    endloop
  endfacet
  facet normal 0.4183079699556814 0.539279385360647 -0.7308872599769404
    outer loop
      vertex -16.83584901119781 -23.172558194795148 15
      vertex -16.891735728340276 -20.41860093355842 17
      vertex -15.576309185750539 -21.438950350936107 17
    endloop
  endfacet
  facet normal 0.6129070536529754 0.7901550123756912 0
    outer loop
      vertex -16.891735728340276 -20.41860093355842 17
      vertex -15.576309185750539 -21.438950350936107 18
      vertex -15.576309185750539 -21.438950350936107 17
    endloop
  endfacet
  facet normal 0.34741985750822685 0.5874548968323983 -0.7308872599769405
    outer loop
      vertex -13.798801664609472 -25.099927048495356 15
      vertex -14.199410066943415 -22.374690025803396 17
      vertex -12.766472363695458 -23.222127021162382 17
    endloop
  endfacet
  facet normal 0.5090414157503714 0.8607420270039435 0
    outer loop
      vertex -14.199410066943415 -22.374690025803396 17
      vertex -12.766472363695458 -23.222127021162382 18
      vertex -12.766472363695458 -23.222127021162382 17
    endloop
  endfacet
  facet normal 0.3098477056078061 0.6081103621325477 -0.7308872599769408
    outer loop
      vertex -12.195535422037882 -25.91683200140089 15
      vertex -12.766472363695458 -23.222127021162382 17
      vertex -11.28315122647442 -23.97791689034952 17
    endloop
  endfacet
  facet normal 0.4539904997395467 0.891006524188368 0
    outer loop
      vertex -11.28315122647442 -23.97791689034952 17
      vertex -12.766472363695458 -23.222127021162382 17
      vertex -11.28315122647442 -23.97791689034952 18
    endloop
  endfacet
  facet normal 0.383620901952097 0.5644810154370651 0.7308872599769402
    outer loop
      vertex -15.405020355646156 -24.27442785818293 20.100000001490116
      vertex -14.199410066943415 -22.374690025803396 18
      vertex -15.576309185750539 -21.438950350936107 18
    endloop
  endfacet
  facet normal 0.3836209019520967 0.5644810154370652 0.7308872599769404
    outer loop
      vertex -15.405020355646156 -24.27442785818293 20.100000001490116
      vertex -15.576309185750539 -21.438950350936107 18
      vertex -16.8988260034086 -23.25923858827974 20.100000001490116
    endloop
  endfacet
  facet normal 0.34741985750822724 0.5874548968323982 0.7308872599769403
    outer loop
      vertex -13.850418130424318 -25.193817051261075 20.100000001490116
      vertex -14.199410066943415 -22.374690025803396 18
      vertex -15.405020355646156 -24.27442785818293 20.100000001490116
    endloop
  endfacet
  facet normal 0.6129070536529754 0.7901550123756912 0
    outer loop
      vertex -16.891735728340276 -20.41860093355842 17
      vertex -16.891735728340276 -20.41860093355842 18
      vertex -15.576309185750539 -21.438950350936107 18
    endloop
  endfacet
  facet normal 0.41830796995568137 0.5392793853606469 0.7308872599769403
    outer loop
      vertex -16.8988260034086 -23.25923858827974 20.100000001490116
      vertex -15.576309185750539 -21.438950350936107 18
      vertex -16.891735728340276 -20.41860093355842 18
    endloop
  endfacet
  facet normal 0.56208337785213 0.8270805742745622 0
    outer loop
      vertex -14.199410066943415 -22.374690025803396 18
      vertex -15.576309185750539 -21.438950350936107 17
      vertex -15.576309185750539 -21.438950350936107 18
    endloop
  endfacet
  facet normal 0.34741985750822685 0.5874548968323983 0.7308872599769404
    outer loop
      vertex -13.850418130424318 -25.193817051261075 20.100000001490116
      vertex -12.766472363695458 -23.222127021162382 18
      vertex -14.199410066943415 -22.374690025803396 18
    endloop
  endfacet
  facet normal 0.5090414157503714 0.8607420270039435 0
    outer loop
      vertex -14.199410066943415 -22.374690025803396 17
      vertex -14.199410066943415 -22.374690025803396 18
      vertex -12.766472363695458 -23.222127021162382 18
    endloop
  endfacet
  facet normal 0.4539904997395467 0.891006524188368 0
    outer loop
      vertex -12.766472363695458 -23.222127021162382 17
      vertex -12.766472363695458 -23.222127021162382 18
      vertex -11.28315122647442 -23.97791689034952 18
    endloop
  endfacet
  facet normal 0.3098477056078061 0.6081103621325478 0.7308872599769406
    outer loop
      vertex -12.241154632495833 -26.013777758398064 20.100000001490116
      vertex -11.28315122647442 -23.97791689034952 18
      vertex -12.766472363695458 -23.222127021162382 18
    endloop
  endfacet
  facet normal 0.23118802585203208 0.6421494451496789 -0.7308872599769405
    outer loop
      vertex -8.85112962412684 -27.240975929579363 15
      vertex -10.544138972765673 -26.63145505867117 15
      vertex -9.755300646143963 -24.639076876038665 17
    endloop
  endfacet
  facet normal 0.1904109318164861 0.6553987261569688 -0.7308872599769407
    outer loop
      vertex -8.85112962412684 -27.240975929579363 15
      vertex -8.188950350936105 -25.202997681821568 17
      vertex -7.123188910558061 -27.742989113711605 15
    endloop
  endfacet
  facet normal 0.2710527263693044 0.6263658936525577 -0.7308872599769405
    outer loop
      vertex -10.544138972765673 -26.63145505867117 15
      vertex -11.28315122647442 -23.97791689034952 17
      vertex -9.755300646143963 -24.639076876038665 17
    endloop
  endfacet
  facet normal 0.23118802585203116 0.6421494451496788 -0.7308872599769407
    outer loop
      vertex -8.85112962412684 -27.240975929579363 15
      vertex -9.755300646143963 -24.639076876038665 17
      vertex -8.188950350936105 -25.202997681821568 17
    endloop
  endfacet
  facet normal 0.33873792024528926 0.9408807689542262 0
    outer loop
      vertex -9.755300646143963 -24.639076876038665 17
      vertex -8.188950350936105 -25.202997681821568 18
      vertex -8.188950350936105 -25.202997681821568 17
    endloop
  endfacet
  facet normal 0.14888237282354017 0.6660614478153146 -0.7308872599769403
    outer loop
      vertex -7.123188910558061 -27.742989113711605 15
      vertex -6.590282009868654 -25.667453769908725 17
      vertex -5.367136224634772 -28.13551339437813 15
    endloop
  endfacet
  facet normal 0.19041093181648758 0.6553987261569688 -0.7308872599769402
    outer loop
      vertex -7.123188910558061 -27.742989113711605 15
      vertex -8.188950350936105 -25.202997681821568 17
      vertex -6.590282009868654 -25.667453769908725 17
    endloop
  endfacet
  facet normal 0.27899110603923105 0.9602936856769426 0
    outer loop
      vertex -8.188950350936105 -25.202997681821568 17
      vertex -6.590282009868654 -25.667453769908725 18
      vertex -6.590282009868654 -25.667453769908725 17
    endloop
  endfacet
  facet normal 0.148882372823539 0.6660614478153144 -0.7308872599769406
    outer loop
      vertex -5.367136224634772 -28.13551339437813 15
      vertex -6.590282009868654 -25.667453769908725 17
      vertex -4.965604836521708 -26.030612144310247 17
    endloop
  endfacet
  facet normal 0.21814324139654084 0.9759167619387478 0
    outer loop
      vertex -6.590282009868654 -25.667453769908725 17
      vertex -4.965604836521708 -26.030612144310247 18
      vertex -4.965604836521708 -26.030612144310247 17
    endloop
  endfacet
  facet normal 0.27105272636930433 0.6263658936525578 0.7308872599769405
    outer loop
      vertex -10.58358088968449 -26.73107396928723 20.100000001490116
      vertex -9.755300646143963 -24.639076876038665 18
      vertex -11.28315122647442 -23.97791689034952 18
    endloop
  endfacet
  facet normal 0.33873792024528926 0.9408807689542262 0
    outer loop
      vertex -9.755300646143963 -24.639076876038665 17
      vertex -9.755300646143963 -24.639076876038665 18
      vertex -8.188950350936105 -25.202997681821568 18
    endloop
  endfacet
  facet normal 0.2311880258520312 0.6421494451496789 0.7308872599769408
    outer loop
      vertex -9.755300646143963 -24.639076876038665 18
      vertex -8.9991080059745 -27.187700433934943 20
      vertex -8.188950350936105 -25.202997681821568 18
    endloop
  endfacet
  facet normal 0.23118802585203213 0.6421494451496788 0.7308872599769404
    outer loop
      vertex -10.58358088968449 -26.73107396928723 20.100000001490116
      vertex -8.9991080059745 -27.187700433934943 20
      vertex -9.755300646143963 -24.639076876038665 18
    endloop
  endfacet
  facet normal 0.23118802585203177 0.6421494451496784 0.7308872599769408
    outer loop
      vertex -8.188950350936105 -25.202997681821568 18
      vertex -8.9991080059745 -27.187700433934943 20
      vertex -8.85112962412684 -27.240975929579363 20
    endloop
  endfacet
  facet normal 0.14888237282354008 0.6660614478153142 0.7308872599769406
    outer loop
      vertex -4.965604836521708 -26.030612144310247 18
      vertex -7.123188910558061 -27.742989113711605 20
      vertex -5.367136224634772 -28.13551339437813 20
    endloop
  endfacet
  facet normal 0.19041093181648744 0.6553987261569684 0.7308872599769408
    outer loop
      vertex -8.188950350936105 -25.202997681821568 18
      vertex -8.85112962412684 -27.240975929579363 20
      vertex -6.590282009868654 -25.667453769908725 18
    endloop
  endfacet
  facet normal 0.27899110603923105 0.9602936856769426 0
    outer loop
      vertex -8.188950350936105 -25.202997681821568 17
      vertex -8.188950350936105 -25.202997681821568 18
      vertex -6.590282009868654 -25.667453769908725 18
    endloop
  endfacet
  facet normal 0.21814324139654084 0.9759167619387478 0
    outer loop
      vertex -6.590282009868654 -25.667453769908725 17
      vertex -6.590282009868654 -25.667453769908725 18
      vertex -4.965604836521708 -26.030612144310247 18
    endloop
  endfacet
  facet normal 0.1488823728235391 0.6660614478153148 0.7308872599769403
    outer loop
      vertex -6.590282009868654 -25.667453769908725 18
      vertex -7.123188910558061 -27.742989113711605 20
      vertex -4.965604836521708 -26.030612144310247 18
    endloop
  endfacet
  facet normal 0.19041093181648625 0.6553987261569693 0.7308872599769402
    outer loop
      vertex -6.590282009868654 -25.667453769908725 18
      vertex -8.85112962412684 -27.240975929579363 20
      vertex -7.123188910558061 -27.742989113711605 20
    endloop
  endfacet
  facet normal 0.3971478906347818 0.9177546256839805 0
    outer loop
      vertex -11.28315122647442 -23.97791689034952 17
      vertex -9.755300646143963 -24.639076876038665 18
      vertex -9.755300646143963 -24.639076876038665 17
    endloop
  endfacet
  facet normal 0.3971478906347818 0.9177546256839805 0
    outer loop
      vertex -11.28315122647442 -23.97791689034952 17
      vertex -11.28315122647442 -23.97791689034952 18
      vertex -9.755300646143963 -24.639076876038665 18
    endloop
  endfacet
  facet normal 0 0 -1
    outer loop
      vertex -18.325939705274827 -22.152255729803944 20.100000001490116
      vertex -10.673762078750736 -13.771006467905377 20.100000001490116
      vertex -16.8988260034086 -23.25923858827974 20.100000001490116
    endloop
  endfacet
  facet normal 0 0 -1
    outer loop
      vertex -13.850418130424318 -25.193817051261075 20.100000001490116
      vertex -8.98312919756448 -16.846256262414506 20.100000001490116
      vertex -12.241154632495833 -26.013777758398064 20.100000001490116
    endloop
  endfacet
  facet normal 0 0 -1
    outer loop
      vertex -15.405020355646156 -24.27442785818293 20.100000001490116
      vertex -16.8988260034086 -23.25923858827974 20.100000001490116
      vertex -9.73170647938591 -15.255448562575985 20.100000001490116
    endloop
  endfacet
  facet normal 0 0 -1
    outer loop
      vertex -13.850418130424318 -25.193817051261075 20.100000001490116
      vertex -15.405020355646156 -24.27442785818293 20.100000001490116
      vertex -9.73170647938591 -15.255448562575985 20.100000001490116
    endloop
  endfacet
  facet normal 0.23118802585203269 0.6421494451496811 0.7308872599769383
    outer loop
      vertex -10.58358088968449 -26.73107396928723 20.100000001490116
      vertex -9.044907967958391 -27.285030307477196 20.100000001490116
      vertex -8.9991080059745 -27.187700433934943 20
    endloop
  endfacet
  facet normal 0 0 -1
    outer loop
      vertex -10.58358088968449 -26.73107396928723 20.100000001490116
      vertex -8.983129197564482 -27.153743737585497 20.100000001490116
      vertex -9.044907967958391 -27.285030307477196 20.100000001490116
    endloop
  endfacet
  facet normal 0 0 -1
    outer loop
      vertex -10.58358088968449 -26.73107396928723 20.100000001490116
      vertex -8.439835744199163 -25.481658420307962 20.100000001490116
      vertex -8.983129197564482 -27.153743737585497 20.100000001490116
    endloop
  endfacet
  facet normal 0 0 -1
    outer loop
      vertex -10.58358088968449 -26.73107396928723 20.100000001490116
      vertex -8.110394181597309 -23.754665269900258 20.100000001490116
      vertex -8.439835744199163 -25.481658420307962 20.100000001490116
    endloop
  endfacet
  facet normal 0 0 -1
    outer loop
      vertex -12.241154632495833 -26.013777758398064 20.100000001490116
      vertex -8.110394181597309 -20.245334730099742 20.100000001490116
      vertex -10.58358088968449 -26.73107396928723 20.100000001490116
    endloop
  endfacet
  facet normal 0 0 -1
    outer loop
      vertex -10.58358088968449 -26.73107396928723 20.100000001490116
      vertex -8.110394181597309 -20.245334730099742 20.100000001490116
      vertex -8.110394181597309 -23.754665269900258 20.100000001490116
    endloop
  endfacet
  facet normal 0 0 -1
    outer loop
      vertex -8.110394181597309 -23.754665269900258 20.100000001490116
      vertex -8.110394181597309 -20.245334730099742 20.100000001490116
      vertex -8 -22 20.100000001490116
    endloop
  endfacet
  facet normal 0 0 -1
    outer loop
      vertex -12.241154632495833 -26.013777758398064 20.100000001490116
      vertex -8.98312919756448 -16.846256262414506 20.100000001490116
      vertex -8.110394181597309 -20.245334730099742 20.100000001490116
    endloop
  endfacet
  facet normal 0 0 -1
    outer loop
      vertex -18.325939705274827 -22.152255729803944 20.100000001490116
      vertex -19.680729295449794 -20.957848038365587 20.100000001490116
      vertex -11.794439216100239 -12.416340516998357 20.100000001490116
    endloop
  endfacet
  facet normal 0 0 -1
    outer loop
      vertex -19.680729295449794 -20.957848038365587 20.100000001490116
      vertex -13.076064143518344 -11.212814601138952 20.100000001490116
      vertex -11.794439216100239 -12.416340516998357 20.100000001490116
    endloop
  endfacet
  facet normal 0 0 -1
    outer loop
      vertex -16.8988260034086 -23.25923858827974 20.100000001490116
      vertex -10.673762078750736 -13.771006467905377 20.100000001490116
      vertex -9.73170647938591 -15.255448562575985 20.100000001490116
    endloop
  endfacet
  facet normal 0 0 -1
    outer loop
      vertex -18.325939705274827 -22.152255729803944 20.100000001490116
      vertex -11.794439216100239 -12.416340516998357 20.100000001490116
      vertex -10.673762078750736 -13.771006467905377 20.100000001490116
    endloop
  endfacet
  facet normal 0 0 -1
    outer loop
      vertex -20.957848038365587 -19.680729295449794 20.100000001490116
      vertex -14.498424870294047 -10.17940904297179 20.100000001490116
      vertex -13.076064143518344 -11.212814601138952 20.100000001490116
    endloop
  endfacet
  facet normal 0 0 -1
    outer loop
      vertex -13.850418130424318 -25.193817051261075 20.100000001490116
      vertex -9.73170647938591 -15.255448562575985 20.100000001490116
      vertex -8.98312919756448 -16.846256262414506 20.100000001490116
    endloop
  endfacet
  facet normal 0 0 -1
    outer loop
      vertex -8.110394181597309 -20.245334730099742 20.100000001490116
      vertex -8.98312919756448 -16.846256262414506 20.100000001490116
      vertex -8.439835744199165 -18.518341579692034 20.100000001490116
    endloop
  endfacet
  facet normal 0.10676624312294619 0.6740955292336628 -0.7308872599769406
    outer loop
      vertex -5.367136224634772 -28.13551339437813 15
      vertex -4.965604836521708 -26.030612144310247 17
      vertex -3.5899019040441367 -28.416999657570436 15
    endloop
  endfacet
  facet normal 0.06422875583760221 0.6794692635630795 -0.7308872599769406
    outer loop
      vertex -3.5899019040441367 -28.416999657570436 15
      vertex -3.3213306894540575 -26.291039584833662 17
      vertex -1.7984998807084411 -28.586337005606538 15
    endloop
  endfacet
  facet normal 0.06422875583760217 0.6794692635630796 -0.7308872599769407
    outer loop
      vertex -1.7984998807084411 -28.586337005606538 15
      vertex -3.3213306894540575 -26.291039584833662 17
      vertex -1.6639487675268148 -26.447708303349195 17
    endloop
  endfacet
  facet normal 0.10676624312294616 0.6740955292336628 -0.7308872599769407
    outer loop
      vertex -4.965604836521708 -26.030612144310247 17
      vertex -3.3213306894540575 -26.291039584833662 17
      vertex -3.5899019040441367 -28.416999657570436 15
    endloop
  endfacet
  facet normal 0.15643446504023145 0.9876883405951377 0
    outer loop
      vertex -4.965604836521708 -26.030612144310247 17
      vertex -3.3213306894540575 -26.291039584833662 18
      vertex -3.3213306894540575 -26.291039584833662 17
    endloop
  endfacet
  facet normal 0.09410831331851473 0.9955619646030801 0
    outer loop
      vertex -3.3213306894540575 -26.291039584833662 17
      vertex -1.6639487675268148 -26.447708303349195 18
      vertex -1.6639487675268148 -26.447708303349195 17
    endloop
  endfacet
  facet normal 0.02143778699629428 0.6821614431291917 -0.7308872599769406
    outer loop
      vertex -1.7984998807084411 -28.586337005606538 15
      vertex -1.6639487675268148 -26.447708303349195 17
      vertex 0 -28.642857141336616 15
    endloop
  endfacet
  facet normal -0.021437786996294287 0.6821614431291919 -0.7308872599769405
    outer loop
      vertex 0 -28.642857141336616 15
      vertex 0 -26.5 17
      vertex 1.7984998807084411 -28.586337005606538 15
    endloop
  endfacet
  facet normal 0.02143778699629474 0.6821614431291919 -0.7308872599769405
    outer loop
      vertex 0 -28.642857141336616 15
      vertex -1.6639487675268148 -26.447708303349195 17
      vertex 0 -26.5 17
    endloop
  endfacet
  facet normal 0.03141075907812888 0.9995065603657315 0
    outer loop
      vertex -1.6639487675268148 -26.447708303349195 17
      vertex 0 -26.5 18
      vertex 0 -26.5 17
    endloop
  endfacet
  facet normal 0.06422875583760217 0.6794692635630796 0.7308872599769406
    outer loop
      vertex -3.3213306894540575 -26.291039584833662 18
      vertex -3.5899019040441367 -28.416999657570436 20
      vertex -1.6639487675268148 -26.447708303349195 18
    endloop
  endfacet
  facet normal 0.10676624312294619 0.6740955292336628 0.7308872599769407
    outer loop
      vertex -3.3213306894540575 -26.291039584833662 18
      vertex -5.367136224634772 -28.13551339437813 20
      vertex -3.5899019040441367 -28.416999657570436 20
    endloop
  endfacet
  facet normal 0.06422875583760221 0.6794692635630795 0.7308872599769406
    outer loop
      vertex -1.6639487675268148 -26.447708303349195 18
      vertex -3.5899019040441367 -28.416999657570436 20
      vertex -1.7984998807084411 -28.586337005606538 20
    endloop
  endfacet
  facet normal 0.15643446504023145 0.9876883405951377 0
    outer loop
      vertex -4.965604836521708 -26.030612144310247 17
      vertex -4.965604836521708 -26.030612144310247 18
      vertex -3.3213306894540575 -26.291039584833662 18
    endloop
  endfacet
  facet normal 0.10676624312294616 0.6740955292336628 0.7308872599769406
    outer loop
      vertex -4.965604836521708 -26.030612144310247 18
      vertex -5.367136224634772 -28.13551339437813 20
      vertex -3.3213306894540575 -26.291039584833662 18
    endloop
  endfacet
  facet normal 0.09410831331851473 0.9955619646030801 0
    outer loop
      vertex -3.3213306894540575 -26.291039584833662 17
      vertex -3.3213306894540575 -26.291039584833662 18
      vertex -1.6639487675268148 -26.447708303349195 18
    endloop
  endfacet
  facet normal 0.02143778699629473 0.6821614431291917 0.7308872599769407
    outer loop
      vertex -1.6639487675268148 -26.447708303349195 18
      vertex -1.7984998807084411 -28.586337005606538 20
      vertex 0 -26.5 18
    endloop
  endfacet
  facet normal -0.02143778699629474 0.6821614431291919 0.7308872599769405
    outer loop
      vertex 0 -26.5 18
      vertex 0 -28.642857141336616 20
      vertex 1.6639487675268148 -26.447708303349195 18
    endloop
  endfacet
  facet normal 0.021437786996294287 0.6821614431291919 0.7308872599769405
    outer loop
      vertex 0 -26.5 18
      vertex -1.7984998807084411 -28.586337005606538 20
      vertex 0 -28.642857141336616 20
    endloop
  endfacet
  facet normal 0.03141075907812888 0.9995065603657315 0
    outer loop
      vertex -1.6639487675268148 -26.447708303349195 17
      vertex -1.6639487675268148 -26.447708303349195 18
      vertex 0 -26.5 18
    endloop
  endfacet
  facet normal -0.03141075907812888 0.9995065603657315 0
    outer loop
      vertex 0 -26.5 17
      vertex 0 -26.5 18
      vertex 1.6639487675268148 -26.447708303349195 18
    endloop
  endfacet
  facet normal -0.06422875583760221 0.6794692635630795 -0.7308872599769406
    outer loop
      vertex 1.7984998807084411 -28.586337005606538 15
      vertex 1.6639487675268148 -26.447708303349195 17
      vertex 3.5899019040441367 -28.416999657570436 15
    endloop
  endfacet
  facet normal -0.10676624312294619 0.6740955292336628 -0.7308872599769407
    outer loop
      vertex 3.5899019040441367 -28.416999657570436 15
      vertex 3.3213306894540575 -26.291039584833662 17
      vertex 5.367136224634772 -28.13551339437813 15
    endloop
  endfacet
  facet normal -0.02143778699629473 0.6821614431291917 -0.7308872599769406
    outer loop
      vertex 1.7984998807084411 -28.586337005606538 15
      vertex 0 -26.5 17
      vertex 1.6639487675268148 -26.447708303349195 17
    endloop
  endfacet
  facet normal -0.06422875583760217 0.6794692635630796 -0.7308872599769406
    outer loop
      vertex 3.5899019040441367 -28.416999657570436 15
      vertex 1.6639487675268148 -26.447708303349195 17
      vertex 3.3213306894540575 -26.291039584833662 17
    endloop
  endfacet
  facet normal -0.03141075907812888 0.9995065603657315 0
    outer loop
      vertex 0 -26.5 17
      vertex 1.6639487675268148 -26.447708303349195 18
      vertex 1.6639487675268148 -26.447708303349195 17
    endloop
  endfacet
  facet normal -0.09410831331851473 0.9955619646030801 0
    outer loop
      vertex 1.6639487675268148 -26.447708303349195 17
      vertex 3.3213306894540575 -26.291039584833662 18
      vertex 3.3213306894540575 -26.291039584833662 17
    endloop
  endfacet
  facet normal -0.14888237282353978 0.6660614478153142 -0.7308872599769406
    outer loop
      vertex 5.367136224634772 -28.13551339437813 15
      vertex 4.965604836521708 -26.030612144310247 17
      vertex 7.123188910558048 -27.74298911371161 15
    endloop
  endfacet
  facet normal -0.10676624312294616 0.6740955292336628 -0.7308872599769406
    outer loop
      vertex 3.3213306894540575 -26.291039584833662 17
      vertex 4.965604836521708 -26.030612144310247 17
      vertex 5.367136224634772 -28.13551339437813 15
    endloop
  endfacet
  facet normal -0.15643446504023145 0.9876883405951377 0
    outer loop
      vertex 3.3213306894540575 -26.291039584833662 17
      vertex 4.965604836521708 -26.030612144310247 18
      vertex 4.965604836521708 -26.030612144310247 17
    endloop
  endfacet
  facet normal -0.14888237282354 0.666061447815314 -0.7308872599769407
    outer loop
      vertex 7.123188910558048 -27.74298911371161 15
      vertex 4.965604836521708 -26.030612144310247 17
      vertex 6.590282009868642 -25.667453769908725 17
    endloop
  endfacet
  facet normal -0.21814324139654234 0.9759167619387475 0
    outer loop
      vertex 4.965604836521708 -26.030612144310247 17
      vertex 6.590282009868642 -25.667453769908725 18
      vertex 6.590282009868642 -25.667453769908725 17
    endloop
  endfacet
  facet normal -0.06422875583760217 0.6794692635630796 0.7308872599769408
    outer loop
      vertex 1.6639487675268148 -26.447708303349195 18
      vertex 1.7984998807084411 -28.586337005606538 20
      vertex 3.3213306894540575 -26.291039584833662 18
    endloop
  endfacet
  facet normal -0.02143778699629428 0.6821614431291917 0.7308872599769407
    outer loop
      vertex 1.6639487675268148 -26.447708303349195 18
      vertex 0 -28.642857141336616 20
      vertex 1.7984998807084411 -28.586337005606538 20
    endloop
  endfacet
  facet normal -0.06422875583760221 0.6794692635630795 0.7308872599769406
    outer loop
      vertex 3.3213306894540575 -26.291039584833662 18
      vertex 1.7984998807084411 -28.586337005606538 20
      vertex 3.5899019040441367 -28.416999657570436 20
    endloop
  endfacet
  facet normal -0.09410831331851473 0.9955619646030801 0
    outer loop
      vertex 1.6639487675268148 -26.447708303349195 17
      vertex 1.6639487675268148 -26.447708303349195 18
      vertex 3.3213306894540575 -26.291039584833662 18
    endloop
  endfacet
  facet normal -0.15643446504023145 0.9876883405951377 0
    outer loop
      vertex 3.3213306894540575 -26.291039584833662 17
      vertex 3.3213306894540575 -26.291039584833662 18
      vertex 4.965604836521708 -26.030612144310247 18
    endloop
  endfacet
  facet normal -0.10676624312294616 0.6740955292336628 0.7308872599769406
    outer loop
      vertex 3.3213306894540575 -26.291039584833662 18
      vertex 3.5899019040441367 -28.416999657570436 20
      vertex 4.965604836521708 -26.030612144310247 18
    endloop
  endfacet
  facet normal -0.10676624312294619 0.6740955292336628 0.7308872599769406
    outer loop
      vertex 4.965604836521708 -26.030612144310247 18
      vertex 3.5899019040441367 -28.416999657570436 20
      vertex 5.367136224634772 -28.13551339437813 20
    endloop
  endfacet
  facet normal -0.14888237282353975 0.6660614478153141 0.7308872599769407
    outer loop
      vertex 6.590282009868642 -25.667453769908725 18
      vertex 5.367136224634772 -28.13551339437813 20
      vertex 7.123188910558048 -27.74298911371161 20
    endloop
  endfacet
  facet normal -0.21814324139654234 0.9759167619387475 0
    outer loop
      vertex 4.965604836521708 -26.030612144310247 17
      vertex 4.965604836521708 -26.030612144310247 18
      vertex 6.590282009868642 -25.667453769908725 18
    endloop
  endfacet
  facet normal -0.14888237282354003 0.6660614478153141 0.7308872599769406
    outer loop
      vertex 4.965604836521708 -26.030612144310247 18
      vertex 5.367136224634772 -28.13551339437813 20
      vertex 6.590282009868642 -25.667453769908725 18
    endloop
  endfacet
  facet normal -0.27899110603922916 0.960293685676943 0
    outer loop
      vertex 6.590282009868642 -25.667453769908725 17
      vertex 6.590282009868642 -25.667453769908725 18
      vertex 8.188950350936105 -25.202997681821568 18
    endloop
  endfacet
  facet normal -0.1904109318164861 0.6553987261569688 -0.7308872599769407
    outer loop
      vertex 7.123188910558048 -27.74298911371161 15
      vertex 6.590282009868642 -25.667453769908725 17
      vertex 8.85112962412684 -27.240975929579363 15
    endloop
  endfacet
  facet normal -0.23118802585203257 0.6421494451496782 -0.7308872599769407
    outer loop
      vertex 8.85112962412684 -27.240975929579363 15
      vertex 8.188950350936105 -25.202997681821568 17
      vertex 10.544138972765687 -26.63145505867116 15
    endloop
  endfacet
  facet normal -0.19041093181648616 0.6553987261569687 -0.7308872599769408
    outer loop
      vertex 8.85112962412684 -27.240975929579363 15
      vertex 6.590282009868642 -25.667453769908725 17
      vertex 8.188950350936105 -25.202997681821568 17
    endloop
  endfacet
  facet normal -0.27899110603922916 0.960293685676943 0
    outer loop
      vertex 6.590282009868642 -25.667453769908725 17
      vertex 8.188950350936105 -25.202997681821568 18
      vertex 8.188950350936105 -25.202997681821568 17
    endloop
  endfacet
  facet normal -0.23118802585203221 0.6421494451496786 -0.7308872599769406
    outer loop
      vertex 10.544138972765687 -26.63145505867116 15
      vertex 8.188950350936105 -25.202997681821568 17
      vertex 9.755300646143976 -24.639076876038658 17
    endloop
  endfacet
  facet normal -0.33873792024529065 0.9408807689542257 0
    outer loop
      vertex 8.188950350936105 -25.202997681821568 17
      vertex 9.755300646143976 -24.639076876038658 18
      vertex 9.755300646143976 -24.639076876038658 17
    endloop
  endfacet
  facet normal -0.27105272636930355 0.6263658936525579 -0.7308872599769406
    outer loop
      vertex 10.544138972765687 -26.63145505867116 15
      vertex 9.755300646143976 -24.639076876038658 17
      vertex 12.195535422037882 -25.91683200140089 15
    endloop
  endfacet
  facet normal -0.3098477056078066 0.6081103621325474 -0.7308872599769407
    outer loop
      vertex 11.28315122647442 -23.97791689034952 17
      vertex 13.798801664609472 -25.099927048495356 15
      vertex 12.195535422037882 -25.91683200140089 15
    endloop
  endfacet
  facet normal -0.2710527263693037 0.6263658936525578 -0.7308872599769406
    outer loop
      vertex 9.755300646143976 -24.639076876038658 17
      vertex 11.28315122647442 -23.97791689034952 17
      vertex 12.195535422037882 -25.91683200140089 15
    endloop
  endfacet
  facet normal -0.19041093181648616 0.6553987261569687 0.7308872599769407
    outer loop
      vertex 6.590282009868642 -25.667453769908725 18
      vertex 7.123188910558048 -27.74298911371161 20
      vertex 8.188950350936105 -25.202997681821568 18
    endloop
  endfacet
  facet normal -0.33873792024529065 0.9408807689542257 0
    outer loop
      vertex 8.188950350936105 -25.202997681821568 17
      vertex 8.188950350936105 -25.202997681821568 18
      vertex 9.755300646143976 -24.639076876038658 18
    endloop
  endfacet
  facet normal -0.23118802585203213 0.6421494451496784 0.7308872599769407
    outer loop
      vertex 8.188950350936105 -25.202997681821568 18
      vertex 8.85112962412684 -27.240975929579363 20
      vertex 9.755300646143976 -24.639076876038658 18
    endloop
  endfacet
  facet normal -0.19041093181648608 0.6553987261569687 0.7308872599769408
    outer loop
      vertex 8.188950350936105 -25.202997681821568 18
      vertex 7.123188910558048 -27.74298911371161 20
      vertex 8.85112962412684 -27.240975929579363 20
    endloop
  endfacet
  facet normal -0.2311880258520327 0.6421494451496785 0.7308872599769406
    outer loop
      vertex 9.755300646143976 -24.639076876038658 18
      vertex 8.85112962412684 -27.240975929579363 20
      vertex 10.544138972765687 -26.63145505867116 20
    endloop
  endfacet
  facet normal -0.2710527263693038 0.6263658936525579 0.7308872599769407
    outer loop
      vertex 9.755300646143976 -24.639076876038658 18
      vertex 10.544138972765687 -26.63145505867116 20
      vertex 11.28315122647442 -23.97791689034952 18
    endloop
  endfacet
  facet normal -0.2710527263693035 0.6263658936525578 0.7308872599769407
    outer loop
      vertex 11.28315122647442 -23.97791689034952 18
      vertex 10.544138972765687 -26.63145505867116 20
      vertex 12.195535422037882 -25.91683200140089 20
    endloop
  endfacet
  facet normal -0.3098477056078066 0.6081103621325475 0.7308872599769404
    outer loop
      vertex 12.766472363695458 -23.222127021162382 18
      vertex 12.195535422037882 -25.91683200140089 20
      vertex 13.798801664609472 -25.099927048495356 20
    endloop
  endfacet
  facet normal -0.39714789063478095 0.917754625683981 0
    outer loop
      vertex 9.755300646143976 -24.639076876038658 17
      vertex 11.28315122647442 -23.97791689034952 18
      vertex 11.28315122647442 -23.97791689034952 17
    endloop
  endfacet
  facet normal -0.30984770560780617 0.6081103621325478 -0.7308872599769404
    outer loop
      vertex 11.28315122647442 -23.97791689034952 17
      vertex 12.766472363695458 -23.222127021162382 17
      vertex 13.798801664609472 -25.099927048495356 15
    endloop
  endfacet
  facet normal -0.4539904997395467 0.891006524188368 0
    outer loop
      vertex 11.28315122647442 -23.97791689034952 17
      vertex 12.766472363695458 -23.222127021162382 18
      vertex 12.766472363695458 -23.222127021162382 17
    endloop
  endfacet
  facet normal -0.39714789063478095 0.917754625683981 0
    outer loop
      vertex 9.755300646143976 -24.639076876038658 17
      vertex 9.755300646143976 -24.639076876038658 18
      vertex 11.28315122647442 -23.97791689034952 18
    endloop
  endfacet
  facet normal -0.4539904997395467 0.891006524188368 0
    outer loop
      vertex 11.28315122647442 -23.97791689034952 17
      vertex 11.28315122647442 -23.97791689034952 18
      vertex 12.766472363695458 -23.222127021162382 18
    endloop
  endfacet
  facet normal -0.3098477056078061 0.6081103621325477 0.7308872599769407
    outer loop
      vertex 11.28315122647442 -23.97791689034952 18
      vertex 12.195535422037882 -25.91683200140089 20
      vertex 12.766472363695458 -23.222127021162382 18
    endloop
  endfacet
  facet normal -0.5090414157503704 0.8607420270039442 0
    outer loop
      vertex 12.766472363695458 -23.222127021162382 17
      vertex 12.766472363695458 -23.222127021162382 18
      vertex 14.1994100669434 -22.374690025803407 18
    endloop
  endfacet
  facet normal -0.3474198575082268 0.5874548968323982 -0.7308872599769405
    outer loop
      vertex 13.798801664609472 -25.099927048495356 15
      vertex 12.766472363695458 -23.222127021162382 17
      vertex 15.347610341083652 -24.18396415059533 15
    endloop
  endfacet
  facet normal -0.383620901952097 0.5644810154370652 -0.73088725997694
    outer loop
      vertex 15.347610341083652 -24.18396415059533 15
      vertex 14.1994100669434 -22.374690025803407 17
      vertex 16.83584901119781 -23.172558194795148 15
    endloop
  endfacet
  facet normal -0.34741985750822635 0.5874548968323989 -0.7308872599769402
    outer loop
      vertex 15.347610341083652 -24.18396415059533 15
      vertex 12.766472363695458 -23.222127021162382 17
      vertex 14.1994100669434 -22.374690025803407 17
    endloop
  endfacet
  facet normal -0.5090414157503704 0.8607420270039442 0
    outer loop
      vertex 12.766472363695458 -23.222127021162382 17
      vertex 14.1994100669434 -22.374690025803407 18
      vertex 14.1994100669434 -22.374690025803407 17
    endloop
  endfacet
  facet normal -0.38362090195209725 0.564481015437065 -0.7308872599769403
    outer loop
      vertex 16.83584901119781 -23.172558194795148 15
      vertex 14.1994100669434 -22.374690025803407 17
      vertex 15.576309185750539 -21.438950350936107 17
    endloop
  endfacet
  facet normal -0.5620833778521304 0.8270805742745619 0
    outer loop
      vertex 14.1994100669434 -22.374690025803407 17
      vertex 15.576309185750539 -21.438950350936107 18
      vertex 15.576309185750539 -21.438950350936107 17
    endloop
  endfacet
  facet normal -0.41830796995568226 0.5392793853606462 -0.7308872599769403
    outer loop
      vertex 16.83584901119781 -23.172558194795148 15
      vertex 15.576309185750539 -21.438950350936107 17
      vertex 18.257644276832544 -22.06970073833494 15
    endloop
  endfacet
  facet normal -0.45134416750858414 0.5119494659235259 -0.7308872599769406
    outer loop
      vertex 18.257644276832544 -22.06970073833494 15
      vertex 16.891735728340283 -20.41860093355841 17
      vertex 19.60738496163085 -20.879744255747735 15
    endloop
  endfacet
  facet normal -0.4183079699556826 0.5392793853606458 -0.7308872599769404
    outer loop
      vertex 18.257644276832544 -22.06970073833494 15
      vertex 15.576309185750539 -21.438950350936107 17
      vertex 16.891735728340283 -20.41860093355841 17
    endloop
  endfacet
  facet normal -0.6129070536529774 0.7901550123756897 0
    outer loop
      vertex 15.576309185750539 -21.438950350936107 17
      vertex 16.891735728340283 -20.41860093355841 18
      vertex 16.891735728340283 -20.41860093355841 17
    endloop
  endfacet
  facet normal -0.6613118653236516 0.7501110696304597 0
    outer loop
      vertex 16.891735728340283 -20.41860093355841 17
      vertex 18.140498307110246 -19.31766862666741 18
      vertex 18.140498307110246 -19.31766862666741 17
    endloop
  endfacet
  facet normal -0.45134416750858436 0.5119494659235251 -0.7308872599769408
    outer loop
      vertex 19.60738496163085 -20.879744255747735 15
      vertex 16.891735728340283 -20.41860093355841 17
      vertex 18.140498307110246 -19.31766862666741 17
    endloop
  endfacet
  facet normal -0.3474198575082261 0.5874548968323986 0.7308872599769405
    outer loop
      vertex 12.766472363695458 -23.222127021162382 18
      vertex 13.798801664609472 -25.099927048495356 20
      vertex 14.1994100669434 -22.374690025803407 18
    endloop
  endfacet
  facet normal -0.5620833778521304 0.8270805742745619 0
    outer loop
      vertex 14.1994100669434 -22.374690025803407 17
      vertex 14.1994100669434 -22.374690025803407 18
      vertex 15.576309185750539 -21.438950350936107 18
    endloop
  endfacet
  facet normal -0.38362090195209736 0.564481015437065 0.73088725997694
    outer loop
      vertex 14.1994100669434 -22.374690025803407 18
      vertex 15.347610341083652 -24.18396415059533 20
      vertex 15.576309185750539 -21.438950350936107 18
    endloop
  endfacet
  facet normal -0.347419857508227 0.5874548968323985 0.7308872599769402
    outer loop
      vertex 14.1994100669434 -22.374690025803407 18
      vertex 13.798801664609472 -25.099927048495356 20
      vertex 15.347610341083652 -24.18396415059533 20
    endloop
  endfacet
  facet normal -0.3836209019520957 0.5644810154370653 0.7308872599769408
    outer loop
      vertex 15.576309185750539 -21.438950350936107 18
      vertex 15.347610341083652 -24.18396415059533 20
      vertex 16.83584901119781 -23.17255819479515 20
    endloop
  endfacet
  facet normal -0.6129070536529774 0.7901550123756897 0
    outer loop
      vertex 15.576309185750539 -21.438950350936107 17
      vertex 15.576309185750539 -21.438950350936107 18
      vertex 16.891735728340283 -20.41860093355841 18
    endloop
  endfacet
  facet normal -0.4183079699556824 0.5392793853606457 0.7308872599769407
    outer loop
      vertex 15.576309185750539 -21.438950350936107 18
      vertex 16.83584901119781 -23.17255819479515 20
      vertex 16.891735728340283 -20.41860093355841 18
    endloop
  endfacet
  facet normal -0.6613118653236516 0.7501110696304597 0
    outer loop
      vertex 16.891735728340283 -20.41860093355841 17
      vertex 16.891735728340283 -20.41860093355841 18
      vertex 18.140498307110246 -19.31766862666741 18
    endloop
  endfacet
  facet normal -0.45134416750858464 0.5119494659235254 0.7308872599769406
    outer loop
      vertex 16.891735728340283 -20.41860093355841 18
      vertex 18.257644276832544 -22.06970073833494 20
      vertex 18.140498307110246 -19.31766862666741 18
    endloop
  endfacet
  facet normal -0.4825991158318671 0.4825991158318671 0.7308872599769407
    outer loop
      vertex 18.140498307110246 -19.31766862666741 18
      vertex 19.60738496163085 -20.879744255747735 20
      vertex 19.31766862666741 -18.140498307110246 18
    endloop
  endfacet
  facet normal -0.418307969955683 0.5392793853606455 0.7308872599769406
    outer loop
      vertex 16.891735728340283 -20.41860093355841 18
      vertex 16.83584901119781 -23.17255819479515 20
      vertex 18.257644276832544 -22.06970073833494 20
    endloop
  endfacet
  facet normal -0.4513441675085839 0.5119494659235256 0.7308872599769408
    outer loop
      vertex 18.140498307110246 -19.31766862666741 18
      vertex 18.257644276832544 -22.06970073833494 20
      vertex 19.60738496163085 -20.879744255747735 20
    endloop
  endfacet
  facet normal -0.7071067811865475 0.7071067811865475 0
    outer loop
      vertex 18.140498307110246 -19.31766862666741 17
      vertex 19.31766862666741 -18.140498307110246 18
      vertex 19.31766862666741 -18.140498307110246 17
    endloop
  endfacet
  facet normal -0.7071067811865475 0.7071067811865475 0
    outer loop
      vertex 18.140498307110246 -19.31766862666741 17
      vertex 18.140498307110246 -19.31766862666741 18
      vertex 19.31766862666741 -18.140498307110246 18
    endloop
  endfacet
  facet normal -0.4825991158318671 0.4825991158318671 -0.7308872599769407
    outer loop
      vertex 19.60738496163085 -20.879744255747735 15
      vertex 18.140498307110246 -19.31766862666741 17
      vertex 20.879744255747735 -19.60738496163085 15
    endloop
  endfacet
  facet normal -0.4825991158318671 0.4825991158318671 0.7308872599769407
    outer loop
      vertex 19.31766862666741 -18.140498307110246 18
      vertex 19.60738496163085 -20.879744255747735 20
      vertex 20.879744255747735 -19.60738496163085 20
    endloop
  endfacet
  facet normal -0.5119494659235256 0.4513441675085839 -0.7308872599769408
    outer loop
      vertex 19.31766862666741 -18.140498307110246 17
      vertex 22.06970073833494 -18.257644276832544 15
      vertex 20.879744255747735 -19.60738496163085 15
    endloop
  endfacet
  facet normal -0.5392793853606462 0.4183079699556822 -0.7308872599769405
    outer loop
      vertex 22.06970073833494 -18.257644276832544 15
      vertex 20.41860093355841 -16.891735728340283 17
      vertex 23.172558194795148 -16.83584901119781 15
    endloop
  endfacet
  facet normal -0.4825991158318671 0.4825991158318671 -0.7308872599769408
    outer loop
      vertex 18.140498307110246 -19.31766862666741 17
      vertex 19.31766862666741 -18.140498307110246 17
      vertex 20.879744255747735 -19.60738496163085 15
    endloop
  endfacet
  facet normal -0.5119494659235254 0.45134416750858464 -0.7308872599769406
    outer loop
      vertex 19.31766862666741 -18.140498307110246 17
      vertex 20.41860093355841 -16.891735728340283 17
      vertex 22.06970073833494 -18.257644276832544 15
    endloop
  endfacet
  facet normal -0.7501110696304597 0.6613118653236516 0
    outer loop
      vertex 19.31766862666741 -18.140498307110246 17
      vertex 20.41860093355841 -16.891735728340283 18
      vertex 20.41860093355841 -16.891735728340283 17
    endloop
  endfacet
  facet normal -0.539279385360646 0.4183079699556827 -0.7308872599769403
    outer loop
      vertex 23.172558194795148 -16.83584901119781 15
      vertex 20.41860093355841 -16.891735728340283 17
      vertex 21.438950350936107 -15.576309185750539 17
    endloop
  endfacet
  facet normal -0.7901550123756897 0.6129070536529774 0
    outer loop
      vertex 20.41860093355841 -16.891735728340283 17
      vertex 21.438950350936107 -15.576309185750539 18
      vertex 21.438950350936107 -15.576309185750539 17
    endloop
  endfacet
  facet normal -0.8270805742745619 0.5620833778521304 0
    outer loop
      vertex 21.438950350936107 -15.576309185750539 17
      vertex 22.374690025803407 -14.1994100669434 18
      vertex 22.374690025803407 -14.1994100669434 17
    endloop
  endfacet
  facet normal -0.5644810154370652 0.3836209019520969 -0.7308872599769404
    outer loop
      vertex 23.172558194795148 -16.83584901119781 15
      vertex 21.438950350936107 -15.576309185750539 17
      vertex 24.18396415059533 -15.347610341083652 15
    endloop
  endfacet
  facet normal -0.5874548968323985 0.347419857508227 -0.7308872599769402
    outer loop
      vertex 24.18396415059533 -15.347610341083652 15
      vertex 22.374690025803407 -14.1994100669434 17
      vertex 25.099927048495356 -13.798801664609472 15
    endloop
  endfacet
  facet normal -0.564481015437065 0.38362090195209736 -0.7308872599769402
    outer loop
      vertex 24.18396415059533 -15.347610341083652 15
      vertex 21.438950350936107 -15.576309185750539 17
      vertex 22.374690025803407 -14.1994100669434 17
    endloop
  endfacet
  facet normal -0.5119494659235251 0.45134416750858436 0.7308872599769408
    outer loop
      vertex 19.31766862666741 -18.140498307110246 18
      vertex 20.879744255747735 -19.60738496163085 20
      vertex 20.41860093355841 -16.891735728340283 18
    endloop
  endfacet
  facet normal -0.7501110696304597 0.6613118653236516 0
    outer loop
      vertex 19.31766862666741 -18.140498307110246 17
      vertex 19.31766862666741 -18.140498307110246 18
      vertex 20.41860093355841 -16.891735728340283 18
    endloop
  endfacet
  facet normal -0.5392793853606458 0.4183079699556826 0.7308872599769406
    outer loop
      vertex 20.41860093355841 -16.891735728340283 18
      vertex 22.06970073833494 -18.257644276832544 20
      vertex 21.438950350936107 -15.576309185750539 18
    endloop
  endfacet
  facet normal -0.5119494659235257 0.4513441675085841 0.7308872599769406
    outer loop
      vertex 20.41860093355841 -16.891735728340283 18
      vertex 20.879744255747735 -19.60738496163085 20
      vertex 22.06970073833494 -18.257644276832544 20
    endloop
  endfacet
  facet normal -0.5392793853606462 0.41830796995568226 0.7308872599769403
    outer loop
      vertex 21.438950350936107 -15.576309185750539 18
      vertex 22.06970073833494 -18.257644276832544 20
      vertex 23.172558194795148 -16.83584901119781 20
    endloop
  endfacet
  facet normal -0.7901550123756897 0.6129070536529774 0
    outer loop
      vertex 20.41860093355841 -16.891735728340283 17
      vertex 20.41860093355841 -16.891735728340283 18
      vertex 21.438950350936107 -15.576309185750539 18
    endloop
  endfacet
  facet normal -0.8270805742745619 0.5620833778521304 0
    outer loop
      vertex 21.438950350936107 -15.576309185750539 17
      vertex 21.438950350936107 -15.576309185750539 18
      vertex 22.374690025803407 -14.1994100669434 18
    endloop
  endfacet
  facet normal -0.5644810154370649 0.3836209019520972 0.7308872599769403
    outer loop
      vertex 21.438950350936107 -15.576309185750539 18
      vertex 23.172558194795148 -16.83584901119781 20
      vertex 22.374690025803407 -14.1994100669434 18
    endloop
  endfacet
  facet normal -0.5644810154370663 0.38362090195209636 0.7308872599769397
    outer loop
      vertex 22.374690025803407 -14.1994100669434 18
      vertex 23.172558194795148 -16.83584901119781 20
      vertex 24.183964150595326 -15.347610341083652 20
    endloop
  endfacet
  facet normal -0.6081103621325475 0.3098477056078066 -0.7308872599769405
    outer loop
      vertex 25.099927048495356 -13.798801664609472 15
      vertex 23.222127021162382 -12.766472363695458 17
      vertex 25.91683200140089 -12.195535422037882 15
    endloop
  endfacet
  facet normal -0.5874548968323986 0.3474198575082261 -0.7308872599769405
    outer loop
      vertex 25.099927048495356 -13.798801664609472 15
      vertex 22.374690025803407 -14.1994100669434 17
      vertex 23.222127021162382 -12.766472363695458 17
    endloop
  endfacet
  facet normal -0.8607420270039442 0.5090414157503704 0
    outer loop
      vertex 22.374690025803407 -14.1994100669434 17
      vertex 23.222127021162382 -12.766472363695458 18
      vertex 23.222127021162382 -12.766472363695458 17
    endloop
  endfacet
  facet normal -0.891006524188368 0.4539904997395467 0
    outer loop
      vertex 23.222127021162382 -12.766472363695458 17
      vertex 23.97791689034952 -11.28315122647442 18
      vertex 23.97791689034952 -11.28315122647442 17
    endloop
  endfacet
  facet normal -0.6081103621325477 0.3098477056078061 -0.7308872599769408
    outer loop
      vertex 25.91683200140089 -12.195535422037882 15
      vertex 23.222127021162382 -12.766472363695458 17
      vertex 23.97791689034952 -11.28315122647442 17
    endloop
  endfacet
  facet normal -0.6263658936525579 0.2710527263693038 -0.7308872599769406
    outer loop
      vertex 26.63145505867116 -10.544138972765687 15
      vertex 23.97791689034952 -11.28315122647442 17
      vertex 24.639076876038658 -9.755300646143976 17
    endloop
  endfacet
  facet normal -0.917754625683981 0.39714789063478095 0
    outer loop
      vertex 23.97791689034952 -11.28315122647442 17
      vertex 24.639076876038658 -9.755300646143976 18
      vertex 24.639076876038658 -9.755300646143976 17
    endloop
  endfacet
  facet normal -0.8607420270039442 0.5090414157503704 0
    outer loop
      vertex 22.374690025803407 -14.1994100669434 17
      vertex 22.374690025803407 -14.1994100669434 18
      vertex 23.222127021162382 -12.766472363695458 18
    endloop
  endfacet
  facet normal -0.5874548968323994 0.34741985750822657 0.7308872599769396
    outer loop
      vertex 22.374690025803407 -14.1994100669434 18
      vertex 24.183964150595326 -15.347610341083652 20
      vertex 23.222127021162382 -12.766472363695458 18
    endloop
  endfacet
  facet normal -0.891006524188368 0.4539904997395467 0
    outer loop
      vertex 23.222127021162382 -12.766472363695458 17
      vertex 23.222127021162382 -12.766472363695458 18
      vertex 23.97791689034952 -11.28315122647442 18
    endloop
  endfacet
  facet normal -0.6081103621325478 0.30984770560780617 0.7308872599769404
    outer loop
      vertex 23.222127021162382 -12.766472363695458 18
      vertex 25.099927048495356 -13.798801664609472 20
      vertex 23.97791689034952 -11.28315122647442 18
    endloop
  endfacet
  facet normal -0.5874548968323976 0.3474198575082278 0.7308872599769405
    outer loop
      vertex 23.222127021162382 -12.766472363695458 18
      vertex 24.183964150595326 -15.347610341083652 20
      vertex 25.099927048495356 -13.798801664609472 20
    endloop
  endfacet
  facet normal -0.6081103621325474 0.3098477056078066 0.7308872599769407
    outer loop
      vertex 23.97791689034952 -11.28315122647442 18
      vertex 25.099927048495356 -13.798801664609472 20
      vertex 25.91683200140089 -12.195535422037882 20
    endloop
  endfacet
  facet normal -0.917754625683981 0.39714789063478095 0
    outer loop
      vertex 23.97791689034952 -11.28315122647442 17
      vertex 23.97791689034952 -11.28315122647442 18
      vertex 24.639076876038658 -9.755300646143976 18
    endloop
  endfacet
  facet normal -0.6263658936525578 0.2710527263693037 0.7308872599769406
    outer loop
      vertex 23.97791689034952 -11.28315122647442 18
      vertex 25.91683200140089 -12.195535422037882 20
      vertex 24.639076876038658 -9.755300646143976 18
    endloop
  endfacet
  facet normal -0.9408807689542257 0.33873792024529065 0
    outer loop
      vertex 24.639076876038658 -9.755300646143976 17
      vertex 24.639076876038658 -9.755300646143976 18
      vertex 25.202997681821568 -8.188950350936105 18
    endloop
  endfacet
  facet normal -0.6421494451496786 0.23118802585203221 0.7308872599769406
    outer loop
      vertex 24.639076876038658 -9.755300646143976 18
      vertex 26.63145505867116 -10.544138972765687 20
      vertex 25.202997681821568 -8.188950350936105 18
    endloop
  endfacet
  facet normal -0.6263658936525578 0.2710527263693035 -0.7308872599769406
    outer loop
      vertex 25.91683200140089 -12.195535422037882 15
      vertex 23.97791689034952 -11.28315122647442 17
      vertex 26.63145505867116 -10.544138972765687 15
    endloop
  endfacet
  facet normal -0.6421494451496784 0.23118802585203266 -0.7308872599769406
    outer loop
      vertex 26.63145505867116 -10.544138972765687 15
      vertex 24.639076876038658 -9.755300646143976 17
      vertex 27.240975929579363 -8.85112962412684 15
    endloop
  endfacet
  facet normal -0.6263658936525579 0.27105272636930355 0.7308872599769406
    outer loop
      vertex 24.639076876038658 -9.755300646143976 18
      vertex 25.91683200140089 -12.195535422037882 20
      vertex 26.63145505867116 -10.544138972765687 20
    endloop
  endfacet
  facet normal -0.6421494451496782 0.23118802585203257 0.7308872599769407
    outer loop
      vertex 25.202997681821568 -8.188950350936105 18
      vertex 26.63145505867116 -10.544138972765687 20
      vertex 27.240975929579363 -8.85112962412684 20
    endloop
  endfacet
  facet normal 0.4183079699556826 -0.5392793853606458 -0.7308872599769406
    outer loop
      vertex -16.891735728340283 20.41860093355841 17
      vertex -18.257644276832544 22.06970073833494 15
      vertex -15.576309185750539 21.438950350936107 17
    endloop
  endfacet
  facet normal 0.6129070536529774 -0.7901550123756897 0
    outer loop
      vertex -16.891735728340283 20.41860093355841 17
      vertex -15.576309185750539 21.438950350936107 17
      vertex -16.891735728340283 20.41860093355841 18
    endloop
  endfacet
  facet normal 0.6129070536529774 -0.7901550123756897 0
    outer loop
      vertex -15.576309185750539 21.438950350936107 17
      vertex -15.576309185750539 21.438950350936107 18
      vertex -16.891735728340283 20.41860093355841 18
    endloop
  endfacet
  facet normal 0.41830796995568226 -0.5392793853606462 -0.7308872599769403
    outer loop
      vertex -15.576309185750539 21.438950350936107 17
      vertex -18.257644276832544 22.06970073833494 15
      vertex -16.83584901119781 23.172558194795148 15
    endloop
  endfacet
  facet normal 0.383620901952097 -0.5644810154370652 -0.73088725997694
    outer loop
      vertex -16.83584901119781 23.172558194795148 15
      vertex -15.347610341083652 24.18396415059533 15
      vertex -14.1994100669434 22.374690025803407 17
    endloop
  endfacet
  facet normal 0.3836209019520972 -0.5644810154370649 -0.7308872599769403
    outer loop
      vertex -15.576309185750539 21.438950350936107 17
      vertex -16.83584901119781 23.172558194795148 15
      vertex -14.1994100669434 22.374690025803407 17
    endloop
  endfacet
  facet normal 0.5620833778521304 -0.8270805742745619 0
    outer loop
      vertex -15.576309185750539 21.438950350936107 17
      vertex -14.1994100669434 22.374690025803407 17
      vertex -15.576309185750539 21.438950350936107 18
    endloop
  endfacet
  facet normal 0.5090414157503704 -0.8607420270039442 0
    outer loop
      vertex -14.1994100669434 22.374690025803407 17
      vertex -12.766472363695458 23.222127021162382 17
      vertex -14.1994100669434 22.374690025803407 18
    endloop
  endfacet
  facet normal 0.34741985750822635 -0.5874548968323989 -0.7308872599769402
    outer loop
      vertex -15.347610341083652 24.18396415059533 15
      vertex -12.766472363695458 23.222127021162382 17
      vertex -14.1994100669434 22.374690025803407 17
    endloop
  endfacet
  facet normal 0.4539904997395467 -0.891006524188368 0
    outer loop
      vertex -12.766472363695458 23.222127021162382 17
      vertex -11.28315122647442 23.97791689034952 17
      vertex -12.766472363695458 23.222127021162382 18
    endloop
  endfacet
  facet normal 0.3474198575082268 -0.5874548968323982 -0.7308872599769405
    outer loop
      vertex -15.347610341083652 24.18396415059533 15
      vertex -13.798801664609472 25.099927048495356 15
      vertex -12.766472363695458 23.222127021162382 17
    endloop
  endfacet
  facet normal 0.3098477056078066 -0.6081103621325474 -0.7308872599769407
    outer loop
      vertex -13.798801664609472 25.099927048495356 15
      vertex -12.195535422037882 25.91683200140089 15
      vertex -11.28315122647442 23.97791689034952 17
    endloop
  endfacet
  facet normal 0.30984770560780617 -0.6081103621325478 -0.7308872599769404
    outer loop
      vertex -13.798801664609472 25.099927048495356 15
      vertex -11.28315122647442 23.97791689034952 17
      vertex -12.766472363695458 23.222127021162382 17
    endloop
  endfacet
  facet normal 0.4183079699556824 -0.5392793853606457 0.7308872599769408
    outer loop
      vertex -16.891735728340283 20.41860093355841 18
      vertex -15.576309185750539 21.438950350936107 18
      vertex -16.83584901119781 23.17255819479515 20
    endloop
  endfacet
  facet normal 0.5620833778521304 -0.8270805742745619 0
    outer loop
      vertex -15.576309185750539 21.438950350936107 18
      vertex -14.1994100669434 22.374690025803407 17
      vertex -14.1994100669434 22.374690025803407 18
    endloop
  endfacet
  facet normal 0.38362090195209736 -0.564481015437065 0.73088725997694
    outer loop
      vertex -15.576309185750539 21.438950350936107 18
      vertex -14.1994100669434 22.374690025803407 18
      vertex -15.347610341083652 24.18396415059533 20
    endloop
  endfacet
  facet normal 0.3836209019520957 -0.5644810154370653 0.7308872599769408
    outer loop
      vertex -15.576309185750539 21.438950350936107 18
      vertex -15.347610341083652 24.18396415059533 20
      vertex -16.83584901119781 23.17255819479515 20
    endloop
  endfacet
  facet normal 0.347419857508227 -0.5874548968323985 0.7308872599769402
    outer loop
      vertex -14.1994100669434 22.374690025803407 18
      vertex -13.798801664609472 25.099927048495356 20
      vertex -15.347610341083652 24.18396415059533 20
    endloop
  endfacet
  facet normal 0.5090414157503704 -0.8607420270039442 0
    outer loop
      vertex -14.1994100669434 22.374690025803407 18
      vertex -12.766472363695458 23.222127021162382 17
      vertex -12.766472363695458 23.222127021162382 18
    endloop
  endfacet
  facet normal 0.3474198575082261 -0.5874548968323986 0.7308872599769405
    outer loop
      vertex -14.1994100669434 22.374690025803407 18
      vertex -12.766472363695458 23.222127021162382 18
      vertex -13.798801664609472 25.099927048495356 20
    endloop
  endfacet
  facet normal 0.4539904997395467 -0.891006524188368 0
    outer loop
      vertex -11.28315122647442 23.97791689034952 17
      vertex -11.28315122647442 23.97791689034952 18
      vertex -12.766472363695458 23.222127021162382 18
    endloop
  endfacet
  facet normal 0.3098477056078061 -0.6081103621325477 0.7308872599769407
    outer loop
      vertex -12.766472363695458 23.222127021162382 18
      vertex -11.28315122647442 23.97791689034952 18
      vertex -12.195535422037882 25.91683200140089 20
    endloop
  endfacet
  facet normal 0.3098477056078066 -0.6081103621325475 0.7308872599769404
    outer loop
      vertex -12.766472363695458 23.222127021162382 18
      vertex -12.195535422037882 25.91683200140089 20
      vertex -13.798801664609472 25.099927048495356 20
    endloop
  endfacet
  facet normal 0.2710527263693035 -0.6263658936525578 0.7308872599769407
    outer loop
      vertex -11.28315122647442 23.97791689034952 18
      vertex -10.544138972765687 26.63145505867116 20
      vertex -12.195535422037882 25.91683200140089 20
    endloop
  endfacet
  facet normal 0.27105272636930355 -0.6263658936525579 -0.7308872599769406
    outer loop
      vertex -12.195535422037882 25.91683200140089 15
      vertex -10.544138972765687 26.63145505867116 15
      vertex -9.755300646143976 24.639076876038658 17
    endloop
  endfacet
  facet normal 0.23118802585203257 -0.6421494451496782 -0.7308872599769407
    outer loop
      vertex -10.544138972765687 26.63145505867116 15
      vertex -8.85112962412684 27.240975929579363 15
      vertex -8.188950350936105 25.202997681821568 17
    endloop
  endfacet
  facet normal 0.2710527263693037 -0.6263658936525578 -0.7308872599769407
    outer loop
      vertex -12.195535422037882 25.91683200140089 15
      vertex -9.755300646143976 24.639076876038658 17
      vertex -11.28315122647442 23.97791689034952 17
    endloop
  endfacet
  facet normal 0.39714789063478095 -0.917754625683981 0
    outer loop
      vertex -11.28315122647442 23.97791689034952 17
      vertex -9.755300646143976 24.639076876038658 17
      vertex -11.28315122647442 23.97791689034952 18
    endloop
  endfacet
  facet normal 0.33873792024529065 -0.9408807689542257 0
    outer loop
      vertex -9.755300646143976 24.639076876038658 17
      vertex -8.188950350936105 25.202997681821568 17
      vertex -9.755300646143976 24.639076876038658 18
    endloop
  endfacet
  facet normal 0.23118802585203221 -0.6421494451496786 -0.7308872599769406
    outer loop
      vertex -10.544138972765687 26.63145505867116 15
      vertex -8.188950350936105 25.202997681821568 17
      vertex -9.755300646143976 24.639076876038658 17
    endloop
  endfacet
  facet normal 0.19041093181648616 -0.6553987261569687 -0.7308872599769408
    outer loop
      vertex -8.85112962412684 27.240975929579363 15
      vertex -6.590282009868642 25.667453769908725 17
      vertex -8.188950350936105 25.202997681821568 17
    endloop
  endfacet
  facet normal 0.27899110603922916 -0.960293685676943 0
    outer loop
      vertex -8.188950350936105 25.202997681821568 17
      vertex -6.590282009868642 25.667453769908725 17
      vertex -8.188950350936105 25.202997681821568 18
    endloop
  endfacet
  facet normal 0.14888237282354 -0.666061447815314 -0.7308872599769407
    outer loop
      vertex -7.123188910558048 27.74298911371161 15
      vertex -4.965604836521708 26.030612144310247 17
      vertex -6.590282009868642 25.667453769908725 17
    endloop
  endfacet
  facet normal 0.21814324139654234 -0.9759167619387475 0
    outer loop
      vertex -6.590282009868642 25.667453769908725 17
      vertex -4.965604836521708 26.030612144310247 17
      vertex -6.590282009868642 25.667453769908725 18
    endloop
  endfacet
  facet normal 0.39714789063478095 -0.917754625683981 0
    outer loop
      vertex -9.755300646143976 24.639076876038658 17
      vertex -9.755300646143976 24.639076876038658 18
      vertex -11.28315122647442 23.97791689034952 18
    endloop
  endfacet
  facet normal 0.2710527263693038 -0.6263658936525579 0.7308872599769407
    outer loop
      vertex -11.28315122647442 23.97791689034952 18
      vertex -9.755300646143976 24.639076876038658 18
      vertex -10.544138972765687 26.63145505867116 20
    endloop
  endfacet
  facet normal 0.33873792024529065 -0.9408807689542257 0
    outer loop
      vertex -9.755300646143976 24.639076876038658 18
      vertex -8.188950350936105 25.202997681821568 17
      vertex -8.188950350936105 25.202997681821568 18
    endloop
  endfacet
  facet normal 0.23118802585203213 -0.6421494451496784 0.7308872599769406
    outer loop
      vertex -9.755300646143976 24.639076876038658 18
      vertex -8.188950350936105 25.202997681821568 18
      vertex -8.85112962412684 27.240975929579363 20
    endloop
  endfacet
  facet normal 0.2311880258520327 -0.6421494451496785 0.7308872599769406
    outer loop
      vertex -9.755300646143976 24.639076876038658 18
      vertex -8.85112962412684 27.240975929579363 20
      vertex -10.544138972765687 26.63145505867116 20
    endloop
  endfacet
  facet normal 0.27899110603922916 -0.960293685676943 0
    outer loop
      vertex -6.590282009868642 25.667453769908725 17
      vertex -6.590282009868642 25.667453769908725 18
      vertex -8.188950350936105 25.202997681821568 18
    endloop
  endfacet
  facet normal 0.19041093181648616 -0.6553987261569687 0.7308872599769407
    outer loop
      vertex -8.188950350936105 25.202997681821568 18
      vertex -6.590282009868642 25.667453769908725 18
      vertex -7.123188910558048 27.74298911371161 20
    endloop
  endfacet
  facet normal 0.21814324139654234 -0.9759167619387475 0
    outer loop
      vertex -4.965604836521708 26.030612144310247 17
      vertex -4.965604836521708 26.030612144310247 18
      vertex -6.590282009868642 25.667453769908725 18
    endloop
  endfacet
  facet normal 0.19041093181648608 -0.6553987261569687 -0.7308872599769407
    outer loop
      vertex -8.85112962412684 27.240975929579363 15
      vertex -7.123188910558048 27.74298911371161 15
      vertex -6.590282009868642 25.667453769908725 17
    endloop
  endfacet
  facet normal 0.14888237282353972 -0.6660614478153142 -0.7308872599769405
    outer loop
      vertex -7.123188910558048 27.74298911371161 15
      vertex -5.367136224634771 28.13551339437813 15
      vertex -4.965604836521708 26.030612144310247 17
    endloop
  endfacet
  facet normal 0.19041093181648608 -0.6553987261569687 0.7308872599769408
    outer loop
      vertex -8.188950350936105 25.202997681821568 18
      vertex -7.123188910558048 27.74298911371161 20
      vertex -8.85112962412684 27.240975929579363 20
    endloop
  endfacet
  facet normal 0.14888237282354005 -0.6660614478153142 0.7308872599769406
    outer loop
      vertex -6.590282009868642 25.667453769908725 18
      vertex -4.965604836521708 26.030612144310247 18
      vertex -5.367136224634772 28.13551339437813 20
    endloop
  endfacet
  facet normal 0.14888237282353975 -0.6660614478153141 0.7308872599769407
    outer loop
      vertex -6.590282009868642 25.667453769908725 18
      vertex -5.367136224634772 28.13551339437813 20
      vertex -7.123188910558048 27.74298911371161 20
    endloop
  endfacet
  facet normal 0.15643446504023145 -0.9876883405951377 0
    outer loop
      vertex -4.965604836521708 26.030612144310247 17
      vertex -3.3213306894540575 26.291039584833662 17
      vertex -4.965604836521708 26.030612144310247 18
    endloop
  endfacet
  facet normal 0.09410831331851473 -0.9955619646030801 0
    outer loop
      vertex -3.3213306894540575 26.291039584833662 17
      vertex -1.6639487675268148 26.447708303349195 17
      vertex -3.3213306894540575 26.291039584833662 18
    endloop
  endfacet
  facet normal 0.03141075907812888 -0.9995065603657315 0
    outer loop
      vertex -1.6639487675268148 26.447708303349195 17
      vertex 0 26.5 17
      vertex -1.6639487675268148 26.447708303349195 18
    endloop
  endfacet
  facet normal -0.03141075907812888 -0.9995065603657315 0
    outer loop
      vertex 0 26.5 17
      vertex 1.6639487675268148 26.447708303349195 17
      vertex 0 26.5 18
    endloop
  endfacet
  facet normal 0.15643446504023145 -0.9876883405951377 0
    outer loop
      vertex -4.965604836521708 26.030612144310247 18
      vertex -3.3213306894540575 26.291039584833662 17
      vertex -3.3213306894540575 26.291039584833662 18
    endloop
  endfacet
  facet normal 0.09410831331851473 -0.9955619646030801 0
    outer loop
      vertex -1.6639487675268148 26.447708303349195 17
      vertex -1.6639487675268148 26.447708303349195 18
      vertex -3.3213306894540575 26.291039584833662 18
    endloop
  endfacet
  facet normal 0.03141075907812888 -0.9995065603657315 0
    outer loop
      vertex -1.6639487675268148 26.447708303349195 18
      vertex 0 26.5 17
      vertex 0 26.5 18
    endloop
  endfacet
  facet normal 0.10676624312294625 -0.6740955292336628 -0.7308872599769406
    outer loop
      vertex -5.367136224634771 28.13551339437813 15
      vertex -3.5899019040441367 28.416999657570436 15
      vertex -3.3213306894540575 26.291039584833662 17
    endloop
  endfacet
  facet normal 0.06422875583760093 -0.6794692635630802 -0.7308872599769403
    outer loop
      vertex -3.5899019040441367 28.416999657570436 15
      vertex -1.7984998807084411 28.586337005606534 15
      vertex -1.6639487675268148 26.447708303349195 17
    endloop
  endfacet
  facet normal 0.10676624312294616 -0.6740955292336628 -0.7308872599769406
    outer loop
      vertex -5.367136224634771 28.13551339437813 15
      vertex -3.3213306894540575 26.291039584833662 17
      vertex -4.965604836521708 26.030612144310247 17
    endloop
  endfacet
  facet normal 0.06422875583760217 -0.6794692635630796 -0.7308872599769406
    outer loop
      vertex -3.5899019040441367 28.416999657570436 15
      vertex -1.6639487675268148 26.447708303349195 17
      vertex -3.3213306894540575 26.291039584833662 17
    endloop
  endfacet
  facet normal 0.02143778699629563 -0.6821614431291918 -0.7308872599769404
    outer loop
      vertex -1.7984998807084411 28.586337005606534 15
      vertex 0 28.642857141336616 15
      vertex 0 26.5 17
    endloop
  endfacet
  facet normal 0.021437786996294752 -0.6821614431291922 -0.7308872599769402
    outer loop
      vertex -1.7984998807084411 28.586337005606534 15
      vertex 0 26.5 17
      vertex -1.6639487675268148 26.447708303349195 17
    endloop
  endfacet
  facet normal -0.02143778699629474 -0.6821614431291919 -0.7308872599769405
    outer loop
      vertex 0 28.642857141336616 15
      vertex 1.6639487675268148 26.447708303349195 17
      vertex 0 26.5 17
    endloop
  endfacet
  facet normal 0.10676624312294616 -0.6740955292336628 0.7308872599769407
    outer loop
      vertex -4.965604836521708 26.030612144310247 18
      vertex -3.3213306894540575 26.291039584833662 18
      vertex -3.5899019040441367 28.416999657570436 20
    endloop
  endfacet
  facet normal 0.06422875583760217 -0.6794692635630796 0.7308872599769407
    outer loop
      vertex -3.3213306894540575 26.291039584833662 18
      vertex -1.6639487675268148 26.447708303349195 18
      vertex -1.7984998807084411 28.586337005606538 20
    endloop
  endfacet
  facet normal 0.10676624312294619 -0.6740955292336628 0.7308872599769406
    outer loop
      vertex -4.965604836521708 26.030612144310247 18
      vertex -3.5899019040441367 28.416999657570436 20
      vertex -5.367136224634772 28.13551339437813 20
    endloop
  endfacet
  facet normal 0.06422875583760221 -0.6794692635630795 0.7308872599769406
    outer loop
      vertex -3.3213306894540575 26.291039584833662 18
      vertex -1.7984998807084411 28.586337005606538 20
      vertex -3.5899019040441367 28.416999657570436 20
    endloop
  endfacet
  facet normal 0.02143778699629474 -0.6821614431291919 0.7308872599769406
    outer loop
      vertex -1.6639487675268148 26.447708303349195 18
      vertex 0 26.5 18
      vertex 0 28.642857141336616 20
    endloop
  endfacet
  facet normal 0.02143778699629428 -0.6821614431291917 0.7308872599769407
    outer loop
      vertex -1.6639487675268148 26.447708303349195 18
      vertex 0 28.642857141336616 20
      vertex -1.7984998807084411 28.586337005606538 20
    endloop
  endfacet
  facet normal -0.021437786996294287 -0.6821614431291919 0.7308872599769405
    outer loop
      vertex 0 26.5 18
      vertex 1.7984998807084411 28.586337005606538 20
      vertex 0 28.642857141336616 20
    endloop
  endfacet
  facet normal -0.09410831331851473 -0.9955619646030801 0
    outer loop
      vertex 1.6639487675268148 26.447708303349195 17
      vertex 3.3213306894540575 26.291039584833662 17
      vertex 1.6639487675268148 26.447708303349195 18
    endloop
  endfacet
  facet normal -0.15643446504023145 -0.9876883405951377 0
    outer loop
      vertex 3.3213306894540575 26.291039584833662 17
      vertex 4.965604836521708 26.030612144310247 17
      vertex 3.3213306894540575 26.291039584833662 18
    endloop
  endfacet
  facet normal -0.21814324139654234 -0.9759167619387475 0
    outer loop
      vertex 4.965604836521708 26.030612144310247 17
      vertex 6.590282009868642 25.667453769908725 17
      vertex 4.965604836521708 26.030612144310247 18
    endloop
  endfacet
  facet normal -0.27899110603922916 -0.960293685676943 0
    outer loop
      vertex 6.590282009868642 25.667453769908725 17
      vertex 8.188950350936105 25.202997681821568 17
      vertex 6.590282009868642 25.667453769908725 18
    endloop
  endfacet
  facet normal -0.03141075907812888 -0.9995065603657315 0
    outer loop
      vertex 1.6639487675268148 26.447708303349195 17
      vertex 1.6639487675268148 26.447708303349195 18
      vertex 0 26.5 18
    endloop
  endfacet
  facet normal -0.09410831331851473 -0.9955619646030801 0
    outer loop
      vertex 3.3213306894540575 26.291039584833662 17
      vertex 3.3213306894540575 26.291039584833662 18
      vertex 1.6639487675268148 26.447708303349195 18
    endloop
  endfacet
  facet normal -0.15643446504023145 -0.9876883405951377 0
    outer loop
      vertex 3.3213306894540575 26.291039584833662 18
      vertex 4.965604836521708 26.030612144310247 17
      vertex 4.965604836521708 26.030612144310247 18
    endloop
  endfacet
  facet normal -0.21814324139654234 -0.9759167619387475 0
    outer loop
      vertex 6.590282009868642 25.667453769908725 17
      vertex 6.590282009868642 25.667453769908725 18
      vertex 4.965604836521708 26.030612144310247 18
    endloop
  endfacet
  facet normal -0.14888237282354 -0.666061447815314 0.7308872599769407
    outer loop
      vertex 4.965604836521708 26.030612144310247 18
      vertex 6.590282009868642 25.667453769908725 18
      vertex 7.123188910558048 27.74298911371161 20
    endloop
  endfacet
  facet normal -0.02143778699629565 -0.6821614431291924 -0.7308872599769402
    outer loop
      vertex 0 28.642857141336616 15
      vertex 1.798499880708441 28.586337005606534 15
      vertex 1.6639487675268148 26.447708303349195 17
    endloop
  endfacet
  facet normal -0.06422875583760088 -0.6794692635630797 -0.7308872599769407
    outer loop
      vertex 1.798499880708441 28.586337005606534 15
      vertex 3.5899019040441367 28.416999657570436 15
      vertex 3.3213306894540575 26.291039584833662 17
    endloop
  endfacet
  facet normal -0.06422875583760222 -0.6794692635630802 -0.7308872599769402
    outer loop
      vertex 1.798499880708441 28.586337005606534 15
      vertex 3.3213306894540575 26.291039584833662 17
      vertex 1.6639487675268148 26.447708303349195 17
    endloop
  endfacet
  facet normal -0.10676624312294616 -0.6740955292336628 -0.7308872599769406
    outer loop
      vertex 3.5899019040441367 28.416999657570436 15
      vertex 4.965604836521708 26.030612144310247 17
      vertex 3.3213306894540575 26.291039584833662 17
    endloop
  endfacet
  facet normal -0.10676624312294619 -0.6740955292336628 -0.7308872599769407
    outer loop
      vertex 3.5899019040441367 28.416999657570436 15
      vertex 5.367136224634772 28.13551339437813 15
      vertex 4.965604836521708 26.030612144310247 17
    endloop
  endfacet
  facet normal -0.14888237282353975 -0.6660614478153141 -0.7308872599769407
    outer loop
      vertex 5.367136224634772 28.13551339437813 15
      vertex 7.123188910558048 27.74298911371161 15
      vertex 6.590282009868642 25.667453769908725 17
    endloop
  endfacet
  facet normal -0.14888237282354003 -0.6660614478153141 -0.7308872599769406
    outer loop
      vertex 5.367136224634772 28.13551339437813 15
      vertex 6.590282009868642 25.667453769908725 17
      vertex 4.965604836521708 26.030612144310247 17
    endloop
  endfacet
  facet normal -0.02143778699629473 -0.6821614431291917 0.7308872599769407
    outer loop
      vertex 0 26.5 18
      vertex 1.6639487675268148 26.447708303349195 18
      vertex 1.7984998807084411 28.586337005606538 20
    endloop
  endfacet
  facet normal -0.06422875583760217 -0.6794692635630796 0.7308872599769407
    outer loop
      vertex 1.6639487675268148 26.447708303349195 18
      vertex 3.3213306894540575 26.291039584833662 18
      vertex 3.5899019040441367 28.416999657570436 20
    endloop
  endfacet
  facet normal -0.06422875583760221 -0.6794692635630795 0.7308872599769406
    outer loop
      vertex 1.6639487675268148 26.447708303349195 18
      vertex 3.5899019040441367 28.416999657570436 20
      vertex 1.7984998807084411 28.586337005606538 20
    endloop
  endfacet
  facet normal -0.10676624312294619 -0.6740955292336628 0.7308872599769407
    outer loop
      vertex 3.3213306894540575 26.291039584833662 18
      vertex 5.367136224634772 28.13551339437813 20
      vertex 3.5899019040441367 28.416999657570436 20
    endloop
  endfacet
  facet normal -0.10676624312294616 -0.6740955292336628 0.7308872599769406
    outer loop
      vertex 3.3213306894540575 26.291039584833662 18
      vertex 4.965604836521708 26.030612144310247 18
      vertex 5.367136224634772 28.13551339437813 20
    endloop
  endfacet
  facet normal -0.14888237282353978 -0.6660614478153142 0.7308872599769406
    outer loop
      vertex 4.965604836521708 26.030612144310247 18
      vertex 7.123188910558048 27.74298911371161 20
      vertex 5.367136224634772 28.13551339437813 20
    endloop
  endfacet
  facet normal -0.9408807689542257 0.33873792024529065 0
    outer loop
      vertex 24.639076876038658 -9.755300646143976 17
      vertex 25.202997681821568 -8.188950350936105 18
      vertex 25.202997681821568 -8.188950350936105 17
    endloop
  endfacet
  facet normal -0.960293685676943 0.27899110603922916 0
    outer loop
      vertex 25.202997681821568 -8.188950350936105 17
      vertex 25.202997681821568 -8.188950350936105 18
      vertex 25.667453769908725 -6.590282009868642 18
    endloop
  endfacet
  facet normal -0.6553987261569687 0.19041093181648608 -0.7308872599769408
    outer loop
      vertex 27.240975929579363 -8.85112962412684 15
      vertex 25.202997681821568 -8.188950350936105 17
      vertex 27.74298911371161 -7.123188910558048 15
    endloop
  endfacet
  facet normal -0.6421494451496784 0.23118802585203213 -0.7308872599769408
    outer loop
      vertex 27.240975929579363 -8.85112962412684 15
      vertex 24.639076876038658 -9.755300646143976 17
      vertex 25.202997681821568 -8.188950350936105 17
    endloop
  endfacet
  facet normal -0.6553987261569687 0.19041093181648616 -0.7308872599769407
    outer loop
      vertex 25.202997681821568 -8.188950350936105 17
      vertex 25.667453769908725 -6.590282009868642 17
      vertex 27.74298911371161 -7.123188910558048 15
    endloop
  endfacet
  facet normal -0.960293685676943 0.27899110603922916 0
    outer loop
      vertex 25.202997681821568 -8.188950350936105 17
      vertex 25.667453769908725 -6.590282009868642 18
      vertex 25.667453769908725 -6.590282009868642 17
    endloop
  endfacet
  facet normal -0.6660614478153141 0.14888237282353975 -0.7308872599769407
    outer loop
      vertex 27.74298911371161 -7.123188910558048 15
      vertex 25.667453769908725 -6.590282009868642 17
      vertex 28.13551339437813 -5.367136224634772 15
    endloop
  endfacet
  facet normal -0.6740955292336628 0.10676624312294619 -0.7308872599769406
    outer loop
      vertex 28.13551339437813 -5.367136224634772 15
      vertex 26.030612144310247 -4.965604836521708 17
      vertex 28.416999657570436 -3.5899019040441367 15
    endloop
  endfacet
  facet normal -0.6660614478153141 0.14888237282354003 -0.7308872599769406
    outer loop
      vertex 28.13551339437813 -5.367136224634772 15
      vertex 25.667453769908725 -6.590282009868642 17
      vertex 26.030612144310247 -4.965604836521708 17
    endloop
  endfacet
  facet normal -0.9759167619387475 0.21814324139654234 0
    outer loop
      vertex 25.667453769908725 -6.590282009868642 17
      vertex 26.030612144310247 -4.965604836521708 18
      vertex 26.030612144310247 -4.965604836521708 17
    endloop
  endfacet
  facet normal -0.6553987261569687 0.19041093181648616 0.7308872599769407
    outer loop
      vertex 25.202997681821568 -8.188950350936105 18
      vertex 27.240975929579363 -8.85112962412684 20
      vertex 25.667453769908725 -6.590282009868642 18
    endloop
  endfacet
  facet normal -0.6553987261569688 0.190410931816486 0.7308872599769407
    outer loop
      vertex 25.667453769908725 -6.590282009868642 18
      vertex 27.240975929579363 -8.85112962412684 20
      vertex 27.74298911371161 -7.1231889105580475 20
    endloop
  endfacet
  facet normal -0.9759167619387475 0.21814324139654234 0
    outer loop
      vertex 25.667453769908725 -6.590282009868642 17
      vertex 25.667453769908725 -6.590282009868642 18
      vertex 26.030612144310247 -4.965604836521708 18
    endloop
  endfacet
  facet normal -0.6660614478153141 0.14888237282354003 0.7308872599769408
    outer loop
      vertex 25.667453769908725 -6.590282009868642 18
      vertex 27.74298911371161 -7.1231889105580475 20
      vertex 26.030612144310247 -4.965604836521708 18
    endloop
  endfacet
  facet normal -0.9876883405951377 0.15643446504023145 0
    outer loop
      vertex 26.030612144310247 -4.965604836521708 17
      vertex 26.030612144310247 -4.965604836521708 18
      vertex 26.291039584833662 -3.3213306894540575 18
    endloop
  endfacet
  facet normal -0.6740955292336628 0.10676624312294616 0.7308872599769406
    outer loop
      vertex 26.030612144310247 -4.965604836521708 18
      vertex 28.13551339437813 -5.367136224634772 20
      vertex 26.291039584833662 -3.3213306894540575 18
    endloop
  endfacet
  facet normal -0.6660614478153142 0.14888237282353986 0.7308872599769406
    outer loop
      vertex 26.030612144310247 -4.965604836521708 18
      vertex 27.74298911371161 -7.1231889105580475 20
      vertex 28.13551339437813 -5.367136224634772 20
    endloop
  endfacet
  facet normal -0.674095529233662 0.10676624312294741 0.7308872599769412
    outer loop
      vertex 26.291039584833662 -3.3213306894540575 18
      vertex 28.13551339437813 -5.367136224634772 20
      vertex 28.41699965757044 -3.5899019040441367 20
    endloop
  endfacet
  facet normal -0.6794692635630796 0.06422875583760221 -0.7308872599769407
    outer loop
      vertex 28.416999657570436 -3.5899019040441367 15
      vertex 26.291039584833662 -3.3213306894540575 17
      vertex 28.586337005606538 -1.798499880708441 15
    endloop
  endfacet
  facet normal -0.6740955292336628 0.10676624312294616 -0.7308872599769406
    outer loop
      vertex 28.416999657570436 -3.5899019040441367 15
      vertex 26.030612144310247 -4.965604836521708 17
      vertex 26.291039584833662 -3.3213306894540575 17
    endloop
  endfacet
  facet normal -0.9876883405951377 0.15643446504023145 0
    outer loop
      vertex 26.030612144310247 -4.965604836521708 17
      vertex 26.291039584833662 -3.3213306894540575 18
      vertex 26.291039584833662 -3.3213306894540575 17
    endloop
  endfacet
  facet normal -0.9955619646030801 0.09410831331851473 0
    outer loop
      vertex 26.291039584833662 -3.3213306894540575 17
      vertex 26.447708303349195 -1.6639487675268148 18
      vertex 26.447708303349195 -1.6639487675268148 17
    endloop
  endfacet
  facet normal -0.6794692635630796 0.06422875583760217 -0.7308872599769407
    outer loop
      vertex 28.586337005606538 -1.798499880708441 15
      vertex 26.291039584833662 -3.3213306894540575 17
      vertex 26.447708303349195 -1.6639487675268148 17
    endloop
  endfacet
  facet normal -0.6821614431291917 0.021437786996292937 -0.7308872599769406
    outer loop
      vertex 28.586337005606538 -1.798499880708441 15
      vertex 26.447708303349195 -1.6639487675268148 17
      vertex 28.642857141336613 0 15
    endloop
  endfacet
  facet normal -0.6821614431291925 -0.021437786996294304 -0.7308872599769399
    outer loop
      vertex 28.642857141336613 0 15
      vertex 26.5 0 17
      vertex 28.586337005606534 1.798499880708441 15
    endloop
  endfacet
  facet normal -0.9995065603657315 0.03141075907812888 0
    outer loop
      vertex 26.447708303349195 -1.6639487675268148 17
      vertex 26.5 0 18
      vertex 26.5 0 17
    endloop
  endfacet
  facet normal -0.6821614431291925 0.021437786996294755 -0.7308872599769399
    outer loop
      vertex 26.447708303349195 -1.6639487675268148 17
      vertex 26.5 0 17
      vertex 28.642857141336613 0 15
    endloop
  endfacet
  facet normal -0.9955619646030801 0.09410831331851473 0
    outer loop
      vertex 26.291039584833662 -3.3213306894540575 17
      vertex 26.291039584833662 -3.3213306894540575 18
      vertex 26.447708303349195 -1.6639487675268148 18
    endloop
  endfacet
  facet normal -0.6794692635630789 0.0642287558376021 0.7308872599769413
    outer loop
      vertex 26.291039584833662 -3.3213306894540575 18
      vertex 28.41699965757044 -3.5899019040441367 20
      vertex 26.447708303349195 -1.6639487675268148 18
    endloop
  endfacet
  facet normal -0.6794692635630796 0.06422875583760088 0.7308872599769407
    outer loop
      vertex 26.447708303349195 -1.6639487675268148 18
      vertex 28.41699965757044 -3.5899019040441367 20
      vertex 28.586337005606538 -1.7984998807084411 20
    endloop
  endfacet
  facet normal -0.9995065603657315 0.03141075907812888 0
    outer loop
      vertex 26.447708303349195 -1.6639487675268148 17
      vertex 26.447708303349195 -1.6639487675268148 18
      vertex 26.5 0 18
    endloop
  endfacet
  facet normal -0.9995065603657315 -0.03141075907812888 0
    outer loop
      vertex 26.5 0 17
      vertex 26.5 0 18
      vertex 26.447708303349195 1.6639487675268148 18
    endloop
  endfacet
  facet normal -0.6821614431291917 0.02143778699629473 0.7308872599769407
    outer loop
      vertex 26.447708303349195 -1.6639487675268148 18
      vertex 28.586337005606538 -1.7984998807084411 20
      vertex 26.5 0 18
    endloop
  endfacet
  facet normal -0.6821614431291919 -0.02143778699629474 0.7308872599769405
    outer loop
      vertex 26.5 0 18
      vertex 28.642857141336616 0 20
      vertex 26.447708303349195 1.6639487675268148 18
    endloop
  endfacet
  facet normal -0.6821614431291919 0.021437786996294287 0.7308872599769405
    outer loop
      vertex 26.5 0 18
      vertex 28.586337005606538 -1.7984998807084411 20
      vertex 28.642857141336616 0 20
    endloop
  endfacet
  facet normal -0.960293685676943 -0.27899110603922916 0
    outer loop
      vertex 25.667453769908725 6.590282009868642 17
      vertex 25.202997681821568 8.188950350936105 18
      vertex 25.202997681821568 8.188950350936105 17
    endloop
  endfacet
  facet normal -0.6421494451496785 -0.2311880258520322 -0.7308872599769406
    outer loop
      vertex 26.63145505867116 10.544138972765689 15
      vertex 25.202997681821568 8.188950350936105 17
      vertex 24.639076876038658 9.755300646143976 17
    endloop
  endfacet
  facet normal -0.9408807689542257 -0.33873792024529065 0
    outer loop
      vertex 25.202997681821568 8.188950350936105 17
      vertex 24.639076876038658 9.755300646143976 18
      vertex 24.639076876038658 9.755300646143976 17
    endloop
  endfacet
  facet normal -0.6263658936525578 -0.2710527263693037 -0.7308872599769407
    outer loop
      vertex 25.91683200140089 12.195535422037882 15
      vertex 24.639076876038658 9.755300646143976 17
      vertex 23.97791689034952 11.28315122647442 17
    endloop
  endfacet
  facet normal -0.917754625683981 -0.39714789063478095 0
    outer loop
      vertex 23.97791689034952 11.28315122647442 17
      vertex 24.639076876038658 9.755300646143976 17
      vertex 23.97791689034952 11.28315122647442 18
    endloop
  endfacet
  facet normal -0.9408807689542257 -0.33873792024529065 0
    outer loop
      vertex 25.202997681821568 8.188950350936105 17
      vertex 25.202997681821568 8.188950350936105 18
      vertex 24.639076876038658 9.755300646143976 18
    endloop
  endfacet
  facet normal -0.917754625683981 -0.39714789063478095 0
    outer loop
      vertex 23.97791689034952 11.28315122647442 18
      vertex 24.639076876038658 9.755300646143976 17
      vertex 24.639076876038658 9.755300646143976 18
    endloop
  endfacet
  facet normal -0.6263658936525579 -0.2710527263693038 0.7308872599769407
    outer loop
      vertex 23.97791689034952 11.28315122647442 18
      vertex 24.639076876038658 9.755300646143976 18
      vertex 26.63145505867116 10.544138972765687 20
    endloop
  endfacet
  facet normal -0.6794692635630802 -0.06422875583760093 -0.73088725997694
    outer loop
      vertex 28.586337005606534 1.798499880708441 15
      vertex 26.447708303349195 1.6639487675268148 17
      vertex 28.416999657570436 3.5899019040441367 15
    endloop
  endfacet
  facet normal -0.9995065603657315 -0.03141075907812888 0
    outer loop
      vertex 26.5 0 17
      vertex 26.447708303349195 1.6639487675268148 18
      vertex 26.447708303349195 1.6639487675268148 17
    endloop
  endfacet
  facet normal -0.9955619646030801 -0.09410831331851473 0
    outer loop
      vertex 26.447708303349195 1.6639487675268148 17
      vertex 26.291039584833662 3.3213306894540575 18
      vertex 26.291039584833662 3.3213306894540575 17
    endloop
  endfacet
  facet normal -0.6821614431291922 -0.021437786996294752 -0.7308872599769402
    outer loop
      vertex 28.586337005606534 1.798499880708441 15
      vertex 26.5 0 17
      vertex 26.447708303349195 1.6639487675268148 17
    endloop
  endfacet
  facet normal -0.6794692635630796 -0.06422875583760217 -0.7308872599769406
    outer loop
      vertex 28.416999657570436 3.5899019040441367 15
      vertex 26.447708303349195 1.6639487675268148 17
      vertex 26.291039584833662 3.3213306894540575 17
    endloop
  endfacet
  facet normal -0.6740955292336628 -0.10676624312294619 -0.7308872599769407
    outer loop
      vertex 28.416999657570436 3.5899019040441367 15
      vertex 26.291039584833662 3.3213306894540575 17
      vertex 28.13551339437813 5.367136224634772 15
    endloop
  endfacet
  facet normal -0.6660614478153142 -0.14888237282353978 -0.7308872599769406
    outer loop
      vertex 28.13551339437813 5.367136224634772 15
      vertex 26.030612144310247 4.965604836521708 17
      vertex 27.74298911371161 7.123188910558048 15
    endloop
  endfacet
  facet normal -0.6740955292336628 -0.10676624312294616 -0.7308872599769406
    outer loop
      vertex 28.13551339437813 5.367136224634772 15
      vertex 26.291039584833662 3.3213306894540575 17
      vertex 26.030612144310247 4.965604836521708 17
    endloop
  endfacet
  facet normal -0.9876883405951377 -0.15643446504023145 0
    outer loop
      vertex 26.291039584833662 3.3213306894540575 17
      vertex 26.030612144310247 4.965604836521708 18
      vertex 26.030612144310247 4.965604836521708 17
    endloop
  endfacet
  facet normal -0.9759167619387475 -0.21814324139654234 0
    outer loop
      vertex 26.030612144310247 4.965604836521708 17
      vertex 25.667453769908725 6.590282009868642 18
      vertex 25.667453769908725 6.590282009868642 17
    endloop
  endfacet
  facet normal -0.9955619646030801 -0.09410831331851473 0
    outer loop
      vertex 26.447708303349195 1.6639487675268148 17
      vertex 26.447708303349195 1.6639487675268148 18
      vertex 26.291039584833662 3.3213306894540575 18
    endloop
  endfacet
  facet normal -0.6794692635630796 -0.06422875583760217 0.7308872599769408
    outer loop
      vertex 26.447708303349195 1.6639487675268148 18
      vertex 28.586337005606538 1.7984998807084411 20
      vertex 26.291039584833662 3.3213306894540575 18
    endloop
  endfacet
  facet normal -0.6821614431291917 -0.02143778699629428 0.7308872599769407
    outer loop
      vertex 26.447708303349195 1.6639487675268148 18
      vertex 28.642857141336616 0 20
      vertex 28.586337005606538 1.7984998807084411 20
    endloop
  endfacet
  facet normal -0.6794692635630795 -0.06422875583760221 0.7308872599769406
    outer loop
      vertex 26.291039584833662 3.3213306894540575 18
      vertex 28.586337005606538 1.7984998807084411 20
      vertex 28.416999657570436 3.5899019040441367 20
    endloop
  endfacet
  facet normal -0.9876883405951377 -0.15643446504023145 0
    outer loop
      vertex 26.291039584833662 3.3213306894540575 17
      vertex 26.291039584833662 3.3213306894540575 18
      vertex 26.030612144310247 4.965604836521708 18
    endloop
  endfacet
  facet normal -0.6740955292336628 -0.10676624312294616 0.7308872599769406
    outer loop
      vertex 26.291039584833662 3.3213306894540575 18
      vertex 28.416999657570436 3.5899019040441367 20
      vertex 26.030612144310247 4.965604836521708 18
    endloop
  endfacet
  facet normal -0.9759167619387475 -0.21814324139654234 0
    outer loop
      vertex 26.030612144310247 4.965604836521708 17
      vertex 26.030612144310247 4.965604836521708 18
      vertex 25.667453769908725 6.590282009868642 18
    endloop
  endfacet
  facet normal -0.6660614478153141 -0.14888237282354003 0.7308872599769406
    outer loop
      vertex 26.030612144310247 4.965604836521708 18
      vertex 28.13551339437813 5.367136224634772 20
      vertex 25.667453769908725 6.590282009868642 18
    endloop
  endfacet
  facet normal -0.6740955292336628 -0.10676624312294619 0.7308872599769406
    outer loop
      vertex 26.030612144310247 4.965604836521708 18
      vertex 28.416999657570436 3.5899019040441367 20
      vertex 28.13551339437813 5.367136224634772 20
    endloop
  endfacet
  facet normal -0.6553987261569688 -0.1904109318164861 -0.7308872599769407
    outer loop
      vertex 27.74298911371161 7.123188910558048 15
      vertex 25.667453769908725 6.590282009868642 17
      vertex 27.240975929579363 8.85112962412684 15
    endloop
  endfacet
  facet normal -0.666061447815314 -0.14888237282354 -0.7308872599769407
    outer loop
      vertex 27.74298911371161 7.123188910558048 15
      vertex 26.030612144310247 4.965604836521708 17
      vertex 25.667453769908725 6.590282009868642 17
    endloop
  endfacet
  facet normal -0.6553987261569687 -0.19041093181648616 -0.7308872599769407
    outer loop
      vertex 25.667453769908725 6.590282009868642 17
      vertex 25.202997681821568 8.188950350936105 17
      vertex 27.240975929579363 8.85112962412684 15
    endloop
  endfacet
  facet normal -0.6421494451496783 -0.23118802585203238 -0.7308872599769408
    outer loop
      vertex 26.63145505867116 10.544138972765689 15
      vertex 27.240975929579363 8.85112962412684 15
      vertex 25.202997681821568 8.188950350936105 17
    endloop
  endfacet
  facet normal -0.6263658936525578 -0.2710527263693038 -0.7308872599769407
    outer loop
      vertex 26.63145505867116 10.544138972765689 15
      vertex 24.639076876038658 9.755300646143976 17
      vertex 25.91683200140089 12.195535422037882 15
    endloop
  endfacet
  facet normal -0.960293685676943 -0.27899110603922916 0
    outer loop
      vertex 25.667453769908725 6.590282009868642 17
      vertex 25.667453769908725 6.590282009868642 18
      vertex 25.202997681821568 8.188950350936105 18
    endloop
  endfacet
  facet normal -0.6553987261569693 -0.19041093181648633 0.73088725997694
    outer loop
      vertex 25.667453769908725 6.590282009868642 18
      vertex 27.742989113711605 7.1231889105580475 20
      vertex 25.202997681821568 8.188950350936105 18
    endloop
  endfacet
  facet normal -0.655398726156969 -0.19041093181648472 0.7308872599769407
    outer loop
      vertex 25.202997681821568 8.188950350936105 18
      vertex 27.742989113711605 7.1231889105580475 20
      vertex 27.240975929579363 8.85112962412684 20
    endloop
  endfacet
  facet normal -0.6660614478153144 -0.14888237282354125 0.7308872599769402
    outer loop
      vertex 25.667453769908725 6.590282009868642 18
      vertex 28.13551339437813 5.367136224634772 20
      vertex 27.742989113711605 7.1231889105580475 20
    endloop
  endfacet
  facet normal -0.6421494451496784 -0.23118802585203213 0.7308872599769407
    outer loop
      vertex 25.202997681821568 8.188950350936105 18
      vertex 27.240975929579363 8.85112962412684 20
      vertex 24.639076876038658 9.755300646143976 18
    endloop
  endfacet
  facet normal -0.6421494451496785 -0.2311880258520327 0.7308872599769406
    outer loop
      vertex 24.639076876038658 9.755300646143976 18
      vertex 27.240975929579363 8.85112962412684 20
      vertex 26.63145505867116 10.544138972765687 20
    endloop
  endfacet
  facet normal -0.6129070536529774 -0.7901550123756897 0
    outer loop
      vertex 15.576309185750539 21.438950350936107 17
      vertex 16.891735728340283 20.41860093355841 17
      vertex 15.576309185750539 21.438950350936107 18
    endloop
  endfacet
  facet normal -0.4513441675085847 -0.5119494659235249 -0.7308872599769407
    outer loop
      vertex 19.60738496163085 20.879744255747735 15
      vertex 18.140498307110246 19.31766862666741 17
      vertex 18.257644276832544 22.069700738334944 15
    endloop
  endfacet
  facet normal -0.6613118653236516 -0.7501110696304597 0
    outer loop
      vertex 18.140498307110246 19.31766862666741 17
      vertex 16.891735728340283 20.41860093355841 18
      vertex 16.891735728340283 20.41860093355841 17
    endloop
  endfacet
  facet normal -0.4513441675085843 -0.511949465923525 -0.7308872599769409
    outer loop
      vertex 18.140498307110246 19.31766862666741 17
      vertex 16.891735728340283 20.41860093355841 17
      vertex 18.257644276832544 22.069700738334944 15
    endloop
  endfacet
  facet normal -0.4825991158318671 -0.4825991158318671 -0.7308872599769407
    outer loop
      vertex 19.60738496163085 20.879744255747735 15
      vertex 19.31766862666741 18.140498307110246 17
      vertex 18.140498307110246 19.31766862666741 17
    endloop
  endfacet
  facet normal -0.7071067811865475 -0.7071067811865475 0
    outer loop
      vertex 18.140498307110246 19.31766862666741 17
      vertex 19.31766862666741 18.140498307110246 17
      vertex 18.140498307110246 19.31766862666741 18
    endloop
  endfacet
  facet normal -0.7071067811865475 -0.7071067811865475 0
    outer loop
      vertex 19.31766862666741 18.140498307110246 17
      vertex 19.31766862666741 18.140498307110246 18
      vertex 18.140498307110246 19.31766862666741 18
    endloop
  endfacet
  facet normal -0.6613118653236516 -0.7501110696304597 0
    outer loop
      vertex 18.140498307110246 19.31766862666741 17
      vertex 18.140498307110246 19.31766862666741 18
      vertex 16.891735728340283 20.41860093355841 18
    endloop
  endfacet
  facet normal -0.6129070536529774 -0.7901550123756897 0
    outer loop
      vertex 15.576309185750539 21.438950350936107 18
      vertex 16.891735728340283 20.41860093355841 17
      vertex 16.891735728340283 20.41860093355841 18
    endloop
  endfacet
  facet normal -0.4183079699556826 -0.5392793853606458 0.7308872599769405
    outer loop
      vertex 15.576309185750539 21.438950350936107 18
      vertex 16.891735728340283 20.41860093355841 18
      vertex 18.257644276832544 22.06970073833494 20
    endloop
  endfacet
  facet normal -0.45134416750858436 -0.5119494659235251 0.7308872599769408
    outer loop
      vertex 18.140498307110246 19.31766862666741 18
      vertex 19.60738496163085 20.879744255747735 20
      vertex 16.891735728340283 20.41860093355841 18
    endloop
  endfacet
  facet normal -0.4513441675085841 -0.5119494659235257 0.7308872599769406
    outer loop
      vertex 16.891735728340283 20.41860093355841 18
      vertex 19.60738496163085 20.879744255747735 20
      vertex 18.257644276832544 22.06970073833494 20
    endloop
  endfacet
  facet normal -0.2311880258520327 -0.6421494451496785 -0.7308872599769406
    outer loop
      vertex 8.85112962412684 27.240975929579363 15
      vertex 10.544138972765687 26.63145505867116 15
      vertex 9.755300646143976 24.639076876038658 17
    endloop
  endfacet
  facet normal -0.33873792024529065 -0.9408807689542257 0
    outer loop
      vertex 9.755300646143976 24.639076876038658 17
      vertex 8.188950350936105 25.202997681821568 18
      vertex 8.188950350936105 25.202997681821568 17
    endloop
  endfacet
  facet normal -0.19041093181648616 -0.6553987261569687 -0.7308872599769407
    outer loop
      vertex 7.123188910558048 27.74298911371161 15
      vertex 8.188950350936105 25.202997681821568 17
      vertex 6.590282009868642 25.667453769908725 17
    endloop
  endfacet
  facet normal -0.23118802585203213 -0.6421494451496784 -0.7308872599769408
    outer loop
      vertex 8.85112962412684 27.240975929579363 15
      vertex 9.755300646143976 24.639076876038658 17
      vertex 8.188950350936105 25.202997681821568 17
    endloop
  endfacet
  facet normal -0.4539904997395467 -0.891006524188368 0
    outer loop
      vertex 11.28315122647442 23.97791689034952 17
      vertex 12.766472363695458 23.222127021162382 17
      vertex 11.28315122647442 23.97791689034952 18
    endloop
  endfacet
  facet normal -0.5090414157503704 -0.8607420270039442 0
    outer loop
      vertex 12.766472363695458 23.222127021162382 17
      vertex 14.1994100669434 22.374690025803407 17
      vertex 12.766472363695458 23.222127021162382 18
    endloop
  endfacet
  facet normal -0.2710527263693035 -0.6263658936525578 -0.7308872599769407
    outer loop
      vertex 10.544138972765687 26.63145505867116 15
      vertex 12.195535422037882 25.91683200140089 15
      vertex 11.28315122647442 23.97791689034952 17
    endloop
  endfacet
  facet normal -0.3098477056078066 -0.6081103621325475 -0.7308872599769405
    outer loop
      vertex 13.798801664609472 25.099927048495356 15
      vertex 12.766472363695458 23.222127021162382 17
      vertex 12.195535422037882 25.91683200140089 15
    endloop
  endfacet
  facet normal -0.2710527263693038 -0.6263658936525579 -0.7308872599769406
    outer loop
      vertex 10.544138972765687 26.63145505867116 15
      vertex 11.28315122647442 23.97791689034952 17
      vertex 9.755300646143976 24.639076876038658 17
    endloop
  endfacet
  facet normal -0.39714789063478095 -0.917754625683981 0
    outer loop
      vertex 9.755300646143976 24.639076876038658 17
      vertex 11.28315122647442 23.97791689034952 17
      vertex 9.755300646143976 24.639076876038658 18
    endloop
  endfacet
  facet normal -0.3098477056078061 -0.6081103621325477 -0.7308872599769407
    outer loop
      vertex 11.28315122647442 23.97791689034952 17
      vertex 12.195535422037882 25.91683200140089 15
      vertex 12.766472363695458 23.222127021162382 17
    endloop
  endfacet
  facet normal -0.27899110603922916 -0.960293685676943 0
    outer loop
      vertex 6.590282009868642 25.667453769908725 18
      vertex 8.188950350936105 25.202997681821568 17
      vertex 8.188950350936105 25.202997681821568 18
    endloop
  endfacet
  facet normal -0.19041093181648616 -0.6553987261569687 0.7308872599769407
    outer loop
      vertex 6.590282009868642 25.667453769908725 18
      vertex 8.188950350936105 25.202997681821568 18
      vertex 8.85112962412684 27.240975929579363 20
    endloop
  endfacet
  facet normal -0.33873792024529065 -0.9408807689542257 0
    outer loop
      vertex 9.755300646143976 24.639076876038658 17
      vertex 9.755300646143976 24.639076876038658 18
      vertex 8.188950350936105 25.202997681821568 18
    endloop
  endfacet
  facet normal -0.23118802585203221 -0.6421494451496786 0.7308872599769406
    outer loop
      vertex 9.755300646143976 24.639076876038658 18
      vertex 10.544138972765687 26.63145505867116 20
      vertex 8.188950350936105 25.202997681821568 18
    endloop
  endfacet
  facet normal -0.23118802585203257 -0.6421494451496782 0.7308872599769407
    outer loop
      vertex 8.188950350936105 25.202997681821568 18
      vertex 10.544138972765687 26.63145505867116 20
      vertex 8.85112962412684 27.240975929579363 20
    endloop
  endfacet
  facet normal -0.4539904997395467 -0.891006524188368 0
    outer loop
      vertex 11.28315122647442 23.97791689034952 18
      vertex 12.766472363695458 23.222127021162382 17
      vertex 12.766472363695458 23.222127021162382 18
    endloop
  endfacet
  facet normal -0.39714789063478095 -0.917754625683981 0
    outer loop
      vertex 11.28315122647442 23.97791689034952 17
      vertex 11.28315122647442 23.97791689034952 18
      vertex 9.755300646143976 24.639076876038658 18
    endloop
  endfacet
  facet normal -0.2710527263693037 -0.6263658936525578 0.7308872599769406
    outer loop
      vertex 9.755300646143976 24.639076876038658 18
      vertex 11.28315122647442 23.97791689034952 18
      vertex 12.195535422037882 25.91683200140089 20
    endloop
  endfacet
  facet normal -0.30984770560780617 -0.6081103621325478 0.7308872599769404
    outer loop
      vertex 11.28315122647442 23.97791689034952 18
      vertex 12.766472363695458 23.222127021162382 18
      vertex 13.798801664609472 25.099927048495356 20
    endloop
  endfacet
  facet normal -0.27105272636930355 -0.6263658936525579 0.7308872599769406
    outer loop
      vertex 9.755300646143976 24.639076876038658 18
      vertex 12.195535422037882 25.91683200140089 20
      vertex 10.544138972765687 26.63145505867116 20
    endloop
  endfacet
  facet normal -0.3098477056078066 -0.6081103621325474 0.7308872599769407
    outer loop
      vertex 11.28315122647442 23.97791689034952 18
      vertex 13.798801664609472 25.099927048495356 20
      vertex 12.195535422037882 25.91683200140089 20
    endloop
  endfacet
  facet normal -0.19041093181648608 -0.6553987261569687 -0.7308872599769408
    outer loop
      vertex 7.123188910558048 27.74298911371161 15
      vertex 8.85112962412684 27.240975929579363 15
      vertex 8.188950350936105 25.202997681821568 17
    endloop
  endfacet
  facet normal -0.1904109318164861 -0.6553987261569688 0.7308872599769407
    outer loop
      vertex 6.590282009868642 25.667453769908725 18
      vertex 8.85112962412684 27.240975929579363 20
      vertex 7.123188910558048 27.74298911371161 20
    endloop
  endfacet
  facet normal -0.347419857508227 -0.5874548968323985 -0.7308872599769402
    outer loop
      vertex 13.798801664609472 25.099927048495356 15
      vertex 15.347610341083652 24.18396415059533 15
      vertex 14.1994100669434 22.374690025803407 17
    endloop
  endfacet
  facet normal -0.3836209019520969 -0.5644810154370652 -0.7308872599769404
    outer loop
      vertex 15.576309185750539 21.438950350936107 17
      vertex 15.347610341083652 24.18396415059533 15
      vertex 16.83584901119781 23.172558194795148 15
    endloop
  endfacet
  facet normal -0.5620833778521304 -0.8270805742745619 0
    outer loop
      vertex 15.576309185750539 21.438950350936107 17
      vertex 14.1994100669434 22.374690025803407 18
      vertex 14.1994100669434 22.374690025803407 17
    endloop
  endfacet
  facet normal -0.3474198575082261 -0.5874548968323986 -0.7308872599769405
    outer loop
      vertex 13.798801664609472 25.099927048495356 15
      vertex 14.1994100669434 22.374690025803407 17
      vertex 12.766472363695458 23.222127021162382 17
    endloop
  endfacet
  facet normal -0.38362090195209736 -0.564481015437065 -0.73088725997694
    outer loop
      vertex 15.576309185750539 21.438950350936107 17
      vertex 14.1994100669434 22.374690025803407 17
      vertex 15.347610341083652 24.18396415059533 15
    endloop
  endfacet
  facet normal -0.41830796995568104 -0.5392793853606465 -0.7308872599769409
    outer loop
      vertex 16.891735728340283 20.41860093355841 17
      vertex 16.83584901119781 23.172558194795148 15
      vertex 18.257644276832544 22.069700738334944 15
    endloop
  endfacet
  facet normal -0.4183079699556827 -0.539279385360646 -0.7308872599769403
    outer loop
      vertex 15.576309185750539 21.438950350936107 17
      vertex 16.83584901119781 23.172558194795148 15
      vertex 16.891735728340283 20.41860093355841 17
    endloop
  endfacet
  facet normal -0.5090414157503704 -0.8607420270039442 0
    outer loop
      vertex 14.1994100669434 22.374690025803407 17
      vertex 14.1994100669434 22.374690025803407 18
      vertex 12.766472363695458 23.222127021162382 18
    endloop
  endfacet
  facet normal -0.34741985750822635 -0.5874548968323989 0.7308872599769403
    outer loop
      vertex 12.766472363695458 23.222127021162382 18
      vertex 14.1994100669434 22.374690025803407 18
      vertex 15.347610341083652 24.18396415059533 20
    endloop
  endfacet
  facet normal -0.5620833778521304 -0.8270805742745619 0
    outer loop
      vertex 15.576309185750539 21.438950350936107 17
      vertex 15.576309185750539 21.438950350936107 18
      vertex 14.1994100669434 22.374690025803407 18
    endloop
  endfacet
  facet normal -0.3836209019520972 -0.5644810154370649 0.7308872599769403
    outer loop
      vertex 15.576309185750539 21.438950350936107 18
      vertex 16.83584901119781 23.172558194795148 20
      vertex 14.1994100669434 22.374690025803407 18
    endloop
  endfacet
  facet normal -0.383620901952097 -0.5644810154370652 0.7308872599769402
    outer loop
      vertex 14.1994100669434 22.374690025803407 18
      vertex 16.83584901119781 23.172558194795148 20
      vertex 15.347610341083652 24.18396415059533 20
    endloop
  endfacet
  facet normal -0.3474198575082268 -0.5874548968323982 0.7308872599769405
    outer loop
      vertex 12.766472363695458 23.222127021162382 18
      vertex 15.347610341083652 24.18396415059533 20
      vertex 13.798801664609472 25.099927048495356 20
    endloop
  endfacet
  facet normal -0.41830796995568226 -0.5392793853606462 0.7308872599769403
    outer loop
      vertex 15.576309185750539 21.438950350936107 18
      vertex 18.257644276832544 22.06970073833494 20
      vertex 16.83584901119781 23.172558194795148 20
    endloop
  endfacet
  facet normal -0.5644810154370649 -0.3836209019520972 -0.7308872599769403
    outer loop
      vertex 22.374690025803407 14.1994100669434 17
      vertex 21.438950350936107 15.576309185750539 17
      vertex 23.172558194795148 16.83584901119781 15
    endloop
  endfacet
  facet normal -0.8270805742745619 -0.5620833778521304 0
    outer loop
      vertex 22.374690025803407 14.1994100669434 17
      vertex 21.438950350936107 15.576309185750539 18
      vertex 21.438950350936107 15.576309185750539 17
    endloop
  endfacet
  facet normal -0.6081103621325474 -0.3098477056078066 -0.7308872599769407
    outer loop
      vertex 25.91683200140089 12.195535422037882 15
      vertex 23.97791689034952 11.28315122647442 17
      vertex 25.099927048495356 13.798801664609472 15
    endloop
  endfacet
  facet normal -0.891006524188368 -0.4539904997395467 0
    outer loop
      vertex 23.97791689034952 11.28315122647442 17
      vertex 23.222127021162382 12.766472363695458 18
      vertex 23.222127021162382 12.766472363695458 17
    endloop
  endfacet
  facet normal -0.8607420270039442 -0.5090414157503704 0
    outer loop
      vertex 22.374690025803407 14.1994100669434 17
      vertex 23.222127021162382 12.766472363695458 17
      vertex 22.374690025803407 14.1994100669434 18
    endloop
  endfacet
  facet normal -0.6081103621325478 -0.30984770560780617 -0.7308872599769404
    outer loop
      vertex 25.099927048495356 13.798801664609472 15
      vertex 23.97791689034952 11.28315122647442 17
      vertex 23.222127021162382 12.766472363695458 17
    endloop
  endfacet
  facet normal -0.5644810154370652 -0.383620901952097 -0.7308872599769402
    outer loop
      vertex 22.374690025803407 14.1994100669434 17
      vertex 23.172558194795148 16.83584901119781 15
      vertex 24.18396415059533 15.347610341083652 15
    endloop
  endfacet
  facet normal -0.5874548968323982 -0.3474198575082268 -0.7308872599769405
    outer loop
      vertex 25.099927048495356 13.798801664609472 15
      vertex 23.222127021162382 12.766472363695458 17
      vertex 24.18396415059533 15.347610341083652 15
    endloop
  endfacet
  facet normal -0.5874548968323989 -0.34741985750822635 -0.7308872599769403
    outer loop
      vertex 22.374690025803407 14.1994100669434 17
      vertex 24.18396415059533 15.347610341083652 15
      vertex 23.222127021162382 12.766472363695458 17
    endloop
  endfacet
  facet normal -0.8270805742745619 -0.5620833778521304 0
    outer loop
      vertex 22.374690025803407 14.1994100669434 17
      vertex 22.374690025803407 14.1994100669434 18
      vertex 21.438950350936107 15.576309185750539 18
    endloop
  endfacet
  facet normal -0.7901550123756897 -0.6129070536529774 0
    outer loop
      vertex 21.438950350936107 15.576309185750539 17
      vertex 21.438950350936107 15.576309185750539 18
      vertex 20.41860093355841 16.891735728340283 18
    endloop
  endfacet
  facet normal -0.891006524188368 -0.4539904997395467 0
    outer loop
      vertex 23.97791689034952 11.28315122647442 17
      vertex 23.97791689034952 11.28315122647442 18
      vertex 23.222127021162382 12.766472363695458 18
    endloop
  endfacet
  facet normal -0.8607420270039442 -0.5090414157503704 0
    outer loop
      vertex 23.222127021162382 12.766472363695458 17
      vertex 23.222127021162382 12.766472363695458 18
      vertex 22.374690025803407 14.1994100669434 18
    endloop
  endfacet
  facet normal -0.5874548968323986 -0.3474198575082261 0.7308872599769405
    outer loop
      vertex 22.374690025803407 14.1994100669434 18
      vertex 23.222127021162382 12.766472363695458 18
      vertex 25.099927048495356 13.798801664609472 20
    endloop
  endfacet
  facet normal -0.6081103621325477 -0.3098477056078061 0.7308872599769407
    outer loop
      vertex 23.97791689034952 11.28315122647442 18
      vertex 25.91683200140089 12.195535422037882 20
      vertex 23.222127021162382 12.766472363695458 18
    endloop
  endfacet
  facet normal -0.6081103621325475 -0.3098477056078066 0.7308872599769404
    outer loop
      vertex 23.222127021162382 12.766472363695458 18
      vertex 25.91683200140089 12.195535422037882 20
      vertex 25.099927048495356 13.798801664609472 20
    endloop
  endfacet
  facet normal -0.564481015437065 -0.38362090195209736 0.73088725997694
    outer loop
      vertex 22.374690025803407 14.1994100669434 18
      vertex 24.18396415059533 15.347610341083652 20
      vertex 21.438950350936107 15.576309185750539 18
    endloop
  endfacet
  facet normal -0.5874548968323985 -0.347419857508227 0.7308872599769402
    outer loop
      vertex 22.374690025803407 14.1994100669434 18
      vertex 25.099927048495356 13.798801664609472 20
      vertex 24.18396415059533 15.347610341083652 20
    endloop
  endfacet
  facet normal -0.5644810154370652 -0.3836209019520969 0.7308872599769404
    outer loop
      vertex 21.438950350936107 15.576309185750539 18
      vertex 24.18396415059533 15.347610341083652 20
      vertex 23.172558194795148 16.83584901119781 20
    endloop
  endfacet
  facet normal -0.5392793853606462 -0.41830796995568226 -0.7308872599769403
    outer loop
      vertex 23.172558194795148 16.83584901119781 15
      vertex 21.438950350936107 15.576309185750539 17
      vertex 22.06970073833494 18.257644276832544 15
    endloop
  endfacet
  facet normal -0.5119494659235259 -0.45134416750858414 -0.7308872599769406
    outer loop
      vertex 20.879744255747735 19.60738496163085 15
      vertex 22.06970073833494 18.257644276832544 15
      vertex 20.41860093355841 16.891735728340283 17
    endloop
  endfacet
  facet normal -0.7901550123756897 -0.6129070536529774 0
    outer loop
      vertex 21.438950350936107 15.576309185750539 17
      vertex 20.41860093355841 16.891735728340283 18
      vertex 20.41860093355841 16.891735728340283 17
    endloop
  endfacet
  facet normal -0.5119494659235251 -0.45134416750858436 -0.7308872599769408
    outer loop
      vertex 19.31766862666741 18.140498307110246 17
      vertex 20.879744255747735 19.60738496163085 15
      vertex 20.41860093355841 16.891735728340283 17
    endloop
  endfacet
  facet normal -0.7501110696304597 -0.6613118653236516 0
    outer loop
      vertex 19.31766862666741 18.140498307110246 17
      vertex 20.41860093355841 16.891735728340283 17
      vertex 19.31766862666741 18.140498307110246 18
    endloop
  endfacet
  facet normal -0.5392793853606458 -0.4183079699556826 -0.7308872599769404
    outer loop
      vertex 22.06970073833494 18.257644276832544 15
      vertex 21.438950350936107 15.576309185750539 17
      vertex 20.41860093355841 16.891735728340283 17
    endloop
  endfacet
  facet normal -0.4825991158318671 -0.4825991158318671 -0.7308872599769407
    outer loop
      vertex 19.60738496163085 20.879744255747735 15
      vertex 20.879744255747735 19.60738496163085 15
      vertex 19.31766862666741 18.140498307110246 17
    endloop
  endfacet
  facet normal -0.7501110696304597 -0.6613118653236516 0
    outer loop
      vertex 19.31766862666741 18.140498307110246 18
      vertex 20.41860093355841 16.891735728340283 17
      vertex 20.41860093355841 16.891735728340283 18
    endloop
  endfacet
  facet normal -0.5119494659235254 -0.45134416750858464 0.7308872599769406
    outer loop
      vertex 19.31766862666741 18.140498307110246 18
      vertex 20.41860093355841 16.891735728340283 18
      vertex 22.06970073833494 18.257644276832544 20
    endloop
  endfacet
  facet normal -0.539279385360646 -0.4183079699556827 0.7308872599769403
    outer loop
      vertex 21.438950350936107 15.576309185750539 18
      vertex 23.172558194795148 16.83584901119781 20
      vertex 20.41860093355841 16.891735728340283 18
    endloop
  endfacet
  facet normal -0.5119494659235256 -0.4513441675085839 0.7308872599769408
    outer loop
      vertex 19.31766862666741 18.140498307110246 18
      vertex 22.06970073833494 18.257644276832544 20
      vertex 20.879744255747735 19.60738496163085 20
    endloop
  endfacet
  facet normal -0.5392793853606461 -0.4183079699556821 0.7308872599769405
    outer loop
      vertex 20.41860093355841 16.891735728340283 18
      vertex 23.172558194795148 16.83584901119781 20
      vertex 22.06970073833494 18.257644276832544 20
    endloop
  endfacet
  facet normal -0.4825991158318671 -0.4825991158318671 0.7308872599769408
    outer loop
      vertex 18.140498307110246 19.31766862666741 18
      vertex 19.31766862666741 18.140498307110246 18
      vertex 20.879744255747735 19.60738496163085 20
    endloop
  endfacet
  facet normal -0.4825991158318671 -0.4825991158318671 0.7308872599769407
    outer loop
      vertex 18.140498307110246 19.31766862666741 18
      vertex 20.879744255747735 19.60738496163085 20
      vertex 19.60738496163085 20.879744255747735 20
    endloop
  endfacet
  facet normal -0.6263658936525578 -0.2710527263693035 0.7308872599769407
    outer loop
      vertex 23.97791689034952 11.28315122647442 18
      vertex 26.63145505867116 10.544138972765687 20
      vertex 25.91683200140089 12.195535422037882 20
    endloop
  endfacet
  facet normal 0.9510565162951587 0.3090169943749316 0
    outer loop
      vertex -36.369406641027325 -0.29107636714486307 0.10000000000000053
      vertex -36.278963640699644 -0.5694313003061202 -4
      vertex -36.369406641027325 -0.29107636714486307 -4
    endloop
  endfacet
  facet normal 0.40673664307579943 0.9135454576426013 0
    outer loop
      vertex -35.7 -1.212435565298214 0.10000000000000053
      vertex -35.43262379212493 -1.3314791228132148 -4
      vertex -35.7 -1.212435565298214 -4
    endloop
  endfacet
  facet normal 0.5877852522924741 0.8090169943749467 0
    outer loop
      vertex -35.9367828489024 -1.040402755668352 0.10000000000000053
      vertex -35.7 -1.212435565298214 -4
      vertex -35.9367828489024 -1.040402755668352 -4
    endloop
  endfacet
  facet normal 0.8660254037844324 0.5000000000000109 0
    outer loop
      vertex -36.278963640699644 -0.5694313003061202 0.10000000000000053
      vertex -36.132623792124924 -0.8228993532094624 -4
      vertex -36.278963640699644 -0.5694313003061202 -4
    endloop
  endfacet
  facet normal 0.7431448254774008 0.6691306063588508 0
    outer loop
      vertex -36.132623792124924 -0.8228993532094624 0.10000000000000053
      vertex -35.9367828489024 -1.040402755668352 -4
      vertex -36.132623792124924 -0.8228993532094624 -4
    endloop
  endfacet
  facet normal 0.9945218953682727 0.10452846326765804 0
    outer loop
      vertex -36.4 0 0.10000000000000053
      vertex -36.369406641027325 -0.29107636714486307 -4
      vertex -36.4 0 -4
    endloop
  endfacet
  facet normal 0.9945218953682727 -0.10452846326765804 0
    outer loop
      vertex -36.369406641027325 0.29107636714486307 0.10000000000000053
      vertex -36.4 0 -4
      vertex -36.369406641027325 0.29107636714486307 -4
    endloop
  endfacet
  facet normal 0.9510565162951587 -0.3090169943749316 0
    outer loop
      vertex -36.278963640699644 0.5694313003061202 0.10000000000000053
      vertex -36.369406641027325 0.29107636714486307 -4
      vertex -36.278963640699644 0.5694313003061202 -4
    endloop
  endfacet
  facet normal 0.8660254037844324 -0.5000000000000109 0
    outer loop
      vertex -36.132623792124924 0.8228993532094624 0.10000000000000053
      vertex -36.278963640699644 0.5694313003061202 -4
      vertex -36.132623792124924 0.8228993532094624 -4
    endloop
  endfacet
  facet normal 0.7431448254774008 -0.6691306063588508 0
    outer loop
      vertex -35.9367828489024 1.040402755668352 0.10000000000000053
      vertex -36.132623792124924 0.8228993532094624 -4
      vertex -35.9367828489024 1.040402755668352 -4
    endloop
  endfacet
  facet normal 0.9510565162951587 0.3090169943749316 0
    outer loop
      vertex -36.278963640699644 -0.5694313003061202 0.10000000000000053
      vertex -36.278963640699644 -0.5694313003061202 -4
      vertex -36.369406641027325 -0.29107636714486307 0.10000000000000053
    endloop
  endfacet
  facet normal 0.7431448254774008 0.6691306063588508 0
    outer loop
      vertex -35.9367828489024 -1.040402755668352 0.10000000000000053
      vertex -35.9367828489024 -1.040402755668352 -4
      vertex -36.132623792124924 -0.8228993532094624 0.10000000000000053
    endloop
  endfacet
  facet normal 0.40673664307579943 0.9135454576426013 0
    outer loop
      vertex -35.7 -1.212435565298214 0.10000000000000053
      vertex -35.43262379212493 -1.3314791228132148 0.10000000000000053
      vertex -35.43262379212493 -1.3314791228132148 -4
    endloop
  endfacet
  facet normal 0.5877852522924741 0.8090169943749467 0
    outer loop
      vertex -35.9367828489024 -1.040402755668352 0.10000000000000053
      vertex -35.7 -1.212435565298214 0.10000000000000053
      vertex -35.7 -1.212435565298214 -4
    endloop
  endfacet
  facet normal 0.8660254037844324 0.5000000000000109 0
    outer loop
      vertex -36.278963640699644 -0.5694313003061202 0.10000000000000053
      vertex -36.132623792124924 -0.8228993532094624 0.10000000000000053
      vertex -36.132623792124924 -0.8228993532094624 -4
    endloop
  endfacet
  facet normal 0.9945218953682727 0.10452846326765804 0
    outer loop
      vertex -36.369406641027325 -0.29107636714486307 0.10000000000000053
      vertex -36.369406641027325 -0.29107636714486307 -4
      vertex -36.4 0 0.10000000000000053
    endloop
  endfacet
  facet normal 0.9945218953682727 -0.10452846326765804 0
    outer loop
      vertex -36.4 0 0.10000000000000053
      vertex -36.4 0 -4
      vertex -36.369406641027325 0.29107636714486307 0.10000000000000053
    endloop
  endfacet
  facet normal 0.9510565162951587 -0.3090169943749316 0
    outer loop
      vertex -36.369406641027325 0.29107636714486307 0.10000000000000053
      vertex -36.369406641027325 0.29107636714486307 -4
      vertex -36.278963640699644 0.5694313003061202 0.10000000000000053
    endloop
  endfacet
  facet normal 0.8660254037844324 -0.5000000000000109 0
    outer loop
      vertex -36.278963640699644 0.5694313003061202 0.10000000000000053
      vertex -36.278963640699644 0.5694313003061202 -4
      vertex -36.132623792124924 0.8228993532094624 0.10000000000000053
    endloop
  endfacet
  facet normal 0.7431448254774008 -0.6691306063588508 0
    outer loop
      vertex -36.132623792124924 0.8228993532094624 0.10000000000000053
      vertex -36.132623792124924 0.8228993532094624 -4
      vertex -35.9367828489024 1.040402755668352 0.10000000000000053
    endloop
  endfacet
  facet normal 0.20791169081775623 0.9781476007338062 0
    outer loop
      vertex -35.43262379212493 -1.3314791228132148 0.10000000000000053
      vertex -35.14633984857471 -1.3923306535155826 -4
      vertex -35.43262379212493 -1.3314791228132148 -4
    endloop
  endfacet
  facet normal 0 1 0
    outer loop
      vertex -35.14633984857471 -1.3923306535155826 0.10000000000000053
      vertex -34.85366015142529 -1.3923306535155826 -4
      vertex -35.14633984857471 -1.3923306535155826 -4
    endloop
  endfacet
  facet normal -0.20791169081775623 0.9781476007338062 0
    outer loop
      vertex -34.85366015142529 -1.3923306535155826 0.10000000000000053
      vertex -34.56737620787507 -1.3314791228132148 -4
      vertex -34.85366015142529 -1.3923306535155826 -4
    endloop
  endfacet
  facet normal -0.40673664307579943 0.9135454576426013 0
    outer loop
      vertex -34.56737620787507 -1.3314791228132148 0.10000000000000053
      vertex -34.3 -1.212435565298214 -4
      vertex -34.56737620787507 -1.3314791228132148 -4
    endloop
  endfacet
  facet normal -0.5877852522924741 0.8090169943749467 0
    outer loop
      vertex -34.3 -1.212435565298214 0.10000000000000053
      vertex -34.0632171510976 -1.040402755668352 -4
      vertex -34.3 -1.212435565298214 -4
    endloop
  endfacet
  facet normal -0.7431448254774008 0.6691306063588508 0
    outer loop
      vertex -34.0632171510976 -1.040402755668352 0.10000000000000053
      vertex -33.867376207875076 -0.8228993532094624 -4
      vertex -34.0632171510976 -1.040402755668352 -4
    endloop
  endfacet
  facet normal -0.8660254037844324 0.5000000000000109 0
    outer loop
      vertex -33.867376207875076 -0.8228993532094624 0.10000000000000053
      vertex -33.721036359300356 -0.5694313003061202 -4
      vertex -33.867376207875076 -0.8228993532094624 -4
    endloop
  endfacet
  facet normal -0.9510565162951587 0.3090169943749316 0
    outer loop
      vertex -33.721036359300356 -0.5694313003061202 0.10000000000000053
      vertex -33.630593358972675 -0.29107636714486307 -4
      vertex -33.721036359300356 -0.5694313003061202 -4
    endloop
  endfacet
  facet normal -0.9945218953682727 0.10452846326765804 0
    outer loop
      vertex -33.630593358972675 -0.29107636714486307 0.10000000000000053
      vertex -33.6 0 -4
      vertex -33.630593358972675 -0.29107636714486307 -4
    endloop
  endfacet
  facet normal -0.9945218953682727 -0.10452846326765804 0
    outer loop
      vertex -33.6 0 0.10000000000000053
      vertex -33.630593358972675 0.29107636714486307 -4
      vertex -33.6 0 -4
    endloop
  endfacet
  facet normal -0.9510565162951587 -0.3090169943749316 0
    outer loop
      vertex -33.630593358972675 0.29107636714486307 0.10000000000000053
      vertex -33.721036359300356 0.5694313003061202 -4
      vertex -33.630593358972675 0.29107636714486307 -4
    endloop
  endfacet
  facet normal -0.8660254037844324 -0.5000000000000109 0
    outer loop
      vertex -33.721036359300356 0.5694313003061202 0.10000000000000053
      vertex -33.867376207875076 0.8228993532094624 -4
      vertex -33.721036359300356 0.5694313003061202 -4
    endloop
  endfacet
  facet normal -0.7431448254774008 -0.6691306063588508 0
    outer loop
      vertex -33.867376207875076 0.8228993532094624 0.10000000000000053
      vertex -34.0632171510976 1.040402755668352 -4
      vertex -33.867376207875076 0.8228993532094624 -4
    endloop
  endfacet
  facet normal 0.20791169081775623 0.9781476007338062 0
    outer loop
      vertex -35.43262379212493 -1.3314791228132148 0.10000000000000053
      vertex -35.14633984857471 -1.3923306535155826 0.10000000000000053
      vertex -35.14633984857471 -1.3923306535155826 -4
    endloop
  endfacet
  facet normal 0 1 0
    outer loop
      vertex -35.14633984857471 -1.3923306535155826 0.10000000000000053
      vertex -34.85366015142529 -1.3923306535155826 0.10000000000000053
      vertex -34.85366015142529 -1.3923306535155826 -4
    endloop
  endfacet
  facet normal -0.20791169081775623 0.9781476007338062 0
    outer loop
      vertex -34.85366015142529 -1.3923306535155826 0.10000000000000053
      vertex -34.56737620787507 -1.3314791228132148 0.10000000000000053
      vertex -34.56737620787507 -1.3314791228132148 -4
    endloop
  endfacet
  facet normal -0.40673664307579943 0.9135454576426013 0
    outer loop
      vertex -34.56737620787507 -1.3314791228132148 0.10000000000000053
      vertex -34.3 -1.212435565298214 0.10000000000000053
      vertex -34.3 -1.212435565298214 -4
    endloop
  endfacet
  facet normal -0.5877852522924741 0.8090169943749467 0
    outer loop
      vertex -34.3 -1.212435565298214 0.10000000000000053
      vertex -34.0632171510976 -1.040402755668352 0.10000000000000053
      vertex -34.0632171510976 -1.040402755668352 -4
    endloop
  endfacet
  facet normal -0.7431448254774008 -0.6691306063588508 0
    outer loop
      vertex -33.867376207875076 0.8228993532094624 0.10000000000000053
      vertex -34.0632171510976 1.040402755668352 0.10000000000000053
      vertex -34.0632171510976 1.040402755668352 -4
    endloop
  endfacet
  facet normal -0.7431448254774008 0.6691306063588508 0
    outer loop
      vertex -34.0632171510976 -1.040402755668352 0.10000000000000053
      vertex -33.867376207875076 -0.8228993532094624 0.10000000000000053
      vertex -33.867376207875076 -0.8228993532094624 -4
    endloop
  endfacet
  facet normal -0.8660254037844324 0.5000000000000109 0
    outer loop
      vertex -33.867376207875076 -0.8228993532094624 0.10000000000000053
      vertex -33.721036359300356 -0.5694313003061202 0.10000000000000053
      vertex -33.721036359300356 -0.5694313003061202 -4
    endloop
  endfacet
  facet normal -0.9510565162951587 0.3090169943749316 0
    outer loop
      vertex -33.721036359300356 -0.5694313003061202 0.10000000000000053
      vertex -33.630593358972675 -0.29107636714486307 0.10000000000000053
      vertex -33.630593358972675 -0.29107636714486307 -4
    endloop
  endfacet
  facet normal -0.9945218953682727 0.10452846326765804 0
    outer loop
      vertex -33.630593358972675 -0.29107636714486307 0.10000000000000053
      vertex -33.6 0 0.10000000000000053
      vertex -33.6 0 -4
    endloop
  endfacet
  facet normal -0.9945218953682727 -0.10452846326765804 0
    outer loop
      vertex -33.6 0 0.10000000000000053
      vertex -33.630593358972675 0.29107636714486307 0.10000000000000053
      vertex -33.630593358972675 0.29107636714486307 -4
    endloop
  endfacet
  facet normal -0.9510565162951587 -0.3090169943749316 0
    outer loop
      vertex -33.630593358972675 0.29107636714486307 0.10000000000000053
      vertex -33.721036359300356 0.5694313003061202 0.10000000000000053
      vertex -33.721036359300356 0.5694313003061202 -4
    endloop
  endfacet
  facet normal -0.8660254037844324 -0.5000000000000109 0
    outer loop
      vertex -33.867376207875076 0.8228993532094624 0.10000000000000053
      vertex -33.867376207875076 0.8228993532094624 -4
      vertex -33.721036359300356 0.5694313003061202 0.10000000000000053
    endloop
  endfacet
  facet normal 0 0 -1
    outer loop
      vertex -36.278963640699644 -0.5694313003061202 0.10000000000000053
      vertex -36.278963640699644 0.5694313003061202 0.10000000000000053
      vertex -36.132623792124924 -0.8228993532094624 0.10000000000000053
    endloop
  endfacet
  facet normal 0 0 -1
    outer loop
      vertex -35.9367828489024 -1.040402755668352 0.10000000000000053
      vertex -36.132623792124924 -0.8228993532094624 0.10000000000000053
      vertex -36.132623792124924 0.8228993532094624 0.10000000000000053
    endloop
  endfacet
  facet normal 0 0 -1
    outer loop
      vertex -35.9367828489024 -1.040402755668352 0.10000000000000053
      vertex -35.9367828489024 1.040402755668352 0.10000000000000053
      vertex -35.7 -1.212435565298214 0.10000000000000053
    endloop
  endfacet
  facet normal 0 0 -1
    outer loop
      vertex -35.7 -1.212435565298214 0.10000000000000053
      vertex -35.7 1.212435565298214 0.10000000000000053
      vertex -35.43262379212493 -1.3314791228132148 0.10000000000000053
    endloop
  endfacet
  facet normal 0 0 -1
    outer loop
      vertex -36.278963640699644 -0.5694313003061202 0.10000000000000053
      vertex -36.369406641027325 -0.29107636714486307 0.10000000000000053
      vertex -36.369406641027325 0.29107636714486307 0.10000000000000053
    endloop
  endfacet
  facet normal 0 0 -1
    outer loop
      vertex -36.369406641027325 -0.29107636714486307 0.10000000000000053
      vertex -36.4 0 0.10000000000000053
      vertex -36.369406641027325 0.29107636714486307 0.10000000000000053
    endloop
  endfacet
  facet normal 0 0 -1
    outer loop
      vertex -36.278963640699644 -0.5694313003061202 0.10000000000000053
      vertex -36.369406641027325 0.29107636714486307 0.10000000000000053
      vertex -36.278963640699644 0.5694313003061202 0.10000000000000053
    endloop
  endfacet
  facet normal 0 0 -1
    outer loop
      vertex -36.132623792124924 -0.8228993532094624 0.10000000000000053
      vertex -36.278963640699644 0.5694313003061202 0.10000000000000053
      vertex -36.132623792124924 0.8228993532094624 0.10000000000000053
    endloop
  endfacet
  facet normal 0 0 -1
    outer loop
      vertex -35.9367828489024 -1.040402755668352 0.10000000000000053
      vertex -36.132623792124924 0.8228993532094624 0.10000000000000053
      vertex -35.9367828489024 1.040402755668352 0.10000000000000053
    endloop
  endfacet
  facet normal 0 0 -1
    outer loop
      vertex -35.7 -1.212435565298214 0.10000000000000053
      vertex -35.9367828489024 1.040402755668352 0.10000000000000053
      vertex -35.7 1.212435565298214 0.10000000000000053
    endloop
  endfacet
  facet normal 0 0 -1
    outer loop
      vertex -35.43262379212493 -1.3314791228132148 0.10000000000000053
      vertex -35.7 1.212435565298214 0.10000000000000053
      vertex -35.43262379212493 1.3314791228132148 0.10000000000000053
    endloop
  endfacet
  facet normal 0 0 -1
    outer loop
      vertex -35.43262379212493 -1.3314791228132148 0.10000000000000053
      vertex -35.43262379212493 1.3314791228132148 0.10000000000000053
      vertex -35.14633984857471 -1.3923306535155826 0.10000000000000053
    endloop
  endfacet
  facet normal 0 0 -1
    outer loop
      vertex -35.14633984857471 -1.3923306535155826 0.10000000000000053
      vertex -35.14633984857471 1.3923306535155826 0.10000000000000053
      vertex -34.85366015142529 -1.3923306535155826 0.10000000000000053
    endloop
  endfacet
  facet normal 0 0 -1
    outer loop
      vertex -34.85366015142529 -1.3923306535155826 0.10000000000000053
      vertex -34.85366015142529 1.3923306535155826 0.10000000000000053
      vertex -34.56737620787507 -1.3314791228132148 0.10000000000000053
    endloop
  endfacet
  facet normal 0 0 -1
    outer loop
      vertex -34.56737620787507 -1.3314791228132148 0.10000000000000053
      vertex -34.56737620787507 1.3314791228132148 0.10000000000000053
      vertex -34.3 -1.212435565298214 0.10000000000000053
    endloop
  endfacet
  facet normal 0 0 -1
    outer loop
      vertex -34.3 -1.212435565298214 0.10000000000000053
      vertex -34.3 1.212435565298214 0.10000000000000053
      vertex -34.0632171510976 -1.040402755668352 0.10000000000000053
    endloop
  endfacet
  facet normal 0 0 -1
    outer loop
      vertex -34.0632171510976 -1.040402755668352 0.10000000000000053
      vertex -34.0632171510976 1.040402755668352 0.10000000000000053
      vertex -33.867376207875076 -0.8228993532094624 0.10000000000000053
    endloop
  endfacet
  facet normal 0 0 -1
    outer loop
      vertex -35.14633984857471 -1.3923306535155826 0.10000000000000053
      vertex -35.43262379212493 1.3314791228132148 0.10000000000000053
      vertex -35.14633984857471 1.3923306535155826 0.10000000000000053
    endloop
  endfacet
  facet normal 0 0 -1
    outer loop
      vertex -34.85366015142529 -1.3923306535155826 0.10000000000000053
      vertex -35.14633984857471 1.3923306535155826 0.10000000000000053
      vertex -34.85366015142529 1.3923306535155826 0.10000000000000053
    endloop
  endfacet
  facet normal 0 0 -1
    outer loop
      vertex -34.56737620787507 -1.3314791228132148 0.10000000000000053
      vertex -34.85366015142529 1.3923306535155826 0.10000000000000053
      vertex -34.56737620787507 1.3314791228132148 0.10000000000000053
    endloop
  endfacet
  facet normal 0 0 -1
    outer loop
      vertex -34.3 -1.212435565298214 0.10000000000000053
      vertex -34.56737620787507 1.3314791228132148 0.10000000000000053
      vertex -34.3 1.212435565298214 0.10000000000000053
    endloop
  endfacet
  facet normal 0 0 -1
    outer loop
      vertex -34.0632171510976 -1.040402755668352 0.10000000000000053
      vertex -34.3 1.212435565298214 0.10000000000000053
      vertex -34.0632171510976 1.040402755668352 0.10000000000000053
    endloop
  endfacet
  facet normal 0 0 -1
    outer loop
      vertex -33.867376207875076 -0.8228993532094624 0.10000000000000053
      vertex -33.867376207875076 0.8228993532094624 0.10000000000000053
      vertex -33.721036359300356 -0.5694313003061202 0.10000000000000053
    endloop
  endfacet
  facet normal 0 0 -1
    outer loop
      vertex -33.721036359300356 -0.5694313003061202 0.10000000000000053
      vertex -33.721036359300356 0.5694313003061202 0.10000000000000053
      vertex -33.630593358972675 -0.29107636714486307 0.10000000000000053
    endloop
  endfacet
  facet normal 0 0 -1
    outer loop
      vertex -33.630593358972675 -0.29107636714486307 0.10000000000000053
      vertex -33.630593358972675 0.29107636714486307 0.10000000000000053
      vertex -33.6 0 0.10000000000000053
    endloop
  endfacet
  facet normal 0 0 -1
    outer loop
      vertex -33.867376207875076 -0.8228993532094624 0.10000000000000053
      vertex -34.0632171510976 1.040402755668352 0.10000000000000053
      vertex -33.867376207875076 0.8228993532094624 0.10000000000000053
    endloop
  endfacet
  facet normal 0 0 -1
    outer loop
      vertex -33.630593358972675 -0.29107636714486307 0.10000000000000053
      vertex -33.721036359300356 0.5694313003061202 0.10000000000000053
      vertex -33.630593358972675 0.29107636714486307 0.10000000000000053
    endloop
  endfacet
  facet normal 0 0 -1
    outer loop
      vertex -33.721036359300356 -0.5694313003061202 0.10000000000000053
      vertex -33.867376207875076 0.8228993532094624 0.10000000000000053
      vertex -33.721036359300356 0.5694313003061202 0.10000000000000053
    endloop
  endfacet
  facet normal 0.5877852522924741 -0.8090169943749467 0
    outer loop
      vertex -35.7 1.212435565298214 0.10000000000000053
      vertex -35.9367828489024 1.040402755668352 -4
      vertex -35.7 1.212435565298214 -4
    endloop
  endfacet
  facet normal 0.40673664307579943 -0.9135454576426013 0
    outer loop
      vertex -35.43262379212493 1.3314791228132148 0.10000000000000053
      vertex -35.7 1.212435565298214 -4
      vertex -35.43262379212493 1.3314791228132148 -4
    endloop
  endfacet
  facet normal 0.5877852522924741 -0.8090169943749467 0
    outer loop
      vertex -35.9367828489024 1.040402755668352 0.10000000000000053
      vertex -35.9367828489024 1.040402755668352 -4
      vertex -35.7 1.212435565298214 0.10000000000000053
    endloop
  endfacet
  facet normal 0.40673664307579943 -0.9135454576426013 0
    outer loop
      vertex -35.7 1.212435565298214 0.10000000000000053
      vertex -35.7 1.212435565298214 -4
      vertex -35.43262379212493 1.3314791228132148 0.10000000000000053
    endloop
  endfacet
  facet normal 0.20791169081775623 -0.9781476007338062 0
    outer loop
      vertex -35.14633984857471 1.3923306535155826 0.10000000000000053
      vertex -35.43262379212493 1.3314791228132148 -4
      vertex -35.14633984857471 1.3923306535155826 -4
    endloop
  endfacet
  facet normal 0 -1 0
    outer loop
      vertex -34.85366015142529 1.3923306535155826 0.10000000000000053
      vertex -35.14633984857471 1.3923306535155826 -4
      vertex -34.85366015142529 1.3923306535155826 -4
    endloop
  endfacet
  facet normal -0.40673664307579943 -0.9135454576426013 0
    outer loop
      vertex -34.3 1.212435565298214 0.10000000000000053
      vertex -34.56737620787507 1.3314791228132148 -4
      vertex -34.3 1.212435565298214 -4
    endloop
  endfacet
  facet normal -0.20791169081775623 -0.9781476007338062 0
    outer loop
      vertex -34.56737620787507 1.3314791228132148 0.10000000000000053
      vertex -34.85366015142529 1.3923306535155826 -4
      vertex -34.56737620787507 1.3314791228132148 -4
    endloop
  endfacet
  facet normal -0.5877852522924741 -0.8090169943749467 0
    outer loop
      vertex -34.0632171510976 1.040402755668352 0.10000000000000053
      vertex -34.3 1.212435565298214 -4
      vertex -34.0632171510976 1.040402755668352 -4
    endloop
  endfacet
  facet normal 0.20791169081775623 -0.9781476007338062 0
    outer loop
      vertex -35.43262379212493 1.3314791228132148 0.10000000000000053
      vertex -35.43262379212493 1.3314791228132148 -4
      vertex -35.14633984857471 1.3923306535155826 0.10000000000000053
    endloop
  endfacet
  facet normal 0 -1 0
    outer loop
      vertex -35.14633984857471 1.3923306535155826 0.10000000000000053
      vertex -35.14633984857471 1.3923306535155826 -4
      vertex -34.85366015142529 1.3923306535155826 0.10000000000000053
    endloop
  endfacet
  facet normal -0.20791169081775623 -0.9781476007338062 0
    outer loop
      vertex -34.56737620787507 1.3314791228132148 0.10000000000000053
      vertex -34.85366015142529 1.3923306535155826 0.10000000000000053
      vertex -34.85366015142529 1.3923306535155826 -4
    endloop
  endfacet
  facet normal -0.40673664307579943 -0.9135454576426013 0
    outer loop
      vertex -34.56737620787507 1.3314791228132148 0.10000000000000053
      vertex -34.56737620787507 1.3314791228132148 -4
      vertex -34.3 1.212435565298214 0.10000000000000053
    endloop
  endfacet
  facet normal -0.5877852522924741 -0.8090169943749467 0
    outer loop
      vertex -34.3 1.212435565298214 0.10000000000000053
      vertex -34.3 1.212435565298214 -4
      vertex -34.0632171510976 1.040402755668352 0.10000000000000053
    endloop
  endfacet
  facet normal 0.8660254037844416 0.49999999999999495 0
    outer loop
      vertex -36.334878040718664 -0.9698456662825806 -9.5
      vertex -36.50735000511029 -0.6711154610750703 -9.5
      vertex -36.50735000511029 -0.6711154610750703 -8
    endloop
  endfacet
  facet normal 0.9510565162951513 0.30901699437495417 0
    outer loop
      vertex -36.50735000511029 -0.6711154610750703 -9.5
      vertex -36.61394354121078 -0.3430542898493029 -9.5
      vertex -36.61394354121078 -0.3430542898493029 -8
    endloop
  endfacet
  facet normal 0.5877852522924725 0.809016994374948 0
    outer loop
      vertex -36.10406550049212 -1.2261889620377004 -9.5
      vertex -36.10406550049212 -1.2261889620377004 -8
      vertex -35.825 -1.4289419162443235 -9.5
    endloop
  endfacet
  facet normal 0.7431448254773979 0.669130606358854 0
    outer loop
      vertex -36.334878040718664 -0.9698456662825806 -9.5
      vertex -36.334878040718664 -0.9698456662825806 -8
      vertex -36.10406550049212 -1.2261889620377004 -9.5
    endloop
  endfacet
  facet normal 0.4067366430757947 0.9135454576426033 0
    outer loop
      vertex -35.825 -1.4289419162443235 -9.5
      vertex -35.825 -1.4289419162443235 -8
      vertex -35.50987804071866 -1.5692432518870032 -9.5
    endloop
  endfacet
  facet normal 0.994521895368274 0.10452846326764711 0
    outer loop
      vertex -36.61394354121078 -0.3430542898493029 -9.5
      vertex -36.65 0 -9.5
      vertex -36.65 0 -8
    endloop
  endfacet
  facet normal 0.994521895368274 -0.10452846326764711 0
    outer loop
      vertex -36.65 0 -9.5
      vertex -36.61394354121078 0.3430542898493029 -9.5
      vertex -36.61394354121078 0.3430542898493029 -8
    endloop
  endfacet
  facet normal 0.9510565162951513 -0.30901699437495417 0
    outer loop
      vertex -36.61394354121078 0.3430542898493029 -9.5
      vertex -36.50735000511029 0.6711154610750703 -9.5
      vertex -36.50735000511029 0.6711154610750703 -8
    endloop
  endfacet
  facet normal 0.8660254037844416 -0.49999999999999495 0
    outer loop
      vertex -36.50735000511029 0.6711154610750703 -9.5
      vertex -36.334878040718664 0.9698456662825806 -9.5
      vertex -36.334878040718664 0.9698456662825806 -8
    endloop
  endfacet
  facet normal 0.8660254037844416 0.49999999999999495 0
    outer loop
      vertex -36.334878040718664 -0.9698456662825806 -9.5
      vertex -36.50735000511029 -0.6711154610750703 -8
      vertex -36.334878040718664 -0.9698456662825806 -8
    endloop
  endfacet
  facet normal 0.9510565162951513 0.30901699437495417 0
    outer loop
      vertex -36.50735000511029 -0.6711154610750703 -9.5
      vertex -36.61394354121078 -0.3430542898493029 -8
      vertex -36.50735000511029 -0.6711154610750703 -8
    endloop
  endfacet
  facet normal 0.5877852522924725 0.809016994374948 0
    outer loop
      vertex -35.825 -1.4289419162443235 -9.5
      vertex -36.10406550049212 -1.2261889620377004 -8
      vertex -35.825 -1.4289419162443235 -8
    endloop
  endfacet
  facet normal 0.7431448254773979 0.669130606358854 0
    outer loop
      vertex -36.10406550049212 -1.2261889620377004 -9.5
      vertex -36.334878040718664 -0.9698456662825806 -8
      vertex -36.10406550049212 -1.2261889620377004 -8
    endloop
  endfacet
  facet normal 0.4067366430757947 0.9135454576426033 0
    outer loop
      vertex -35.50987804071866 -1.5692432518870032 -9.5
      vertex -35.825 -1.4289419162443235 -8
      vertex -35.50987804071866 -1.5692432518870032 -8
    endloop
  endfacet
  facet normal 0.994521895368274 0.10452846326764711 0
    outer loop
      vertex -36.61394354121078 -0.3430542898493029 -9.5
      vertex -36.65 0 -8
      vertex -36.61394354121078 -0.3430542898493029 -8
    endloop
  endfacet
  facet normal 0.994521895368274 -0.10452846326764711 0
    outer loop
      vertex -36.65 0 -9.5
      vertex -36.61394354121078 0.3430542898493029 -8
      vertex -36.65 0 -8
    endloop
  endfacet
  facet normal 0.9510565162951513 -0.30901699437495417 0
    outer loop
      vertex -36.61394354121078 0.3430542898493029 -9.5
      vertex -36.50735000511029 0.6711154610750703 -8
      vertex -36.61394354121078 0.3430542898493029 -8
    endloop
  endfacet
  facet normal 0.8660254037844416 -0.49999999999999495 0
    outer loop
      vertex -36.50735000511029 0.6711154610750703 -9.5
      vertex -36.334878040718664 0.9698456662825806 -8
      vertex -36.50735000511029 0.6711154610750703 -8
    endloop
  endfacet
  facet normal 0.20791169081775923 0.9781476007338058 0
    outer loop
      vertex -35.50987804071866 -1.5692432518870032 -9.5
      vertex -35.50987804071866 -1.5692432518870032 -8
      vertex -35.172471964391626 -1.6409611273576508 -9.5
    endloop
  endfacet
  facet normal 0 1 0
    outer loop
      vertex -35.172471964391626 -1.6409611273576508 -9.5
      vertex -35.172471964391626 -1.6409611273576508 -8
      vertex -34.827528035608374 -1.6409611273576508 -9.5
    endloop
  endfacet
  facet normal -0.20791169081775923 0.9781476007338058 0
    outer loop
      vertex -34.827528035608374 -1.6409611273576508 -9.5
      vertex -34.827528035608374 -1.6409611273576508 -8
      vertex -34.49012195928134 -1.5692432518870032 -9.5
    endloop
  endfacet
  facet normal 0.20791169081775923 0.9781476007338058 0
    outer loop
      vertex -35.172471964391626 -1.6409611273576508 -9.5
      vertex -35.50987804071866 -1.5692432518870032 -8
      vertex -35.172471964391626 -1.6409611273576508 -8
    endloop
  endfacet
  facet normal 0 1 0
    outer loop
      vertex -34.827528035608374 -1.6409611273576508 -9.5
      vertex -35.172471964391626 -1.6409611273576508 -8
      vertex -34.827528035608374 -1.6409611273576508 -8
    endloop
  endfacet
  facet normal -0.20791169081775923 0.9781476007338058 0
    outer loop
      vertex -34.49012195928134 -1.5692432518870032 -9.5
      vertex -34.827528035608374 -1.6409611273576508 -8
      vertex -34.49012195928134 -1.5692432518870032 -8
    endloop
  endfacet
  facet normal -0.4067366430757947 0.9135454576426033 0
    outer loop
      vertex -34.49012195928134 -1.5692432518870032 -9.5
      vertex -34.49012195928134 -1.5692432518870032 -8
      vertex -34.175 -1.4289419162443235 -9.5
    endloop
  endfacet
  facet normal -0.5877852522924725 0.809016994374948 0
    outer loop
      vertex -34.175 -1.4289419162443235 -9.5
      vertex -34.175 -1.4289419162443235 -8
      vertex -33.89593449950788 -1.2261889620377004 -9.5
    endloop
  endfacet
  facet normal -0.7431448254773979 0.669130606358854 0
    outer loop
      vertex -33.89593449950788 -1.2261889620377004 -9.5
      vertex -33.89593449950788 -1.2261889620377004 -8
      vertex -33.665121959281336 -0.9698456662825806 -9.5
    endloop
  endfacet
  facet normal -0.8660254037844416 0.49999999999999495 0
    outer loop
      vertex -33.665121959281336 -0.9698456662825806 -9.5
      vertex -33.665121959281336 -0.9698456662825806 -8
      vertex -33.49264999488971 -0.6711154610750703 -9.5
    endloop
  endfacet
  facet normal -0.9510565162951513 0.30901699437495417 0
    outer loop
      vertex -33.49264999488971 -0.6711154610750703 -9.5
      vertex -33.49264999488971 -0.6711154610750703 -8
      vertex -33.38605645878922 -0.3430542898493029 -9.5
    endloop
  endfacet
  facet normal -0.994521895368274 0.10452846326764711 0
    outer loop
      vertex -33.38605645878922 -0.3430542898493029 -9.5
      vertex -33.38605645878922 -0.3430542898493029 -8
      vertex -33.35 0 -9.5
    endloop
  endfacet
  facet normal -0.994521895368274 -0.10452846326764711 0
    outer loop
      vertex -33.35 0 -9.5
      vertex -33.35 0 -8
      vertex -33.38605645878922 0.3430542898493029 -9.5
    endloop
  endfacet
  facet normal -0.9510565162951513 -0.30901699437495417 0
    outer loop
      vertex -33.38605645878922 0.3430542898493029 -9.5
      vertex -33.38605645878922 0.3430542898493029 -8
      vertex -33.49264999488971 0.6711154610750703 -9.5
    endloop
  endfacet
  facet normal -0.8660254037844416 -0.49999999999999495 0
    outer loop
      vertex -33.49264999488971 0.6711154610750703 -9.5
      vertex -33.49264999488971 0.6711154610750703 -8
      vertex -33.665121959281336 0.9698456662825806 -9.5
    endloop
  endfacet
  facet normal -0.4067366430757947 0.9135454576426033 0
    outer loop
      vertex -34.175 -1.4289419162443235 -9.5
      vertex -34.49012195928134 -1.5692432518870032 -8
      vertex -34.175 -1.4289419162443235 -8
    endloop
  endfacet
  facet normal -0.5877852522924725 0.809016994374948 0
    outer loop
      vertex -33.89593449950788 -1.2261889620377004 -9.5
      vertex -34.175 -1.4289419162443235 -8
      vertex -33.89593449950788 -1.2261889620377004 -8
    endloop
  endfacet
  facet normal -0.7431448254773979 0.669130606358854 0
    outer loop
      vertex -33.665121959281336 -0.9698456662825806 -9.5
      vertex -33.89593449950788 -1.2261889620377004 -8
      vertex -33.665121959281336 -0.9698456662825806 -8
    endloop
  endfacet
  facet normal -0.8660254037844416 0.49999999999999495 0
    outer loop
      vertex -33.49264999488971 -0.6711154610750703 -9.5
      vertex -33.665121959281336 -0.9698456662825806 -8
      vertex -33.49264999488971 -0.6711154610750703 -8
    endloop
  endfacet
  facet normal -0.9510565162951513 0.30901699437495417 0
    outer loop
      vertex -33.38605645878922 -0.3430542898493029 -9.5
      vertex -33.49264999488971 -0.6711154610750703 -8
      vertex -33.38605645878922 -0.3430542898493029 -8
    endloop
  endfacet
  facet normal -0.994521895368274 0.10452846326764711 0
    outer loop
      vertex -33.35 0 -9.5
      vertex -33.38605645878922 -0.3430542898493029 -8
      vertex -33.35 0 -8
    endloop
  endfacet
  facet normal -0.994521895368274 -0.10452846326764711 0
    outer loop
      vertex -33.38605645878922 0.3430542898493029 -9.5
      vertex -33.35 0 -8
      vertex -33.38605645878922 0.3430542898493029 -8
    endloop
  endfacet
  facet normal -0.8660254037844416 -0.49999999999999495 0
    outer loop
      vertex -33.665121959281336 0.9698456662825806 -9.5
      vertex -33.49264999488971 0.6711154610750703 -8
      vertex -33.665121959281336 0.9698456662825806 -8
    endloop
  endfacet
  facet normal -0.9510565162951513 -0.30901699437495417 0
    outer loop
      vertex -33.49264999488971 0.6711154610750703 -9.5
      vertex -33.38605645878922 0.3430542898493029 -8
      vertex -33.49264999488971 0.6711154610750703 -8
    endloop
  endfacet
  facet normal 0.7431448254773979 -0.669130606358854 0
    outer loop
      vertex -36.334878040718664 0.9698456662825806 -9.5
      vertex -36.10406550049212 1.2261889620377004 -9.5
      vertex -36.10406550049212 1.2261889620377004 -8
    endloop
  endfacet
  facet normal 0.5877852522924725 -0.809016994374948 0
    outer loop
      vertex -36.10406550049212 1.2261889620377004 -9.5
      vertex -35.825 1.4289419162443235 -9.5
      vertex -35.825 1.4289419162443235 -8
    endloop
  endfacet
  facet normal 0.4067366430757947 -0.9135454576426033 0
    outer loop
      vertex -35.825 1.4289419162443235 -9.5
      vertex -35.50987804071866 1.5692432518870032 -9.5
      vertex -35.50987804071866 1.5692432518870032 -8
    endloop
  endfacet
  facet normal 0.7431448254773979 -0.669130606358854 0
    outer loop
      vertex -36.334878040718664 0.9698456662825806 -9.5
      vertex -36.10406550049212 1.2261889620377004 -8
      vertex -36.334878040718664 0.9698456662825806 -8
    endloop
  endfacet
  facet normal 0.5877852522924725 -0.809016994374948 0
    outer loop
      vertex -36.10406550049212 1.2261889620377004 -9.5
      vertex -35.825 1.4289419162443235 -8
      vertex -36.10406550049212 1.2261889620377004 -8
    endloop
  endfacet
  facet normal 0.4067366430757947 -0.9135454576426033 0
    outer loop
      vertex -35.825 1.4289419162443235 -9.5
      vertex -35.50987804071866 1.5692432518870032 -8
      vertex -35.825 1.4289419162443235 -8
    endloop
  endfacet
  facet normal 0.20791169081775923 -0.9781476007338058 0
    outer loop
      vertex -35.50987804071866 1.5692432518870032 -9.5
      vertex -35.172471964391626 1.6409611273576508 -9.5
      vertex -35.172471964391626 1.6409611273576508 -8
    endloop
  endfacet
  facet normal 0 -1 0
    outer loop
      vertex -35.172471964391626 1.6409611273576508 -9.5
      vertex -34.827528035608374 1.6409611273576508 -9.5
      vertex -34.827528035608374 1.6409611273576508 -8
    endloop
  endfacet
  facet normal -0.20791169081775923 -0.9781476007338058 0
    outer loop
      vertex -34.827528035608374 1.6409611273576508 -9.5
      vertex -34.49012195928134 1.5692432518870032 -9.5
      vertex -34.49012195928134 1.5692432518870032 -8
    endloop
  endfacet
  facet normal -0.5877852522924725 -0.809016994374948 0
    outer loop
      vertex -33.89593449950788 1.2261889620377004 -9.5
      vertex -33.89593449950788 1.2261889620377004 -8
      vertex -34.175 1.4289419162443235 -9.5
    endloop
  endfacet
  facet normal -0.4067366430757947 -0.9135454576426033 0
    outer loop
      vertex -34.49012195928134 1.5692432518870032 -9.5
      vertex -34.175 1.4289419162443235 -9.5
      vertex -34.175 1.4289419162443235 -8
    endloop
  endfacet
  facet normal -0.7431448254773979 -0.669130606358854 0
    outer loop
      vertex -33.89593449950788 1.2261889620377004 -9.5
      vertex -33.665121959281336 0.9698456662825806 -9.5
      vertex -33.665121959281336 0.9698456662825806 -8
    endloop
  endfacet
  facet normal 0.20791169081775923 -0.9781476007338058 0
    outer loop
      vertex -35.50987804071866 1.5692432518870032 -9.5
      vertex -35.172471964391626 1.6409611273576508 -8
      vertex -35.50987804071866 1.5692432518870032 -8
    endloop
  endfacet
  facet normal 0 -1 0
    outer loop
      vertex -35.172471964391626 1.6409611273576508 -9.5
      vertex -34.827528035608374 1.6409611273576508 -8
      vertex -35.172471964391626 1.6409611273576508 -8
    endloop
  endfacet
  facet normal -0.20791169081775923 -0.9781476007338058 0
    outer loop
      vertex -34.827528035608374 1.6409611273576508 -9.5
      vertex -34.49012195928134 1.5692432518870032 -8
      vertex -34.827528035608374 1.6409611273576508 -8
    endloop
  endfacet
  facet normal -0.4067366430757947 -0.9135454576426033 0
    outer loop
      vertex -34.49012195928134 1.5692432518870032 -9.5
      vertex -34.175 1.4289419162443235 -8
      vertex -34.49012195928134 1.5692432518870032 -8
    endloop
  endfacet
  facet normal -0.5877852522924725 -0.809016994374948 0
    outer loop
      vertex -34.175 1.4289419162443235 -9.5
      vertex -33.89593449950788 1.2261889620377004 -8
      vertex -34.175 1.4289419162443235 -8
    endloop
  endfacet
  facet normal -0.7431448254773979 -0.669130606358854 0
    outer loop
      vertex -33.89593449950788 1.2261889620377004 -9.5
      vertex -33.665121959281336 0.9698456662825806 -8
      vertex -33.89593449950788 1.2261889620377004 -8
    endloop
  endfacet
  facet normal 0.743144825477393 0.6691306063588596 0
    outer loop
      vertex -37.42705098312484 -1.7633557568774194 -9.5
      vertex -37.007391819076574 -2.229434476432183 -12
      vertex -37.42705098312484 -1.7633557568774194 -12
    endloop
  endfacet
  facet normal 0.8660254037844393 0.4999999999999989 0
    outer loop
      vertex -37.7406363729278 -1.2202099292274007 -9.5
      vertex -37.42705098312484 -1.7633557568774194 -9.5
      vertex -37.42705098312484 -1.7633557568774194 -12
    endloop
  endfacet
  facet normal 0.743144825477393 0.6691306063588596 0
    outer loop
      vertex -37.007391819076574 -2.229434476432183 -9.5
      vertex -37.007391819076574 -2.229434476432183 -12
      vertex -37.42705098312484 -1.7633557568774194 -9.5
    endloop
  endfacet
  facet normal 0.2079116908177585 0.9781476007338058 0
    outer loop
      vertex -35.92705098312484 -2.8531695488854605 -9.5
      vertex -35.31358538980296 -2.9835656861048196 -12
      vertex -35.92705098312484 -2.8531695488854605 -12
    endloop
  endfacet
  facet normal 0.2079116908177585 0.9781476007338058 0
    outer loop
      vertex -35.92705098312484 -2.8531695488854605 -9.5
      vertex -35.31358538980296 -2.9835656861048196 -9.5
      vertex -35.31358538980296 -2.9835656861048196 -12
    endloop
  endfacet
  facet normal 0.5877852522924736 0.8090169943749471 0
    outer loop
      vertex -37.007391819076574 -2.229434476432183 -9.5
      vertex -36.5 -2.598076211353316 -12
      vertex -37.007391819076574 -2.229434476432183 -12
    endloop
  endfacet
  facet normal 0.4067366430758004 0.9135454576426008 0
    outer loop
      vertex -36.5 -2.598076211353316 -9.5
      vertex -35.92705098312484 -2.8531695488854605 -12
      vertex -36.5 -2.598076211353316 -12
    endloop
  endfacet
  facet normal 0.5877852522924736 0.8090169943749471 0
    outer loop
      vertex -37.007391819076574 -2.229434476432183 -9.5
      vertex -36.5 -2.598076211353316 -9.5
      vertex -36.5 -2.598076211353316 -12
    endloop
  endfacet
  facet normal 0.4067366430758004 0.9135454576426008 0
    outer loop
      vertex -35.92705098312484 -2.8531695488854605 -9.5
      vertex -35.92705098312484 -2.8531695488854605 -12
      vertex -36.5 -2.598076211353316 -9.5
    endloop
  endfacet
  facet normal 0.9510565162951534 0.30901699437494756 0
    outer loop
      vertex -37.93444280220142 -0.623735072453278 -9.5
      vertex -37.7406363729278 -1.2202099292274007 -12
      vertex -37.93444280220142 -0.623735072453278 -12
    endloop
  endfacet
  facet normal 0.8660254037844393 0.4999999999999989 0
    outer loop
      vertex -37.7406363729278 -1.2202099292274007 -9.5
      vertex -37.42705098312484 -1.7633557568774194 -12
      vertex -37.7406363729278 -1.2202099292274007 -12
    endloop
  endfacet
  facet normal 0.9510565162951534 0.30901699437494756 0
    outer loop
      vertex -37.7406363729278 -1.2202099292274007 -9.5
      vertex -37.7406363729278 -1.2202099292274007 -12
      vertex -37.93444280220142 -0.623735072453278 -9.5
    endloop
  endfacet
  facet normal 0.9945218953682733 0.10452846326765323 0
    outer loop
      vertex -37.93444280220142 -0.623735072453278 -9.5
      vertex -37.93444280220142 -0.623735072453278 -12
      vertex -38 0 -9.5
    endloop
  endfacet
  facet normal 0.9945218953682733 0.10452846326765323 0
    outer loop
      vertex -38 0 -9.5
      vertex -37.93444280220142 -0.623735072453278 -12
      vertex -38 0 -12
    endloop
  endfacet
  facet normal 0.9945218953682733 -0.10452846326765323 0
    outer loop
      vertex -37.93444280220142 0.623735072453278 -9.5
      vertex -38 0 -12
      vertex -37.93444280220142 0.623735072453278 -12
    endloop
  endfacet
  facet normal 0.9945218953682733 -0.10452846326765323 0
    outer loop
      vertex -38 0 -9.5
      vertex -38 0 -12
      vertex -37.93444280220142 0.623735072453278 -9.5
    endloop
  endfacet
  facet normal 0.9510565162951534 -0.30901699437494756 0
    outer loop
      vertex -37.93444280220142 0.623735072453278 -9.5
      vertex -37.93444280220142 0.623735072453278 -12
      vertex -37.7406363729278 1.2202099292274007 -9.5
    endloop
  endfacet
  facet normal 0 1 0
    outer loop
      vertex -35.31358538980296 -2.9835656861048196 -9.5
      vertex -34.68641461019704 -2.9835656861048196 -12
      vertex -35.31358538980296 -2.9835656861048196 -12
    endloop
  endfacet
  facet normal -0.2079116908177585 0.9781476007338058 0
    outer loop
      vertex -34.68641461019704 -2.9835656861048196 -9.5
      vertex -34.07294901687516 -2.8531695488854605 -12
      vertex -34.68641461019704 -2.9835656861048196 -12
    endloop
  endfacet
  facet normal 0 1 0
    outer loop
      vertex -35.31358538980296 -2.9835656861048196 -9.5
      vertex -34.68641461019704 -2.9835656861048196 -9.5
      vertex -34.68641461019704 -2.9835656861048196 -12
    endloop
  endfacet
  facet normal -0.2079116908177585 0.9781476007338058 0
    outer loop
      vertex -34.68641461019704 -2.9835656861048196 -9.5
      vertex -34.07294901687516 -2.8531695488854605 -9.5
      vertex -34.07294901687516 -2.8531695488854605 -12
    endloop
  endfacet
  facet normal -0.4067366430758004 0.9135454576426008 0
    outer loop
      vertex -34.07294901687516 -2.8531695488854605 -9.5
      vertex -33.5 -2.598076211353316 -12
      vertex -34.07294901687516 -2.8531695488854605 -12
    endloop
  endfacet
  facet normal -0.5877852522924736 0.8090169943749471 0
    outer loop
      vertex -33.5 -2.598076211353316 -9.5
      vertex -32.992608180923426 -2.229434476432183 -12
      vertex -33.5 -2.598076211353316 -12
    endloop
  endfacet
  facet normal -0.743144825477393 0.6691306063588596 0
    outer loop
      vertex -32.992608180923426 -2.229434476432183 -9.5
      vertex -32.57294901687516 -1.7633557568774194 -12
      vertex -32.992608180923426 -2.229434476432183 -12
    endloop
  endfacet
  facet normal -0.8660254037844393 0.4999999999999989 0
    outer loop
      vertex -32.57294901687516 -1.7633557568774194 -9.5
      vertex -32.2593636270722 -1.2202099292274007 -12
      vertex -32.57294901687516 -1.7633557568774194 -12
    endloop
  endfacet
  facet normal -0.4067366430758004 0.9135454576426008 0
    outer loop
      vertex -34.07294901687516 -2.8531695488854605 -9.5
      vertex -33.5 -2.598076211353316 -9.5
      vertex -33.5 -2.598076211353316 -12
    endloop
  endfacet
  facet normal -0.5877852522924736 0.8090169943749471 0
    outer loop
      vertex -33.5 -2.598076211353316 -9.5
      vertex -32.992608180923426 -2.229434476432183 -9.5
      vertex -32.992608180923426 -2.229434476432183 -12
    endloop
  endfacet
  facet normal -0.743144825477393 0.6691306063588596 0
    outer loop
      vertex -32.992608180923426 -2.229434476432183 -9.5
      vertex -32.57294901687516 -1.7633557568774194 -9.5
      vertex -32.57294901687516 -1.7633557568774194 -12
    endloop
  endfacet
  facet normal -0.9510565162951534 0.30901699437494756 0
    outer loop
      vertex -32.2593636270722 -1.2202099292274007 -9.5
      vertex -32.06555719779858 -0.623735072453278 -12
      vertex -32.2593636270722 -1.2202099292274007 -12
    endloop
  endfacet
  facet normal -0.9945218953682733 0.10452846326765323 0
    outer loop
      vertex -32.06555719779858 -0.623735072453278 -9.5
      vertex -32 0 -12
      vertex -32.06555719779858 -0.623735072453278 -12
    endloop
  endfacet
  facet normal -0.8660254037844393 0.4999999999999989 0
    outer loop
      vertex -32.57294901687516 -1.7633557568774194 -9.5
      vertex -32.2593636270722 -1.2202099292274007 -9.5
      vertex -32.2593636270722 -1.2202099292274007 -12
    endloop
  endfacet
  facet normal -0.9510565162951534 0.30901699437494756 0
    outer loop
      vertex -32.2593636270722 -1.2202099292274007 -9.5
      vertex -32.06555719779858 -0.623735072453278 -9.5
      vertex -32.06555719779858 -0.623735072453278 -12
    endloop
  endfacet
  facet normal -0.9945218953682733 -0.10452846326765323 0
    outer loop
      vertex -32 0 -9.5
      vertex -32.06555719779858 0.623735072453278 -12
      vertex -32 0 -12
    endloop
  endfacet
  facet normal -0.9510565162951534 -0.30901699437494756 0
    outer loop
      vertex -32.06555719779858 0.623735072453278 -9.5
      vertex -32.2593636270722 1.2202099292274007 -12
      vertex -32.06555719779858 0.623735072453278 -12
    endloop
  endfacet
  facet normal -0.9945218953682733 0.10452846326765323 0
    outer loop
      vertex -32.06555719779858 -0.623735072453278 -9.5
      vertex -32 0 -9.5
      vertex -32 0 -12
    endloop
  endfacet
  facet normal -0.9945218953682733 -0.10452846326765323 0
    outer loop
      vertex -32 0 -9.5
      vertex -32.06555719779858 0.623735072453278 -9.5
      vertex -32.06555719779858 0.623735072453278 -12
    endloop
  endfacet
  facet normal 0 0 -1
    outer loop
      vertex -36.5 -2.598076211353316 -9.5
      vertex -36.334878040718664 -0.9698456662825806 -9.5
      vertex -36.10406550049212 -1.2261889620377004 -9.5
    endloop
  endfacet
  facet normal 0 0 -1
    outer loop
      vertex -35.92705098312484 -2.8531695488854605 -9.5
      vertex -36.5 -2.598076211353316 -9.5
      vertex -36.10406550049212 -1.2261889620377004 -9.5
    endloop
  endfacet
  facet normal 0 0 -1
    outer loop
      vertex -35.92705098312484 -2.8531695488854605 -9.5
      vertex -35.50987804071866 -1.5692432518870032 -9.5
      vertex -35.31358538980296 -2.9835656861048196 -9.5
    endloop
  endfacet
  facet normal 0 0 -1
    outer loop
      vertex -35.92705098312484 -2.8531695488854605 -9.5
      vertex -36.10406550049212 -1.2261889620377004 -9.5
      vertex -35.825 -1.4289419162443235 -9.5
    endloop
  endfacet
  facet normal 0 0 -1
    outer loop
      vertex -35.92705098312484 -2.8531695488854605 -9.5
      vertex -35.825 -1.4289419162443235 -9.5
      vertex -35.50987804071866 -1.5692432518870032 -9.5
    endloop
  endfacet
  facet normal 0 0 -1
    outer loop
      vertex -37.7406363729278 -1.2202099292274007 -9.5
      vertex -37.93444280220142 -0.623735072453278 -9.5
      vertex -37.93444280220142 0.623735072453278 -9.5
    endloop
  endfacet
  facet normal 0 0 -1
    outer loop
      vertex -37.7406363729278 -1.2202099292274007 -9.5
      vertex -37.7406363729278 1.2202099292274007 -9.5
      vertex -37.42705098312484 -1.7633557568774194 -9.5
    endloop
  endfacet
  facet normal 0 0 -1
    outer loop
      vertex -37.007391819076574 -2.229434476432183 -9.5
      vertex -37.42705098312484 -1.7633557568774194 -9.5
      vertex -37.42705098312484 1.7633557568774194 -9.5
    endloop
  endfacet
  facet normal 0 0 -1
    outer loop
      vertex -37.93444280220142 -0.623735072453278 -9.5
      vertex -38 0 -9.5
      vertex -37.93444280220142 0.623735072453278 -9.5
    endloop
  endfacet
  facet normal 0 0 -1
    outer loop
      vertex -37.7406363729278 -1.2202099292274007 -9.5
      vertex -37.93444280220142 0.623735072453278 -9.5
      vertex -37.7406363729278 1.2202099292274007 -9.5
    endloop
  endfacet
  facet normal 0 0 -1
    outer loop
      vertex -37.42705098312484 -1.7633557568774194 -9.5
      vertex -37.7406363729278 1.2202099292274007 -9.5
      vertex -37.42705098312484 1.7633557568774194 -9.5
    endloop
  endfacet
  facet normal 0 0 -1
    outer loop
      vertex -37.007391819076574 -2.229434476432183 -9.5
      vertex -37.42705098312484 1.7633557568774194 -9.5
      vertex -37.007391819076574 2.229434476432183 -9.5
    endloop
  endfacet
  facet normal 0 0 -1
    outer loop
      vertex -36.5 -2.598076211353316 -9.5
      vertex -36.50735000511029 -0.6711154610750703 -9.5
      vertex -36.334878040718664 -0.9698456662825806 -9.5
    endloop
  endfacet
  facet normal 0 0 -1
    outer loop
      vertex -36.5 -2.598076211353316 -9.5
      vertex -36.61394354121078 -0.3430542898493029 -9.5
      vertex -36.50735000511029 -0.6711154610750703 -9.5
    endloop
  endfacet
  facet normal 0 0 -1
    outer loop
      vertex -36.5 -2.598076211353316 -9.5
      vertex -36.65 0 -9.5
      vertex -36.61394354121078 -0.3430542898493029 -9.5
    endloop
  endfacet
  facet normal 0 0 -1
    outer loop
      vertex -37.007391819076574 -2.229434476432183 -9.5
      vertex -37.007391819076574 2.229434476432183 -9.5
      vertex -36.5 -2.598076211353316 -9.5
    endloop
  endfacet
  facet normal 0 0 -1
    outer loop
      vertex -36.5 -2.598076211353316 -9.5
      vertex -37.007391819076574 2.229434476432183 -9.5
      vertex -36.65 0 -9.5
    endloop
  endfacet
  facet normal 0 0 -1
    outer loop
      vertex -36.65 0 -9.5
      vertex -37.007391819076574 2.229434476432183 -9.5
      vertex -36.61394354121078 0.3430542898493029 -9.5
    endloop
  endfacet
  facet normal 0 0 -1
    outer loop
      vertex -35.31358538980296 -2.9835656861048196 -9.5
      vertex -34.827528035608374 -1.6409611273576508 -9.5
      vertex -34.68641461019704 -2.9835656861048196 -9.5
    endloop
  endfacet
  facet normal 0 0 -1
    outer loop
      vertex -35.31358538980296 -2.9835656861048196 -9.5
      vertex -35.50987804071866 -1.5692432518870032 -9.5
      vertex -35.172471964391626 -1.6409611273576508 -9.5
    endloop
  endfacet
  facet normal 0 0 -1
    outer loop
      vertex -35.31358538980296 -2.9835656861048196 -9.5
      vertex -35.172471964391626 -1.6409611273576508 -9.5
      vertex -34.827528035608374 -1.6409611273576508 -9.5
    endloop
  endfacet
  facet normal 0 0 -1
    outer loop
      vertex -34.68641461019704 -2.9835656861048196 -9.5
      vertex -34.827528035608374 -1.6409611273576508 -9.5
      vertex -34.07294901687516 -2.8531695488854605 -9.5
    endloop
  endfacet
  facet normal 0 0 -1
    outer loop
      vertex -34.07294901687516 -2.8531695488854605 -9.5
      vertex -34.827528035608374 -1.6409611273576508 -9.5
      vertex -34.49012195928134 -1.5692432518870032 -9.5
    endloop
  endfacet
  facet normal 0 0 -1
    outer loop
      vertex -34.07294901687516 -2.8531695488854605 -9.5
      vertex -34.49012195928134 -1.5692432518870032 -9.5
      vertex -34.175 -1.4289419162443235 -9.5
    endloop
  endfacet
  facet normal 0 0 -1
    outer loop
      vertex -34.07294901687516 -2.8531695488854605 -9.5
      vertex -34.175 -1.4289419162443235 -9.5
      vertex -33.5 -2.598076211353316 -9.5
    endloop
  endfacet
  facet normal 0 0 -1
    outer loop
      vertex -34.175 -1.4289419162443235 -9.5
      vertex -33.89593449950788 -1.2261889620377004 -9.5
      vertex -33.5 -2.598076211353316 -9.5
    endloop
  endfacet
  facet normal 0 0 -1
    outer loop
      vertex -33.89593449950788 -1.2261889620377004 -9.5
      vertex -33.665121959281336 -0.9698456662825806 -9.5
      vertex -33.5 -2.598076211353316 -9.5
    endloop
  endfacet
  facet normal 0 0 -1
    outer loop
      vertex -33.5 -2.598076211353316 -9.5
      vertex -33.665121959281336 -0.9698456662825806 -9.5
      vertex -32.992608180923426 -2.229434476432183 -9.5
    endloop
  endfacet
  facet normal 0 0 -1
    outer loop
      vertex -32.992608180923426 -2.229434476432183 -9.5
      vertex -33.665121959281336 -0.9698456662825806 -9.5
      vertex -33.49264999488971 -0.6711154610750703 -9.5
    endloop
  endfacet
  facet normal 0 0 -1
    outer loop
      vertex -32.992608180923426 -2.229434476432183 -9.5
      vertex -33.49264999488971 -0.6711154610750703 -9.5
      vertex -33.38605645878922 -0.3430542898493029 -9.5
    endloop
  endfacet
  facet normal 0 0 -1
    outer loop
      vertex -32.992608180923426 -2.229434476432183 -9.5
      vertex -33.38605645878922 -0.3430542898493029 -9.5
      vertex -33.35 0 -9.5
    endloop
  endfacet
  facet normal 0 0 -1
    outer loop
      vertex -32.992608180923426 -2.229434476432183 -9.5
      vertex -32.992608180923426 2.229434476432183 -9.5
      vertex -32.57294901687516 -1.7633557568774194 -9.5
    endloop
  endfacet
  facet normal 0 0 -1
    outer loop
      vertex -32.57294901687516 -1.7633557568774194 -9.5
      vertex -32.57294901687516 1.7633557568774194 -9.5
      vertex -32.2593636270722 -1.2202099292274007 -9.5
    endloop
  endfacet
  facet normal 0 0 -1
    outer loop
      vertex -32.992608180923426 -2.229434476432183 -9.5
      vertex -33.35 0 -9.5
      vertex -33.5 2.598076211353316 -9.5
    endloop
  endfacet
  facet normal 0 0 -1
    outer loop
      vertex -33.35 0 -9.5
      vertex -33.38605645878922 0.3430542898493029 -9.5
      vertex -33.5 2.598076211353316 -9.5
    endloop
  endfacet
  facet normal 0 0 -1
    outer loop
      vertex -32.992608180923426 -2.229434476432183 -9.5
      vertex -33.5 2.598076211353316 -9.5
      vertex -32.992608180923426 2.229434476432183 -9.5
    endloop
  endfacet
  facet normal 0 0 -1
    outer loop
      vertex -32.57294901687516 -1.7633557568774194 -9.5
      vertex -32.992608180923426 2.229434476432183 -9.5
      vertex -32.57294901687516 1.7633557568774194 -9.5
    endloop
  endfacet
  facet normal 0 0 -1
    outer loop
      vertex -32.2593636270722 -1.2202099292274007 -9.5
      vertex -32.2593636270722 1.2202099292274007 -9.5
      vertex -32.06555719779858 -0.623735072453278 -9.5
    endloop
  endfacet
  facet normal 0 0 -1
    outer loop
      vertex -32.06555719779858 -0.623735072453278 -9.5
      vertex -32.06555719779858 0.623735072453278 -9.5
      vertex -32 0 -9.5
    endloop
  endfacet
  facet normal 0 0 -1
    outer loop
      vertex -32.2593636270722 -1.2202099292274007 -9.5
      vertex -32.57294901687516 1.7633557568774194 -9.5
      vertex -32.2593636270722 1.2202099292274007 -9.5
    endloop
  endfacet
  facet normal 0 0 -1
    outer loop
      vertex -32.06555719779858 -0.623735072453278 -9.5
      vertex -32.2593636270722 1.2202099292274007 -9.5
      vertex -32.06555719779858 0.623735072453278 -9.5
    endloop
  endfacet
  facet normal 0.9510565162951534 -0.30901699437494756 0
    outer loop
      vertex -37.7406363729278 1.2202099292274007 -9.5
      vertex -37.93444280220142 0.623735072453278 -12
      vertex -37.7406363729278 1.2202099292274007 -12
    endloop
  endfacet
  facet normal 0.8660254037844393 -0.4999999999999989 0
    outer loop
      vertex -37.42705098312484 1.7633557568774194 -9.5
      vertex -37.7406363729278 1.2202099292274007 -12
      vertex -37.42705098312484 1.7633557568774194 -12
    endloop
  endfacet
  facet normal 0.743144825477393 -0.6691306063588596 0
    outer loop
      vertex -37.007391819076574 2.229434476432183 -9.5
      vertex -37.42705098312484 1.7633557568774194 -12
      vertex -37.007391819076574 2.229434476432183 -12
    endloop
  endfacet
  facet normal 0.8660254037844393 -0.4999999999999989 0
    outer loop
      vertex -37.7406363729278 1.2202099292274007 -9.5
      vertex -37.7406363729278 1.2202099292274007 -12
      vertex -37.42705098312484 1.7633557568774194 -9.5
    endloop
  endfacet
  facet normal 0.743144825477393 -0.6691306063588596 0
    outer loop
      vertex -37.42705098312484 1.7633557568774194 -9.5
      vertex -37.42705098312484 1.7633557568774194 -12
      vertex -37.007391819076574 2.229434476432183 -9.5
    endloop
  endfacet
  facet normal 0.5877852522924736 -0.8090169943749471 0
    outer loop
      vertex -36.5 2.598076211353316 -9.5
      vertex -37.007391819076574 2.229434476432183 -12
      vertex -36.5 2.598076211353316 -12
    endloop
  endfacet
  facet normal 0.4067366430758004 -0.9135454576426008 0
    outer loop
      vertex -35.92705098312484 2.8531695488854605 -9.5
      vertex -36.5 2.598076211353316 -12
      vertex -35.92705098312484 2.8531695488854605 -12
    endloop
  endfacet
  facet normal 0.2079116908177585 -0.9781476007338058 0
    outer loop
      vertex -35.31358538980296 2.9835656861048196 -9.5
      vertex -35.92705098312484 2.8531695488854605 -12
      vertex -35.31358538980296 2.9835656861048196 -12
    endloop
  endfacet
  facet normal 0.5877852522924736 -0.8090169943749471 0
    outer loop
      vertex -37.007391819076574 2.229434476432183 -9.5
      vertex -37.007391819076574 2.229434476432183 -12
      vertex -36.5 2.598076211353316 -9.5
    endloop
  endfacet
  facet normal 0.4067366430758004 -0.9135454576426008 0
    outer loop
      vertex -36.5 2.598076211353316 -9.5
      vertex -36.5 2.598076211353316 -12
      vertex -35.92705098312484 2.8531695488854605 -9.5
    endloop
  endfacet
  facet normal 0.2079116908177585 -0.9781476007338058 0
    outer loop
      vertex -35.92705098312484 2.8531695488854605 -9.5
      vertex -35.92705098312484 2.8531695488854605 -12
      vertex -35.31358538980296 2.9835656861048196 -9.5
    endloop
  endfacet
  facet normal 0 -1 0
    outer loop
      vertex -34.68641461019704 2.9835656861048196 -9.5
      vertex -35.31358538980296 2.9835656861048196 -12
      vertex -34.68641461019704 2.9835656861048196 -12
    endloop
  endfacet
  facet normal -0.2079116908177585 -0.9781476007338058 0
    outer loop
      vertex -34.07294901687516 2.8531695488854605 -9.5
      vertex -34.68641461019704 2.9835656861048196 -12
      vertex -34.07294901687516 2.8531695488854605 -12
    endloop
  endfacet
  facet normal 0 -1 0
    outer loop
      vertex -35.31358538980296 2.9835656861048196 -9.5
      vertex -35.31358538980296 2.9835656861048196 -12
      vertex -34.68641461019704 2.9835656861048196 -9.5
    endloop
  endfacet
  facet normal -0.2079116908177585 -0.9781476007338058 0
    outer loop
      vertex -34.68641461019704 2.9835656861048196 -9.5
      vertex -34.68641461019704 2.9835656861048196 -12
      vertex -34.07294901687516 2.8531695488854605 -9.5
    endloop
  endfacet
  facet normal -0.743144825477393 -0.6691306063588596 0
    outer loop
      vertex -32.57294901687516 1.7633557568774194 -9.5
      vertex -32.992608180923426 2.229434476432183 -12
      vertex -32.57294901687516 1.7633557568774194 -12
    endloop
  endfacet
  facet normal -0.8660254037844393 -0.4999999999999989 0
    outer loop
      vertex -32.57294901687516 1.7633557568774194 -9.5
      vertex -32.57294901687516 1.7633557568774194 -12
      vertex -32.2593636270722 1.2202099292274007 -9.5
    endloop
  endfacet
  facet normal -0.743144825477393 -0.6691306063588596 0
    outer loop
      vertex -32.57294901687516 1.7633557568774194 -9.5
      vertex -32.992608180923426 2.229434476432183 -9.5
      vertex -32.992608180923426 2.229434476432183 -12
    endloop
  endfacet
  facet normal -0.4067366430758004 -0.9135454576426008 0
    outer loop
      vertex -33.5 2.598076211353316 -9.5
      vertex -34.07294901687516 2.8531695488854605 -12
      vertex -33.5 2.598076211353316 -12
    endloop
  endfacet
  facet normal -0.5877852522924736 -0.8090169943749471 0
    outer loop
      vertex -32.992608180923426 2.229434476432183 -9.5
      vertex -33.5 2.598076211353316 -12
      vertex -32.992608180923426 2.229434476432183 -12
    endloop
  endfacet
  facet normal -0.4067366430758004 -0.9135454576426008 0
    outer loop
      vertex -34.07294901687516 2.8531695488854605 -9.5
      vertex -34.07294901687516 2.8531695488854605 -12
      vertex -33.5 2.598076211353316 -9.5
    endloop
  endfacet
  facet normal -0.5877852522924736 -0.8090169943749471 0
    outer loop
      vertex -33.5 2.598076211353316 -9.5
      vertex -33.5 2.598076211353316 -12
      vertex -32.992608180923426 2.229434476432183 -9.5
    endloop
  endfacet
  facet normal -0.8660254037844393 -0.4999999999999989 0
    outer loop
      vertex -32.2593636270722 1.2202099292274007 -9.5
      vertex -32.57294901687516 1.7633557568774194 -12
      vertex -32.2593636270722 1.2202099292274007 -12
    endloop
  endfacet
  facet normal -0.9510565162951534 -0.30901699437494756 0
    outer loop
      vertex -32.06555719779858 0.623735072453278 -9.5
      vertex -32.2593636270722 1.2202099292274007 -9.5
      vertex -32.2593636270722 1.2202099292274007 -12
    endloop
  endfacet
  facet normal 0 0 -1
    outer loop
      vertex -36.61394354121078 0.3430542898493029 -9.5
      vertex -37.007391819076574 2.229434476432183 -9.5
      vertex -36.50735000511029 0.6711154610750703 -9.5
    endloop
  endfacet
  facet normal 0 0 -1
    outer loop
      vertex -36.50735000511029 0.6711154610750703 -9.5
      vertex -37.007391819076574 2.229434476432183 -9.5
      vertex -36.334878040718664 0.9698456662825806 -9.5
    endloop
  endfacet
  facet normal 0 0 -1
    outer loop
      vertex -36.334878040718664 0.9698456662825806 -9.5
      vertex -36.5 2.598076211353316 -9.5
      vertex -36.10406550049212 1.2261889620377004 -9.5
    endloop
  endfacet
  facet normal 0 0 -1
    outer loop
      vertex -36.334878040718664 0.9698456662825806 -9.5
      vertex -37.007391819076574 2.229434476432183 -9.5
      vertex -36.5 2.598076211353316 -9.5
    endloop
  endfacet
  facet normal 0 0 -1
    outer loop
      vertex -36.10406550049212 1.2261889620377004 -9.5
      vertex -36.5 2.598076211353316 -9.5
      vertex -35.825 1.4289419162443235 -9.5
    endloop
  endfacet
  facet normal 0 0 -1
    outer loop
      vertex -35.92705098312484 2.8531695488854605 -9.5
      vertex -35.50987804071866 1.5692432518870032 -9.5
      vertex -35.825 1.4289419162443235 -9.5
    endloop
  endfacet
  facet normal 0 0 -1
    outer loop
      vertex -35.92705098312484 2.8531695488854605 -9.5
      vertex -35.172471964391626 1.6409611273576508 -9.5
      vertex -35.50987804071866 1.5692432518870032 -9.5
    endloop
  endfacet
  facet normal 0 0 -1
    outer loop
      vertex -36.5 2.598076211353316 -9.5
      vertex -35.92705098312484 2.8531695488854605 -9.5
      vertex -35.825 1.4289419162443235 -9.5
    endloop
  endfacet
  facet normal 0 0 -1
    outer loop
      vertex -35.172471964391626 1.6409611273576508 -9.5
      vertex -34.68641461019704 2.9835656861048196 -9.5
      vertex -34.827528035608374 1.6409611273576508 -9.5
    endloop
  endfacet
  facet normal 0 0 -1
    outer loop
      vertex -34.827528035608374 1.6409611273576508 -9.5
      vertex -34.68641461019704 2.9835656861048196 -9.5
      vertex -34.49012195928134 1.5692432518870032 -9.5
    endloop
  endfacet
  facet normal 0 0 -1
    outer loop
      vertex -34.49012195928134 1.5692432518870032 -9.5
      vertex -34.07294901687516 2.8531695488854605 -9.5
      vertex -34.175 1.4289419162443235 -9.5
    endloop
  endfacet
  facet normal 0 0 -1
    outer loop
      vertex -33.89593449950788 1.2261889620377004 -9.5
      vertex -34.175 1.4289419162443235 -9.5
      vertex -34.07294901687516 2.8531695488854605 -9.5
    endloop
  endfacet
  facet normal 0 0 -1
    outer loop
      vertex -35.92705098312484 2.8531695488854605 -9.5
      vertex -35.31358538980296 2.9835656861048196 -9.5
      vertex -35.172471964391626 1.6409611273576508 -9.5
    endloop
  endfacet
  facet normal 0 0 -1
    outer loop
      vertex -35.172471964391626 1.6409611273576508 -9.5
      vertex -35.31358538980296 2.9835656861048196 -9.5
      vertex -34.68641461019704 2.9835656861048196 -9.5
    endloop
  endfacet
  facet normal 0 0 -1
    outer loop
      vertex -34.49012195928134 1.5692432518870032 -9.5
      vertex -34.68641461019704 2.9835656861048196 -9.5
      vertex -34.07294901687516 2.8531695488854605 -9.5
    endloop
  endfacet
  facet normal 0 0 -1
    outer loop
      vertex -33.89593449950788 1.2261889620377004 -9.5
      vertex -33.5 2.598076211353316 -9.5
      vertex -33.665121959281336 0.9698456662825806 -9.5
    endloop
  endfacet
  facet normal 0 0 -1
    outer loop
      vertex -33.38605645878922 0.3430542898493029 -9.5
      vertex -33.49264999488971 0.6711154610750703 -9.5
      vertex -33.5 2.598076211353316 -9.5
    endloop
  endfacet
  facet normal 0 0 -1
    outer loop
      vertex -33.49264999488971 0.6711154610750703 -9.5
      vertex -33.665121959281336 0.9698456662825806 -9.5
      vertex -33.5 2.598076211353316 -9.5
    endloop
  endfacet
  facet normal 0 0 -1
    outer loop
      vertex -33.89593449950788 1.2261889620377004 -9.5
      vertex -34.07294901687516 2.8531695488854605 -9.5
      vertex -33.5 2.598076211353316 -9.5
    endloop
  endfacet
endsolid OpenSCAD_Model
