solid OpenSCAD_Model
  facet normal 0 0 -1
    outer loop
      vertex -30.358709860223023 -59.43519694706771 0
      vertex -30.057989872297874 -49.86613177367682 0
      vertex -30.057989872297874 -61.33386822632318 0
    endloop
  endfacet
  facet normal 0 0 -1
    outer loop
      vertex -29.63864473053611 -63.20991054724456 0
      vertex -30.057989872297874 -61.33386822632318 0
      vertex -29.63864473053611 -47.99008945275544 0
    endloop
  endfacet
  facet normal 0 0 -1
    outer loop
      vertex -29.1023293986317 -65.0559200278734 0
      vertex -29.63864473053611 -63.20991054724456 0
      vertex -29.1023293986317 -46.14407997212661 0
    endloop
  endfacet
  facet normal 0 0 -1
    outer loop
      vertex -28.451160468180497 -66.86461131215114 0
      vertex -27.6877078054602 -42.571153678108786 0
      vertex -27.6877078054602 -68.62884632189122 0
    endloop
  endfacet
  facet normal 0 0 -1
    outer loop
      vertex -28.451160468180497 -66.86461131215114 0
      vertex -29.1023293986317 -65.0559200278734 0
      vertex -28.451160468180497 -44.33538868784886 0
    endloop
  endfacet
  facet normal 0 0 -1
    outer loop
      vertex -30.358709860223023 -59.43519694706771 0
      vertex -30.53961788990511 -57.52138989759699 0
      vertex -30.358709860223023 -51.764803052932294 0
    endloop
  endfacet
  facet normal 0 0 -1
    outer loop
      vertex -30.53961788990511 -57.52138989759699 0
      vertex -30.6 -55.6 0
      vertex -30.53961788990511 -53.67861010240301 0
    endloop
  endfacet
  facet normal 0 0 -1
    outer loop
      vertex -30.53961788990511 -57.52138989759699 0
      vertex -30.53961788990511 -53.67861010240301 0
      vertex -30.358709860223023 -51.764803052932294 0
    endloop
  endfacet
  facet normal 0 0 -1
    outer loop
      vertex -30.358709860223023 -59.43519694706771 0
      vertex -30.358709860223023 -51.764803052932294 0
      vertex -30.057989872297874 -49.86613177367682 0
    endloop
  endfacet
  facet normal 0 0 -1
    outer loop
      vertex -30.057989872297874 -61.33386822632318 0
      vertex -30.057989872297874 -49.86613177367682 0
      vertex -29.63864473053611 -47.99008945275544 0
    endloop
  endfacet
  facet normal 0 0 -1
    outer loop
      vertex -29.63864473053611 -63.20991054724456 0
      vertex -29.63864473053611 -47.99008945275544 0
      vertex -29.1023293986317 -46.14407997212661 0
    endloop
  endfacet
  facet normal 0 0 -1
    outer loop
      vertex -29.1023293986317 -65.0559200278734 0
      vertex -29.1023293986317 -46.14407997212661 0
      vertex -28.451160468180497 -44.33538868784886 0
    endloop
  endfacet
  facet normal 0 0 -1
    outer loop
      vertex -28.451160468180497 -66.86461131215114 0
      vertex -28.451160468180497 -44.33538868784886 0
      vertex -27.6877078054602 -42.571153678108786 0
    endloop
  endfacet
  facet normal 0 0 -1
    outer loop
      vertex -26.814984409342223 -70.34166242751249 0
      vertex -27.6877078054602 -68.62884632189122 0
      vertex -26.814984409342223 -40.858337572487514 0
    endloop
  endfacet
  facet normal 0 0 -1
    outer loop
      vertex -25.83643452036166 -71.9962999263573 0
      vertex -26.814984409342223 -70.34166242751249 0
      vertex -25.83643452036166 -39.2037000736427 0
    endloop
  endfacet
  facet normal 0 0 -1
    outer loop
      vertex -25.83643452036166 -71.9962999263573 0
      vertex -24.755920027873394 -37.613771279850326 0
      vertex -24.755920027873394 -73.58622872014968 0
    endloop
  endfacet
  facet normal 0 0 -1
    outer loop
      vertex -24.755920027873394 -73.58622872014968 0
      vertex -23.577705228939156 -36.0948259136901 0
      vertex -23.577705228939156 -75.1051740863099 0
    endloop
  endfacet
  facet normal 0 0 -1
    outer loop
      vertex -27.6877078054602 -68.62884632189122 0
      vertex -27.6877078054602 -42.571153678108786 0
      vertex -26.814984409342223 -40.858337572487514 0
    endloop
  endfacet
  facet normal 0 0 -1
    outer loop
      vertex -26.814984409342223 -70.34166242751249 0
      vertex -26.814984409342223 -40.858337572487514 0
      vertex -25.83643452036166 -39.2037000736427 0
    endloop
  endfacet
  facet normal 0 0 -1
    outer loop
      vertex -25.83643452036166 -71.9962999263573 0
      vertex -25.83643452036166 -39.2037000736427 0
      vertex -24.755920027873394 -37.613771279850326 0
    endloop
  endfacet
  facet normal 0 0 -1
    outer loop
      vertex -24.755920027873394 -73.58622872014968 0
      vertex -24.755920027873394 -37.613771279850326 0
      vertex -23.577705228939156 -36.0948259136901 0
    endloop
  endfacet
  facet normal 0 0 -1
    outer loop
      vertex -23.577705228939156 -75.1051740863099 0
      vertex -23.577705228939156 -36.0948259136901 0
      vertex -22.306439999095197 -34.65285855858213 0
    endloop
  endfacet
  facet normal 0 0 -1
    outer loop
      vertex -23.577705228939156 -75.1051740863099 0
      vertex -22.306439999095197 -34.65285855858213 0
      vertex -22.306439999095197 -76.54714144141786 0
    endloop
  endfacet
  facet normal 0 0 -1
    outer loop
      vertex -22.306439999095197 -76.54714144141786 0
      vertex -20.94714144141787 -33.293560000904804 0
      vertex -20.94714144141787 -77.9064399990952 0
    endloop
  endfacet
  facet normal 0 0 -1
    outer loop
      vertex -20.94714144141787 -77.9064399990952 0
      vertex -19.505174086309903 -32.02229477106084 0
      vertex -19.505174086309903 -79.17770522893916 0
    endloop
  endfacet
  facet normal 0 0 -1
    outer loop
      vertex -22.306439999095197 -76.54714144141786 0
      vertex -22.306439999095197 -34.65285855858213 0
      vertex -20.94714144141787 -33.293560000904804 0
    endloop
  endfacet
  facet normal 0 0 -1
    outer loop
      vertex -20.94714144141787 -77.9064399990952 0
      vertex -20.94714144141787 -33.293560000904804 0
      vertex -19.505174086309903 -32.02229477106084 0
    endloop
  endfacet
  facet normal 0 0 -1
    outer loop
      vertex -19.505174086309903 -79.17770522893916 0
      vertex -19.505174086309903 -32.02229477106084 0
      vertex -17.98622872014968 -30.844079972126607 0
    endloop
  endfacet
  facet normal -0.9177546256839807 -0.3971478906347817 0
    outer loop
      vertex -28.451160468180497 -66.86461131215114 0
      vertex -27.6877078054602 -68.62884632189122 0
      vertex -28.451160468180497 -66.86461131215114 8
    endloop
  endfacet
  facet normal 0 0 1
    outer loop
      vertex -28.57290339785696 -59.20959712665196 2
      vertex -28.289872820986233 -60.99658186006888 2
      vertex -28.289872820986233 -50.203418139931124 2
    endloop
  endfacet
  facet normal 0 0 1
    outer loop
      vertex -27.895195040504575 -62.76226875034782 2
      vertex -27.895195040504575 -48.43773124965218 2
      vertex -28.289872820986233 -60.99658186006888 2
    endloop
  endfacet
  facet normal -0.9876883405951378 -0.15643446504023042 0
    outer loop
      vertex -30.358709860223023 -59.43519694706771 0
      vertex -30.057989872297874 -61.33386822632318 0
      vertex -30.358709860223023 -59.43519694706771 8
    endloop
  endfacet
  facet normal -0.9955619646030801 -0.09410831331851359 0
    outer loop
      vertex -30.358709860223023 -59.43519694706771 0
      vertex -30.53961788990511 -57.52138989759699 8
      vertex -30.53961788990511 -57.52138989759699 0
    endloop
  endfacet
  facet normal -0.9759167619387471 -0.2181432413965439 0
    outer loop
      vertex -29.63864473053611 -63.20991054724456 0
      vertex -30.057989872297874 -61.33386822632318 8
      vertex -30.057989872297874 -61.33386822632318 0
    endloop
  endfacet
  facet normal -0.9602936856769433 -0.2789911060392283 0
    outer loop
      vertex -29.1023293986317 -65.0559200278734 0
      vertex -29.63864473053611 -63.20991054724456 8
      vertex -29.63864473053611 -63.20991054724456 0
    endloop
  endfacet
  facet normal -0.9408807689542253 -0.3387379202452916 0
    outer loop
      vertex -28.451160468180497 -66.86461131215114 0
      vertex -29.1023293986317 -65.0559200278734 8
      vertex -29.1023293986317 -65.0559200278734 0
    endloop
  endfacet
  facet normal 0 0 1
    outer loop
      vertex -28.57290339785696 -59.20959712665196 2
      vertex -28.57290339785696 -51.990402873348046 2
      vertex -28.74316977873422 -57.40836696244423 2
    endloop
  endfacet
  facet normal 0 0 1
    outer loop
      vertex -28.74316977873422 -57.40836696244423 2
      vertex -28.74316977873422 -53.791633037555776 2
      vertex -28.8 -55.6 2
    endloop
  endfacet
  facet normal 0 0 1
    outer loop
      vertex -28.74316977873422 -57.40836696244423 2
      vertex -28.57290339785696 -51.990402873348046 2
      vertex -28.74316977873422 -53.791633037555776 2
    endloop
  endfacet
  facet normal 0 0 1
    outer loop
      vertex -28.57290339785696 -59.20959712665196 2
      vertex -28.289872820986233 -50.203418139931124 2
      vertex -28.57290339785696 -51.990402873348046 2
    endloop
  endfacet
  facet normal 0 0 1
    outer loop
      vertex -28.289872820986233 -60.99658186006888 2
      vertex -27.895195040504575 -48.43773124965218 2
      vertex -28.289872820986233 -50.203418139931124 2
    endloop
  endfacet
  facet normal -0.9995065603657315 -0.031410759078129256 0
    outer loop
      vertex -30.53961788990511 -57.52138989759699 0
      vertex -30.6 -55.6 8
      vertex -30.6 -55.6 0
    endloop
  endfacet
  facet normal -0.9995065603657315 0.031410759078129256 0
    outer loop
      vertex -30.6 -55.6 0
      vertex -30.53961788990511 -53.67861010240301 8
      vertex -30.53961788990511 -53.67861010240301 0
    endloop
  endfacet
  facet normal -0.9955619646030801 0.09410831331851359 0
    outer loop
      vertex -30.53961788990511 -53.67861010240301 0
      vertex -30.358709860223023 -51.764803052932294 8
      vertex -30.358709860223023 -51.764803052932294 0
    endloop
  endfacet
  facet normal -0.9876883405951378 0.15643446504023042 0
    outer loop
      vertex -30.358709860223023 -51.764803052932294 0
      vertex -30.057989872297874 -49.86613177367682 8
      vertex -30.057989872297874 -49.86613177367682 0
    endloop
  endfacet
  facet normal -0.9759167619387471 0.2181432413965439 0
    outer loop
      vertex -30.057989872297874 -49.86613177367682 0
      vertex -29.63864473053611 -47.99008945275544 8
      vertex -29.63864473053611 -47.99008945275544 0
    endloop
  endfacet
  facet normal -0.8270805742745629 -0.562083377852129 0
    outer loop
      vertex -25.83643452036166 -71.9962999263573 0
      vertex -24.755920027873394 -73.58622872014968 0
      vertex -25.83643452036166 -71.9962999263573 8
    endloop
  endfacet
  facet normal -0.8910065241883678 -0.45399049973954714 0
    outer loop
      vertex -26.814984409342223 -70.34166242751249 0
      vertex -27.6877078054602 -68.62884632189122 8
      vertex -27.6877078054602 -68.62884632189122 0
    endloop
  endfacet
  facet normal -0.8607420270039435 -0.5090414157503714 0
    outer loop
      vertex -25.83643452036166 -71.9962999263573 0
      vertex -26.814984409342223 -70.34166242751249 8
      vertex -26.814984409342223 -70.34166242751249 0
    endloop
  endfacet
  facet normal -0.7901550123756903 -0.6129070536529765 0
    outer loop
      vertex -24.755920027873394 -73.58622872014968 0
      vertex -23.577705228939156 -75.1051740863099 0
      vertex -24.755920027873394 -73.58622872014968 8
    endloop
  endfacet
  facet normal -0.750111069630458 -0.6613118653236536 0
    outer loop
      vertex -23.577705228939156 -75.1051740863099 0
      vertex -22.306439999095197 -76.54714144141786 0
      vertex -23.577705228939156 -75.1051740863099 8
    endloop
  endfacet
  facet normal -0.7071067811865493 -0.7071067811865457 0
    outer loop
      vertex -22.306439999095197 -76.54714144141786 0
      vertex -20.94714144141787 -77.9064399990952 0
      vertex -22.306439999095197 -76.54714144141786 8
    endloop
  endfacet
  facet normal -0.6613118653236537 -0.7501110696304579 0
    outer loop
      vertex -20.94714144141787 -77.9064399990952 0
      vertex -19.505174086309903 -79.17770522893916 0
      vertex -19.505174086309903 -79.17770522893916 8
    endloop
  endfacet
  facet normal 0 0 1
    outer loop
      vertex -27.895195040504575 -62.76226875034782 2
      vertex -27.390427669300422 -64.49968943799848 2
      vertex -27.390427669300422 -46.70031056200152 2
    endloop
  endfacet
  facet normal 0 0 1
    outer loop
      vertex -27.390427669300422 -64.49968943799848 2
      vertex -26.77756279358164 -66.20198711731872 2
      vertex -26.77756279358164 -44.99801288268128 2
    endloop
  endfacet
  facet normal 0 0 1
    outer loop
      vertex -26.059019111021364 -67.86244359707409 2
      vertex -25.237632385263268 -69.4745058141294 2
      vertex -25.237632385263268 -41.7254941858706 2
    endloop
  endfacet
  facet normal 0 0 1
    outer loop
      vertex -26.059019111021364 -67.86244359707409 2
      vertex -26.059019111021364 -43.33755640292591 2
      vertex -26.77756279358164 -66.20198711731872 2
    endloop
  endfacet
  facet normal 0 0 1
    outer loop
      vertex -25.237632385263268 -69.4745058141294 2
      vertex -24.31664425445803 -71.0318116953951 2
      vertex -24.31664425445803 -40.1681883046049 2
    endloop
  endfacet
  facet normal 0 0 1
    outer loop
      vertex -23.299689437998488 -72.52821526602322 2
      vertex -23.299689437998488 -38.67178473397678 2
      vertex -24.31664425445803 -71.0318116953951 2
    endloop
  endfacet
  facet normal 0 0 1
    outer loop
      vertex -27.895195040504575 -62.76226875034782 2
      vertex -27.390427669300422 -46.70031056200152 2
      vertex -27.895195040504575 -48.43773124965218 2
    endloop
  endfacet
  facet normal 0 0 1
    outer loop
      vertex -27.390427669300422 -64.49968943799848 2
      vertex -26.77756279358164 -44.99801288268128 2
      vertex -27.390427669300422 -46.70031056200152 2
    endloop
  endfacet
  facet normal 0 0 1
    outer loop
      vertex -26.77756279358164 -66.20198711731872 2
      vertex -26.059019111021364 -43.33755640292591 2
      vertex -26.77756279358164 -44.99801288268128 2
    endloop
  endfacet
  facet normal 0 0 1
    outer loop
      vertex -26.059019111021364 -67.86244359707409 2
      vertex -25.237632385263268 -41.7254941858706 2
      vertex -26.059019111021364 -43.33755640292591 2
    endloop
  endfacet
  facet normal 0 0 1
    outer loop
      vertex -25.237632385263268 -69.4745058141294 2
      vertex -24.31664425445803 -40.1681883046049 2
      vertex -25.237632385263268 -41.7254941858706 2
    endloop
  endfacet
  facet normal 0 0 1
    outer loop
      vertex -24.31664425445803 -71.0318116953951 2
      vertex -23.299689437998488 -38.67178473397678 2
      vertex -24.31664425445803 -40.1681883046049 2
    endloop
  endfacet
  facet normal 0 0 1
    outer loop
      vertex -22.190781391942735 -73.95781090476225 2
      vertex -20.994296469736657 -75.31495665074624 2
      vertex -20.994296469736657 -35.88504334925377 2
    endloop
  endfacet
  facet normal 0 0 1
    outer loop
      vertex -23.299689437998488 -72.52821526602322 2
      vertex -22.190781391942735 -73.95781090476225 2
      vertex -22.190781391942735 -37.24218909523774 2
    endloop
  endfacet
  facet normal 0 0 1
    outer loop
      vertex -19.71495665074623 -76.59429646973666 2
      vertex -19.71495665074623 -34.60570353026334 2
      vertex -20.994296469736657 -75.31495665074624 2
    endloop
  endfacet
  facet normal 0 0 1
    outer loop
      vertex -19.71495665074623 -76.59429646973666 2
      vertex -18.35781090476226 -77.79078139194274 2
      vertex -18.35781090476226 -33.409218608057266 2
    endloop
  endfacet
  facet normal 0 0 1
    outer loop
      vertex -23.299689437998488 -72.52821526602322 2
      vertex -22.190781391942735 -37.24218909523774 2
      vertex -23.299689437998488 -38.67178473397678 2
    endloop
  endfacet
  facet normal 0 0 1
    outer loop
      vertex -22.190781391942735 -73.95781090476225 2
      vertex -20.994296469736657 -35.88504334925377 2
      vertex -22.190781391942735 -37.24218909523774 2
    endloop
  endfacet
  facet normal 0 0 1
    outer loop
      vertex -20.994296469736657 -75.31495665074624 2
      vertex -19.71495665074623 -34.60570353026334 2
      vertex -20.994296469736657 -35.88504334925377 2
    endloop
  endfacet
  facet normal 0 0 1
    outer loop
      vertex -19.71495665074623 -76.59429646973666 2
      vertex -18.35781090476226 -33.409218608057266 2
      vertex -19.71495665074623 -34.60570353026334 2
    endloop
  endfacet
  facet normal -0.9602936856769431 0.2789911060392293 0
    outer loop
      vertex -29.63864473053611 -47.99008945275544 0
      vertex -29.1023293986317 -46.14407997212661 8
      vertex -29.1023293986317 -46.14407997212661 0
    endloop
  endfacet
  facet normal -0.9408807689542258 0.3387379202452904 0
    outer loop
      vertex -29.1023293986317 -46.14407997212661 0
      vertex -28.451160468180497 -44.33538868784886 8
      vertex -28.451160468180497 -44.33538868784886 0
    endloop
  endfacet
  facet normal -0.9177546256839807 0.3971478906347817 0
    outer loop
      vertex -28.451160468180497 -44.33538868784886 0
      vertex -27.6877078054602 -42.571153678108786 8
      vertex -27.6877078054602 -42.571153678108786 0
    endloop
  endfacet
  facet normal -0.8910065241883678 0.45399049973954714 0
    outer loop
      vertex -27.6877078054602 -42.571153678108786 0
      vertex -26.814984409342223 -40.858337572487514 8
      vertex -26.814984409342223 -40.858337572487514 0
    endloop
  endfacet
  facet normal -0.8607420270039446 0.5090414157503698 0
    outer loop
      vertex -26.814984409342223 -40.858337572487514 0
      vertex -25.83643452036166 -39.2037000736427 8
      vertex -25.83643452036166 -39.2037000736427 0
    endloop
  endfacet
  facet normal -0.8270805742745617 0.5620833778521308 0
    outer loop
      vertex -25.83643452036166 -39.2037000736427 0
      vertex -24.755920027873394 -37.613771279850326 8
      vertex -24.755920027873394 -37.613771279850326 0
    endloop
  endfacet
  facet normal -0.7901550123756903 0.6129070536529765 0
    outer loop
      vertex -24.755920027873394 -37.613771279850326 0
      vertex -23.577705228939156 -36.0948259136901 8
      vertex -23.577705228939156 -36.0948259136901 0
    endloop
  endfacet
  facet normal -0.7501110696304597 0.6613118653236517 0
    outer loop
      vertex -23.577705228939156 -36.0948259136901 0
      vertex -22.306439999095197 -34.65285855858213 8
      vertex -22.306439999095197 -34.65285855858213 0
    endloop
  endfacet
  facet normal -0.7071067811865476 0.7071067811865476 0
    outer loop
      vertex -22.306439999095197 -34.65285855858213 0
      vertex -20.94714144141787 -33.293560000904804 8
      vertex -20.94714144141787 -33.293560000904804 0
    endloop
  endfacet
  facet normal -0.6613118653236537 0.7501110696304579 0
    outer loop
      vertex -20.94714144141787 -33.293560000904804 0
      vertex -20.94714144141787 -33.293560000904804 8
      vertex -19.505174086309903 -32.02229477106084 0
    endloop
  endfacet
  facet normal -0.6129070536529754 0.7901550123756913 0
    outer loop
      vertex -19.505174086309903 -32.02229477106084 0
      vertex -19.505174086309903 -32.02229477106084 8
      vertex -17.98622872014968 -30.844079972126607 0
    endloop
  endfacet
  facet normal 0 0 -1
    outer loop
      vertex -19.505174086309903 -79.17770522893916 0
      vertex -17.98622872014968 -30.844079972126607 0
      vertex -17.98622872014968 -80.3559200278734 0
    endloop
  endfacet
  facet normal 0 0 -1
    outer loop
      vertex -16.3962999263573 -81.43643452036166 0
      vertex -17.98622872014968 -80.3559200278734 0
      vertex -16.3962999263573 -29.76356547963834 0
    endloop
  endfacet
  facet normal 0 0 -1
    outer loop
      vertex -16.3962999263573 -81.43643452036166 0
      vertex -14.741662427512486 -28.785015590657775 0
      vertex -14.741662427512491 -82.41498440934222 0
    endloop
  endfacet
  facet normal 0 0 -1
    outer loop
      vertex -17.98622872014968 -80.3559200278734 0
      vertex -17.98622872014968 -30.844079972126607 0
      vertex -16.3962999263573 -29.76356547963834 0
    endloop
  endfacet
  facet normal 0 0 -1
    outer loop
      vertex -14.741662427512491 -82.41498440934222 0
      vertex -13.028846321891226 -27.912292194539805 0
      vertex -13.028846321891217 -83.2877078054602 0
    endloop
  endfacet
  facet normal 0 0 -1
    outer loop
      vertex -13.028846321891217 -83.2877078054602 0
      vertex -11.264611312151143 -27.148839531819505 0
      vertex -11.264611312151143 -84.0511604681805 0
    endloop
  endfacet
  facet normal 0 0 -1
    outer loop
      vertex -11.264611312151143 -84.0511604681805 0
      vertex -9.455920027873391 -26.497670601368302 0
      vertex -9.455920027873391 -84.7023293986317 0
    endloop
  endfacet
  facet normal 0 0 -1
    outer loop
      vertex -9.455920027873391 -84.7023293986317 0
      vertex -7.609910547244559 -25.96135526946389 0
      vertex -7.609910547244559 -85.23864473053611 0
    endloop
  endfacet
  facet normal 0 0 -1
    outer loop
      vertex -7.609910547244559 -85.23864473053611 0
      vertex -5.733868226323172 -25.542010127702124 0
      vertex -5.73386822632318 -85.65798987229788 0
    endloop
  endfacet
  facet normal 0 0 -1
    outer loop
      vertex -5.73386822632318 -85.65798987229788 0
      vertex -3.835196947067711 -25.24129013977698 0
      vertex -3.8351969470677045 -85.95870986022302 0
    endloop
  endfacet
  facet normal 0 0 -1
    outer loop
      vertex -3.8351969470677045 -85.95870986022302 0
      vertex -1.9213898975969863 -25.060382110094892 0
      vertex -1.9213898975970012 -86.13961788990511 0
    endloop
  endfacet
  facet normal 0 0 -1
    outer loop
      vertex -1.9213898975970012 -86.13961788990511 0
      vertex 0 -25 0
      vertex 0 -86.2 0
    endloop
  endfacet
  facet normal -0.6129070536529754 -0.7901550123756913 0
    outer loop
      vertex -19.505174086309903 -79.17770522893916 0
      vertex -17.98622872014968 -80.3559200278734 0
      vertex -17.98622872014968 -80.3559200278734 8
    endloop
  endfacet
  facet normal -0.5620833778521287 -0.8270805742745632 0
    outer loop
      vertex -16.3962999263573 -81.43643452036166 0
      vertex -16.3962999263573 -81.43643452036166 8
      vertex -17.98622872014968 -80.3559200278734 0
    endloop
  endfacet
  facet normal -0.509041415750372 -0.8607420270039432 0
    outer loop
      vertex -16.3962999263573 -81.43643452036166 0
      vertex -14.741662427512491 -82.41498440934222 0
      vertex -14.741662427512491 -82.41498440934222 8
    endloop
  endfacet
  facet normal -0.4539904997395467 -0.8910065241883679 0
    outer loop
      vertex -14.741662427512491 -82.41498440934222 0
      vertex -13.028846321891217 -83.2877078054602 0
      vertex -13.028846321891217 -83.2877078054602 8
    endloop
  endfacet
  facet normal -0.397147890634782 -0.9177546256839806 0
    outer loop
      vertex -13.028846321891217 -83.2877078054602 0
      vertex -11.264611312151143 -84.0511604681805 0
      vertex -11.264611312151143 -84.0511604681805 8
    endloop
  endfacet
  facet normal -0.33873792024529176 -0.9408807689542253 0
    outer loop
      vertex -11.264611312151143 -84.0511604681805 0
      vertex -9.455920027873391 -84.7023293986317 0
      vertex -9.455920027873391 -84.7023293986317 8
    endloop
  endfacet
  facet normal 0 0 1
    outer loop
      vertex -18.35781090476226 -77.79078139194274 2
      vertex -16.928215266023226 -78.89968943799849 2
      vertex -16.928215266023226 -32.30031056200151 2
    endloop
  endfacet
  facet normal 0 0 1
    outer loop
      vertex -16.928215266023226 -78.89968943799849 2
      vertex -15.431811695395107 -79.91664425445803 2
      vertex -15.431811695395107 -31.28335574554197 2
    endloop
  endfacet
  facet normal 0 0 1
    outer loop
      vertex -15.431811695395107 -79.91664425445803 2
      vertex -13.874505814129403 -80.83763238526328 2
      vertex -13.874505814129398 -30.36236761473673 2
    endloop
  endfacet
  facet normal 0 0 1
    outer loop
      vertex -18.35781090476226 -77.79078139194274 2
      vertex -16.928215266023226 -32.30031056200151 2
      vertex -18.35781090476226 -33.409218608057266 2
    endloop
  endfacet
  facet normal 0 0 1
    outer loop
      vertex -16.928215266023226 -78.89968943799849 2
      vertex -15.431811695395107 -31.28335574554197 2
      vertex -16.928215266023226 -32.30031056200151 2
    endloop
  endfacet
  facet normal 0 0 1
    outer loop
      vertex -15.431811695395107 -79.91664425445803 2
      vertex -13.874505814129398 -30.36236761473673 2
      vertex -15.431811695395107 -31.28335574554197 2
    endloop
  endfacet
  facet normal 0 0 1
    outer loop
      vertex -12.262443597074087 -81.65901911102137 2
      vertex -12.262443597074094 -29.54098088897864 2
      vertex -13.874505814129403 -80.83763238526328 2
    endloop
  endfacet
  facet normal 0 0 1
    outer loop
      vertex -12.262443597074087 -81.65901911102137 2
      vertex -10.601987117318723 -82.37756279358165 2
      vertex -10.601987117318723 -28.82243720641836 2
    endloop
  endfacet
  facet normal 0 0 1
    outer loop
      vertex -10.601987117318723 -82.37756279358165 2
      vertex -8.899689437998486 -82.99042766930043 2
      vertex -8.899689437998486 -28.20957233069958 2
    endloop
  endfacet
  facet normal 0 0 1
    outer loop
      vertex -13.874505814129403 -80.83763238526328 2
      vertex -12.262443597074094 -29.54098088897864 2
      vertex -13.874505814129398 -30.36236761473673 2
    endloop
  endfacet
  facet normal -0.27899110603922556 -0.9602936856769442 0
    outer loop
      vertex -9.455920027873391 -84.7023293986317 0
      vertex -7.609910547244559 -85.23864473053611 0
      vertex -7.609910547244559 -85.23864473053611 8
    endloop
  endfacet
  facet normal -0.21814324139654556 -0.9759167619387468 0
    outer loop
      vertex -7.609910547244559 -85.23864473053611 0
      vertex -5.73386822632318 -85.65798987229788 0
      vertex -5.73386822632318 -85.65798987229788 8
    endloop
  endfacet
  facet normal -0.1564344650402303 -0.9876883405951378 0
    outer loop
      vertex -5.73386822632318 -85.65798987229788 0
      vertex -3.8351969470677045 -85.95870986022302 0
      vertex -3.8351969470677045 -85.95870986022302 8
    endloop
  endfacet
  facet normal -0.09410831331851437 -0.99556196460308 0
    outer loop
      vertex -3.8351969470677045 -85.95870986022302 0
      vertex -1.9213898975970012 -86.13961788990511 0
      vertex -1.9213898975970012 -86.13961788990511 8
    endloop
  endfacet
  facet normal -0.03141075907812905 -0.9995065603657315 0
    outer loop
      vertex -1.9213898975970012 -86.13961788990511 0
      vertex 0 -86.2 0
      vertex 0 -86.2 8
    endloop
  endfacet
  facet normal 0 0 1
    outer loop
      vertex -8.899689437998486 -82.99042766930043 2
      vertex -7.1622687503478195 -83.49519504050457 2
      vertex -7.1622687503478195 -27.704804959495426 2
    endloop
  endfacet
  facet normal 0 0 1
    outer loop
      vertex -7.1622687503478195 -83.49519504050457 2
      vertex -5.396581860068875 -83.88987282098623 2
      vertex -5.396581860068868 -27.310127179013765 2
    endloop
  endfacet
  facet normal 0 0 1
    outer loop
      vertex -5.396581860068875 -83.88987282098623 2
      vertex -3.6095971266519573 -84.17290339785697 2
      vertex -3.6095971266519635 -27.02709660214304 2
    endloop
  endfacet
  facet normal 0 0 1
    outer loop
      vertex -3.6095971266519573 -84.17290339785697 2
      vertex -1.8083669624442364 -84.34316977873422 2
      vertex -1.8083669624442225 -26.85683022126578 2
    endloop
  endfacet
  facet normal 0 0 1
    outer loop
      vertex -1.8083669624442364 -84.34316977873422 2
      vertex 0 -84.4 2
      vertex 0 -26.8 2
    endloop
  endfacet
  facet normal 0 0 -1
    outer loop
      vertex -16.3962999263573 -81.43643452036166 0
      vertex -16.3962999263573 -29.76356547963834 0
      vertex -14.741662427512486 -28.785015590657775 0
    endloop
  endfacet
  facet normal 0 0 -1
    outer loop
      vertex -14.741662427512491 -82.41498440934222 0
      vertex -14.741662427512486 -28.785015590657775 0
      vertex -13.028846321891226 -27.912292194539805 0
    endloop
  endfacet
  facet normal 0 0 -1
    outer loop
      vertex -13.028846321891217 -83.2877078054602 0
      vertex -13.028846321891226 -27.912292194539805 0
      vertex -11.264611312151143 -27.148839531819505 0
    endloop
  endfacet
  facet normal 0 0 -1
    outer loop
      vertex -11.264611312151143 -84.0511604681805 0
      vertex -11.264611312151143 -27.148839531819505 0
      vertex -9.455920027873391 -26.497670601368302 0
    endloop
  endfacet
  facet normal 0 0 -1
    outer loop
      vertex -9.455920027873391 -84.7023293986317 0
      vertex -9.455920027873391 -26.497670601368302 0
      vertex -7.609910547244559 -25.96135526946389 0
    endloop
  endfacet
  facet normal 0 0 -1
    outer loop
      vertex -7.609910547244559 -85.23864473053611 0
      vertex -7.609910547244559 -25.96135526946389 0
      vertex -5.733868226323172 -25.542010127702124 0
    endloop
  endfacet
  facet normal 0 0 -1
    outer loop
      vertex -5.73386822632318 -85.65798987229788 0
      vertex -5.733868226323172 -25.542010127702124 0
      vertex -3.835196947067711 -25.24129013977698 0
    endloop
  endfacet
  facet normal 0 0 -1
    outer loop
      vertex -3.8351969470677045 -85.95870986022302 0
      vertex -3.835196947067711 -25.24129013977698 0
      vertex -1.9213898975969863 -25.060382110094892 0
    endloop
  endfacet
  facet normal 0 0 -1
    outer loop
      vertex -1.9213898975970012 -86.13961788990511 0
      vertex -1.9213898975969863 -25.060382110094892 0
      vertex 0 -25 0
    endloop
  endfacet
  facet normal 0 -1 0
    outer loop
      vertex -7.5 -25 0
      vertex 7.5 -25 0
      vertex -7.5 -25 4
    endloop
  endfacet
  facet normal -0.5620833778521299 0.8270805742745623 0
    outer loop
      vertex -17.98622872014968 -30.844079972126607 0
      vertex -17.98622872014968 -30.844079972126607 8
      vertex -16.3962999263573 -29.76356547963834 0
    endloop
  endfacet
  facet normal -0.5090414157503708 0.860742027003944 0
    outer loop
      vertex -16.3962999263573 -29.76356547963834 0
      vertex -16.3962999263573 -29.76356547963834 8
      vertex -14.741662427512486 -28.785015590657775 0
    endloop
  endfacet
  facet normal -0.4539904997395468 0.8910065241883679 0
    outer loop
      vertex -14.741662427512486 -28.785015590657775 0
      vertex -14.741662427512486 -28.785015590657775 8
      vertex -13.028846321891226 -27.912292194539805 0
    endloop
  endfacet
  facet normal 0 0 1
    outer loop
      vertex -12.262443597074087 -81.65901911102137 2
      vertex -10.601987117318723 -28.82243720641836 2
      vertex -12.262443597074094 -29.54098088897864 2
    endloop
  endfacet
  facet normal 0 0 1
    outer loop
      vertex -10.601987117318723 -82.37756279358165 2
      vertex -8.899689437998486 -28.20957233069958 2
      vertex -10.601987117318723 -28.82243720641836 2
    endloop
  endfacet
  facet normal -0.39714789063478184 0.9177546256839806 0
    outer loop
      vertex -13.028846321891226 -27.912292194539805 0
      vertex -13.028846321891226 -27.912292194539805 8
      vertex -11.264611312151143 -27.148839531819505 0
    endloop
  endfacet
  facet normal -0.33873792024529015 0.9408807689542259 0
    outer loop
      vertex -11.264611312151143 -27.148839531819505 0
      vertex -11.264611312151143 -27.148839531819505 8
      vertex -9.455920027873391 -26.497670601368302 0
    endloop
  endfacet
  facet normal 0 0 1
    outer loop
      vertex -8.899689437998486 -82.99042766930043 2
      vertex -7.1622687503478195 -27.704804959495426 2
      vertex -8.899689437998486 -28.20957233069958 2
    endloop
  endfacet
  facet normal 0 0 1
    outer loop
      vertex -7.1622687503478195 -83.49519504050457 2
      vertex -5.396581860068868 -27.310127179013765 2
      vertex -7.1622687503478195 -27.704804959495426 2
    endloop
  endfacet
  facet normal 0 0 1
    outer loop
      vertex -5.396581860068875 -83.88987282098623 2
      vertex -3.6095971266519635 -27.02709660214304 2
      vertex -5.396581860068868 -27.310127179013765 2
    endloop
  endfacet
  facet normal 0 0 1
    outer loop
      vertex -3.6095971266519573 -84.17290339785697 2
      vertex -1.8083669624442225 -26.85683022126578 2
      vertex -3.6095971266519635 -27.02709660214304 2
    endloop
  endfacet
  facet normal 0 0 1
    outer loop
      vertex -1.8083669624442364 -84.34316977873422 2
      vertex 0 -26.8 2
      vertex -1.8083669624442225 -26.85683022126578 2
    endloop
  endfacet
  facet normal -0.27899110603922894 0.9602936856769432 0
    outer loop
      vertex -9.455920027873391 -26.497670601368302 0
      vertex -9.455920027873391 -26.497670601368302 8
      vertex -7.609910547244559 -25.96135526946389 0
    endloop
  endfacet
  facet normal -0.21814324139654465 0.9759167619387469 0
    outer loop
      vertex -7.609910547244559 -25.96135526946389 0
      vertex -7.609910547244559 -25.96135526946389 8
      vertex -5.733868226323172 -25.542010127702124 0
    endloop
  endfacet
  facet normal -0.1564344650402297 0.9876883405951379 0
    outer loop
      vertex -5.733868226323172 -25.542010127702124 0
      vertex -5.733868226323172 -25.542010127702124 8
      vertex -3.835196947067711 -25.24129013977698 0
    endloop
  endfacet
  facet normal -1 0 0
    outer loop
      vertex -7.5 -25 0
      vertex -7.5 -25 4
      vertex -7.5 25 4
    endloop
  endfacet
  facet normal -0.09410831331851333 0.9955619646030802 0
    outer loop
      vertex -3.835196947067711 -25.24129013977698 0
      vertex -3.835196947067711 -25.24129013977698 8
      vertex -1.9213898975969863 -25.060382110094892 0
    endloop
  endfacet
  facet normal -0.03141075907812929 0.9995065603657315 0
    outer loop
      vertex -1.9213898975969863 -25.060382110094892 0
      vertex -1.9213898975969863 -25.060382110094892 8
      vertex 0 -25 0
    endloop
  endfacet
  facet normal -0.9177546256839807 -0.3971478906347817 0
    outer loop
      vertex -27.6877078054602 -68.62884632189122 0
      vertex -27.6877078054602 -68.62884632189122 8
      vertex -28.451160468180497 -66.86461131215114 8
    endloop
  endfacet
  facet normal 0.9876883405951379 0.15643446504023042 0
    outer loop
      vertex -28.57290339785696 -59.20959712665196 2
      vertex -28.57290339785696 -59.20959712665196 8
      vertex -28.289872820986233 -60.99658186006888 2
    endloop
  endfacet
  facet normal 0.9759167619387473 0.21814324139654323 0
    outer loop
      vertex -27.895195040504575 -62.76226875034782 2
      vertex -28.289872820986233 -60.99658186006888 2
      vertex -28.289872820986233 -60.99658186006888 8
    endloop
  endfacet
  facet normal 0.9955619646030801 0.0941083133185141 0
    outer loop
      vertex -28.57290339785696 -59.20959712665196 2
      vertex -28.74316977873422 -57.40836696244423 2
      vertex -28.74316977873422 -57.40836696244423 8
    endloop
  endfacet
  facet normal 0.9995065603657315 0.031410759078129125 0
    outer loop
      vertex -28.74316977873422 -57.40836696244423 2
      vertex -28.8 -55.6 2
      vertex -28.8 -55.6 8
    endloop
  endfacet
  facet normal 0.9995065603657315 -0.031410759078129125 0
    outer loop
      vertex -28.8 -55.6 2
      vertex -28.74316977873422 -53.791633037555776 2
      vertex -28.74316977873422 -53.791633037555776 8
    endloop
  endfacet
  facet normal 0.9955619646030801 -0.0941083133185141 0
    outer loop
      vertex -28.74316977873422 -53.791633037555776 2
      vertex -28.57290339785696 -51.990402873348046 2
      vertex -28.57290339785696 -51.990402873348046 8
    endloop
  endfacet
  facet normal 0.9876883405951379 -0.15643446504023042 0
    outer loop
      vertex -28.57290339785696 -51.990402873348046 2
      vertex -28.289872820986233 -50.203418139931124 2
      vertex -28.289872820986233 -50.203418139931124 8
    endloop
  endfacet
  facet normal 0.9759167619387473 -0.21814324139654323 0
    outer loop
      vertex -28.289872820986233 -50.203418139931124 2
      vertex -27.895195040504575 -48.43773124965218 2
      vertex -27.895195040504575 -48.43773124965218 8
    endloop
  endfacet
  facet normal -0.9876883405951378 -0.15643446504023042 0
    outer loop
      vertex -30.057989872297874 -61.33386822632318 0
      vertex -30.057989872297874 -61.33386822632318 8
      vertex -30.358709860223023 -59.43519694706771 8
    endloop
  endfacet
  facet normal -0.9955619646030801 -0.09410831331851359 0
    outer loop
      vertex -30.358709860223023 -59.43519694706771 0
      vertex -30.358709860223023 -59.43519694706771 8
      vertex -30.53961788990511 -57.52138989759699 8
    endloop
  endfacet
  facet normal -0.9995065603657315 -0.031410759078129256 0
    outer loop
      vertex -30.53961788990511 -57.52138989759699 0
      vertex -30.53961788990511 -57.52138989759699 8
      vertex -30.6 -55.6 8
    endloop
  endfacet
  facet normal -0.9602936856769433 -0.2789911060392283 0
    outer loop
      vertex -29.1023293986317 -65.0559200278734 0
      vertex -29.1023293986317 -65.0559200278734 8
      vertex -29.63864473053611 -63.20991054724456 8
    endloop
  endfacet
  facet normal -0.9759167619387471 -0.2181432413965439 0
    outer loop
      vertex -29.63864473053611 -63.20991054724456 0
      vertex -29.63864473053611 -63.20991054724456 8
      vertex -30.057989872297874 -61.33386822632318 8
    endloop
  endfacet
  facet normal -0.9408807689542253 -0.3387379202452916 0
    outer loop
      vertex -28.451160468180497 -66.86461131215114 0
      vertex -28.451160468180497 -66.86461131215114 8
      vertex -29.1023293986317 -65.0559200278734 8
    endloop
  endfacet
  facet normal -0.9995065603657315 0.031410759078129256 0
    outer loop
      vertex -30.6 -55.6 0
      vertex -30.6 -55.6 8
      vertex -30.53961788990511 -53.67861010240301 8
    endloop
  endfacet
  facet normal -0.9955619646030801 0.09410831331851359 0
    outer loop
      vertex -30.53961788990511 -53.67861010240301 0
      vertex -30.53961788990511 -53.67861010240301 8
      vertex -30.358709860223023 -51.764803052932294 8
    endloop
  endfacet
  facet normal -0.9876883405951378 0.15643446504023042 0
    outer loop
      vertex -30.358709860223023 -51.764803052932294 0
      vertex -30.358709860223023 -51.764803052932294 8
      vertex -30.057989872297874 -49.86613177367682 8
    endloop
  endfacet
  facet normal -0.9759167619387471 0.2181432413965439 0
    outer loop
      vertex -30.057989872297874 -49.86613177367682 0
      vertex -30.057989872297874 -49.86613177367682 8
      vertex -29.63864473053611 -47.99008945275544 8
    endloop
  endfacet
  facet normal -0.9602936856769431 0.2789911060392293 0
    outer loop
      vertex -29.63864473053611 -47.99008945275544 0
      vertex -29.63864473053611 -47.99008945275544 8
      vertex -29.1023293986317 -46.14407997212661 8
    endloop
  endfacet
  facet normal 0.9177546256839814 0.39714789063478007 0
    outer loop
      vertex -26.059019111021364 -67.86244359707409 2
      vertex -26.77756279358164 -66.20198711731872 2
      vertex -26.77756279358164 -66.20198711731872 8
    endloop
  endfacet
  facet normal 0.8910065241883671 0.4539904997395482 0
    outer loop
      vertex -26.059019111021364 -67.86244359707409 2
      vertex -26.059019111021364 -67.86244359707409 8
      vertex -25.237632385263268 -69.4745058141294 2
    endloop
  endfacet
  facet normal 0.8270805742745626 0.5620833778521296 0
    outer loop
      vertex -23.299689437998488 -72.52821526602322 2
      vertex -24.31664425445803 -71.0318116953951 2
      vertex -24.31664425445803 -71.0318116953951 8
    endloop
  endfacet
  facet normal 0.8607420270039438 0.5090414157503711 0
    outer loop
      vertex -25.237632385263268 -69.4745058141294 2
      vertex -25.237632385263268 -69.4745058141294 8
      vertex -24.31664425445803 -71.0318116953951 2
    endloop
  endfacet
  facet normal 0.6613118653236529 0.7501110696304585 0
    outer loop
      vertex -19.71495665074623 -76.59429646973666 2
      vertex -19.71495665074623 -76.59429646973666 8
      vertex -18.35781090476226 -77.79078139194274 2
    endloop
  endfacet
  facet normal 0.7901550123756897 0.6129070536529772 0
    outer loop
      vertex -23.299689437998488 -72.52821526602322 2
      vertex -23.299689437998488 -72.52821526602322 8
      vertex -22.190781391942735 -73.95781090476225 2
    endloop
  endfacet
  facet normal 0.750111069630463 0.661311865323648 0
    outer loop
      vertex -22.190781391942735 -73.95781090476225 2
      vertex -22.190781391942735 -73.95781090476225 8
      vertex -20.994296469736657 -75.31495665074624 2
    endloop
  endfacet
  facet normal 0.7071067811865466 0.7071067811865485 0
    outer loop
      vertex -19.71495665074623 -76.59429646973666 2
      vertex -20.994296469736657 -75.31495665074624 2
      vertex -20.994296469736657 -75.31495665074624 8
    endloop
  endfacet
  facet normal -0.8910065241883678 -0.45399049973954714 0
    outer loop
      vertex -26.814984409342223 -70.34166242751249 0
      vertex -26.814984409342223 -70.34166242751249 8
      vertex -27.6877078054602 -68.62884632189122 8
    endloop
  endfacet
  facet normal -0.8607420270039435 -0.5090414157503714 0
    outer loop
      vertex -25.83643452036166 -71.9962999263573 0
      vertex -25.83643452036166 -71.9962999263573 8
      vertex -26.814984409342223 -70.34166242751249 8
    endloop
  endfacet
  facet normal -0.8270805742745629 -0.562083377852129 0
    outer loop
      vertex -24.755920027873394 -73.58622872014968 0
      vertex -24.755920027873394 -73.58622872014968 8
      vertex -25.83643452036166 -71.9962999263573 8
    endloop
  endfacet
  facet normal -0.7901550123756903 -0.6129070536529765 0
    outer loop
      vertex -23.577705228939156 -75.1051740863099 0
      vertex -23.577705228939156 -75.1051740863099 8
      vertex -24.755920027873394 -73.58622872014968 8
    endloop
  endfacet
  facet normal -0.7071067811865493 -0.7071067811865457 0
    outer loop
      vertex -20.94714144141787 -77.9064399990952 0
      vertex -20.94714144141787 -77.9064399990952 8
      vertex -22.306439999095197 -76.54714144141786 8
    endloop
  endfacet
  facet normal -0.6613118653236537 -0.7501110696304579 0
    outer loop
      vertex -20.94714144141787 -77.9064399990952 0
      vertex -19.505174086309903 -79.17770522893916 8
      vertex -20.94714144141787 -77.9064399990952 8
    endloop
  endfacet
  facet normal -0.6129070536529754 -0.7901550123756913 0
    outer loop
      vertex -19.505174086309903 -79.17770522893916 0
      vertex -17.98622872014968 -80.3559200278734 8
      vertex -19.505174086309903 -79.17770522893916 8
    endloop
  endfacet
  facet normal -0.750111069630458 -0.6613118653236536 0
    outer loop
      vertex -22.306439999095197 -76.54714144141786 0
      vertex -22.306439999095197 -76.54714144141786 8
      vertex -23.577705228939156 -75.1051740863099 8
    endloop
  endfacet
  facet normal 0.9408807689542257 0.3387379202452908 0
    outer loop
      vertex -27.390427669300422 -64.49968943799848 2
      vertex -27.390427669300422 -64.49968943799848 8
      vertex -26.77756279358164 -66.20198711731872 2
    endloop
  endfacet
  facet normal 0.960293685676943 0.27899110603922994 0
    outer loop
      vertex -27.895195040504575 -62.76226875034782 2
      vertex -27.895195040504575 -62.76226875034782 8
      vertex -27.390427669300422 -64.49968943799848 2
    endloop
  endfacet
  facet normal 0.960293685676943 -0.27899110603922994 0
    outer loop
      vertex -27.895195040504575 -48.43773124965218 2
      vertex -27.390427669300422 -46.70031056200152 2
      vertex -27.390427669300422 -46.70031056200152 8
    endloop
  endfacet
  facet normal 0.9759167619387473 0.21814324139654323 0
    outer loop
      vertex -27.895195040504575 -62.76226875034782 2
      vertex -28.289872820986233 -60.99658186006888 8
      vertex -27.895195040504575 -62.76226875034782 8
    endloop
  endfacet
  facet normal 0.9876883405951379 0.15643446504023042 0
    outer loop
      vertex -28.289872820986233 -60.99658186006888 2
      vertex -28.57290339785696 -59.20959712665196 8
      vertex -28.289872820986233 -60.99658186006888 8
    endloop
  endfacet
  facet normal 0.9955619646030801 0.0941083133185141 0
    outer loop
      vertex -28.57290339785696 -59.20959712665196 2
      vertex -28.74316977873422 -57.40836696244423 8
      vertex -28.57290339785696 -59.20959712665196 8
    endloop
  endfacet
  facet normal 0.9995065603657315 0.031410759078129125 0
    outer loop
      vertex -28.74316977873422 -57.40836696244423 2
      vertex -28.8 -55.6 8
      vertex -28.74316977873422 -57.40836696244423 8
    endloop
  endfacet
  facet normal 0.9995065603657315 -0.031410759078129125 0
    outer loop
      vertex -28.8 -55.6 2
      vertex -28.74316977873422 -53.791633037555776 8
      vertex -28.8 -55.6 8
    endloop
  endfacet
  facet normal 0.9955619646030801 -0.0941083133185141 0
    outer loop
      vertex -28.74316977873422 -53.791633037555776 2
      vertex -28.57290339785696 -51.990402873348046 8
      vertex -28.74316977873422 -53.791633037555776 8
    endloop
  endfacet
  facet normal 0.9876883405951379 -0.15643446504023042 0
    outer loop
      vertex -28.57290339785696 -51.990402873348046 2
      vertex -28.289872820986233 -50.203418139931124 8
      vertex -28.57290339785696 -51.990402873348046 8
    endloop
  endfacet
  facet normal 0.9759167619387473 -0.21814324139654323 0
    outer loop
      vertex -28.289872820986233 -50.203418139931124 2
      vertex -27.895195040504575 -48.43773124965218 8
      vertex -28.289872820986233 -50.203418139931124 8
    endloop
  endfacet
  facet normal 0 0 1
    outer loop
      vertex -30.358709860223023 -59.43519694706771 8
      vertex -30.53961788990511 -53.67861010240301 8
      vertex -30.53961788990511 -57.52138989759699 8
    endloop
  endfacet
  facet normal 0 0 1
    outer loop
      vertex -30.358709860223023 -59.43519694706771 8
      vertex -30.057989872297874 -61.33386822632318 8
      vertex -30.358709860223023 -51.764803052932294 8
    endloop
  endfacet
  facet normal 0 0 1
    outer loop
      vertex -28.451160468180497 -66.86461131215114 8
      vertex -27.6877078054602 -68.62884632189122 8
      vertex -27.895195040504575 -62.76226875034782 8
    endloop
  endfacet
  facet normal 0 0 1
    outer loop
      vertex -28.451160468180497 -66.86461131215114 8
      vertex -28.289872820986233 -60.99658186006888 8
      vertex -28.57290339785696 -59.20959712665196 8
    endloop
  endfacet
  facet normal 0 0 1
    outer loop
      vertex -28.451160468180497 -66.86461131215114 8
      vertex -27.895195040504575 -62.76226875034782 8
      vertex -28.289872820986233 -60.99658186006888 8
    endloop
  endfacet
  facet normal 0 0 1
    outer loop
      vertex -29.63864473053611 -63.20991054724456 8
      vertex -30.057989872297874 -49.86613177367682 8
      vertex -30.057989872297874 -61.33386822632318 8
    endloop
  endfacet
  facet normal 0 0 1
    outer loop
      vertex -29.1023293986317 -65.0559200278734 8
      vertex -29.63864473053611 -47.99008945275544 8
      vertex -29.63864473053611 -63.20991054724456 8
    endloop
  endfacet
  facet normal 0 0 1
    outer loop
      vertex -28.451160468180497 -66.86461131215114 8
      vertex -28.57290339785696 -59.20959712665196 8
      vertex -28.74316977873422 -57.40836696244423 8
    endloop
  endfacet
  facet normal 0 0 1
    outer loop
      vertex -28.451160468180497 -66.86461131215114 8
      vertex -28.74316977873422 -57.40836696244423 8
      vertex -28.8 -55.6 8
    endloop
  endfacet
  facet normal 0 0 1
    outer loop
      vertex -28.451160468180497 -66.86461131215114 8
      vertex -29.1023293986317 -46.14407997212661 8
      vertex -29.1023293986317 -65.0559200278734 8
    endloop
  endfacet
  facet normal 0 0 1
    outer loop
      vertex -30.53961788990511 -57.52138989759699 8
      vertex -30.53961788990511 -53.67861010240301 8
      vertex -30.6 -55.6 8
    endloop
  endfacet
  facet normal 0 0 1
    outer loop
      vertex -30.358709860223023 -59.43519694706771 8
      vertex -30.358709860223023 -51.764803052932294 8
      vertex -30.53961788990511 -53.67861010240301 8
    endloop
  endfacet
  facet normal 0 0 1
    outer loop
      vertex -30.057989872297874 -61.33386822632318 8
      vertex -30.057989872297874 -49.86613177367682 8
      vertex -30.358709860223023 -51.764803052932294 8
    endloop
  endfacet
  facet normal 0 0 1
    outer loop
      vertex -29.63864473053611 -63.20991054724456 8
      vertex -29.63864473053611 -47.99008945275544 8
      vertex -30.057989872297874 -49.86613177367682 8
    endloop
  endfacet
  facet normal 0 0 1
    outer loop
      vertex -29.1023293986317 -65.0559200278734 8
      vertex -29.1023293986317 -46.14407997212661 8
      vertex -29.63864473053611 -47.99008945275544 8
    endloop
  endfacet
  facet normal 0 0 1
    outer loop
      vertex -28.451160468180497 -66.86461131215114 8
      vertex -28.8 -55.6 8
      vertex -29.1023293986317 -46.14407997212661 8
    endloop
  endfacet
  facet normal 0 0 1
    outer loop
      vertex -28.8 -55.6 8
      vertex -28.74316977873422 -53.791633037555776 8
      vertex -29.1023293986317 -46.14407997212661 8
    endloop
  endfacet
  facet normal 0 0 1
    outer loop
      vertex -28.74316977873422 -53.791633037555776 8
      vertex -28.57290339785696 -51.990402873348046 8
      vertex -29.1023293986317 -46.14407997212661 8
    endloop
  endfacet
  facet normal 0 0 1
    outer loop
      vertex -28.57290339785696 -51.990402873348046 8
      vertex -28.289872820986233 -50.203418139931124 8
      vertex -29.1023293986317 -46.14407997212661 8
    endloop
  endfacet
  facet normal 0 0 1
    outer loop
      vertex -28.289872820986233 -50.203418139931124 8
      vertex -27.895195040504575 -48.43773124965218 8
      vertex -28.451160468180497 -44.33538868784886 8
    endloop
  endfacet
  facet normal 0.9177546256839814 0.39714789063478007 0
    outer loop
      vertex -26.059019111021364 -67.86244359707409 2
      vertex -26.77756279358164 -66.20198711731872 8
      vertex -26.059019111021364 -67.86244359707409 8
    endloop
  endfacet
  facet normal 0.8910065241883671 0.4539904997395482 0
    outer loop
      vertex -25.237632385263268 -69.4745058141294 2
      vertex -26.059019111021364 -67.86244359707409 8
      vertex -25.237632385263268 -69.4745058141294 8
    endloop
  endfacet
  facet normal 0.8270805742745626 0.5620833778521296 0
    outer loop
      vertex -23.299689437998488 -72.52821526602322 2
      vertex -24.31664425445803 -71.0318116953951 8
      vertex -23.299689437998488 -72.52821526602322 8
    endloop
  endfacet
  facet normal 0.8607420270039438 0.5090414157503711 0
    outer loop
      vertex -24.31664425445803 -71.0318116953951 2
      vertex -25.237632385263268 -69.4745058141294 8
      vertex -24.31664425445803 -71.0318116953951 8
    endloop
  endfacet
  facet normal 0.6613118653236529 0.7501110696304585 0
    outer loop
      vertex -18.35781090476226 -77.79078139194274 2
      vertex -19.71495665074623 -76.59429646973666 8
      vertex -18.35781090476226 -77.79078139194274 8
    endloop
  endfacet
  facet normal 0.7901550123756897 0.6129070536529772 0
    outer loop
      vertex -22.190781391942735 -73.95781090476225 2
      vertex -23.299689437998488 -72.52821526602322 8
      vertex -22.190781391942735 -73.95781090476225 8
    endloop
  endfacet
  facet normal 0.750111069630463 0.661311865323648 0
    outer loop
      vertex -20.994296469736657 -75.31495665074624 2
      vertex -22.190781391942735 -73.95781090476225 8
      vertex -20.994296469736657 -75.31495665074624 8
    endloop
  endfacet
  facet normal 0.7071067811865466 0.7071067811865485 0
    outer loop
      vertex -19.71495665074623 -76.59429646973666 2
      vertex -20.994296469736657 -75.31495665074624 8
      vertex -19.71495665074623 -76.59429646973666 8
    endloop
  endfacet
  facet normal 0 0 1
    outer loop
      vertex -26.814984409342223 -70.34166242751249 8
      vertex -27.390427669300422 -64.49968943799848 8
      vertex -27.6877078054602 -68.62884632189122 8
    endloop
  endfacet
  facet normal 0 0 1
    outer loop
      vertex -26.814984409342223 -70.34166242751249 8
      vertex -26.77756279358164 -66.20198711731872 8
      vertex -27.390427669300422 -64.49968943799848 8
    endloop
  endfacet
  facet normal 0 0 1
    outer loop
      vertex -25.83643452036166 -71.9962999263573 8
      vertex -26.059019111021364 -67.86244359707409 8
      vertex -26.814984409342223 -70.34166242751249 8
    endloop
  endfacet
  facet normal 0 0 1
    outer loop
      vertex -25.83643452036166 -71.9962999263573 8
      vertex -25.237632385263268 -69.4745058141294 8
      vertex -26.059019111021364 -67.86244359707409 8
    endloop
  endfacet
  facet normal 0 0 1
    outer loop
      vertex -26.814984409342223 -70.34166242751249 8
      vertex -26.059019111021364 -67.86244359707409 8
      vertex -26.77756279358164 -66.20198711731872 8
    endloop
  endfacet
  facet normal 0 0 1
    outer loop
      vertex -25.83643452036166 -71.9962999263573 8
      vertex -24.755920027873394 -73.58622872014968 8
      vertex -25.237632385263268 -69.4745058141294 8
    endloop
  endfacet
  facet normal 0 0 1
    outer loop
      vertex -24.755920027873394 -73.58622872014968 8
      vertex -23.577705228939156 -75.1051740863099 8
      vertex -24.31664425445803 -71.0318116953951 8
    endloop
  endfacet
  facet normal 0 0 1
    outer loop
      vertex -23.577705228939156 -75.1051740863099 8
      vertex -23.299689437998488 -72.52821526602322 8
      vertex -24.31664425445803 -71.0318116953951 8
    endloop
  endfacet
  facet normal 0 0 1
    outer loop
      vertex -24.755920027873394 -73.58622872014968 8
      vertex -24.31664425445803 -71.0318116953951 8
      vertex -25.237632385263268 -69.4745058141294 8
    endloop
  endfacet
  facet normal 0 0 1
    outer loop
      vertex -20.94714144141787 -77.9064399990952 8
      vertex -19.71495665074623 -76.59429646973666 8
      vertex -20.994296469736657 -75.31495665074624 8
    endloop
  endfacet
  facet normal 0 0 1
    outer loop
      vertex -20.94714144141787 -77.9064399990952 8
      vertex -19.505174086309903 -79.17770522893916 8
      vertex -19.71495665074623 -76.59429646973666 8
    endloop
  endfacet
  facet normal 0 0 1
    outer loop
      vertex -19.505174086309903 -79.17770522893916 8
      vertex -17.98622872014968 -80.3559200278734 8
      vertex -18.35781090476226 -77.79078139194274 8
    endloop
  endfacet
  facet normal 0 0 1
    outer loop
      vertex -19.71495665074623 -76.59429646973666 8
      vertex -19.505174086309903 -79.17770522893916 8
      vertex -18.35781090476226 -77.79078139194274 8
    endloop
  endfacet
  facet normal 0 0 1
    outer loop
      vertex -23.577705228939156 -75.1051740863099 8
      vertex -22.306439999095197 -76.54714144141786 8
      vertex -23.299689437998488 -72.52821526602322 8
    endloop
  endfacet
  facet normal 0 0 1
    outer loop
      vertex -23.299689437998488 -72.52821526602322 8
      vertex -22.306439999095197 -76.54714144141786 8
      vertex -22.190781391942735 -73.95781090476225 8
    endloop
  endfacet
  facet normal 0 0 1
    outer loop
      vertex -22.306439999095197 -76.54714144141786 8
      vertex -20.94714144141787 -77.9064399990952 8
      vertex -22.190781391942735 -73.95781090476225 8
    endloop
  endfacet
  facet normal 0 0 1
    outer loop
      vertex -20.94714144141787 -77.9064399990952 8
      vertex -20.994296469736657 -75.31495665074624 8
      vertex -22.190781391942735 -73.95781090476225 8
    endloop
  endfacet
  facet normal 0.9408807689542257 0.3387379202452908 0
    outer loop
      vertex -26.77756279358164 -66.20198711731872 2
      vertex -27.390427669300422 -64.49968943799848 8
      vertex -26.77756279358164 -66.20198711731872 8
    endloop
  endfacet
  facet normal 0.960293685676943 0.27899110603922994 0
    outer loop
      vertex -27.390427669300422 -64.49968943799848 2
      vertex -27.895195040504575 -62.76226875034782 8
      vertex -27.390427669300422 -64.49968943799848 8
    endloop
  endfacet
  facet normal 0.960293685676943 -0.27899110603922994 0
    outer loop
      vertex -27.895195040504575 -48.43773124965218 2
      vertex -27.390427669300422 -46.70031056200152 8
      vertex -27.895195040504575 -48.43773124965218 8
    endloop
  endfacet
  facet normal 0 0 1
    outer loop
      vertex -27.895195040504575 -62.76226875034782 8
      vertex -27.6877078054602 -68.62884632189122 8
      vertex -27.390427669300422 -64.49968943799848 8
    endloop
  endfacet
  facet normal -0.9408807689542258 0.3387379202452904 0
    outer loop
      vertex -29.1023293986317 -46.14407997212661 0
      vertex -29.1023293986317 -46.14407997212661 8
      vertex -28.451160468180497 -44.33538868784886 8
    endloop
  endfacet
  facet normal -0.9177546256839807 0.3971478906347817 0
    outer loop
      vertex -28.451160468180497 -44.33538868784886 0
      vertex -28.451160468180497 -44.33538868784886 8
      vertex -27.6877078054602 -42.571153678108786 8
    endloop
  endfacet
  facet normal 0.9408807689542257 -0.3387379202452908 0
    outer loop
      vertex -27.390427669300422 -46.70031056200152 2
      vertex -26.77756279358164 -44.99801288268128 2
      vertex -26.77756279358164 -44.99801288268128 8
    endloop
  endfacet
  facet normal 0.9177546256839814 -0.39714789063478007 0
    outer loop
      vertex -26.77756279358164 -44.99801288268128 2
      vertex -26.059019111021364 -43.33755640292591 2
      vertex -26.059019111021364 -43.33755640292591 8
    endloop
  endfacet
  facet normal 0.8910065241883671 -0.4539904997395482 0
    outer loop
      vertex -26.059019111021364 -43.33755640292591 2
      vertex -25.237632385263268 -41.7254941858706 2
      vertex -25.237632385263268 -41.7254941858706 8
    endloop
  endfacet
  facet normal 0.8607420270039438 -0.5090414157503711 0
    outer loop
      vertex -25.237632385263268 -41.7254941858706 2
      vertex -24.31664425445803 -40.1681883046049 2
      vertex -24.31664425445803 -40.1681883046049 8
    endloop
  endfacet
  facet normal 0.8270805742745626 -0.5620833778521296 0
    outer loop
      vertex -24.31664425445803 -40.1681883046049 2
      vertex -23.299689437998488 -38.67178473397678 2
      vertex -23.299689437998488 -38.67178473397678 8
    endloop
  endfacet
  facet normal 0.7901550123756913 -0.6129070536529753 0
    outer loop
      vertex -23.299689437998488 -38.67178473397678 2
      vertex -22.190781391942735 -37.24218909523774 2
      vertex -22.190781391942735 -37.24218909523774 8
    endloop
  endfacet
  facet normal 0.7501110696304595 -0.6613118653236518 0
    outer loop
      vertex -22.190781391942735 -37.24218909523774 2
      vertex -20.994296469736657 -35.88504334925377 2
      vertex -20.994296469736657 -35.88504334925377 8
    endloop
  endfacet
  facet normal 0.7071067811865485 -0.7071067811865466 0
    outer loop
      vertex -20.994296469736657 -35.88504334925377 2
      vertex -19.71495665074623 -34.60570353026334 2
      vertex -19.71495665074623 -34.60570353026334 8
    endloop
  endfacet
  facet normal 0.6613118653236508 -0.7501110696304606 0
    outer loop
      vertex -19.71495665074623 -34.60570353026334 2
      vertex -18.35781090476226 -33.409218608057266 2
      vertex -18.35781090476226 -33.409218608057266 8
    endloop
  endfacet
  facet normal -0.8910065241883678 0.45399049973954714 0
    outer loop
      vertex -27.6877078054602 -42.571153678108786 0
      vertex -27.6877078054602 -42.571153678108786 8
      vertex -26.814984409342223 -40.858337572487514 8
    endloop
  endfacet
  facet normal -0.8607420270039446 0.5090414157503698 0
    outer loop
      vertex -26.814984409342223 -40.858337572487514 0
      vertex -26.814984409342223 -40.858337572487514 8
      vertex -25.83643452036166 -39.2037000736427 8
    endloop
  endfacet
  facet normal -0.8270805742745617 0.5620833778521308 0
    outer loop
      vertex -25.83643452036166 -39.2037000736427 0
      vertex -25.83643452036166 -39.2037000736427 8
      vertex -24.755920027873394 -37.613771279850326 8
    endloop
  endfacet
  facet normal -0.7901550123756903 0.6129070536529765 0
    outer loop
      vertex -24.755920027873394 -37.613771279850326 0
      vertex -24.755920027873394 -37.613771279850326 8
      vertex -23.577705228939156 -36.0948259136901 8
    endloop
  endfacet
  facet normal -0.7501110696304597 0.6613118653236517 0
    outer loop
      vertex -23.577705228939156 -36.0948259136901 0
      vertex -23.577705228939156 -36.0948259136901 8
      vertex -22.306439999095197 -34.65285855858213 8
    endloop
  endfacet
  facet normal -0.7071067811865476 0.7071067811865476 0
    outer loop
      vertex -22.306439999095197 -34.65285855858213 0
      vertex -22.306439999095197 -34.65285855858213 8
      vertex -20.94714144141787 -33.293560000904804 8
    endloop
  endfacet
  facet normal -0.6613118653236537 0.7501110696304579 0
    outer loop
      vertex -19.505174086309903 -32.02229477106084 0
      vertex -20.94714144141787 -33.293560000904804 8
      vertex -19.505174086309903 -32.02229477106084 8
    endloop
  endfacet
  facet normal 0 0 1
    outer loop
      vertex -28.289872820986233 -50.203418139931124 8
      vertex -28.451160468180497 -44.33538868784886 8
      vertex -29.1023293986317 -46.14407997212661 8
    endloop
  endfacet
  facet normal 0 0 1
    outer loop
      vertex -27.895195040504575 -48.43773124965218 8
      vertex -27.390427669300422 -46.70031056200152 8
      vertex -28.451160468180497 -44.33538868784886 8
    endloop
  endfacet
  facet normal 0 0 1
    outer loop
      vertex -28.451160468180497 -44.33538868784886 8
      vertex -27.390427669300422 -46.70031056200152 8
      vertex -27.6877078054602 -42.571153678108786 8
    endloop
  endfacet
  facet normal 0.9408807689542257 -0.3387379202452908 0
    outer loop
      vertex -27.390427669300422 -46.70031056200152 2
      vertex -26.77756279358164 -44.99801288268128 8
      vertex -27.390427669300422 -46.70031056200152 8
    endloop
  endfacet
  facet normal 0.9177546256839814 -0.39714789063478007 0
    outer loop
      vertex -26.77756279358164 -44.99801288268128 2
      vertex -26.059019111021364 -43.33755640292591 8
      vertex -26.77756279358164 -44.99801288268128 8
    endloop
  endfacet
  facet normal 0.8910065241883671 -0.4539904997395482 0
    outer loop
      vertex -26.059019111021364 -43.33755640292591 2
      vertex -25.237632385263268 -41.7254941858706 8
      vertex -26.059019111021364 -43.33755640292591 8
    endloop
  endfacet
  facet normal 0.8607420270039438 -0.5090414157503711 0
    outer loop
      vertex -25.237632385263268 -41.7254941858706 2
      vertex -24.31664425445803 -40.1681883046049 8
      vertex -25.237632385263268 -41.7254941858706 8
    endloop
  endfacet
  facet normal 0.8270805742745626 -0.5620833778521296 0
    outer loop
      vertex -24.31664425445803 -40.1681883046049 2
      vertex -23.299689437998488 -38.67178473397678 8
      vertex -24.31664425445803 -40.1681883046049 8
    endloop
  endfacet
  facet normal 0.7901550123756913 -0.6129070536529753 0
    outer loop
      vertex -23.299689437998488 -38.67178473397678 2
      vertex -22.190781391942735 -37.24218909523774 8
      vertex -23.299689437998488 -38.67178473397678 8
    endloop
  endfacet
  facet normal 0.7501110696304595 -0.6613118653236518 0
    outer loop
      vertex -22.190781391942735 -37.24218909523774 2
      vertex -20.994296469736657 -35.88504334925377 8
      vertex -22.190781391942735 -37.24218909523774 8
    endloop
  endfacet
  facet normal 0.7071067811865485 -0.7071067811865466 0
    outer loop
      vertex -20.994296469736657 -35.88504334925377 2
      vertex -19.71495665074623 -34.60570353026334 8
      vertex -20.994296469736657 -35.88504334925377 8
    endloop
  endfacet
  facet normal 0.6613118653236508 -0.7501110696304606 0
    outer loop
      vertex -19.71495665074623 -34.60570353026334 2
      vertex -18.35781090476226 -33.409218608057266 8
      vertex -19.71495665074623 -34.60570353026334 8
    endloop
  endfacet
  facet normal 0 0 1
    outer loop
      vertex -27.390427669300422 -46.70031056200152 8
      vertex -26.77756279358164 -44.99801288268128 8
      vertex -27.6877078054602 -42.571153678108786 8
    endloop
  endfacet
  facet normal 0 0 1
    outer loop
      vertex -26.77756279358164 -44.99801288268128 8
      vertex -26.814984409342223 -40.858337572487514 8
      vertex -27.6877078054602 -42.571153678108786 8
    endloop
  endfacet
  facet normal 0 0 1
    outer loop
      vertex -26.77756279358164 -44.99801288268128 8
      vertex -26.059019111021364 -43.33755640292591 8
      vertex -26.814984409342223 -40.858337572487514 8
    endloop
  endfacet
  facet normal 0 0 1
    outer loop
      vertex -26.059019111021364 -43.33755640292591 8
      vertex -25.237632385263268 -41.7254941858706 8
      vertex -26.814984409342223 -40.858337572487514 8
    endloop
  endfacet
  facet normal 0 0 1
    outer loop
      vertex -26.814984409342223 -40.858337572487514 8
      vertex -25.237632385263268 -41.7254941858706 8
      vertex -25.83643452036166 -39.2037000736427 8
    endloop
  endfacet
  facet normal 0 0 1
    outer loop
      vertex -25.83643452036166 -39.2037000736427 8
      vertex -25.237632385263268 -41.7254941858706 8
      vertex -24.31664425445803 -40.1681883046049 8
    endloop
  endfacet
  facet normal 0 0 1
    outer loop
      vertex -25.83643452036166 -39.2037000736427 8
      vertex -24.31664425445803 -40.1681883046049 8
      vertex -24.755920027873394 -37.613771279850326 8
    endloop
  endfacet
  facet normal 0 0 1
    outer loop
      vertex -24.31664425445803 -40.1681883046049 8
      vertex -23.299689437998488 -38.67178473397678 8
      vertex -24.755920027873394 -37.613771279850326 8
    endloop
  endfacet
  facet normal 0 0 1
    outer loop
      vertex -24.755920027873394 -37.613771279850326 8
      vertex -23.299689437998488 -38.67178473397678 8
      vertex -23.577705228939156 -36.0948259136901 8
    endloop
  endfacet
  facet normal 0 0 1
    outer loop
      vertex -23.299689437998488 -38.67178473397678 8
      vertex -22.190781391942735 -37.24218909523774 8
      vertex -23.577705228939156 -36.0948259136901 8
    endloop
  endfacet
  facet normal 0 0 1
    outer loop
      vertex -23.577705228939156 -36.0948259136901 8
      vertex -22.190781391942735 -37.24218909523774 8
      vertex -22.306439999095197 -34.65285855858213 8
    endloop
  endfacet
  facet normal 0 0 1
    outer loop
      vertex -22.190781391942735 -37.24218909523774 8
      vertex -20.994296469736657 -35.88504334925377 8
      vertex -22.306439999095197 -34.65285855858213 8
    endloop
  endfacet
  facet normal 0 0 1
    outer loop
      vertex -22.306439999095197 -34.65285855858213 8
      vertex -20.994296469736657 -35.88504334925377 8
      vertex -19.71495665074623 -34.60570353026334 8
    endloop
  endfacet
  facet normal 0 0 1
    outer loop
      vertex -22.306439999095197 -34.65285855858213 8
      vertex -19.71495665074623 -34.60570353026334 8
      vertex -20.94714144141787 -33.293560000904804 8
    endloop
  endfacet
  facet normal 0 0 1
    outer loop
      vertex -20.94714144141787 -33.293560000904804 8
      vertex -19.71495665074623 -34.60570353026334 8
      vertex -18.35781090476226 -33.409218608057266 8
    endloop
  endfacet
  facet normal 0 0 1
    outer loop
      vertex -20.94714144141787 -33.293560000904804 8
      vertex -18.35781090476226 -33.409218608057266 8
      vertex -19.505174086309903 -32.02229477106084 8
    endloop
  endfacet
  facet normal 0.6129070536529738 0.7901550123756924 0
    outer loop
      vertex -18.35781090476226 -77.79078139194274 2
      vertex -18.35781090476226 -77.79078139194274 8
      vertex -16.928215266023226 -78.89968943799849 2
    endloop
  endfacet
  facet normal 0.5620833778521304 0.8270805742745619 0
    outer loop
      vertex -16.928215266023226 -78.89968943799849 2
      vertex -16.928215266023226 -78.89968943799849 8
      vertex -15.431811695395107 -79.91664425445803 2
    endloop
  endfacet
  facet normal 0.509041415750373 0.8607420270039426 0
    outer loop
      vertex -15.431811695395107 -79.91664425445803 2
      vertex -15.431811695395107 -79.91664425445803 8
      vertex -13.874505814129403 -80.83763238526328 2
    endloop
  endfacet
  facet normal 0.3971478906347824 0.9177546256839804 0
    outer loop
      vertex -12.262443597074087 -81.65901911102137 2
      vertex -12.262443597074087 -81.65901911102137 8
      vertex -10.601987117318723 -82.37756279358165 2
    endloop
  endfacet
  facet normal 0.4539904997395439 0.8910065241883693 0
    outer loop
      vertex -12.262443597074087 -81.65901911102137 2
      vertex -13.874505814129403 -80.83763238526328 2
      vertex -13.874505814129403 -80.83763238526328 8
    endloop
  endfacet
  facet normal 0.33873792024529287 0.940880768954225 0
    outer loop
      vertex -10.601987117318723 -82.37756279358165 2
      vertex -10.601987117318723 -82.37756279358165 8
      vertex -8.899689437998486 -82.99042766930043 2
    endloop
  endfacet
  facet normal -0.5620833778521287 -0.8270805742745632 0
    outer loop
      vertex -17.98622872014968 -80.3559200278734 0
      vertex -16.3962999263573 -81.43643452036166 8
      vertex -17.98622872014968 -80.3559200278734 8
    endloop
  endfacet
  facet normal -0.509041415750372 -0.8607420270039432 0
    outer loop
      vertex -16.3962999263573 -81.43643452036166 0
      vertex -14.741662427512491 -82.41498440934222 8
      vertex -16.3962999263573 -81.43643452036166 8
    endloop
  endfacet
  facet normal -0.4539904997395467 -0.8910065241883679 0
    outer loop
      vertex -14.741662427512491 -82.41498440934222 0
      vertex -13.028846321891217 -83.2877078054602 8
      vertex -14.741662427512491 -82.41498440934222 8
    endloop
  endfacet
  facet normal -0.397147890634782 -0.9177546256839806 0
    outer loop
      vertex -13.028846321891217 -83.2877078054602 0
      vertex -11.264611312151143 -84.0511604681805 8
      vertex -13.028846321891217 -83.2877078054602 8
    endloop
  endfacet
  facet normal -0.33873792024529176 -0.9408807689542253 0
    outer loop
      vertex -11.264611312151143 -84.0511604681805 0
      vertex -9.455920027873391 -84.7023293986317 8
      vertex -11.264611312151143 -84.0511604681805 8
    endloop
  endfacet
  facet normal 0.278991106039222 0.9602936856769452 0
    outer loop
      vertex -8.899689437998486 -82.99042766930043 2
      vertex -8.899689437998486 -82.99042766930043 8
      vertex -7.1622687503478195 -83.49519504050457 2
    endloop
  endfacet
  facet normal 0.218143241396543 0.9759167619387473 0
    outer loop
      vertex -7.1622687503478195 -83.49519504050457 2
      vertex -7.1622687503478195 -83.49519504050457 8
      vertex -5.396581860068875 -83.88987282098623 2
    endloop
  endfacet
  facet normal 0.15643446504023845 0.9876883405951365 0
    outer loop
      vertex -5.396581860068875 -83.88987282098623 2
      vertex -5.396581860068875 -83.88987282098623 8
      vertex -3.6095971266519573 -84.17290339785697 2
    endloop
  endfacet
  facet normal 0.0941083133185107 0.9955619646030804 0
    outer loop
      vertex -3.6095971266519573 -84.17290339785697 2
      vertex -3.6095971266519573 -84.17290339785697 8
      vertex -1.8083669624442364 -84.34316977873422 2
    endloop
  endfacet
  facet normal 0.031410759078130894 0.9995065603657315 0
    outer loop
      vertex -1.8083669624442364 -84.34316977873422 2
      vertex -1.8083669624442364 -84.34316977873422 8
      vertex 0 -84.4 2
    endloop
  endfacet
  facet normal -0.27899110603922556 -0.9602936856769442 0
    outer loop
      vertex -9.455920027873391 -84.7023293986317 0
      vertex -7.609910547244559 -85.23864473053611 8
      vertex -9.455920027873391 -84.7023293986317 8
    endloop
  endfacet
  facet normal -0.21814324139654556 -0.9759167619387468 0
    outer loop
      vertex -7.609910547244559 -85.23864473053611 0
      vertex -5.73386822632318 -85.65798987229788 8
      vertex -7.609910547244559 -85.23864473053611 8
    endloop
  endfacet
  facet normal -0.1564344650402303 -0.9876883405951378 0
    outer loop
      vertex -5.73386822632318 -85.65798987229788 0
      vertex -3.8351969470677045 -85.95870986022302 8
      vertex -5.73386822632318 -85.65798987229788 8
    endloop
  endfacet
  facet normal -0.09410831331851437 -0.99556196460308 0
    outer loop
      vertex -3.8351969470677045 -85.95870986022302 0
      vertex -1.9213898975970012 -86.13961788990511 8
      vertex -3.8351969470677045 -85.95870986022302 8
    endloop
  endfacet
  facet normal -0.03141075907812905 -0.9995065603657315 0
    outer loop
      vertex -1.9213898975970012 -86.13961788990511 0
      vertex 0 -86.2 8
      vertex -1.9213898975970012 -86.13961788990511 8
    endloop
  endfacet
  facet normal 0.6129070536529738 0.7901550123756924 0
    outer loop
      vertex -16.928215266023226 -78.89968943799849 2
      vertex -18.35781090476226 -77.79078139194274 8
      vertex -16.928215266023226 -78.89968943799849 8
    endloop
  endfacet
  facet normal 0.5620833778521304 0.8270805742745619 0
    outer loop
      vertex -15.431811695395107 -79.91664425445803 2
      vertex -16.928215266023226 -78.89968943799849 8
      vertex -15.431811695395107 -79.91664425445803 8
    endloop
  endfacet
  facet normal 0.509041415750373 0.8607420270039426 0
    outer loop
      vertex -13.874505814129403 -80.83763238526328 2
      vertex -15.431811695395107 -79.91664425445803 8
      vertex -13.874505814129403 -80.83763238526328 8
    endloop
  endfacet
  facet normal 0.4539904997395439 0.8910065241883693 0
    outer loop
      vertex -12.262443597074087 -81.65901911102137 2
      vertex -13.874505814129403 -80.83763238526328 8
      vertex -12.262443597074087 -81.65901911102137 8
    endloop
  endfacet
  facet normal 0.3971478906347824 0.9177546256839804 0
    outer loop
      vertex -10.601987117318723 -82.37756279358165 2
      vertex -12.262443597074087 -81.65901911102137 8
      vertex -10.601987117318723 -82.37756279358165 8
    endloop
  endfacet
  facet normal 0.33873792024529287 0.940880768954225 0
    outer loop
      vertex -8.899689437998486 -82.99042766930043 2
      vertex -10.601987117318723 -82.37756279358165 8
      vertex -8.899689437998486 -82.99042766930043 8
    endloop
  endfacet
  facet normal 0 0 1
    outer loop
      vertex -17.98622872014968 -80.3559200278734 8
      vertex -16.928215266023226 -78.89968943799849 8
      vertex -18.35781090476226 -77.79078139194274 8
    endloop
  endfacet
  facet normal 0 0 1
    outer loop
      vertex -16.3962999263573 -81.43643452036166 8
      vertex -16.928215266023226 -78.89968943799849 8
      vertex -17.98622872014968 -80.3559200278734 8
    endloop
  endfacet
  facet normal 0 0 1
    outer loop
      vertex -16.3962999263573 -81.43643452036166 8
      vertex -15.431811695395107 -79.91664425445803 8
      vertex -16.928215266023226 -78.89968943799849 8
    endloop
  endfacet
  facet normal 0 0 1
    outer loop
      vertex -14.741662427512491 -82.41498440934222 8
      vertex -13.028846321891217 -83.2877078054602 8
      vertex -13.874505814129403 -80.83763238526328 8
    endloop
  endfacet
  facet normal 0 0 1
    outer loop
      vertex -16.3962999263573 -81.43643452036166 8
      vertex -14.741662427512491 -82.41498440934222 8
      vertex -15.431811695395107 -79.91664425445803 8
    endloop
  endfacet
  facet normal 0 0 1
    outer loop
      vertex -14.741662427512491 -82.41498440934222 8
      vertex -13.874505814129403 -80.83763238526328 8
      vertex -15.431811695395107 -79.91664425445803 8
    endloop
  endfacet
  facet normal 0 0 1
    outer loop
      vertex -13.028846321891217 -83.2877078054602 8
      vertex -12.262443597074087 -81.65901911102137 8
      vertex -13.874505814129403 -80.83763238526328 8
    endloop
  endfacet
  facet normal 0 0 1
    outer loop
      vertex -13.028846321891217 -83.2877078054602 8
      vertex -11.264611312151143 -84.0511604681805 8
      vertex -12.262443597074087 -81.65901911102137 8
    endloop
  endfacet
  facet normal 0 0 1
    outer loop
      vertex -12.262443597074087 -81.65901911102137 8
      vertex -11.264611312151143 -84.0511604681805 8
      vertex -10.601987117318723 -82.37756279358165 8
    endloop
  endfacet
  facet normal 0 0 1
    outer loop
      vertex -11.264611312151143 -84.0511604681805 8
      vertex -9.455920027873391 -84.7023293986317 8
      vertex -10.601987117318723 -82.37756279358165 8
    endloop
  endfacet
  facet normal 0 0 1
    outer loop
      vertex -10.601987117318723 -82.37756279358165 8
      vertex -9.455920027873391 -84.7023293986317 8
      vertex -8.899689437998486 -82.99042766930043 8
    endloop
  endfacet
  facet normal 0.278991106039222 0.9602936856769452 0
    outer loop
      vertex -7.1622687503478195 -83.49519504050457 2
      vertex -8.899689437998486 -82.99042766930043 8
      vertex -7.1622687503478195 -83.49519504050457 8
    endloop
  endfacet
  facet normal 0.218143241396543 0.9759167619387473 0
    outer loop
      vertex -5.396581860068875 -83.88987282098623 2
      vertex -7.1622687503478195 -83.49519504050457 8
      vertex -5.396581860068875 -83.88987282098623 8
    endloop
  endfacet
  facet normal 0.15643446504023845 0.9876883405951365 0
    outer loop
      vertex -3.6095971266519573 -84.17290339785697 2
      vertex -5.396581860068875 -83.88987282098623 8
      vertex -3.6095971266519573 -84.17290339785697 8
    endloop
  endfacet
  facet normal 0.0941083133185107 0.9955619646030804 0
    outer loop
      vertex -1.8083669624442364 -84.34316977873422 2
      vertex -3.6095971266519573 -84.17290339785697 8
      vertex -1.8083669624442364 -84.34316977873422 8
    endloop
  endfacet
  facet normal 0.031410759078130894 0.9995065603657315 0
    outer loop
      vertex -1.8083669624442364 -84.34316977873422 8
      vertex 0 -84.4 8
      vertex 0 -84.4 2
    endloop
  endfacet
  facet normal 0 0 1
    outer loop
      vertex -9.455920027873391 -84.7023293986317 8
      vertex -7.609910547244559 -85.23864473053611 8
      vertex -8.899689437998486 -82.99042766930043 8
    endloop
  endfacet
  facet normal 0 0 1
    outer loop
      vertex -8.899689437998486 -82.99042766930043 8
      vertex -7.609910547244559 -85.23864473053611 8
      vertex -7.1622687503478195 -83.49519504050457 8
    endloop
  endfacet
  facet normal 0 0 1
    outer loop
      vertex -7.609910547244559 -85.23864473053611 8
      vertex -5.73386822632318 -85.65798987229788 8
      vertex -7.1622687503478195 -83.49519504050457 8
    endloop
  endfacet
  facet normal 0 0 1
    outer loop
      vertex -7.1622687503478195 -83.49519504050457 8
      vertex -5.73386822632318 -85.65798987229788 8
      vertex -5.396581860068875 -83.88987282098623 8
    endloop
  endfacet
  facet normal 0 0 1
    outer loop
      vertex -5.73386822632318 -85.65798987229788 8
      vertex -3.8351969470677045 -85.95870986022302 8
      vertex -5.396581860068875 -83.88987282098623 8
    endloop
  endfacet
  facet normal 0 0 1
    outer loop
      vertex -5.396581860068875 -83.88987282098623 8
      vertex -3.8351969470677045 -85.95870986022302 8
      vertex -3.6095971266519573 -84.17290339785697 8
    endloop
  endfacet
  facet normal 0 0 1
    outer loop
      vertex -3.8351969470677045 -85.95870986022302 8
      vertex -1.9213898975970012 -86.13961788990511 8
      vertex -3.6095971266519573 -84.17290339785697 8
    endloop
  endfacet
  facet normal 0 0 1
    outer loop
      vertex -3.6095971266519573 -84.17290339785697 8
      vertex -1.9213898975970012 -86.13961788990511 8
      vertex -1.8083669624442364 -84.34316977873422 8
    endloop
  endfacet
  facet normal 0 0 1
    outer loop
      vertex -1.9213898975970012 -86.13961788990511 8
      vertex 0 -86.2 8
      vertex -1.8083669624442364 -84.34316977873422 8
    endloop
  endfacet
  facet normal 0 0 1
    outer loop
      vertex -1.8083669624442364 -84.34316977873422 8
      vertex 0 -86.2 8
      vertex 0 -84.4 8
    endloop
  endfacet
  facet normal 0.6129070536529763 -0.7901550123756906 0
    outer loop
      vertex -18.35781090476226 -33.409218608057266 2
      vertex -16.928215266023226 -32.30031056200151 2
      vertex -16.928215266023226 -32.30031056200151 8
    endloop
  endfacet
  facet normal 0.5620833778521291 -0.8270805742745628 0
    outer loop
      vertex -16.928215266023226 -32.30031056200151 2
      vertex -15.431811695395107 -31.28335574554197 2
      vertex -15.431811695395107 -31.28335574554197 8
    endloop
  endfacet
  facet normal 0.5090414157503718 -0.8607420270039435 0
    outer loop
      vertex -15.431811695395107 -31.28335574554197 2
      vertex -13.874505814129398 -30.36236761473673 2
      vertex -13.874505814129398 -30.36236761473673 8
    endloop
  endfacet
  facet normal 0.45399049973954675 -0.891006524188368 0
    outer loop
      vertex -13.874505814129398 -30.36236761473673 2
      vertex -12.262443597074094 -29.54098088897864 2
      vertex -12.262443597074094 -29.54098088897864 8
    endloop
  endfacet
  facet normal 0.39714789063478095 -0.9177546256839809 0
    outer loop
      vertex -12.262443597074094 -29.54098088897864 2
      vertex -10.601987117318723 -28.82243720641836 2
      vertex -10.601987117318723 -28.82243720641836 8
    endloop
  endfacet
  facet normal 0.33873792024529115 -0.9408807689542256 0
    outer loop
      vertex -10.601987117318723 -28.82243720641836 2
      vertex -8.899689437998486 -28.20957233069958 2
      vertex -8.899689437998486 -28.20957233069958 8
    endloop
  endfacet
  facet normal -0.6129070536529754 0.7901550123756913 0
    outer loop
      vertex -17.98622872014968 -30.844079972126607 0
      vertex -19.505174086309903 -32.02229477106084 8
      vertex -17.98622872014968 -30.844079972126607 8
    endloop
  endfacet
  facet normal -0.5620833778521299 0.8270805742745623 0
    outer loop
      vertex -16.3962999263573 -29.76356547963834 0
      vertex -17.98622872014968 -30.844079972126607 8
      vertex -16.3962999263573 -29.76356547963834 8
    endloop
  endfacet
  facet normal -0.5090414157503708 0.860742027003944 0
    outer loop
      vertex -14.741662427512486 -28.785015590657775 0
      vertex -16.3962999263573 -29.76356547963834 8
      vertex -14.741662427512486 -28.785015590657775 8
    endloop
  endfacet
  facet normal -0.4539904997395468 0.8910065241883679 0
    outer loop
      vertex -13.028846321891226 -27.912292194539805 0
      vertex -14.741662427512486 -28.785015590657775 8
      vertex -13.028846321891226 -27.912292194539805 8
    endloop
  endfacet
  facet normal -0.39714789063478184 0.9177546256839806 0
    outer loop
      vertex -11.264611312151143 -27.148839531819505 0
      vertex -13.028846321891226 -27.912292194539805 8
      vertex -11.264611312151143 -27.148839531819505 8
    endloop
  endfacet
  facet normal -0.33873792024529015 0.9408807689542259 0
    outer loop
      vertex -9.455920027873391 -26.497670601368302 0
      vertex -11.264611312151143 -27.148839531819505 8
      vertex -9.455920027873391 -26.497670601368302 8
    endloop
  endfacet
  facet normal 0.2789911060392293 -0.9602936856769432 0
    outer loop
      vertex -8.899689437998486 -28.20957233069958 2
      vertex -7.1622687503478195 -27.704804959495426 2
      vertex -7.1622687503478195 -27.704804959495426 8
    endloop
  endfacet
  facet normal 0.218143241396544 -0.975916761938747 0
    outer loop
      vertex -7.1622687503478195 -27.704804959495426 2
      vertex -5.396581860068868 -27.310127179013765 2
      vertex -5.396581860068868 -27.310127179013765 8
    endloop
  endfacet
  facet normal 0.15643446504023 -0.9876883405951379 0
    outer loop
      vertex -5.396581860068868 -27.310127179013765 2
      vertex -3.6095971266519635 -27.02709660214304 2
      vertex -3.6095971266519635 -27.02709660214304 8
    endloop
  endfacet
  facet normal 0.09410831331851355 -0.9955619646030801 0
    outer loop
      vertex -3.6095971266519635 -27.02709660214304 2
      vertex -1.8083669624442225 -26.85683022126578 2
      vertex -1.8083669624442225 -26.85683022126578 8
    endloop
  endfacet
  facet normal 0.03141075907812917 -0.9995065603657315 0
    outer loop
      vertex -1.8083669624442225 -26.85683022126578 2
      vertex 0 -26.8 2
      vertex 0 -26.8 8
    endloop
  endfacet
  facet normal 0 0 1
    outer loop
      vertex -7.5 25 4
      vertex -7.5 -25 4
      vertex 7.5 -25 4
    endloop
  endfacet
  facet normal -0.27899110603922894 0.9602936856769432 0
    outer loop
      vertex -7.609910547244559 -25.96135526946389 0
      vertex -9.455920027873391 -26.497670601368302 8
      vertex -7.609910547244559 -25.96135526946389 8
    endloop
  endfacet
  facet normal -0.21814324139654465 0.9759167619387469 0
    outer loop
      vertex -5.733868226323172 -25.542010127702124 0
      vertex -7.609910547244559 -25.96135526946389 8
      vertex -5.733868226323172 -25.542010127702124 8
    endloop
  endfacet
  facet normal -0.1564344650402297 0.9876883405951379 0
    outer loop
      vertex -3.835196947067711 -25.24129013977698 0
      vertex -5.733868226323172 -25.542010127702124 8
      vertex -3.835196947067711 -25.24129013977698 8
    endloop
  endfacet
  facet normal -0.09410831331851333 0.9955619646030802 0
    outer loop
      vertex -1.9213898975969863 -25.060382110094892 0
      vertex -3.835196947067711 -25.24129013977698 8
      vertex -1.9213898975969863 -25.060382110094892 8
    endloop
  endfacet
  facet normal -0.03141075907812929 0.9995065603657315 0
    outer loop
      vertex -1.9213898975969863 -25.060382110094892 8
      vertex 0 -25 8
      vertex 0 -25 0
    endloop
  endfacet
  facet normal 0.6129070536529763 -0.7901550123756906 0
    outer loop
      vertex -18.35781090476226 -33.409218608057266 2
      vertex -16.928215266023226 -32.30031056200151 8
      vertex -18.35781090476226 -33.409218608057266 8
    endloop
  endfacet
  facet normal 0.5620833778521291 -0.8270805742745628 0
    outer loop
      vertex -16.928215266023226 -32.30031056200151 2
      vertex -15.431811695395107 -31.28335574554197 8
      vertex -16.928215266023226 -32.30031056200151 8
    endloop
  endfacet
  facet normal 0.5090414157503718 -0.8607420270039435 0
    outer loop
      vertex -15.431811695395107 -31.28335574554197 2
      vertex -13.874505814129398 -30.36236761473673 8
      vertex -15.431811695395107 -31.28335574554197 8
    endloop
  endfacet
  facet normal 0.45399049973954675 -0.891006524188368 0
    outer loop
      vertex -13.874505814129398 -30.36236761473673 2
      vertex -12.262443597074094 -29.54098088897864 8
      vertex -13.874505814129398 -30.36236761473673 8
    endloop
  endfacet
  facet normal 0.39714789063478095 -0.9177546256839809 0
    outer loop
      vertex -12.262443597074094 -29.54098088897864 2
      vertex -10.601987117318723 -28.82243720641836 8
      vertex -12.262443597074094 -29.54098088897864 8
    endloop
  endfacet
  facet normal 0.33873792024529115 -0.9408807689542256 0
    outer loop
      vertex -10.601987117318723 -28.82243720641836 2
      vertex -8.899689437998486 -28.20957233069958 8
      vertex -10.601987117318723 -28.82243720641836 8
    endloop
  endfacet
  facet normal 0 0 1
    outer loop
      vertex -19.505174086309903 -32.02229477106084 8
      vertex -18.35781090476226 -33.409218608057266 8
      vertex -16.928215266023226 -32.30031056200151 8
    endloop
  endfacet
  facet normal 0 0 1
    outer loop
      vertex -19.505174086309903 -32.02229477106084 8
      vertex -16.928215266023226 -32.30031056200151 8
      vertex -17.98622872014968 -30.844079972126607 8
    endloop
  endfacet
  facet normal 0 0 1
    outer loop
      vertex -16.928215266023226 -32.30031056200151 8
      vertex -15.431811695395107 -31.28335574554197 8
      vertex -17.98622872014968 -30.844079972126607 8
    endloop
  endfacet
  facet normal 0 0 1
    outer loop
      vertex -17.98622872014968 -30.844079972126607 8
      vertex -15.431811695395107 -31.28335574554197 8
      vertex -16.3962999263573 -29.76356547963834 8
    endloop
  endfacet
  facet normal 0 0 1
    outer loop
      vertex -16.3962999263573 -29.76356547963834 8
      vertex -15.431811695395107 -31.28335574554197 8
      vertex -13.874505814129398 -30.36236761473673 8
    endloop
  endfacet
  facet normal 0 0 1
    outer loop
      vertex -16.3962999263573 -29.76356547963834 8
      vertex -13.874505814129398 -30.36236761473673 8
      vertex -14.741662427512486 -28.785015590657775 8
    endloop
  endfacet
  facet normal 0 0 1
    outer loop
      vertex -14.741662427512486 -28.785015590657775 8
      vertex -13.874505814129398 -30.36236761473673 8
      vertex -12.262443597074094 -29.54098088897864 8
    endloop
  endfacet
  facet normal 0 0 1
    outer loop
      vertex -14.741662427512486 -28.785015590657775 8
      vertex -12.262443597074094 -29.54098088897864 8
      vertex -13.028846321891226 -27.912292194539805 8
    endloop
  endfacet
  facet normal 0 0 1
    outer loop
      vertex -13.028846321891226 -27.912292194539805 8
      vertex -12.262443597074094 -29.54098088897864 8
      vertex -10.601987117318723 -28.82243720641836 8
    endloop
  endfacet
  facet normal 0 0 1
    outer loop
      vertex -13.028846321891226 -27.912292194539805 8
      vertex -10.601987117318723 -28.82243720641836 8
      vertex -11.264611312151143 -27.148839531819505 8
    endloop
  endfacet
  facet normal 0 0 1
    outer loop
      vertex -10.601987117318723 -28.82243720641836 8
      vertex -8.899689437998486 -28.20957233069958 8
      vertex -11.264611312151143 -27.148839531819505 8
    endloop
  endfacet
  facet normal 0 0 1
    outer loop
      vertex -11.264611312151143 -27.148839531819505 8
      vertex -8.899689437998486 -28.20957233069958 8
      vertex -9.455920027873391 -26.497670601368302 8
    endloop
  endfacet
  facet normal 0.2789911060392293 -0.9602936856769432 0
    outer loop
      vertex -8.899689437998486 -28.20957233069958 2
      vertex -7.1622687503478195 -27.704804959495426 8
      vertex -8.899689437998486 -28.20957233069958 8
    endloop
  endfacet
  facet normal 0.218143241396544 -0.975916761938747 0
    outer loop
      vertex -7.1622687503478195 -27.704804959495426 2
      vertex -5.396581860068868 -27.310127179013765 8
      vertex -7.1622687503478195 -27.704804959495426 8
    endloop
  endfacet
  facet normal 0 0 1
    outer loop
      vertex -9.455920027873391 -26.497670601368302 8
      vertex -8.899689437998486 -28.20957233069958 8
      vertex -7.1622687503478195 -27.704804959495426 8
    endloop
  endfacet
  facet normal 0.15643446504023 -0.9876883405951379 0
    outer loop
      vertex -5.396581860068868 -27.310127179013765 2
      vertex -3.6095971266519635 -27.02709660214304 8
      vertex -5.396581860068868 -27.310127179013765 8
    endloop
  endfacet
  facet normal 0.09410831331851355 -0.9955619646030801 0
    outer loop
      vertex -3.6095971266519635 -27.02709660214304 2
      vertex -1.8083669624442225 -26.85683022126578 8
      vertex -3.6095971266519635 -27.02709660214304 8
    endloop
  endfacet
  facet normal 0.03141075907812917 -0.9995065603657315 0
    outer loop
      vertex -1.8083669624442225 -26.85683022126578 2
      vertex 0 -26.8 8
      vertex -1.8083669624442225 -26.85683022126578 8
    endloop
  endfacet
  facet normal 0 0 1
    outer loop
      vertex -9.455920027873391 -26.497670601368302 8
      vertex -7.1622687503478195 -27.704804959495426 8
      vertex -7.609910547244559 -25.96135526946389 8
    endloop
  endfacet
  facet normal 0 0 1
    outer loop
      vertex -7.1622687503478195 -27.704804959495426 8
      vertex -5.396581860068868 -27.310127179013765 8
      vertex -7.609910547244559 -25.96135526946389 8
    endloop
  endfacet
  facet normal 0 0 1
    outer loop
      vertex -5.396581860068868 -27.310127179013765 8
      vertex -5.733868226323172 -25.542010127702124 8
      vertex -7.609910547244559 -25.96135526946389 8
    endloop
  endfacet
  facet normal 0 0 1
    outer loop
      vertex -5.396581860068868 -27.310127179013765 8
      vertex -3.6095971266519635 -27.02709660214304 8
      vertex -5.733868226323172 -25.542010127702124 8
    endloop
  endfacet
  facet normal 0 0 1
    outer loop
      vertex -5.733868226323172 -25.542010127702124 8
      vertex -3.6095971266519635 -27.02709660214304 8
      vertex -3.835196947067711 -25.24129013977698 8
    endloop
  endfacet
  facet normal 0 0 1
    outer loop
      vertex -3.6095971266519635 -27.02709660214304 8
      vertex -1.8083669624442225 -26.85683022126578 8
      vertex -3.835196947067711 -25.24129013977698 8
    endloop
  endfacet
  facet normal 0 0 1
    outer loop
      vertex -3.835196947067711 -25.24129013977698 8
      vertex -1.8083669624442225 -26.85683022126578 8
      vertex -1.9213898975969863 -25.060382110094892 8
    endloop
  endfacet
  facet normal 0 0 1
    outer loop
      vertex -1.8083669624442225 -26.85683022126578 8
      vertex 0 -26.8 8
      vertex -1.9213898975969863 -25.060382110094892 8
    endloop
  endfacet
  facet normal 0 0 1
    outer loop
      vertex -1.9213898975969863 -25.060382110094892 8
      vertex 0 -26.8 8
      vertex 0 -25 8
    endloop
  endfacet
  facet normal 0 0 -1
    outer loop
      vertex -37 25 0
      vertex -35.827090915285204 34.1865267138484 0
      vertex -35.61803398874989 33.82442949541505 0
    endloop
  endfacet
  facet normal 0 0 -1
    outer loop
      vertex -37 25 0
      vertex -36 35 0
      vertex -35.95629520146761 34.58417661836448 0
    endloop
  endfacet
  facet normal 0 0 -1
    outer loop
      vertex -37 25 0
      vertex -35.95629520146761 34.58417661836448 0
      vertex -35.827090915285204 34.1865267138484 0
    endloop
  endfacet
  facet normal 0 0 -1
    outer loop
      vertex -37 25 0
      vertex -35.61803398874989 33.82442949541505 0
      vertex -35.33826121271772 33.51371034904521 0
    endloop
  endfacet
  facet normal 0 0 -1
    outer loop
      vertex -37 25 0
      vertex -35 33.267949192431125 0
      vertex -34.61803398874989 33.09788696740969 0
    endloop
  endfacet
  facet normal 0 0 -1
    outer loop
      vertex -37 25 0
      vertex -34.61803398874989 33.09788696740969 0
      vertex -34.209056926535304 33.010956209263455 0
    endloop
  endfacet
  facet normal 0 0 -1
    outer loop
      vertex -37 25 0
      vertex -35.33826121271772 33.51371034904521 0
      vertex -35 33.267949192431125 0
    endloop
  endfacet
  facet normal 0 0 -1
    outer loop
      vertex -37 25 0
      vertex -34.209056926535304 33.010956209263455 0
      vertex -33.790943073464696 33.010956209263455 0
    endloop
  endfacet
  facet normal -1 0 0
    outer loop
      vertex -37 25 0
      vertex -37 25 3
      vertex -37 45 3
    endloop
  endfacet
  facet normal 0 0 1
    outer loop
      vertex -37 25 3
      vertex -35.61803398874989 33.82442949541505 3
      vertex -35.827090915285204 34.1865267138484 3
    endloop
  endfacet
  facet normal 0 0 1
    outer loop
      vertex -37 25 3
      vertex -35.95629520146761 34.58417661836448 3
      vertex -36 35 3
    endloop
  endfacet
  facet normal 0 0 1
    outer loop
      vertex -37 25 3
      vertex -35.827090915285204 34.1865267138484 3
      vertex -35.95629520146761 34.58417661836448 3
    endloop
  endfacet
  facet normal 0 0 1
    outer loop
      vertex -37 25 3
      vertex -35.33826121271772 33.51371034904521 3
      vertex -35.61803398874989 33.82442949541505 3
    endloop
  endfacet
  facet normal 0 0 1
    outer loop
      vertex -37 25 3
      vertex -34.61803398874989 33.09788696740969 3
      vertex -35 33.267949192431125 3
    endloop
  endfacet
  facet normal 0 0 1
    outer loop
      vertex -37 25 3
      vertex -34.209056926535304 33.010956209263455 3
      vertex -34.61803398874989 33.09788696740969 3
    endloop
  endfacet
  facet normal 0 0 1
    outer loop
      vertex -37 25 3
      vertex -35 33.267949192431125 3
      vertex -35.33826121271772 33.51371034904521 3
    endloop
  endfacet
  facet normal 0 0 1
    outer loop
      vertex -37 25 3
      vertex -33.790943073464696 33.010956209263455 3
      vertex -34.209056926535304 33.010956209263455 3
    endloop
  endfacet
  facet normal 0 0 1
    outer loop
      vertex -37 25 3
      vertex -33.38196601125011 33.09788696740969 3
      vertex -33.790943073464696 33.010956209263455 3
    endloop
  endfacet
  facet normal 0 0 1
    outer loop
      vertex -37 25 3
      vertex -33 33.267949192431125 3
      vertex -33.38196601125011 33.09788696740969 3
    endloop
  endfacet
  facet normal 0 0 1
    outer loop
      vertex -37 25 3
      vertex -32.66173878728228 33.51371034904521 3
      vertex -33 33.267949192431125 3
    endloop
  endfacet
  facet normal 0 0 1
    outer loop
      vertex -37 25 3
      vertex -32.38196601125011 33.82442949541505 3
      vertex -32.66173878728228 33.51371034904521 3
    endloop
  endfacet
  facet normal 0 -1 0
    outer loop
      vertex -37 25 0
      vertex -7.5 25 3
      vertex -37 25 3
    endloop
  endfacet
  facet normal 0 0 1
    outer loop
      vertex -37 25 3
      vertex -7.5 25 3
      vertex -32.38196601125011 33.82442949541505 3
    endloop
  endfacet
  facet normal 0 0 -1
    outer loop
      vertex -37 25 0
      vertex -37 45 0
      vertex -36 35 0
    endloop
  endfacet
  facet normal 0 0 -1
    outer loop
      vertex -36 35 0
      vertex -37 45 0
      vertex -35.95629520146761 35.41582338163552 0
    endloop
  endfacet
  facet normal 0 0 -1
    outer loop
      vertex -35.95629520146761 35.41582338163552 0
      vertex -37 45 0
      vertex -35.827090915285204 35.8134732861516 0
    endloop
  endfacet
  facet normal 0 0 -1
    outer loop
      vertex -35.827090915285204 35.8134732861516 0
      vertex -37 45 0
      vertex -35.61803398874989 36.17557050458495 0
    endloop
  endfacet
  facet normal 0 0 -1
    outer loop
      vertex -35.61803398874989 36.17557050458495 0
      vertex -37 45 0
      vertex -35.33826121271772 36.48628965095479 0
    endloop
  endfacet
  facet normal 0 0 -1
    outer loop
      vertex -35.33826121271772 36.48628965095479 0
      vertex -37 45 0
      vertex -35 36.732050807568875 0
    endloop
  endfacet
  facet normal 0 0 -1
    outer loop
      vertex -35 36.732050807568875 0
      vertex -37 45 0
      vertex -34.61803398874989 36.90211303259031 0
    endloop
  endfacet
  facet normal 0 0 -1
    outer loop
      vertex -34.61803398874989 36.90211303259031 0
      vertex -37 45 0
      vertex -34.209056926535304 36.989043790736545 0
    endloop
  endfacet
  facet normal 0 0 -1
    outer loop
      vertex -34.209056926535304 36.989043790736545 0
      vertex -37 45 0
      vertex -20 45 0
    endloop
  endfacet
  facet normal 0.9510565162951546 0.30901699437494423 0
    outer loop
      vertex -35.95629520146761 34.58417661836448 0
      vertex -35.95629520146761 34.58417661836448 3
      vertex -35.827090915285204 34.1865267138484 0
    endloop
  endfacet
  facet normal 0.9945218953682735 0.1045284632676531 0
    outer loop
      vertex -35.95629520146761 34.58417661836448 0
      vertex -36 35 0
      vertex -36 35 3
    endloop
  endfacet
  facet normal 0.9945218953682735 -0.1045284632676531 0
    outer loop
      vertex -36 35 0
      vertex -35.95629520146761 35.41582338163552 0
      vertex -35.95629520146761 35.41582338163552 3
    endloop
  endfacet
  facet normal 0.9510565162951546 -0.30901699437494423 0
    outer loop
      vertex -35.95629520146761 35.41582338163552 0
      vertex -35.827090915285204 35.8134732861516 0
      vertex -35.827090915285204 35.8134732861516 3
    endloop
  endfacet
  facet normal 0.8660254037844358 0.500000000000005 0
    outer loop
      vertex -35.61803398874989 33.82442949541505 0
      vertex -35.827090915285204 34.1865267138484 0
      vertex -35.827090915285204 34.1865267138484 3
    endloop
  endfacet
  facet normal 0.7431448254773975 0.6691306063588546 0
    outer loop
      vertex -35.61803398874989 33.82442949541505 0
      vertex -35.61803398874989 33.82442949541505 3
      vertex -35.33826121271772 33.51371034904521 0
    endloop
  endfacet
  facet normal 0.587785252292468 0.8090169943749511 0
    outer loop
      vertex -35.33826121271772 33.51371034904521 0
      vertex -35.33826121271772 33.51371034904521 3
      vertex -35 33.267949192431125 0
    endloop
  endfacet
  facet normal 0.4067366430758036 0.9135454576425993 0
    outer loop
      vertex -35 33.267949192431125 0
      vertex -35 33.267949192431125 3
      vertex -34.61803398874989 33.09788696740969 0
    endloop
  endfacet
  facet normal 0.8660254037844358 -0.500000000000005 0
    outer loop
      vertex -35.827090915285204 35.8134732861516 0
      vertex -35.61803398874989 36.17557050458495 0
      vertex -35.61803398874989 36.17557050458495 3
    endloop
  endfacet
  facet normal 0.7431448254773975 -0.6691306063588546 0
    outer loop
      vertex -35.61803398874989 36.17557050458495 0
      vertex -35.33826121271772 36.48628965095479 0
      vertex -35.33826121271772 36.48628965095479 3
    endloop
  endfacet
  facet normal -1 0 0
    outer loop
      vertex -37 25 0
      vertex -37 45 3
      vertex -37 45 0
    endloop
  endfacet
  facet normal 0.587785252292468 -0.8090169943749511 0
    outer loop
      vertex -35.33826121271772 36.48628965095479 0
      vertex -35 36.732050807568875 0
      vertex -35 36.732050807568875 3
    endloop
  endfacet
  facet normal 0.4067366430758036 -0.9135454576425993 0
    outer loop
      vertex -35 36.732050807568875 0
      vertex -34.61803398874989 36.90211303259031 0
      vertex -34.61803398874989 36.90211303259031 3
    endloop
  endfacet
  facet normal 0.20791169081775512 0.9781476007338065 0
    outer loop
      vertex -34.61803398874989 33.09788696740969 0
      vertex -34.61803398874989 33.09788696740969 3
      vertex -34.209056926535304 33.010956209263455 0
    endloop
  endfacet
  facet normal 0 1 0
    outer loop
      vertex -34.209056926535304 33.010956209263455 0
      vertex -34.209056926535304 33.010956209263455 3
      vertex -33.790943073464696 33.010956209263455 0
    endloop
  endfacet
  facet normal -0.20791169081775512 0.9781476007338065 0
    outer loop
      vertex -33.790943073464696 33.010956209263455 0
      vertex -33.790943073464696 33.010956209263455 3
      vertex -33.38196601125011 33.09788696740969 0
    endloop
  endfacet
  facet normal -0.4067366430758036 0.9135454576425993 0
    outer loop
      vertex -33.38196601125011 33.09788696740969 0
      vertex -33.38196601125011 33.09788696740969 3
      vertex -33 33.267949192431125 0
    endloop
  endfacet
  facet normal -0.587785252292468 0.8090169943749511 0
    outer loop
      vertex -33 33.267949192431125 0
      vertex -33 33.267949192431125 3
      vertex -32.66173878728228 33.51371034904521 0
    endloop
  endfacet
  facet normal -0.7431448254773975 0.6691306063588546 0
    outer loop
      vertex -32.66173878728228 33.51371034904521 0
      vertex -32.66173878728228 33.51371034904521 3
      vertex -32.38196601125011 33.82442949541505 0
    endloop
  endfacet
  facet normal -0.587785252292468 -0.8090169943749511 0
    outer loop
      vertex -32.66173878728228 36.48628965095479 0
      vertex -32.66173878728228 36.48628965095479 3
      vertex -33 36.732050807568875 0
    endloop
  endfacet
  facet normal -0.7431448254773975 -0.6691306063588546 0
    outer loop
      vertex -32.66173878728228 36.48628965095479 0
      vertex -32.38196601125011 36.17557050458495 0
      vertex -32.38196601125011 36.17557050458495 3
    endloop
  endfacet
  facet normal 0.20791169081775512 -0.9781476007338065 0
    outer loop
      vertex -34.61803398874989 36.90211303259031 0
      vertex -34.209056926535304 36.989043790736545 0
      vertex -34.209056926535304 36.989043790736545 3
    endloop
  endfacet
  facet normal 0 -1 0
    outer loop
      vertex -34.209056926535304 36.989043790736545 0
      vertex -33.790943073464696 36.989043790736545 0
      vertex -33.790943073464696 36.989043790736545 3
    endloop
  endfacet
  facet normal -0.20791169081775512 -0.9781476007338065 0
    outer loop
      vertex -33.790943073464696 36.989043790736545 0
      vertex -33.38196601125011 36.90211303259031 0
      vertex -33.38196601125011 36.90211303259031 3
    endloop
  endfacet
  facet normal -0.4067366430758036 -0.9135454576425993 0
    outer loop
      vertex -33.38196601125011 36.90211303259031 0
      vertex -33 36.732050807568875 0
      vertex -33 36.732050807568875 3
    endloop
  endfacet
  facet normal -0.8660254037844358 0.500000000000005 0
    outer loop
      vertex -32.38196601125011 33.82442949541505 0
      vertex -32.38196601125011 33.82442949541505 3
      vertex -32.172909084714796 34.1865267138484 0
    endloop
  endfacet
  facet normal -0.9510565162951546 0.30901699437494423 0
    outer loop
      vertex -32.172909084714796 34.1865267138484 0
      vertex -32.172909084714796 34.1865267138484 3
      vertex -32.04370479853239 34.58417661836448 0
    endloop
  endfacet
  facet normal -0.9945218953682735 0.1045284632676531 0
    outer loop
      vertex -32.04370479853239 34.58417661836448 0
      vertex -32.04370479853239 34.58417661836448 3
      vertex -32 35 0
    endloop
  endfacet
  facet normal -0.9945218953682735 -0.1045284632676531 0
    outer loop
      vertex -32 35 0
      vertex -32 35 3
      vertex -32.04370479853239 35.41582338163552 0
    endloop
  endfacet
  facet normal -0.8660254037844358 -0.500000000000005 0
    outer loop
      vertex -32.38196601125011 36.17557050458495 0
      vertex -32.172909084714796 35.8134732861516 0
      vertex -32.172909084714796 35.8134732861516 3
    endloop
  endfacet
  facet normal -0.9510565162951546 -0.30901699437494423 0
    outer loop
      vertex -32.172909084714796 35.8134732861516 0
      vertex -32.04370479853239 35.41582338163552 0
      vertex -32.04370479853239 35.41582338163552 3
    endloop
  endfacet
  facet normal 0 1 0
    outer loop
      vertex -37 45 0
      vertex -37 45 3
      vertex -20 45 1
    endloop
  endfacet
  facet normal 0 -1 0
    outer loop
      vertex -37 51 0
      vertex -20 51 0
      vertex -37 51 3
    endloop
  endfacet
  facet normal -1 0 0
    outer loop
      vertex -37 51 0
      vertex -37 71 3
      vertex -37 71 0
    endloop
  endfacet
  facet normal 0 1 0
    outer loop
      vertex -37 45 0
      vertex -20 45 1
      vertex -20 45 0
    endloop
  endfacet
  facet normal -1 0 0
    outer loop
      vertex -20 45 0
      vertex -20 51 1
      vertex -20 51 0
    endloop
  endfacet
  facet normal -1 0 0
    outer loop
      vertex -20 45 0
      vertex -20 45 1
      vertex -20 51 1
    endloop
  endfacet
  facet normal 0 -1 0
    outer loop
      vertex -20 51 0
      vertex -20 51 1
      vertex -37 51 3
    endloop
  endfacet
  facet normal 0.9510565162951546 0.30901699437494423 0
    outer loop
      vertex -35.827090915285204 34.1865267138484 0
      vertex -35.95629520146761 34.58417661836448 3
      vertex -35.827090915285204 34.1865267138484 3
    endloop
  endfacet
  facet normal 0.9945218953682735 0.1045284632676531 0
    outer loop
      vertex -35.95629520146761 34.58417661836448 0
      vertex -36 35 3
      vertex -35.95629520146761 34.58417661836448 3
    endloop
  endfacet
  facet normal 0.9945218953682735 -0.1045284632676531 0
    outer loop
      vertex -36 35 0
      vertex -35.95629520146761 35.41582338163552 3
      vertex -36 35 3
    endloop
  endfacet
  facet normal 0.9510565162951546 -0.30901699437494423 0
    outer loop
      vertex -35.95629520146761 35.41582338163552 0
      vertex -35.827090915285204 35.8134732861516 3
      vertex -35.95629520146761 35.41582338163552 3
    endloop
  endfacet
  facet normal 0.8660254037844358 0.500000000000005 0
    outer loop
      vertex -35.61803398874989 33.82442949541505 0
      vertex -35.827090915285204 34.1865267138484 3
      vertex -35.61803398874989 33.82442949541505 3
    endloop
  endfacet
  facet normal 0.7431448254773975 0.6691306063588546 0
    outer loop
      vertex -35.33826121271772 33.51371034904521 0
      vertex -35.61803398874989 33.82442949541505 3
      vertex -35.33826121271772 33.51371034904521 3
    endloop
  endfacet
  facet normal 0.587785252292468 0.8090169943749511 0
    outer loop
      vertex -35 33.267949192431125 0
      vertex -35.33826121271772 33.51371034904521 3
      vertex -35 33.267949192431125 3
    endloop
  endfacet
  facet normal 0.4067366430758036 0.9135454576425993 0
    outer loop
      vertex -34.61803398874989 33.09788696740969 0
      vertex -35 33.267949192431125 3
      vertex -34.61803398874989 33.09788696740969 3
    endloop
  endfacet
  facet normal 0.8660254037844358 -0.500000000000005 0
    outer loop
      vertex -35.827090915285204 35.8134732861516 0
      vertex -35.61803398874989 36.17557050458495 3
      vertex -35.827090915285204 35.8134732861516 3
    endloop
  endfacet
  facet normal 0.7431448254773975 -0.6691306063588546 0
    outer loop
      vertex -35.61803398874989 36.17557050458495 0
      vertex -35.33826121271772 36.48628965095479 3
      vertex -35.61803398874989 36.17557050458495 3
    endloop
  endfacet
  facet normal 0.587785252292468 -0.8090169943749511 0
    outer loop
      vertex -35.33826121271772 36.48628965095479 0
      vertex -35 36.732050807568875 3
      vertex -35.33826121271772 36.48628965095479 3
    endloop
  endfacet
  facet normal 0.4067366430758036 -0.9135454576425993 0
    outer loop
      vertex -35 36.732050807568875 0
      vertex -34.61803398874989 36.90211303259031 3
      vertex -35 36.732050807568875 3
    endloop
  endfacet
  facet normal 0.20791169081775512 0.9781476007338065 0
    outer loop
      vertex -34.209056926535304 33.010956209263455 0
      vertex -34.61803398874989 33.09788696740969 3
      vertex -34.209056926535304 33.010956209263455 3
    endloop
  endfacet
  facet normal 0 1 0
    outer loop
      vertex -33.790943073464696 33.010956209263455 0
      vertex -34.209056926535304 33.010956209263455 3
      vertex -33.790943073464696 33.010956209263455 3
    endloop
  endfacet
  facet normal -0.20791169081775512 0.9781476007338065 0
    outer loop
      vertex -33.38196601125011 33.09788696740969 0
      vertex -33.790943073464696 33.010956209263455 3
      vertex -33.38196601125011 33.09788696740969 3
    endloop
  endfacet
  facet normal -0.4067366430758036 0.9135454576425993 0
    outer loop
      vertex -33 33.267949192431125 0
      vertex -33.38196601125011 33.09788696740969 3
      vertex -33 33.267949192431125 3
    endloop
  endfacet
  facet normal -0.587785252292468 0.8090169943749511 0
    outer loop
      vertex -32.66173878728228 33.51371034904521 0
      vertex -33 33.267949192431125 3
      vertex -32.66173878728228 33.51371034904521 3
    endloop
  endfacet
  facet normal -0.7431448254773975 0.6691306063588546 0
    outer loop
      vertex -32.38196601125011 33.82442949541505 0
      vertex -32.66173878728228 33.51371034904521 3
      vertex -32.38196601125011 33.82442949541505 3
    endloop
  endfacet
  facet normal -0.7431448254773975 -0.6691306063588546 0
    outer loop
      vertex -32.66173878728228 36.48628965095479 0
      vertex -32.38196601125011 36.17557050458495 3
      vertex -32.66173878728228 36.48628965095479 3
    endloop
  endfacet
  facet normal 0.20791169081775512 -0.9781476007338065 0
    outer loop
      vertex -34.61803398874989 36.90211303259031 0
      vertex -34.209056926535304 36.989043790736545 3
      vertex -34.61803398874989 36.90211303259031 3
    endloop
  endfacet
  facet normal 0 -1 0
    outer loop
      vertex -34.209056926535304 36.989043790736545 0
      vertex -33.790943073464696 36.989043790736545 3
      vertex -34.209056926535304 36.989043790736545 3
    endloop
  endfacet
  facet normal -0.20791169081775512 -0.9781476007338065 0
    outer loop
      vertex -33.790943073464696 36.989043790736545 0
      vertex -33.38196601125011 36.90211303259031 3
      vertex -33.790943073464696 36.989043790736545 3
    endloop
  endfacet
  facet normal -0.4067366430758036 -0.9135454576425993 0
    outer loop
      vertex -33.38196601125011 36.90211303259031 0
      vertex -33 36.732050807568875 3
      vertex -33.38196601125011 36.90211303259031 3
    endloop
  endfacet
  facet normal -0.587785252292468 -0.8090169943749511 0
    outer loop
      vertex -33 36.732050807568875 0
      vertex -32.66173878728228 36.48628965095479 3
      vertex -33 36.732050807568875 3
    endloop
  endfacet
  facet normal -0.8660254037844358 0.500000000000005 0
    outer loop
      vertex -32.172909084714796 34.1865267138484 0
      vertex -32.38196601125011 33.82442949541505 3
      vertex -32.172909084714796 34.1865267138484 3
    endloop
  endfacet
  facet normal -0.9510565162951546 0.30901699437494423 0
    outer loop
      vertex -32.04370479853239 34.58417661836448 0
      vertex -32.172909084714796 34.1865267138484 3
      vertex -32.04370479853239 34.58417661836448 3
    endloop
  endfacet
  facet normal -0.9945218953682735 0.1045284632676531 0
    outer loop
      vertex -32 35 0
      vertex -32.04370479853239 34.58417661836448 3
      vertex -32 35 3
    endloop
  endfacet
  facet normal -0.9945218953682735 -0.1045284632676531 0
    outer loop
      vertex -32.04370479853239 35.41582338163552 0
      vertex -32 35 3
      vertex -32.04370479853239 35.41582338163552 3
    endloop
  endfacet
  facet normal -0.9510565162951546 -0.30901699437494423 0
    outer loop
      vertex -32.172909084714796 35.8134732861516 0
      vertex -32.04370479853239 35.41582338163552 3
      vertex -32.172909084714796 35.8134732861516 3
    endloop
  endfacet
  facet normal -0.8660254037844358 -0.500000000000005 0
    outer loop
      vertex -32.38196601125011 36.17557050458495 0
      vertex -32.172909084714796 35.8134732861516 3
      vertex -32.38196601125011 36.17557050458495 3
    endloop
  endfacet
  facet normal 0 0 1
    outer loop
      vertex -37 25 3
      vertex -36 35 3
      vertex -37 45 3
    endloop
  endfacet
  facet normal 0 0 1
    outer loop
      vertex -36 35 3
      vertex -35.95629520146761 35.41582338163552 3
      vertex -37 45 3
    endloop
  endfacet
  facet normal 0 0 1
    outer loop
      vertex -35.95629520146761 35.41582338163552 3
      vertex -35.827090915285204 35.8134732861516 3
      vertex -37 45 3
    endloop
  endfacet
  facet normal 0 0 1
    outer loop
      vertex -35.827090915285204 35.8134732861516 3
      vertex -35.61803398874989 36.17557050458495 3
      vertex -37 45 3
    endloop
  endfacet
  facet normal 0 0 1
    outer loop
      vertex -35.61803398874989 36.17557050458495 3
      vertex -35.33826121271772 36.48628965095479 3
      vertex -37 45 3
    endloop
  endfacet
  facet normal 0 0 1
    outer loop
      vertex -35.33826121271772 36.48628965095479 3
      vertex -35 36.732050807568875 3
      vertex -37 45 3
    endloop
  endfacet
  facet normal 0 0 1
    outer loop
      vertex -35 36.732050807568875 3
      vertex -34.61803398874989 36.90211303259031 3
      vertex -37 45 3
    endloop
  endfacet
  facet normal 0 0 1
    outer loop
      vertex -34.61803398874989 36.90211303259031 3
      vertex -34.209056926535304 36.989043790736545 3
      vertex -37 45 3
    endloop
  endfacet
  facet normal 0 0 1
    outer loop
      vertex -34.209056926535304 36.989043790736545 3
      vertex -33.790943073464696 36.989043790736545 3
      vertex -37 45 3
    endloop
  endfacet
  facet normal 0 0 1
    outer loop
      vertex -33.790943073464696 36.989043790736545 3
      vertex -33.38196601125011 36.90211303259031 3
      vertex -37 45 3
    endloop
  endfacet
  facet normal 0 0 1
    outer loop
      vertex -32.38196601125011 36.17557050458495 3
      vertex -32.172909084714796 35.8134732861516 3
      vertex -37 45 3
    endloop
  endfacet
  facet normal 0 0 1
    outer loop
      vertex -37 45 3
      vertex -32.172909084714796 35.8134732861516 3
      vertex -31.5 36 3
    endloop
  endfacet
  facet normal 0 0 1
    outer loop
      vertex -33.38196601125011 36.90211303259031 3
      vertex -33 36.732050807568875 3
      vertex -37 45 3
    endloop
  endfacet
  facet normal 0 0 1
    outer loop
      vertex -32.66173878728228 36.48628965095479 3
      vertex -37 45 3
      vertex -33 36.732050807568875 3
    endloop
  endfacet
  facet normal 0 0 1
    outer loop
      vertex -32.66173878728228 36.48628965095479 3
      vertex -32.38196601125011 36.17557050458495 3
      vertex -37 45 3
    endloop
  endfacet
  facet normal 0 0 1
    outer loop
      vertex -32.38196601125011 33.82442949541505 3
      vertex -31.5 34 3
      vertex -32.172909084714796 34.1865267138484 3
    endloop
  endfacet
  facet normal 0 0 1
    outer loop
      vertex -31.5 34 3
      vertex -32.04370479853239 34.58417661836448 3
      vertex -32.172909084714796 34.1865267138484 3
    endloop
  endfacet
  facet normal 0 0 1
    outer loop
      vertex -31.5 34 3
      vertex -32 35 3
      vertex -32.04370479853239 34.58417661836448 3
    endloop
  endfacet
  facet normal 0 0 1
    outer loop
      vertex -31.5 34 3
      vertex -32.172909084714796 35.8134732861516 3
      vertex -32.04370479853239 35.41582338163552 3
    endloop
  endfacet
  facet normal 0 0 1
    outer loop
      vertex -31.5 34 3
      vertex -32.04370479853239 35.41582338163552 3
      vertex -32 35 3
    endloop
  endfacet
  facet normal 0 0 1
    outer loop
      vertex -31.5 34 3
      vertex -31.5 36 3
      vertex -32.172909084714796 35.8134732861516 3
    endloop
  endfacet
  facet normal -1 0 0
    outer loop
      vertex -31.5 34 3
      vertex -31.5 34.5 4.6
      vertex -31.5 36 3
    endloop
  endfacet
  facet normal -1 0 0
    outer loop
      vertex -31.5 34 3
      vertex -31.5 34 3.1
      vertex -31.5 34.5 4.6
    endloop
  endfacet
  facet normal -1 0 0
    outer loop
      vertex -31.5 36 3
      vertex -31.5 35.5 4.6
      vertex -31.5 36 3.1
    endloop
  endfacet
  facet normal -1 0 0
    outer loop
      vertex -37 51 0
      vertex -37 51 3
      vertex -37 71 3
    endloop
  endfacet
  facet normal 0 0 1
    outer loop
      vertex -37 51 3
      vertex -35.73573636952094 60.22720037815598 3
      vertex -35.85848044139423 60.604967787446256 3
    endloop
  endfacet
  facet normal 0 0 1
    outer loop
      vertex -37 51 3
      vertex -35.27134815208183 59.58802483159295 3
      vertex -35.5371322893124 59.883208020644304 3
    endloop
  endfacet
  facet normal 0 0 1
    outer loop
      vertex -37 51 3
      vertex -35.5371322893124 59.883208020644304 3
      vertex -35.73573636952094 60.22720037815598 3
    endloop
  endfacet
  facet normal 0 0 1
    outer loop
      vertex -37 51 3
      vertex -35.85848044139423 60.604967787446256 3
      vertex -35.9 61 3
    endloop
  endfacet
  facet normal 0 0 1
    outer loop
      vertex -37 51 3
      vertex -35.9 61 3
      vertex -35.85848044139423 61.395032212553744 3
    endloop
  endfacet
  facet normal 0 0 1
    outer loop
      vertex -37 51 3
      vertex -35.85848044139423 61.395032212553744 3
      vertex -37 71 3
    endloop
  endfacet
  facet normal 0 0 1
    outer loop
      vertex -37 51 3
      vertex -34.95 59.35455173280957 3
      vertex -35.27134815208183 59.58802483159295 3
    endloop
  endfacet
  facet normal 0 0 1
    outer loop
      vertex -37 51 3
      vertex -34.5871322893124 59.19299261903921 3
      vertex -34.95 59.35455173280957 3
    endloop
  endfacet
  facet normal 0 0 1
    outer loop
      vertex -37 51 3
      vertex -34.19860408020854 59.11040839880028 3
      vertex -34.5871322893124 59.19299261903921 3
    endloop
  endfacet
  facet normal 0 0 1
    outer loop
      vertex -37 51 3
      vertex -33.80139591979146 59.11040839880028 3
      vertex -34.19860408020854 59.11040839880028 3
    endloop
  endfacet
  facet normal 0 0 1
    outer loop
      vertex -37 51 3
      vertex -33.4128677106876 59.19299261903921 3
      vertex -33.80139591979146 59.11040839880028 3
    endloop
  endfacet
  facet normal 0 0 1
    outer loop
      vertex -37 51 3
      vertex -33.05 59.35455173280957 3
      vertex -33.4128677106876 59.19299261903921 3
    endloop
  endfacet
  facet normal 0 0 1
    outer loop
      vertex -37 51 3
      vertex -32.72865184791817 59.58802483159295 3
      vertex -33.05 59.35455173280957 3
    endloop
  endfacet
  facet normal 0 0 1
    outer loop
      vertex -37 51 3
      vertex -32.4628677106876 59.883208020644304 3
      vertex -32.72865184791817 59.58802483159295 3
    endloop
  endfacet
  facet normal 0 0 1
    outer loop
      vertex -37 51 3
      vertex -31.5 60 3
      vertex -32.4628677106876 59.883208020644304 3
    endloop
  endfacet
  facet normal 0 0 1
    outer loop
      vertex -35.85848044139423 61.395032212553744 3
      vertex -35.73573636952094 61.77279962184402 3
      vertex -37 71 3
    endloop
  endfacet
  facet normal 0 0 1
    outer loop
      vertex -35.73573636952094 61.77279962184402 3
      vertex -35.5371322893124 62.116791979355696 3
      vertex -37 71 3
    endloop
  endfacet
  facet normal 0 0 1
    outer loop
      vertex -35.5371322893124 62.116791979355696 3
      vertex -35.27134815208183 62.41197516840705 3
      vertex -37 71 3
    endloop
  endfacet
  facet normal 0 0 1
    outer loop
      vertex -35.27134815208183 62.41197516840705 3
      vertex -34.95 62.64544826719043 3
      vertex -37 71 3
    endloop
  endfacet
  facet normal 0 0 1
    outer loop
      vertex -34.95 62.64544826719043 3
      vertex -34.5871322893124 62.80700738096079 3
      vertex -37 71 3
    endloop
  endfacet
  facet normal 0 0 1
    outer loop
      vertex -37 71 3
      vertex -34.5871322893124 62.80700738096079 3
      vertex -34.19860408020854 62.88959160119972 3
    endloop
  endfacet
  facet normal 0 0 1
    outer loop
      vertex -37 71 3
      vertex -34.19860408020854 62.88959160119972 3
      vertex -33.80139591979146 62.88959160119972 3
    endloop
  endfacet
  facet normal 0 0 1
    outer loop
      vertex -37 71 3
      vertex -33.80139591979146 62.88959160119972 3
      vertex -33.4128677106876 62.80700738096079 3
    endloop
  endfacet
  facet normal 0 0 1
    outer loop
      vertex -37 71 3
      vertex -33.4128677106876 62.80700738096079 3
      vertex -33.05 62.64544826719043 3
    endloop
  endfacet
  facet normal 0 0 1
    outer loop
      vertex -37 71 3
      vertex -33.05 62.64544826719043 3
      vertex -32.72865184791817 62.41197516840705 3
    endloop
  endfacet
  facet normal 0 0 1
    outer loop
      vertex -37 71 3
      vertex -32.72865184791817 62.41197516840705 3
      vertex -32.4628677106876 62.116791979355696 3
    endloop
  endfacet
  facet normal 0 0 1
    outer loop
      vertex -37 71 3
      vertex -32.4628677106876 62.116791979355696 3
      vertex -31.5 62 3
    endloop
  endfacet
  facet normal 0 0 1
    outer loop
      vertex -32.4628677106876 59.883208020644304 3
      vertex -31.5 60 3
      vertex -32.26426363047906 60.22720037815598 3
    endloop
  endfacet
  facet normal 0 0 1
    outer loop
      vertex -32.26426363047906 60.22720037815598 3
      vertex -31.5 60 3
      vertex -32.14151955860577 60.604967787446256 3
    endloop
  endfacet
  facet normal 0 0 1
    outer loop
      vertex -32.14151955860577 60.604967787446256 3
      vertex -31.5 60 3
      vertex -32.1 61 3
    endloop
  endfacet
  facet normal 0 0 1
    outer loop
      vertex -32.1 61 3
      vertex -31.5 60 3
      vertex -31.5 62 3
    endloop
  endfacet
  facet normal -1 0 0
    outer loop
      vertex -31.5 60 3
      vertex -31.5 60.5 4.6
      vertex -31.5 62 3
    endloop
  endfacet
  facet normal -1 0 0
    outer loop
      vertex -31.5 60 3
      vertex -31.5 60 3.1
      vertex -31.5 60.5 4.6
    endloop
  endfacet
  facet normal 0 0 1
    outer loop
      vertex -32.26426363047906 61.77279962184402 3
      vertex -32.14151955860577 61.395032212553744 3
      vertex -31.5 62 3
    endloop
  endfacet
  facet normal 0 0 1
    outer loop
      vertex -32.1 61 3
      vertex -31.5 62 3
      vertex -32.14151955860577 61.395032212553744 3
    endloop
  endfacet
  facet normal 0 0 1
    outer loop
      vertex -32.4628677106876 62.116791979355696 3
      vertex -32.26426363047906 61.77279962184402 3
      vertex -31.5 62 3
    endloop
  endfacet
  facet normal -1 0 0
    outer loop
      vertex -31.5 62 3
      vertex -31.5 61.5 4.6
      vertex -31.5 62 3.1
    endloop
  endfacet
  facet normal 0 -1 0
    outer loop
      vertex -37 25 0
      vertex -7.5 25 0
      vertex -7.5 25 3
    endloop
  endfacet
  facet normal 0 0 -1
    outer loop
      vertex -7.5 -25 0
      vertex -7.5 25 0
      vertex 7.5 25 0
    endloop
  endfacet
  facet normal -1 0 0
    outer loop
      vertex -7.5 -25 0
      vertex -7.5 25 3
      vertex -7.5 25 0
    endloop
  endfacet
  facet normal 0 0 -1
    outer loop
      vertex -37 25 0
      vertex 32.38196601125011 33.82442949541505 0
      vertex -7.5 25 0
    endloop
  endfacet
  facet normal 0 0 1
    outer loop
      vertex -32.38196601125011 33.82442949541505 3
      vertex -7.5 25 3
      vertex 7.5 25 3
    endloop
  endfacet
  facet normal -1 0 0
    outer loop
      vertex -7.5 -25 0
      vertex -7.5 25 4
      vertex -7.5 25 3
    endloop
  endfacet
  facet normal 0 0 1
    outer loop
      vertex -32.38196601125011 33.82442949541505 3
      vertex 37 25 3
      vertex -31.5 34 3
    endloop
  endfacet
  facet normal 0 1 0
    outer loop
      vertex -7.5 25 4
      vertex 7.5 25 3
      vertex -7.5 25 3
    endloop
  endfacet
  facet normal 0 0 -1
    outer loop
      vertex -37 25 0
      vertex -33.790943073464696 33.010956209263455 0
      vertex 37 45 0
    endloop
  endfacet
  facet normal 0 0 -1
    outer loop
      vertex -33.790943073464696 33.010956209263455 0
      vertex -33.38196601125011 33.09788696740969 0
      vertex 37 45 0
    endloop
  endfacet
  facet normal 0 0 -1
    outer loop
      vertex -33.38196601125011 33.09788696740969 0
      vertex -33 33.267949192431125 0
      vertex 37 45 0
    endloop
  endfacet
  facet normal 0 0 -1
    outer loop
      vertex -33 33.267949192431125 0
      vertex -32.66173878728228 33.51371034904521 0
      vertex 37 45 0
    endloop
  endfacet
  facet normal 0 0 -1
    outer loop
      vertex -32.66173878728228 33.51371034904521 0
      vertex -32.38196601125011 33.82442949541505 0
      vertex 37 45 0
    endloop
  endfacet
  facet normal 0 0 -1
    outer loop
      vertex -34.209056926535304 36.989043790736545 0
      vertex 37 45 0
      vertex -33.790943073464696 36.989043790736545 0
    endloop
  endfacet
  facet normal 0 0 -1
    outer loop
      vertex -33.790943073464696 36.989043790736545 0
      vertex 37 45 0
      vertex -33.38196601125011 36.90211303259031 0
    endloop
  endfacet
  facet normal 0 0 -1
    outer loop
      vertex -33.38196601125011 36.90211303259031 0
      vertex 37 45 0
      vertex -33 36.732050807568875 0
    endloop
  endfacet
  facet normal 0 0 -1
    outer loop
      vertex -32.66173878728228 36.48628965095479 0
      vertex -33 36.732050807568875 0
      vertex 37 45 0
    endloop
  endfacet
  facet normal 0 0 -1
    outer loop
      vertex -32.66173878728228 36.48628965095479 0
      vertex 37 45 0
      vertex -32.38196601125011 36.17557050458495 0
    endloop
  endfacet
  facet normal 0 0 -1
    outer loop
      vertex -34.209056926535304 36.989043790736545 0
      vertex -20 45 0
      vertex 20 45 0
    endloop
  endfacet
  facet normal 0 1 0
    outer loop
      vertex -20 45 1
      vertex -37 45 3
      vertex 20 45 1
    endloop
  endfacet
  facet normal 0 0 -1
    outer loop
      vertex -37 51 0
      vertex -37 71 0
      vertex 37 71 0
    endloop
  endfacet
  facet normal 0 1 0
    outer loop
      vertex -37 71 0
      vertex -37 71 3
      vertex 37 71 0
    endloop
  endfacet
  facet normal 0 0 -1
    outer loop
      vertex -32.38196601125011 33.82442949541505 0
      vertex -32.172909084714796 34.1865267138484 0
      vertex 37 45 0
    endloop
  endfacet
  facet normal 0 0 -1
    outer loop
      vertex -32.172909084714796 34.1865267138484 0
      vertex -32.04370479853239 34.58417661836448 0
      vertex 37 45 0
    endloop
  endfacet
  facet normal 0 0 -1
    outer loop
      vertex -32.04370479853239 34.58417661836448 0
      vertex -32 35 0
      vertex 37 45 0
    endloop
  endfacet
  facet normal 0 0 -1
    outer loop
      vertex -32.38196601125011 36.17557050458495 0
      vertex 37 45 0
      vertex -32.172909084714796 35.8134732861516 0
    endloop
  endfacet
  facet normal 0 0 -1
    outer loop
      vertex -32.172909084714796 35.8134732861516 0
      vertex 37 45 0
      vertex -32.04370479853239 35.41582338163552 0
    endloop
  endfacet
  facet normal 0 0 -1
    outer loop
      vertex -32 35 0
      vertex -32.04370479853239 35.41582338163552 0
      vertex 37 45 0
    endloop
  endfacet
  facet normal 0 0 -1
    outer loop
      vertex -20 45 0
      vertex -20 51 0
      vertex 20 51 0
    endloop
  endfacet
  facet normal 0 0 1
    outer loop
      vertex -20 45 1
      vertex 20 45 1
      vertex -20 51 1
    endloop
  endfacet
  facet normal 0 0 -1
    outer loop
      vertex -37 51 0
      vertex 37 71 0
      vertex -20 51 0
    endloop
  endfacet
  facet normal 0 0 1
    outer loop
      vertex -37 45 3
      vertex -31.5 36 3
      vertex 31.5 36 3
    endloop
  endfacet
  facet normal 0 -1 0
    outer loop
      vertex -31.5 34 3
      vertex 31.5 34 3
      vertex -31.5 34 3.1
    endloop
  endfacet
  facet normal 0 1 0
    outer loop
      vertex -31.5 36 3
      vertex -31.5 36 3.1
      vertex 31.5 36 3.1
    endloop
  endfacet
  facet normal 0 0.9486832980505138 0.31622776601683805
    outer loop
      vertex -31.5 36 3.1
      vertex -31.5 35.5 4.6
      vertex 31.5 36 3.1
    endloop
  endfacet
  facet normal 0 0 1
    outer loop
      vertex -37 51 3
      vertex 37 51 3
      vertex -31.5 60 3
    endloop
  endfacet
  facet normal 0 -1 0
    outer loop
      vertex -31.5 60 3
      vertex 31.5 60 3
      vertex -31.5 60 3.1
    endloop
  endfacet
  facet normal 0 1 0
    outer loop
      vertex -31.5 62 3
      vertex -31.5 62 3.1
      vertex 31.5 62 3.1
    endloop
  endfacet
  facet normal 0 0 1
    outer loop
      vertex -37 71 3
      vertex -31.5 62 3
      vertex 37 71 3
    endloop
  endfacet
  facet normal 0 0.9486832980505138 0.31622776601683805
    outer loop
      vertex -31.5 62 3.1
      vertex -31.5 61.5 4.6
      vertex 31.5 62 3.1
    endloop
  endfacet
  facet normal 0 -1 0
    outer loop
      vertex -20 51 1
      vertex 37 51 3
      vertex -37 51 3
    endloop
  endfacet
  facet normal -1 0 0
    outer loop
      vertex -31.5 36 3
      vertex -31.5 34.5 4.6
      vertex -31.5 35.5 4.6
    endloop
  endfacet
  facet normal -0.9945218953682731 -0.10452846326765644 0
    outer loop
      vertex -35.85848044139423 60.604967787446256 3
      vertex -35.9 61 7.5
      vertex -35.9 61 3
    endloop
  endfacet
  facet normal -0.7431448254773871 -0.6691306063588661 0
    outer loop
      vertex -35.5371322893124 59.883208020644304 3
      vertex -35.27134815208183 59.58802483159295 3
      vertex -35.5371322893124 59.883208020644304 7.5
    endloop
  endfacet
  facet normal -0.9510565162951568 -0.3090169943749378 0
    outer loop
      vertex -35.85848044139423 60.604967787446256 3
      vertex -35.73573636952094 60.22720037815598 3
      vertex -35.85848044139423 60.604967787446256 7.5
    endloop
  endfacet
  facet normal -0.8660254037844375 -0.5000000000000019 0
    outer loop
      vertex -35.5371322893124 59.883208020644304 3
      vertex -35.73573636952094 60.22720037815598 7.5
      vertex -35.73573636952094 60.22720037815598 3
    endloop
  endfacet
  facet normal -0.5877852522924811 -0.8090169943749416 0
    outer loop
      vertex -35.27134815208183 59.58802483159295 3
      vertex -34.95 59.35455173280957 3
      vertex -34.95 59.35455173280957 7.5
    endloop
  endfacet
  facet normal -0.4067366430757989 -0.9135454576426015 0
    outer loop
      vertex -34.95 59.35455173280957 3
      vertex -34.5871322893124 59.19299261903921 3
      vertex -34.5871322893124 59.19299261903921 7.5
    endloop
  endfacet
  facet normal -0.2079116908177599 -0.9781476007338056 0
    outer loop
      vertex -34.5871322893124 59.19299261903921 3
      vertex -34.19860408020854 59.11040839880028 3
      vertex -34.19860408020854 59.11040839880028 7.5
    endloop
  endfacet
  facet normal 0 -1 0
    outer loop
      vertex -34.19860408020854 59.11040839880028 3
      vertex -33.80139591979146 59.11040839880028 3
      vertex -33.80139591979146 59.11040839880028 7.5
    endloop
  endfacet
  facet normal 0.2079116908177599 -0.9781476007338056 0
    outer loop
      vertex -33.80139591979146 59.11040839880028 3
      vertex -33.4128677106876 59.19299261903921 3
      vertex -33.4128677106876 59.19299261903921 7.5
    endloop
  endfacet
  facet normal 0.4067366430757989 -0.9135454576426015 0
    outer loop
      vertex -33.4128677106876 59.19299261903921 3
      vertex -33.05 59.35455173280957 3
      vertex -33.05 59.35455173280957 7.5
    endloop
  endfacet
  facet normal 0.5877852522924811 -0.8090169943749416 0
    outer loop
      vertex -33.05 59.35455173280957 3
      vertex -32.72865184791817 59.58802483159295 3
      vertex -32.72865184791817 59.58802483159295 7.5
    endloop
  endfacet
  facet normal 0.7431448254773871 -0.6691306063588661 0
    outer loop
      vertex -32.72865184791817 59.58802483159295 3
      vertex -32.4628677106876 59.883208020644304 3
      vertex -32.72865184791817 59.58802483159295 7.5
    endloop
  endfacet
  facet normal 0.8660254037844375 -0.5000000000000019 0
    outer loop
      vertex -32.4628677106876 59.883208020644304 3
      vertex -32.26426363047906 60.22720037815598 3
      vertex -32.4628677106876 59.883208020644304 7.5
    endloop
  endfacet
  facet normal -0.9945218953682731 0.10452846326765644 0
    outer loop
      vertex -35.9 61 3
      vertex -35.85848044139423 61.395032212553744 7.5
      vertex -35.85848044139423 61.395032212553744 3
    endloop
  endfacet
  facet normal -0.9510565162951568 0.3090169943749378 0
    outer loop
      vertex -35.85848044139423 61.395032212553744 3
      vertex -35.73573636952094 61.77279962184402 7.5
      vertex -35.73573636952094 61.77279962184402 3
    endloop
  endfacet
  facet normal -0.8660254037844375 0.5000000000000019 0
    outer loop
      vertex -35.73573636952094 61.77279962184402 3
      vertex -35.5371322893124 62.116791979355696 7.5
      vertex -35.5371322893124 62.116791979355696 3
    endloop
  endfacet
  facet normal -0.7431448254773871 0.6691306063588661 0
    outer loop
      vertex -35.5371322893124 62.116791979355696 3
      vertex -35.27134815208183 62.41197516840705 7.5
      vertex -35.27134815208183 62.41197516840705 3
    endloop
  endfacet
  facet normal -0.5877852522924811 0.8090169943749416 0
    outer loop
      vertex -35.27134815208183 62.41197516840705 3
      vertex -35.27134815208183 62.41197516840705 7.5
      vertex -34.95 62.64544826719043 3
    endloop
  endfacet
  facet normal -0.4067366430757989 0.9135454576426015 0
    outer loop
      vertex -34.95 62.64544826719043 3
      vertex -34.95 62.64544826719043 7.5
      vertex -34.5871322893124 62.80700738096079 3
    endloop
  endfacet
  facet normal -0.2079116908177599 0.9781476007338056 0
    outer loop
      vertex -34.5871322893124 62.80700738096079 3
      vertex -34.5871322893124 62.80700738096079 7.5
      vertex -34.19860408020854 62.88959160119972 3
    endloop
  endfacet
  facet normal 0 1 0
    outer loop
      vertex -34.19860408020854 62.88959160119972 3
      vertex -34.19860408020854 62.88959160119972 7.5
      vertex -33.80139591979146 62.88959160119972 3
    endloop
  endfacet
  facet normal 0.2079116908177599 0.9781476007338056 0
    outer loop
      vertex -33.80139591979146 62.88959160119972 3
      vertex -33.80139591979146 62.88959160119972 7.5
      vertex -33.4128677106876 62.80700738096079 3
    endloop
  endfacet
  facet normal 0.4067366430757989 0.9135454576426015 0
    outer loop
      vertex -33.4128677106876 62.80700738096079 3
      vertex -33.4128677106876 62.80700738096079 7.5
      vertex -33.05 62.64544826719043 3
    endloop
  endfacet
  facet normal 0.7431448254773871 0.6691306063588661 0
    outer loop
      vertex -32.4628677106876 62.116791979355696 3
      vertex -32.72865184791817 62.41197516840705 3
      vertex -32.4628677106876 62.116791979355696 7.5
    endloop
  endfacet
  facet normal 0.5877852522924811 0.8090169943749416 0
    outer loop
      vertex -33.05 62.64544826719043 3
      vertex -33.05 62.64544826719043 7.5
      vertex -32.72865184791817 62.41197516840705 3
    endloop
  endfacet
  facet normal 0.9510565162951568 -0.3090169943749378 0
    outer loop
      vertex -32.26426363047906 60.22720037815598 3
      vertex -32.14151955860577 60.604967787446256 3
      vertex -32.26426363047906 60.22720037815598 7.5
    endloop
  endfacet
  facet normal 0.9945218953682731 -0.10452846326765644 0
    outer loop
      vertex -32.14151955860577 60.604967787446256 3
      vertex -32.1 61 3
      vertex -32.14151955860577 60.604967787446256 7.5
    endloop
  endfacet
  facet normal 0.9945218953682731 0.10452846326765644 0
    outer loop
      vertex -32.1 61 3
      vertex -32.14151955860577 61.395032212553744 3
      vertex -32.1 61 7.5
    endloop
  endfacet
  facet normal -1 0 0
    outer loop
      vertex -31.5 62 3
      vertex -31.5 60.5 4.6
      vertex -31.5 61.5 4.6
    endloop
  endfacet
  facet normal 0.9510565162951568 0.3090169943749378 0
    outer loop
      vertex -32.26426363047906 61.77279962184402 3
      vertex -32.14151955860577 61.395032212553744 7.5
      vertex -32.14151955860577 61.395032212553744 3
    endloop
  endfacet
  facet normal 0.8660254037844375 0.5000000000000019 0
    outer loop
      vertex -32.4628677106876 62.116791979355696 3
      vertex -32.26426363047906 61.77279962184402 7.5
      vertex -32.26426363047906 61.77279962184402 3
    endloop
  endfacet
  facet normal -0.9945218953682731 -0.10452846326765644 0
    outer loop
      vertex -35.85848044139423 60.604967787446256 3
      vertex -35.85848044139423 60.604967787446256 7.5
      vertex -35.9 61 7.5
    endloop
  endfacet
  facet normal -0.9945218953682731 0.10452846326765644 0
    outer loop
      vertex -35.9 61 3
      vertex -35.9 61 7.5
      vertex -35.85848044139423 61.395032212553744 7.5
    endloop
  endfacet
  facet normal -0.7431448254773871 -0.6691306063588661 0
    outer loop
      vertex -35.27134815208183 59.58802483159295 3
      vertex -35.27134815208183 59.58802483159295 7.5
      vertex -35.5371322893124 59.883208020644304 7.5
    endloop
  endfacet
  facet normal -0.9510565162951568 -0.3090169943749378 0
    outer loop
      vertex -35.73573636952094 60.22720037815598 3
      vertex -35.73573636952094 60.22720037815598 7.5
      vertex -35.85848044139423 60.604967787446256 7.5
    endloop
  endfacet
  facet normal -0.8660254037844375 -0.5000000000000019 0
    outer loop
      vertex -35.5371322893124 59.883208020644304 3
      vertex -35.5371322893124 59.883208020644304 7.5
      vertex -35.73573636952094 60.22720037815598 7.5
    endloop
  endfacet
  facet normal -0.5877852522924811 -0.8090169943749416 0
    outer loop
      vertex -35.27134815208183 59.58802483159295 3
      vertex -34.95 59.35455173280957 7.5
      vertex -35.27134815208183 59.58802483159295 7.5
    endloop
  endfacet
  facet normal -0.4067366430757989 -0.9135454576426015 0
    outer loop
      vertex -34.95 59.35455173280957 3
      vertex -34.5871322893124 59.19299261903921 7.5
      vertex -34.95 59.35455173280957 7.5
    endloop
  endfacet
  facet normal -0.2079116908177599 -0.9781476007338056 0
    outer loop
      vertex -34.5871322893124 59.19299261903921 3
      vertex -34.19860408020854 59.11040839880028 7.5
      vertex -34.5871322893124 59.19299261903921 7.5
    endloop
  endfacet
  facet normal 0 -1 0
    outer loop
      vertex -34.19860408020854 59.11040839880028 3
      vertex -33.80139591979146 59.11040839880028 7.5
      vertex -34.19860408020854 59.11040839880028 7.5
    endloop
  endfacet
  facet normal 0.2079116908177599 -0.9781476007338056 0
    outer loop
      vertex -33.80139591979146 59.11040839880028 3
      vertex -33.4128677106876 59.19299261903921 7.5
      vertex -33.80139591979146 59.11040839880028 7.5
    endloop
  endfacet
  facet normal 0.4067366430757989 -0.9135454576426015 0
    outer loop
      vertex -33.4128677106876 59.19299261903921 3
      vertex -33.05 59.35455173280957 7.5
      vertex -33.4128677106876 59.19299261903921 7.5
    endloop
  endfacet
  facet normal 0.5877852522924811 -0.8090169943749416 0
    outer loop
      vertex -33.05 59.35455173280957 3
      vertex -32.72865184791817 59.58802483159295 7.5
      vertex -33.05 59.35455173280957 7.5
    endloop
  endfacet
  facet normal 0.7431448254773871 -0.6691306063588661 0
    outer loop
      vertex -32.4628677106876 59.883208020644304 3
      vertex -32.4628677106876 59.883208020644304 7.5
      vertex -32.72865184791817 59.58802483159295 7.5
    endloop
  endfacet
  facet normal -0.9510565162951568 0.3090169943749378 0
    outer loop
      vertex -35.85848044139423 61.395032212553744 3
      vertex -35.85848044139423 61.395032212553744 7.5
      vertex -35.73573636952094 61.77279962184402 7.5
    endloop
  endfacet
  facet normal -0.8660254037844375 0.5000000000000019 0
    outer loop
      vertex -35.73573636952094 61.77279962184402 3
      vertex -35.73573636952094 61.77279962184402 7.5
      vertex -35.5371322893124 62.116791979355696 7.5
    endloop
  endfacet
  facet normal -0.7431448254773871 0.6691306063588661 0
    outer loop
      vertex -35.5371322893124 62.116791979355696 3
      vertex -35.5371322893124 62.116791979355696 7.5
      vertex -35.27134815208183 62.41197516840705 7.5
    endloop
  endfacet
  facet normal -0.5877852522924811 0.8090169943749416 0
    outer loop
      vertex -34.95 62.64544826719043 3
      vertex -35.27134815208183 62.41197516840705 7.5
      vertex -34.95 62.64544826719043 7.5
    endloop
  endfacet
  facet normal -0.4067366430757989 0.9135454576426015 0
    outer loop
      vertex -34.5871322893124 62.80700738096079 3
      vertex -34.95 62.64544826719043 7.5
      vertex -34.5871322893124 62.80700738096079 7.5
    endloop
  endfacet
  facet normal -0.2079116908177599 0.9781476007338056 0
    outer loop
      vertex -34.19860408020854 62.88959160119972 3
      vertex -34.5871322893124 62.80700738096079 7.5
      vertex -34.19860408020854 62.88959160119972 7.5
    endloop
  endfacet
  facet normal 0 1 0
    outer loop
      vertex -33.80139591979146 62.88959160119972 3
      vertex -34.19860408020854 62.88959160119972 7.5
      vertex -33.80139591979146 62.88959160119972 7.5
    endloop
  endfacet
  facet normal 0.2079116908177599 0.9781476007338056 0
    outer loop
      vertex -33.4128677106876 62.80700738096079 3
      vertex -33.80139591979146 62.88959160119972 7.5
      vertex -33.4128677106876 62.80700738096079 7.5
    endloop
  endfacet
  facet normal 0.4067366430757989 0.9135454576426015 0
    outer loop
      vertex -33.05 62.64544826719043 3
      vertex -33.4128677106876 62.80700738096079 7.5
      vertex -33.05 62.64544826719043 7.5
    endloop
  endfacet
  facet normal 0.7431448254773871 0.6691306063588661 0
    outer loop
      vertex -32.72865184791817 62.41197516840705 3
      vertex -32.72865184791817 62.41197516840705 7.5
      vertex -32.4628677106876 62.116791979355696 7.5
    endloop
  endfacet
  facet normal 0.8660254037844375 0.5000000000000019 0
    outer loop
      vertex -32.4628677106876 62.116791979355696 3
      vertex -32.4628677106876 62.116791979355696 7.5
      vertex -32.26426363047906 61.77279962184402 7.5
    endloop
  endfacet
  facet normal 0.5877852522924811 0.8090169943749416 0
    outer loop
      vertex -32.72865184791817 62.41197516840705 3
      vertex -33.05 62.64544826719043 7.5
      vertex -32.72865184791817 62.41197516840705 7.5
    endloop
  endfacet
  facet normal 0.8660254037844375 -0.5000000000000019 0
    outer loop
      vertex -32.26426363047906 60.22720037815598 3
      vertex -32.26426363047906 60.22720037815598 7.5
      vertex -32.4628677106876 59.883208020644304 7.5
    endloop
  endfacet
  facet normal 0.9510565162951568 -0.3090169943749378 0
    outer loop
      vertex -32.14151955860577 60.604967787446256 3
      vertex -32.14151955860577 60.604967787446256 7.5
      vertex -32.26426363047906 60.22720037815598 7.5
    endloop
  endfacet
  facet normal 0.9945218953682731 -0.10452846326765644 0
    outer loop
      vertex -32.1 61 3
      vertex -32.1 61 7.5
      vertex -32.14151955860577 60.604967787446256 7.5
    endloop
  endfacet
  facet normal 0.9945218953682731 0.10452846326765644 0
    outer loop
      vertex -32.14151955860577 61.395032212553744 3
      vertex -32.14151955860577 61.395032212553744 7.5
      vertex -32.1 61 7.5
    endloop
  endfacet
  facet normal 0.9510565162951568 0.3090169943749378 0
    outer loop
      vertex -32.26426363047906 61.77279962184402 3
      vertex -32.26426363047906 61.77279962184402 7.5
      vertex -32.14151955860577 61.395032212553744 7.5
    endloop
  endfacet
  facet normal 0 0 1
    outer loop
      vertex -35.85848044139423 60.604967787446256 7.5
      vertex -35.85848044139423 61.395032212553744 7.5
      vertex -35.9 61 7.5
    endloop
  endfacet
  facet normal 0 0 1
    outer loop
      vertex -35.85848044139423 60.604967787446256 7.5
      vertex -35.73573636952094 60.22720037815598 7.5
      vertex -35.85848044139423 61.395032212553744 7.5
    endloop
  endfacet
  facet normal 0 0 1
    outer loop
      vertex -35.73573636952094 60.22720037815598 7.5
      vertex -35.73573636952094 61.77279962184402 7.5
      vertex -35.85848044139423 61.395032212553744 7.5
    endloop
  endfacet
  facet normal 0 0 1
    outer loop
      vertex -35.5371322893124 59.883208020644304 7.5
      vertex -35.73573636952094 61.77279962184402 7.5
      vertex -35.73573636952094 60.22720037815598 7.5
    endloop
  endfacet
  facet normal 0 0 1
    outer loop
      vertex -35.5371322893124 59.883208020644304 7.5
      vertex -35.27134815208183 59.58802483159295 7.5
      vertex -35.5371322893124 62.116791979355696 7.5
    endloop
  endfacet
  facet normal 0 0 1
    outer loop
      vertex -35.27134815208183 59.58802483159295 7.5
      vertex -34.95 59.35455173280957 7.5
      vertex -35.27134815208183 62.41197516840705 7.5
    endloop
  endfacet
  facet normal 0 0 1
    outer loop
      vertex -34.95 59.35455173280957 7.5
      vertex -34.5871322893124 59.19299261903921 7.5
      vertex -34.95 62.64544826719043 7.5
    endloop
  endfacet
  facet normal 0 0 1
    outer loop
      vertex -34.5871322893124 59.19299261903921 7.5
      vertex -34.19860408020854 59.11040839880028 7.5
      vertex -34.5871322893124 62.80700738096079 7.5
    endloop
  endfacet
  facet normal 0 0 1
    outer loop
      vertex -34.19860408020854 59.11040839880028 7.5
      vertex -33.80139591979146 59.11040839880028 7.5
      vertex -34.19860408020854 62.88959160119972 7.5
    endloop
  endfacet
  facet normal 0 0 1
    outer loop
      vertex -33.80139591979146 59.11040839880028 7.5
      vertex -33.4128677106876 59.19299261903921 7.5
      vertex -33.80139591979146 62.88959160119972 7.5
    endloop
  endfacet
  facet normal 0 0 1
    outer loop
      vertex -33.4128677106876 59.19299261903921 7.5
      vertex -33.05 59.35455173280957 7.5
      vertex -33.4128677106876 62.80700738096079 7.5
    endloop
  endfacet
  facet normal 0 0 1
    outer loop
      vertex -33.05 59.35455173280957 7.5
      vertex -32.72865184791817 59.58802483159295 7.5
      vertex -33.05 62.64544826719043 7.5
    endloop
  endfacet
  facet normal 0 0 1
    outer loop
      vertex -32.72865184791817 59.58802483159295 7.5
      vertex -32.4628677106876 59.883208020644304 7.5
      vertex -32.72865184791817 62.41197516840705 7.5
    endloop
  endfacet
  facet normal 0 0 1
    outer loop
      vertex -32.4628677106876 59.883208020644304 7.5
      vertex -32.26426363047906 60.22720037815598 7.5
      vertex -32.4628677106876 62.116791979355696 7.5
    endloop
  endfacet
  facet normal 0 0 1
    outer loop
      vertex -35.5371322893124 59.883208020644304 7.5
      vertex -35.5371322893124 62.116791979355696 7.5
      vertex -35.73573636952094 61.77279962184402 7.5
    endloop
  endfacet
  facet normal 0 0 1
    outer loop
      vertex -35.27134815208183 59.58802483159295 7.5
      vertex -35.27134815208183 62.41197516840705 7.5
      vertex -35.5371322893124 62.116791979355696 7.5
    endloop
  endfacet
  facet normal 0 0 1
    outer loop
      vertex -34.95 59.35455173280957 7.5
      vertex -34.95 62.64544826719043 7.5
      vertex -35.27134815208183 62.41197516840705 7.5
    endloop
  endfacet
  facet normal 0 0 1
    outer loop
      vertex -34.5871322893124 59.19299261903921 7.5
      vertex -34.5871322893124 62.80700738096079 7.5
      vertex -34.95 62.64544826719043 7.5
    endloop
  endfacet
  facet normal 0 0 1
    outer loop
      vertex -34.19860408020854 59.11040839880028 7.5
      vertex -34.19860408020854 62.88959160119972 7.5
      vertex -34.5871322893124 62.80700738096079 7.5
    endloop
  endfacet
  facet normal 0 0 1
    outer loop
      vertex -33.80139591979146 59.11040839880028 7.5
      vertex -33.80139591979146 62.88959160119972 7.5
      vertex -34.19860408020854 62.88959160119972 7.5
    endloop
  endfacet
  facet normal 0 0 1
    outer loop
      vertex -33.4128677106876 59.19299261903921 7.5
      vertex -33.4128677106876 62.80700738096079 7.5
      vertex -33.80139591979146 62.88959160119972 7.5
    endloop
  endfacet
  facet normal 0 0 1
    outer loop
      vertex -33.05 59.35455173280957 7.5
      vertex -33.05 62.64544826719043 7.5
      vertex -33.4128677106876 62.80700738096079 7.5
    endloop
  endfacet
  facet normal 0 0 1
    outer loop
      vertex -32.72865184791817 59.58802483159295 7.5
      vertex -32.72865184791817 62.41197516840705 7.5
      vertex -33.05 62.64544826719043 7.5
    endloop
  endfacet
  facet normal 0 0 1
    outer loop
      vertex -32.4628677106876 59.883208020644304 7.5
      vertex -32.4628677106876 62.116791979355696 7.5
      vertex -32.72865184791817 62.41197516840705 7.5
    endloop
  endfacet
  facet normal 0 0 1
    outer loop
      vertex -32.26426363047906 60.22720037815598 7.5
      vertex -32.14151955860577 60.604967787446256 7.5
      vertex -32.26426363047906 61.77279962184402 7.5
    endloop
  endfacet
  facet normal 0 0 1
    outer loop
      vertex -32.14151955860577 60.604967787446256 7.5
      vertex -32.1 61 7.5
      vertex -32.14151955860577 61.395032212553744 7.5
    endloop
  endfacet
  facet normal 0 0 1
    outer loop
      vertex -32.4628677106876 62.116791979355696 7.5
      vertex -32.26426363047906 60.22720037815598 7.5
      vertex -32.26426363047906 61.77279962184402 7.5
    endloop
  endfacet
  facet normal 0 0 1
    outer loop
      vertex -32.14151955860577 60.604967787446256 7.5
      vertex -32.14151955860577 61.395032212553744 7.5
      vertex -32.26426363047906 61.77279962184402 7.5
    endloop
  endfacet
  facet normal 0 -0.9486832980505138 0.31622776601683805
    outer loop
      vertex -31.5 34 3.1
      vertex 31.5 34.5 4.6
      vertex -31.5 34.5 4.6
    endloop
  endfacet
  facet normal 0 0 1
    outer loop
      vertex -31.5 34.5 4.6
      vertex 31.5 34.5 4.6
      vertex -31.5 35.5 4.6
    endloop
  endfacet
  facet normal 0 -0.9486832980505138 0.31622776601683805
    outer loop
      vertex -31.5 60 3.1
      vertex 31.5 60.5 4.6
      vertex -31.5 60.5 4.6
    endloop
  endfacet
  facet normal 0 0 1
    outer loop
      vertex -31.5 60.5 4.6
      vertex 31.5 60.5 4.6
      vertex -31.5 61.5 4.6
    endloop
  endfacet
  facet normal 0 0 -1
    outer loop
      vertex 0 -86.2 0
      vertex 1.9213898975969863 -25.060382110094892 0
      vertex 1.9213898975970012 -86.13961788990511 0
    endloop
  endfacet
  facet normal 0 0 -1
    outer loop
      vertex 1.9213898975970012 -86.13961788990511 0
      vertex 3.835196947067711 -25.24129013977698 0
      vertex 3.8351969470677045 -85.95870986022302 0
    endloop
  endfacet
  facet normal 0 0 -1
    outer loop
      vertex 3.8351969470677045 -85.95870986022302 0
      vertex 5.733868226323172 -25.542010127702124 0
      vertex 5.73386822632318 -85.65798987229788 0
    endloop
  endfacet
  facet normal 0 0 -1
    outer loop
      vertex 5.73386822632318 -85.65798987229788 0
      vertex 7.609910547244559 -25.96135526946389 0
      vertex 7.609910547244546 -85.23864473053612 0
    endloop
  endfacet
  facet normal 0 0 -1
    outer loop
      vertex 7.609910547244546 -85.23864473053612 0
      vertex 9.455920027873391 -26.497670601368302 0
      vertex 9.455920027873391 -84.7023293986317 0
    endloop
  endfacet
  facet normal 0 0 -1
    outer loop
      vertex 9.455920027873391 -84.7023293986317 0
      vertex 11.264611312151143 -27.148839531819505 0
      vertex 11.264611312151159 -84.05116046818048 0
    endloop
  endfacet
  facet normal 0 0 -1
    outer loop
      vertex 11.264611312151159 -84.05116046818048 0
      vertex 13.028846321891226 -27.912292194539805 0
      vertex 13.028846321891217 -83.2877078054602 0
    endloop
  endfacet
  facet normal 0 0 -1
    outer loop
      vertex 13.028846321891217 -83.2877078054602 0
      vertex 14.741662427512486 -28.785015590657775 0
      vertex 14.741662427512491 -82.41498440934222 0
    endloop
  endfacet
  facet normal 0 0 -1
    outer loop
      vertex 14.741662427512491 -82.41498440934222 0
      vertex 16.396299926357297 -29.763565479638338 0
      vertex 16.396299926357283 -81.43643452036167 0
    endloop
  endfacet
  facet normal 0 0 -1
    outer loop
      vertex 16.396299926357283 -81.43643452036167 0
      vertex 17.98622872014968 -30.844079972126607 0
      vertex 17.98622872014968 -80.3559200278734 0
    endloop
  endfacet
  facet normal 0 0 -1
    outer loop
      vertex 14.741662427512491 -82.41498440934222 0
      vertex 14.741662427512486 -28.785015590657775 0
      vertex 16.396299926357297 -29.763565479638338 0
    endloop
  endfacet
  facet normal 0 0 -1
    outer loop
      vertex 16.396299926357283 -81.43643452036167 0
      vertex 16.396299926357297 -29.763565479638338 0
      vertex 17.98622872014968 -30.844079972126607 0
    endloop
  endfacet
  facet normal 0 0 -1
    outer loop
      vertex 17.98622872014968 -80.3559200278734 0
      vertex 17.98622872014968 -30.844079972126607 0
      vertex 19.505174086309907 -32.02229477106086 0
    endloop
  endfacet
  facet normal 0.03141075907812905 -0.9995065603657315 0
    outer loop
      vertex 0 -86.2 0
      vertex 1.9213898975970012 -86.13961788990511 0
      vertex 1.9213898975970012 -86.13961788990511 8
    endloop
  endfacet
  facet normal 0.09410831331851437 -0.99556196460308 0
    outer loop
      vertex 1.9213898975970012 -86.13961788990511 0
      vertex 3.8351969470677045 -85.95870986022302 0
      vertex 3.8351969470677045 -85.95870986022302 8
    endloop
  endfacet
  facet normal 0.1564344650402303 -0.9876883405951378 0
    outer loop
      vertex 3.8351969470677045 -85.95870986022302 0
      vertex 5.73386822632318 -85.65798987229788 0
      vertex 5.73386822632318 -85.65798987229788 8
    endloop
  endfacet
  facet normal 0.21814324139653998 -0.975916761938748 0
    outer loop
      vertex 5.73386822632318 -85.65798987229788 0
      vertex 7.609910547244546 -85.23864473053612 0
      vertex 7.609910547244546 -85.23864473053612 8
    endloop
  endfacet
  facet normal 0.2789911060392305 -0.9602936856769427 0
    outer loop
      vertex 7.609910547244546 -85.23864473053612 0
      vertex 9.455920027873391 -84.7023293986317 0
      vertex 9.455920027873391 -84.7023293986317 8
    endloop
  endfacet
  facet normal 0 0 1
    outer loop
      vertex 0 -84.4 2
      vertex 1.8083669624442364 -84.34316977873422 2
      vertex 1.8083669624442225 -26.85683022126578 2
    endloop
  endfacet
  facet normal 0 0 1
    outer loop
      vertex 1.8083669624442364 -84.34316977873422 2
      vertex 3.6095971266519573 -84.17290339785697 2
      vertex 3.6095971266519635 -27.02709660214304 2
    endloop
  endfacet
  facet normal 0 0 1
    outer loop
      vertex 3.6095971266519573 -84.17290339785697 2
      vertex 5.396581860068875 -83.88987282098623 2
      vertex 5.396581860068868 -27.310127179013765 2
    endloop
  endfacet
  facet normal 0 0 1
    outer loop
      vertex 5.396581860068875 -83.88987282098623 2
      vertex 7.162268750347808 -83.49519504050458 2
      vertex 7.1622687503478195 -27.704804959495426 2
    endloop
  endfacet
  facet normal 0 0 1
    outer loop
      vertex 7.162268750347808 -83.49519504050458 2
      vertex 8.899689437998486 -82.99042766930043 2
      vertex 8.899689437998486 -28.20957233069958 2
    endloop
  endfacet
  facet normal 0.33873792024529564 -0.9408807689542239 0
    outer loop
      vertex 9.455920027873391 -84.7023293986317 0
      vertex 11.264611312151159 -84.05116046818048 0
      vertex 11.264611312151159 -84.05116046818048 8
    endloop
  endfacet
  facet normal 0.3971478906347788 -0.917754625683982 0
    outer loop
      vertex 11.264611312151159 -84.05116046818048 0
      vertex 13.028846321891217 -83.2877078054602 0
      vertex 13.028846321891217 -83.2877078054602 8
    endloop
  endfacet
  facet normal 0.4539904997395467 -0.8910065241883679 0
    outer loop
      vertex 13.028846321891217 -83.2877078054602 0
      vertex 14.741662427512491 -82.41498440934222 0
      vertex 14.741662427512491 -82.41498440934222 8
    endloop
  endfacet
  facet normal 0.5090414157503705 -0.8607420270039441 0
    outer loop
      vertex 14.741662427512491 -82.41498440934222 0
      vertex 16.396299926357283 -81.43643452036167 0
      vertex 16.396299926357283 -81.43643452036167 8
    endloop
  endfacet
  facet normal 0.5620833778521295 -0.8270805742745626 0
    outer loop
      vertex 16.396299926357283 -81.43643452036167 0
      vertex 17.98622872014968 -80.3559200278734 0
      vertex 17.98622872014968 -80.3559200278734 8
    endloop
  endfacet
  facet normal 0 0 1
    outer loop
      vertex 8.899689437998486 -82.99042766930043 2
      vertex 10.601987117318737 -82.37756279358163 2
      vertex 10.601987117318723 -28.82243720641836 2
    endloop
  endfacet
  facet normal 0 0 1
    outer loop
      vertex 10.601987117318737 -82.37756279358163 2
      vertex 12.262443597074087 -81.65901911102137 2
      vertex 12.262443597074094 -29.54098088897864 2
    endloop
  endfacet
  facet normal 0 0 1
    outer loop
      vertex 12.262443597074087 -81.65901911102137 2
      vertex 13.874505814129403 -80.83763238526328 2
      vertex 13.874505814129398 -30.36236761473673 2
    endloop
  endfacet
  facet normal 0 0 1
    outer loop
      vertex 10.601987117318737 -82.37756279358163 2
      vertex 12.262443597074094 -29.54098088897864 2
      vertex 10.601987117318723 -28.82243720641836 2
    endloop
  endfacet
  facet normal 0 0 1
    outer loop
      vertex 12.262443597074087 -81.65901911102137 2
      vertex 13.874505814129398 -30.36236761473673 2
      vertex 12.262443597074094 -29.54098088897864 2
    endloop
  endfacet
  facet normal 0 0 1
    outer loop
      vertex 13.874505814129403 -80.83763238526328 2
      vertex 15.43181169539509 -79.91664425445805 2
      vertex 15.431811695395105 -31.283355745541968 2
    endloop
  endfacet
  facet normal 0 0 1
    outer loop
      vertex 15.43181169539509 -79.91664425445805 2
      vertex 16.928215266023226 -78.89968943799849 2
      vertex 16.928215266023226 -32.30031056200151 2
    endloop
  endfacet
  facet normal 0 0 1
    outer loop
      vertex 16.928215266023226 -78.89968943799849 2
      vertex 18.35781090476227 -77.79078139194273 2
      vertex 18.357810904762264 -33.40921860805727 2
    endloop
  endfacet
  facet normal 0 0 1
    outer loop
      vertex 13.874505814129403 -80.83763238526328 2
      vertex 15.431811695395105 -31.283355745541968 2
      vertex 13.874505814129398 -30.36236761473673 2
    endloop
  endfacet
  facet normal 0 0 1
    outer loop
      vertex 15.43181169539509 -79.91664425445805 2
      vertex 16.928215266023226 -32.30031056200151 2
      vertex 15.431811695395105 -31.283355745541968 2
    endloop
  endfacet
  facet normal 0 0 1
    outer loop
      vertex 16.928215266023226 -78.89968943799849 2
      vertex 18.357810904762264 -33.40921860805727 2
      vertex 16.928215266023226 -32.30031056200151 2
    endloop
  endfacet
  facet normal 0 0 -1
    outer loop
      vertex 0 -86.2 0
      vertex 0 -25 0
      vertex 1.9213898975969863 -25.060382110094892 0
    endloop
  endfacet
  facet normal 0 0 -1
    outer loop
      vertex 1.9213898975970012 -86.13961788990511 0
      vertex 1.9213898975969863 -25.060382110094892 0
      vertex 3.835196947067711 -25.24129013977698 0
    endloop
  endfacet
  facet normal 0 0 -1
    outer loop
      vertex 3.8351969470677045 -85.95870986022302 0
      vertex 3.835196947067711 -25.24129013977698 0
      vertex 5.733868226323172 -25.542010127702124 0
    endloop
  endfacet
  facet normal 0 0 -1
    outer loop
      vertex 5.73386822632318 -85.65798987229788 0
      vertex 5.733868226323172 -25.542010127702124 0
      vertex 7.609910547244559 -25.96135526946389 0
    endloop
  endfacet
  facet normal 0 0 -1
    outer loop
      vertex 7.609910547244546 -85.23864473053612 0
      vertex 7.609910547244559 -25.96135526946389 0
      vertex 9.455920027873391 -26.497670601368302 0
    endloop
  endfacet
  facet normal 0 0 -1
    outer loop
      vertex -7.5 -25 0
      vertex 7.5 25 0
      vertex 7.5 -25 0
    endloop
  endfacet
  facet normal 1 0 0
    outer loop
      vertex 7.5 -25 0
      vertex 7.5 25 0
      vertex 7.5 -25 4
    endloop
  endfacet
  facet normal 0 0 -1
    outer loop
      vertex 9.455920027873391 -84.7023293986317 0
      vertex 9.455920027873391 -26.497670601368302 0
      vertex 11.264611312151143 -27.148839531819505 0
    endloop
  endfacet
  facet normal 0 0 -1
    outer loop
      vertex 11.264611312151159 -84.05116046818048 0
      vertex 11.264611312151143 -27.148839531819505 0
      vertex 13.028846321891226 -27.912292194539805 0
    endloop
  endfacet
  facet normal 0 0 -1
    outer loop
      vertex 13.028846321891217 -83.2877078054602 0
      vertex 13.028846321891226 -27.912292194539805 0
      vertex 14.741662427512486 -28.785015590657775 0
    endloop
  endfacet
  facet normal 0 0 1
    outer loop
      vertex 0 -84.4 2
      vertex 1.8083669624442225 -26.85683022126578 2
      vertex 0 -26.8 2
    endloop
  endfacet
  facet normal 0 0 1
    outer loop
      vertex 1.8083669624442364 -84.34316977873422 2
      vertex 3.6095971266519635 -27.02709660214304 2
      vertex 1.8083669624442225 -26.85683022126578 2
    endloop
  endfacet
  facet normal 0 0 1
    outer loop
      vertex 3.6095971266519573 -84.17290339785697 2
      vertex 5.396581860068868 -27.310127179013765 2
      vertex 3.6095971266519635 -27.02709660214304 2
    endloop
  endfacet
  facet normal 0 0 1
    outer loop
      vertex 5.396581860068875 -83.88987282098623 2
      vertex 7.1622687503478195 -27.704804959495426 2
      vertex 5.396581860068868 -27.310127179013765 2
    endloop
  endfacet
  facet normal 0 0 1
    outer loop
      vertex 7.162268750347808 -83.49519504050458 2
      vertex 8.899689437998486 -28.20957233069958 2
      vertex 7.1622687503478195 -27.704804959495426 2
    endloop
  endfacet
  facet normal 0.03141075907812929 0.9995065603657315 0
    outer loop
      vertex 1.9213898975969863 -25.060382110094892 0
      vertex 0 -25 0
      vertex 0 -25 8
    endloop
  endfacet
  facet normal 0.09410831331851333 0.9955619646030802 0
    outer loop
      vertex 1.9213898975969863 -25.060382110094892 0
      vertex 1.9213898975969863 -25.060382110094892 8
      vertex 3.835196947067711 -25.24129013977698 0
    endloop
  endfacet
  facet normal 0 -1 0
    outer loop
      vertex 7.5 -25 0
      vertex 7.5 -25 4
      vertex -7.5 -25 4
    endloop
  endfacet
  facet normal 0.1564344650402297 0.9876883405951379 0
    outer loop
      vertex 3.835196947067711 -25.24129013977698 0
      vertex 3.835196947067711 -25.24129013977698 8
      vertex 5.733868226323172 -25.542010127702124 0
    endloop
  endfacet
  facet normal 0.21814324139654465 0.9759167619387469 0
    outer loop
      vertex 5.733868226323172 -25.542010127702124 0
      vertex 5.733868226323172 -25.542010127702124 8
      vertex 7.609910547244559 -25.96135526946389 0
    endloop
  endfacet
  facet normal 0.27899110603922894 0.9602936856769432 0
    outer loop
      vertex 7.609910547244559 -25.96135526946389 0
      vertex 7.609910547244559 -25.96135526946389 8
      vertex 9.455920027873391 -26.497670601368302 0
    endloop
  endfacet
  facet normal 0 0 1
    outer loop
      vertex 8.899689437998486 -82.99042766930043 2
      vertex 10.601987117318723 -28.82243720641836 2
      vertex 8.899689437998486 -28.20957233069958 2
    endloop
  endfacet
  facet normal 0.39714789063478184 0.9177546256839806 0
    outer loop
      vertex 13.028846321891226 -27.912292194539805 0
      vertex 11.264611312151143 -27.148839531819505 0
      vertex 11.264611312151143 -27.148839531819505 8
    endloop
  endfacet
  facet normal 0.4539904997395468 0.8910065241883679 0
    outer loop
      vertex 13.028846321891226 -27.912292194539805 0
      vertex 13.028846321891226 -27.912292194539805 8
      vertex 14.741662427512486 -28.785015590657775 0
    endloop
  endfacet
  facet normal 0.5090414157503702 0.8607420270039443 0
    outer loop
      vertex 14.741662427512486 -28.785015590657775 0
      vertex 14.741662427512486 -28.785015590657775 8
      vertex 16.396299926357297 -29.763565479638338 0
    endloop
  endfacet
  facet normal 0.5620833778521304 0.827080574274562 0
    outer loop
      vertex 16.396299926357297 -29.763565479638338 0
      vertex 16.396299926357297 -29.763565479638338 8
      vertex 17.98622872014968 -30.844079972126607 0
    endloop
  endfacet
  facet normal 0.612907053652979 0.7901550123756884 0
    outer loop
      vertex 17.98622872014968 -30.844079972126607 0
      vertex 17.98622872014968 -30.844079972126607 8
      vertex 19.505174086309907 -32.02229477106086 0
    endloop
  endfacet
  facet normal 0.33873792024529015 0.9408807689542259 0
    outer loop
      vertex 9.455920027873391 -26.497670601368302 0
      vertex 9.455920027873391 -26.497670601368302 8
      vertex 11.264611312151143 -27.148839531819505 0
    endloop
  endfacet
  facet normal 0 0 -1
    outer loop
      vertex 17.98622872014968 -80.3559200278734 0
      vertex 19.505174086309907 -32.02229477106086 0
      vertex 19.505174086309914 -79.17770522893915 0
    endloop
  endfacet
  facet normal 0 0 -1
    outer loop
      vertex 19.505174086309914 -79.17770522893915 0
      vertex 20.947141441417877 -33.293560000904804 0
      vertex 20.94714144141787 -77.9064399990952 0
    endloop
  endfacet
  facet normal 0 0 -1
    outer loop
      vertex 20.94714144141787 -77.9064399990952 0
      vertex 22.306439999095193 -34.652858558582125 0
      vertex 22.306439999095197 -76.54714144141786 0
    endloop
  endfacet
  facet normal 0 0 -1
    outer loop
      vertex 19.505174086309914 -79.17770522893915 0
      vertex 19.505174086309907 -32.02229477106086 0
      vertex 20.947141441417877 -33.293560000904804 0
    endloop
  endfacet
  facet normal 0 0 -1
    outer loop
      vertex 20.94714144141787 -77.9064399990952 0
      vertex 20.947141441417877 -33.293560000904804 0
      vertex 22.306439999095193 -34.652858558582125 0
    endloop
  endfacet
  facet normal 0 0 -1
    outer loop
      vertex 22.306439999095197 -76.54714144141786 0
      vertex 22.306439999095193 -34.652858558582125 0
      vertex 23.57770522893915 -36.094825913690094 0
    endloop
  endfacet
  facet normal 0 0 -1
    outer loop
      vertex 22.306439999095197 -76.54714144141786 0
      vertex 23.57770522893915 -36.094825913690094 0
      vertex 23.577705228939145 -75.10517408630992 0
    endloop
  endfacet
  facet normal 0 0 -1
    outer loop
      vertex 23.577705228939145 -75.10517408630992 0
      vertex 24.755920027873394 -37.613771279850326 0
      vertex 24.755920027873394 -73.58622872014968 0
    endloop
  endfacet
  facet normal 0 0 -1
    outer loop
      vertex 24.755920027873394 -73.58622872014968 0
      vertex 25.836434520361664 -39.20370007364271 0
      vertex 25.83643452036167 -71.99629992635728 0
    endloop
  endfacet
  facet normal 0 0 -1
    outer loop
      vertex 25.83643452036167 -71.99629992635728 0
      vertex 26.814984409342227 -40.858337572487514 0
      vertex 26.814984409342223 -70.34166242751249 0
    endloop
  endfacet
  facet normal 0 0 -1
    outer loop
      vertex 26.814984409342223 -70.34166242751249 0
      vertex 27.6877078054602 -42.57115367810878 0
      vertex 27.6877078054602 -68.62884632189122 0
    endloop
  endfacet
  facet normal 0 0 -1
    outer loop
      vertex 23.577705228939145 -75.10517408630992 0
      vertex 23.57770522893915 -36.094825913690094 0
      vertex 24.755920027873394 -37.613771279850326 0
    endloop
  endfacet
  facet normal 0 0 -1
    outer loop
      vertex 24.755920027873394 -73.58622872014968 0
      vertex 24.755920027873394 -37.613771279850326 0
      vertex 25.836434520361664 -39.20370007364271 0
    endloop
  endfacet
  facet normal 0 0 -1
    outer loop
      vertex 25.83643452036167 -71.99629992635728 0
      vertex 25.836434520361664 -39.20370007364271 0
      vertex 26.814984409342227 -40.858337572487514 0
    endloop
  endfacet
  facet normal 0 0 -1
    outer loop
      vertex 26.814984409342223 -70.34166242751249 0
      vertex 26.814984409342227 -40.858337572487514 0
      vertex 27.6877078054602 -42.57115367810878 0
    endloop
  endfacet
  facet normal 0 0 -1
    outer loop
      vertex 27.6877078054602 -68.62884632189122 0
      vertex 28.451160468180493 -44.335388687848855 0
      vertex 28.45116046818049 -66.86461131215115 0
    endloop
  endfacet
  facet normal 0 0 -1
    outer loop
      vertex 28.45116046818049 -66.86461131215115 0
      vertex 29.1023293986317 -46.14407997212661 0
      vertex 29.1023293986317 -65.0559200278734 0
    endloop
  endfacet
  facet normal 0 0 -1
    outer loop
      vertex 29.1023293986317 -65.0559200278734 0
      vertex 29.63864473053611 -47.99008945275544 0
      vertex 29.638644730536114 -63.20991054724455 0
    endloop
  endfacet
  facet normal 0 0 -1
    outer loop
      vertex 29.638644730536114 -63.20991054724455 0
      vertex 30.057989872297878 -49.86613177367683 0
      vertex 30.057989872297874 -61.33386822632318 0
    endloop
  endfacet
  facet normal 0 0 -1
    outer loop
      vertex 30.057989872297874 -61.33386822632318 0
      vertex 30.358709860223023 -51.764803052932294 0
      vertex 30.358709860223023 -59.43519694706771 0
    endloop
  endfacet
  facet normal 0 0 -1
    outer loop
      vertex 30.358709860223023 -59.43519694706771 0
      vertex 30.53961788990511 -53.67861010240301 0
      vertex 30.53961788990511 -57.521389897597004 0
    endloop
  endfacet
  facet normal 0 0 -1
    outer loop
      vertex 27.6877078054602 -68.62884632189122 0
      vertex 27.6877078054602 -42.57115367810878 0
      vertex 28.451160468180493 -44.335388687848855 0
    endloop
  endfacet
  facet normal 0 0 -1
    outer loop
      vertex 28.45116046818049 -66.86461131215115 0
      vertex 28.451160468180493 -44.335388687848855 0
      vertex 29.1023293986317 -46.14407997212661 0
    endloop
  endfacet
  facet normal 0 0 -1
    outer loop
      vertex 29.1023293986317 -65.0559200278734 0
      vertex 29.1023293986317 -46.14407997212661 0
      vertex 29.63864473053611 -47.99008945275544 0
    endloop
  endfacet
  facet normal 0 0 -1
    outer loop
      vertex 29.638644730536114 -63.20991054724455 0
      vertex 29.63864473053611 -47.99008945275544 0
      vertex 30.057989872297878 -49.86613177367683 0
    endloop
  endfacet
  facet normal 0 0 -1
    outer loop
      vertex 30.53961788990511 -57.521389897597004 0
      vertex 30.53961788990511 -53.67861010240301 0
      vertex 30.6 -55.6 0
    endloop
  endfacet
  facet normal 0 0 -1
    outer loop
      vertex 30.057989872297874 -61.33386822632318 0
      vertex 30.057989872297878 -49.86613177367683 0
      vertex 30.358709860223023 -51.764803052932294 0
    endloop
  endfacet
  facet normal 0 0 -1
    outer loop
      vertex 30.358709860223023 -59.43519694706771 0
      vertex 30.358709860223023 -51.764803052932294 0
      vertex 30.53961788990511 -53.67861010240301 0
    endloop
  endfacet
  facet normal 0.6129070536529773 -0.7901550123756897 0
    outer loop
      vertex 17.98622872014968 -80.3559200278734 0
      vertex 19.505174086309914 -79.17770522893915 0
      vertex 19.505174086309914 -79.17770522893915 8
    endloop
  endfacet
  facet normal 0.6613118653236523 -0.7501110696304593 0
    outer loop
      vertex 19.505174086309914 -79.17770522893915 0
      vertex 20.94714144141787 -77.9064399990952 0
      vertex 20.94714144141787 -77.9064399990952 8
    endloop
  endfacet
  facet normal 0.7071067811865493 -0.7071067811865457 0
    outer loop
      vertex 20.94714144141787 -77.9064399990952 0
      vertex 22.306439999095197 -76.54714144141786 0
      vertex 20.94714144141787 -77.9064399990952 8
    endloop
  endfacet
  facet normal 0.7501110696304575 -0.661311865323654 0
    outer loop
      vertex 22.306439999095197 -76.54714144141786 0
      vertex 23.577705228939145 -75.10517408630992 0
      vertex 22.306439999095197 -76.54714144141786 8
    endloop
  endfacet
  facet normal 0.7901550123756904 -0.6129070536529764 0
    outer loop
      vertex 23.577705228939145 -75.10517408630992 0
      vertex 24.755920027873394 -73.58622872014968 0
      vertex 23.577705228939145 -75.10517408630992 8
    endloop
  endfacet
  facet normal 0.8270805742745626 -0.5620833778521295 0
    outer loop
      vertex 24.755920027873394 -73.58622872014968 0
      vertex 25.83643452036167 -71.99629992635728 0
      vertex 24.755920027873394 -73.58622872014968 8
    endloop
  endfacet
  facet normal 0.8607420270039441 -0.5090414157503705 0
    outer loop
      vertex 25.83643452036167 -71.99629992635728 0
      vertex 26.814984409342223 -70.34166242751249 0
      vertex 25.83643452036167 -71.99629992635728 8
    endloop
  endfacet
  facet normal 0.8910065241883678 -0.45399049973954714 0
    outer loop
      vertex 26.814984409342223 -70.34166242751249 0
      vertex 27.6877078054602 -68.62884632189122 0
      vertex 26.814984409342223 -70.34166242751249 8
    endloop
  endfacet
  facet normal 0 0 1
    outer loop
      vertex 18.35781090476227 -77.79078139194273 2
      vertex 19.71495665074623 -76.59429646973666 2
      vertex 19.714956650746235 -34.60570353026335 2
    endloop
  endfacet
  facet normal 0 0 1
    outer loop
      vertex 19.71495665074623 -76.59429646973666 2
      vertex 20.994296469736657 -75.31495665074624 2
      vertex 20.994296469736653 -35.88504334925376 2
    endloop
  endfacet
  facet normal 0 0 1
    outer loop
      vertex 20.994296469736657 -75.31495665074624 2
      vertex 22.190781391942725 -73.95781090476227 2
      vertex 22.19078139194273 -37.242189095237734 2
    endloop
  endfacet
  facet normal 0 0 1
    outer loop
      vertex 22.190781391942725 -73.95781090476227 2
      vertex 23.299689437998488 -72.52821526602322 2
      vertex 23.299689437998488 -38.67178473397678 2
    endloop
  endfacet
  facet normal 0 0 1
    outer loop
      vertex 18.35781090476227 -77.79078139194273 2
      vertex 19.714956650746235 -34.60570353026335 2
      vertex 18.357810904762264 -33.40921860805727 2
    endloop
  endfacet
  facet normal 0 0 1
    outer loop
      vertex 19.71495665074623 -76.59429646973666 2
      vertex 20.994296469736653 -35.88504334925376 2
      vertex 19.714956650746235 -34.60570353026335 2
    endloop
  endfacet
  facet normal 0 0 1
    outer loop
      vertex 20.994296469736657 -75.31495665074624 2
      vertex 22.19078139194273 -37.242189095237734 2
      vertex 20.994296469736653 -35.88504334925376 2
    endloop
  endfacet
  facet normal 0 0 1
    outer loop
      vertex 22.190781391942725 -73.95781090476227 2
      vertex 23.299689437998488 -38.67178473397678 2
      vertex 22.19078139194273 -37.242189095237734 2
    endloop
  endfacet
  facet normal 0 0 1
    outer loop
      vertex 23.299689437998488 -72.52821526602322 2
      vertex 24.31664425445804 -71.03181169539509 2
      vertex 24.316644254458033 -40.1681883046049 2
    endloop
  endfacet
  facet normal 0 0 1
    outer loop
      vertex 24.31664425445804 -71.03181169539509 2
      vertex 25.237632385263268 -69.4745058141294 2
      vertex 25.23763238526327 -41.7254941858706 2
    endloop
  endfacet
  facet normal 0 0 1
    outer loop
      vertex 25.237632385263268 -69.4745058141294 2
      vertex 26.059019111021364 -67.86244359707409 2
      vertex 26.059019111021364 -43.33755640292591 2
    endloop
  endfacet
  facet normal 0 0 1
    outer loop
      vertex 26.059019111021364 -67.86244359707409 2
      vertex 26.777562793581637 -66.20198711731874 2
      vertex 26.77756279358164 -44.99801288268127 2
    endloop
  endfacet
  facet normal 0 0 1
    outer loop
      vertex 26.777562793581637 -66.20198711731874 2
      vertex 27.390427669300422 -64.49968943799848 2
      vertex 27.390427669300422 -46.70031056200152 2
    endloop
  endfacet
  facet normal 0 0 1
    outer loop
      vertex 27.390427669300422 -64.49968943799848 2
      vertex 27.89519504050458 -62.76226875034781 2
      vertex 27.895195040504575 -48.43773124965218 2
    endloop
  endfacet
  facet normal 0 0 1
    outer loop
      vertex 23.299689437998488 -72.52821526602322 2
      vertex 24.316644254458033 -40.1681883046049 2
      vertex 23.299689437998488 -38.67178473397678 2
    endloop
  endfacet
  facet normal 0 0 1
    outer loop
      vertex 24.31664425445804 -71.03181169539509 2
      vertex 25.23763238526327 -41.7254941858706 2
      vertex 24.316644254458033 -40.1681883046049 2
    endloop
  endfacet
  facet normal 0 0 1
    outer loop
      vertex 26.059019111021364 -67.86244359707409 2
      vertex 26.77756279358164 -44.99801288268127 2
      vertex 26.059019111021364 -43.33755640292591 2
    endloop
  endfacet
  facet normal 0 0 1
    outer loop
      vertex 26.777562793581637 -66.20198711731874 2
      vertex 27.390427669300422 -46.70031056200152 2
      vertex 26.77756279358164 -44.99801288268127 2
    endloop
  endfacet
  facet normal 0 0 1
    outer loop
      vertex 27.390427669300422 -64.49968943799848 2
      vertex 27.895195040504575 -48.43773124965218 2
      vertex 27.390427669300422 -46.70031056200152 2
    endloop
  endfacet
  facet normal 0 0 1
    outer loop
      vertex 25.237632385263268 -69.4745058141294 2
      vertex 26.059019111021364 -43.33755640292591 2
      vertex 25.23763238526327 -41.7254941858706 2
    endloop
  endfacet
  facet normal 0.9177546256839809 -0.39714789063478123 0
    outer loop
      vertex 27.6877078054602 -68.62884632189122 0
      vertex 28.45116046818049 -66.86461131215115 0
      vertex 27.6877078054602 -68.62884632189122 8
    endloop
  endfacet
  facet normal 0 0 1
    outer loop
      vertex 27.89519504050458 -62.76226875034781 2
      vertex 28.289872820986233 -60.99658186006888 2
      vertex 28.289872820986236 -50.20341813993113 2
    endloop
  endfacet
  facet normal 0 0 1
    outer loop
      vertex 28.289872820986233 -60.99658186006888 2
      vertex 28.57290339785696 -59.20959712665196 2
      vertex 28.57290339785696 -51.99040287334804 2
    endloop
  endfacet
  facet normal 0 0 1
    outer loop
      vertex 28.57290339785696 -59.20959712665196 2
      vertex 28.74316977873422 -57.40836696244424 2
      vertex 28.74316977873422 -53.791633037555776 2
    endloop
  endfacet
  facet normal 0.9408807689542251 -0.33873792024529253 0
    outer loop
      vertex 28.45116046818049 -66.86461131215115 0
      vertex 29.1023293986317 -65.0559200278734 0
      vertex 28.45116046818049 -66.86461131215115 8
    endloop
  endfacet
  facet normal 0.9602936856769434 -0.278991106039228 0
    outer loop
      vertex 29.1023293986317 -65.0559200278734 0
      vertex 29.638644730536114 -63.20991054724455 0
      vertex 29.1023293986317 -65.0559200278734 8
    endloop
  endfacet
  facet normal 0.9759167619387471 -0.21814324139654367 0
    outer loop
      vertex 29.638644730536114 -63.20991054724455 0
      vertex 30.057989872297874 -61.33386822632318 0
      vertex 29.638644730536114 -63.20991054724455 8
    endloop
  endfacet
  facet normal 0.9876883405951378 -0.15643446504023042 0
    outer loop
      vertex 30.057989872297874 -61.33386822632318 0
      vertex 30.358709860223023 -59.43519694706771 0
      vertex 30.057989872297874 -61.33386822632318 8
    endloop
  endfacet
  facet normal 0.99556196460308 -0.09410831331851428 0
    outer loop
      vertex 30.358709860223023 -59.43519694706771 0
      vertex 30.53961788990511 -57.521389897597004 0
      vertex 30.358709860223023 -59.43519694706771 8
    endloop
  endfacet
  facet normal 0.9995065603657315 -0.03141075907812903 0
    outer loop
      vertex 30.53961788990511 -57.521389897597004 0
      vertex 30.6 -55.6 0
      vertex 30.53961788990511 -57.521389897597004 8
    endloop
  endfacet
  facet normal 0 0 1
    outer loop
      vertex 28.74316977873422 -57.40836696244424 2
      vertex 28.8 -55.6 2
      vertex 28.74316977873422 -53.791633037555776 2
    endloop
  endfacet
  facet normal 0 0 1
    outer loop
      vertex 28.289872820986233 -60.99658186006888 2
      vertex 28.57290339785696 -51.99040287334804 2
      vertex 28.289872820986236 -50.20341813993113 2
    endloop
  endfacet
  facet normal 0 0 1
    outer loop
      vertex 28.57290339785696 -59.20959712665196 2
      vertex 28.74316977873422 -53.791633037555776 2
      vertex 28.57290339785696 -51.99040287334804 2
    endloop
  endfacet
  facet normal 0 0 1
    outer loop
      vertex 27.89519504050458 -62.76226875034781 2
      vertex 28.289872820986236 -50.20341813993113 2
      vertex 27.895195040504575 -48.43773124965218 2
    endloop
  endfacet
  facet normal 0.9602936856769431 0.2789911060392293 0
    outer loop
      vertex 29.63864473053611 -47.99008945275544 0
      vertex 29.1023293986317 -46.14407997212661 0
      vertex 29.63864473053611 -47.99008945275544 8
    endloop
  endfacet
  facet normal 0.9759167619387469 0.21814324139654484 0
    outer loop
      vertex 30.057989872297878 -49.86613177367683 0
      vertex 29.63864473053611 -47.99008945275544 0
      vertex 30.057989872297878 -49.86613177367683 8
    endloop
  endfacet
  facet normal 0.9995065603657315 0.031410759078129256 0
    outer loop
      vertex 30.6 -55.6 0
      vertex 30.53961788990511 -53.67861010240301 0
      vertex 30.6 -55.6 8
    endloop
  endfacet
  facet normal 0.9955619646030801 0.09410831331851359 0
    outer loop
      vertex 30.53961788990511 -53.67861010240301 0
      vertex 30.358709860223023 -51.764803052932294 0
      vertex 30.53961788990511 -53.67861010240301 8
    endloop
  endfacet
  facet normal 0.987688340595138 0.1564344650402292 0
    outer loop
      vertex 30.057989872297878 -49.86613177367683 0
      vertex 30.358709860223023 -51.764803052932294 8
      vertex 30.358709860223023 -51.764803052932294 0
    endloop
  endfacet
  facet normal 0.6613118653236486 0.7501110696304625 0
    outer loop
      vertex 19.505174086309907 -32.02229477106086 0
      vertex 19.505174086309907 -32.02229477106086 8
      vertex 20.947141441417877 -33.293560000904804 0
    endloop
  endfacet
  facet normal 0.7071067811865483 0.7071067811865466 0
    outer loop
      vertex 20.947141441417877 -33.293560000904804 0
      vertex 22.306439999095193 -34.652858558582125 8
      vertex 22.306439999095193 -34.652858558582125 0
    endloop
  endfacet
  facet normal 0.79015501237569 0.612907053652977 0
    outer loop
      vertex 24.755920027873394 -37.613771279850326 0
      vertex 23.57770522893915 -36.094825913690094 0
      vertex 24.755920027873394 -37.613771279850326 8
    endloop
  endfacet
  facet normal 0.8910065241883677 0.45399049973954714 0
    outer loop
      vertex 27.6877078054602 -42.57115367810878 0
      vertex 26.814984409342227 -40.858337572487514 0
      vertex 27.6877078054602 -42.57115367810878 8
    endloop
  endfacet
  facet normal 0.8607420270039435 0.5090414157503714 0
    outer loop
      vertex 25.836434520361664 -39.20370007364271 0
      vertex 26.814984409342227 -40.858337572487514 8
      vertex 26.814984409342227 -40.858337572487514 0
    endloop
  endfacet
  facet normal 0.827080574274562 0.5620833778521304 0
    outer loop
      vertex 24.755920027873394 -37.613771279850326 0
      vertex 25.836434520361664 -39.20370007364271 8
      vertex 25.836434520361664 -39.20370007364271 0
    endloop
  endfacet
  facet normal 0.7501110696304606 0.6613118653236507 0
    outer loop
      vertex 22.306439999095193 -34.652858558582125 0
      vertex 23.57770522893915 -36.094825913690094 8
      vertex 23.57770522893915 -36.094825913690094 0
    endloop
  endfacet
  facet normal 0.9408807689542256 0.33873792024529087 0
    outer loop
      vertex 28.451160468180493 -44.335388687848855 0
      vertex 29.1023293986317 -46.14407997212661 8
      vertex 29.1023293986317 -46.14407997212661 0
    endloop
  endfacet
  facet normal 0.9177546256839814 0.39714789063478007 0
    outer loop
      vertex 27.6877078054602 -42.57115367810878 0
      vertex 28.451160468180493 -44.335388687848855 8
      vertex 28.451160468180493 -44.335388687848855 0
    endloop
  endfacet
  facet normal -0.031410759078130894 0.9995065603657315 0
    outer loop
      vertex 0 -84.4 2
      vertex 0 -84.4 8
      vertex 1.8083669624442364 -84.34316977873422 2
    endloop
  endfacet
  facet normal -0.0941083133185107 0.9955619646030804 0
    outer loop
      vertex 1.8083669624442364 -84.34316977873422 2
      vertex 1.8083669624442364 -84.34316977873422 8
      vertex 3.6095971266519573 -84.17290339785697 2
    endloop
  endfacet
  facet normal -0.15643446504023845 0.9876883405951365 0
    outer loop
      vertex 3.6095971266519573 -84.17290339785697 2
      vertex 3.6095971266519573 -84.17290339785697 8
      vertex 5.396581860068875 -83.88987282098623 2
    endloop
  endfacet
  facet normal -0.21814324139653687 0.9759167619387487 0
    outer loop
      vertex 5.396581860068875 -83.88987282098623 2
      vertex 5.396581860068875 -83.88987282098623 8
      vertex 7.162268750347808 -83.49519504050458 2
    endloop
  endfacet
  facet normal -0.27899110603922755 0.9602936856769436 0
    outer loop
      vertex 7.162268750347808 -83.49519504050458 2
      vertex 7.162268750347808 -83.49519504050458 8
      vertex 8.899689437998486 -82.99042766930043 2
    endloop
  endfacet
  facet normal 0.03141075907812905 -0.9995065603657315 0
    outer loop
      vertex 0 -86.2 0
      vertex 1.9213898975970012 -86.13961788990511 8
      vertex 0 -86.2 8
    endloop
  endfacet
  facet normal 0.09410831331851437 -0.99556196460308 0
    outer loop
      vertex 1.9213898975970012 -86.13961788990511 0
      vertex 3.8351969470677045 -85.95870986022302 8
      vertex 1.9213898975970012 -86.13961788990511 8
    endloop
  endfacet
  facet normal 0.1564344650402303 -0.9876883405951378 0
    outer loop
      vertex 3.8351969470677045 -85.95870986022302 0
      vertex 5.73386822632318 -85.65798987229788 8
      vertex 3.8351969470677045 -85.95870986022302 8
    endloop
  endfacet
  facet normal 0.21814324139653998 -0.975916761938748 0
    outer loop
      vertex 5.73386822632318 -85.65798987229788 0
      vertex 7.609910547244546 -85.23864473053612 8
      vertex 5.73386822632318 -85.65798987229788 8
    endloop
  endfacet
  facet normal 0.2789911060392305 -0.9602936856769427 0
    outer loop
      vertex 7.609910547244546 -85.23864473053612 0
      vertex 9.455920027873391 -84.7023293986317 8
      vertex 7.609910547244546 -85.23864473053612 8
    endloop
  endfacet
  facet normal -0.3387379202452973 0.9408807689542232 0
    outer loop
      vertex 8.899689437998486 -82.99042766930043 2
      vertex 8.899689437998486 -82.99042766930043 8
      vertex 10.601987117318737 -82.37756279358163 2
    endloop
  endfacet
  facet normal -0.3971478906347786 0.9177546256839819 0
    outer loop
      vertex 10.601987117318737 -82.37756279358163 2
      vertex 10.601987117318737 -82.37756279358163 8
      vertex 12.262443597074087 -81.65901911102137 2
    endloop
  endfacet
  facet normal -0.4539904997395439 0.8910065241883693 0
    outer loop
      vertex 12.262443597074087 -81.65901911102137 2
      vertex 12.262443597074087 -81.65901911102137 8
      vertex 13.874505814129403 -80.83763238526328 2
    endloop
  endfacet
  facet normal -0.5090414157503711 0.8607420270039439 0
    outer loop
      vertex 13.874505814129403 -80.83763238526328 2
      vertex 13.874505814129403 -80.83763238526328 8
      vertex 15.43181169539509 -79.91664425445805 2
    endloop
  endfacet
  facet normal -0.5620833778521317 0.827080574274561 0
    outer loop
      vertex 15.43181169539509 -79.91664425445805 2
      vertex 15.43181169539509 -79.91664425445805 8
      vertex 16.928215266023226 -78.89968943799849 2
    endloop
  endfacet
  facet normal -0.6129070536529758 0.7901550123756909 0
    outer loop
      vertex 16.928215266023226 -78.89968943799849 2
      vertex 16.928215266023226 -78.89968943799849 8
      vertex 18.35781090476227 -77.79078139194273 2
    endloop
  endfacet
  facet normal 0.33873792024529564 -0.9408807689542239 0
    outer loop
      vertex 9.455920027873391 -84.7023293986317 0
      vertex 11.264611312151159 -84.05116046818048 8
      vertex 9.455920027873391 -84.7023293986317 8
    endloop
  endfacet
  facet normal 0.3971478906347788 -0.917754625683982 0
    outer loop
      vertex 11.264611312151159 -84.05116046818048 0
      vertex 13.028846321891217 -83.2877078054602 8
      vertex 11.264611312151159 -84.05116046818048 8
    endloop
  endfacet
  facet normal 0.4539904997395467 -0.8910065241883679 0
    outer loop
      vertex 13.028846321891217 -83.2877078054602 0
      vertex 14.741662427512491 -82.41498440934222 8
      vertex 13.028846321891217 -83.2877078054602 8
    endloop
  endfacet
  facet normal 0.5090414157503705 -0.8607420270039441 0
    outer loop
      vertex 14.741662427512491 -82.41498440934222 0
      vertex 16.396299926357283 -81.43643452036167 8
      vertex 14.741662427512491 -82.41498440934222 8
    endloop
  endfacet
  facet normal 0.5620833778521295 -0.8270805742745626 0
    outer loop
      vertex 16.396299926357283 -81.43643452036167 0
      vertex 17.98622872014968 -80.3559200278734 8
      vertex 16.396299926357283 -81.43643452036167 8
    endloop
  endfacet
  facet normal 0.6129070536529773 -0.7901550123756897 0
    outer loop
      vertex 17.98622872014968 -80.3559200278734 0
      vertex 19.505174086309914 -79.17770522893915 8
      vertex 17.98622872014968 -80.3559200278734 8
    endloop
  endfacet
  facet normal -0.031410759078130894 0.9995065603657315 0
    outer loop
      vertex 1.8083669624442364 -84.34316977873422 2
      vertex 0 -84.4 8
      vertex 1.8083669624442364 -84.34316977873422 8
    endloop
  endfacet
  facet normal -0.0941083133185107 0.9955619646030804 0
    outer loop
      vertex 3.6095971266519573 -84.17290339785697 2
      vertex 1.8083669624442364 -84.34316977873422 8
      vertex 3.6095971266519573 -84.17290339785697 8
    endloop
  endfacet
  facet normal -0.15643446504023845 0.9876883405951365 0
    outer loop
      vertex 5.396581860068875 -83.88987282098623 2
      vertex 3.6095971266519573 -84.17290339785697 8
      vertex 5.396581860068875 -83.88987282098623 8
    endloop
  endfacet
  facet normal -0.21814324139653687 0.9759167619387487 0
    outer loop
      vertex 7.162268750347808 -83.49519504050458 2
      vertex 5.396581860068875 -83.88987282098623 8
      vertex 7.162268750347808 -83.49519504050458 8
    endloop
  endfacet
  facet normal -0.27899110603922755 0.9602936856769436 0
    outer loop
      vertex 8.899689437998486 -82.99042766930043 2
      vertex 7.162268750347808 -83.49519504050458 8
      vertex 8.899689437998486 -82.99042766930043 8
    endloop
  endfacet
  facet normal 0 0 1
    outer loop
      vertex 0 -86.2 8
      vertex 1.9213898975970012 -86.13961788990511 8
      vertex 0 -84.4 8
    endloop
  endfacet
  facet normal 0 0 1
    outer loop
      vertex 0 -84.4 8
      vertex 1.9213898975970012 -86.13961788990511 8
      vertex 1.8083669624442364 -84.34316977873422 8
    endloop
  endfacet
  facet normal 0 0 1
    outer loop
      vertex 1.9213898975970012 -86.13961788990511 8
      vertex 3.8351969470677045 -85.95870986022302 8
      vertex 1.8083669624442364 -84.34316977873422 8
    endloop
  endfacet
  facet normal 0 0 1
    outer loop
      vertex 1.8083669624442364 -84.34316977873422 8
      vertex 3.8351969470677045 -85.95870986022302 8
      vertex 3.6095971266519573 -84.17290339785697 8
    endloop
  endfacet
  facet normal 0 0 1
    outer loop
      vertex 3.8351969470677045 -85.95870986022302 8
      vertex 5.73386822632318 -85.65798987229788 8
      vertex 3.6095971266519573 -84.17290339785697 8
    endloop
  endfacet
  facet normal 0 0 1
    outer loop
      vertex 3.6095971266519573 -84.17290339785697 8
      vertex 5.73386822632318 -85.65798987229788 8
      vertex 5.396581860068875 -83.88987282098623 8
    endloop
  endfacet
  facet normal 0 0 1
    outer loop
      vertex 5.73386822632318 -85.65798987229788 8
      vertex 7.609910547244546 -85.23864473053612 8
      vertex 5.396581860068875 -83.88987282098623 8
    endloop
  endfacet
  facet normal 0 0 1
    outer loop
      vertex 5.396581860068875 -83.88987282098623 8
      vertex 7.609910547244546 -85.23864473053612 8
      vertex 7.162268750347808 -83.49519504050458 8
    endloop
  endfacet
  facet normal 0 0 1
    outer loop
      vertex 7.609910547244546 -85.23864473053612 8
      vertex 9.455920027873391 -84.7023293986317 8
      vertex 7.162268750347808 -83.49519504050458 8
    endloop
  endfacet
  facet normal 0 0 1
    outer loop
      vertex 7.162268750347808 -83.49519504050458 8
      vertex 9.455920027873391 -84.7023293986317 8
      vertex 8.899689437998486 -82.99042766930043 8
    endloop
  endfacet
  facet normal -0.3387379202452973 0.9408807689542232 0
    outer loop
      vertex 10.601987117318737 -82.37756279358163 2
      vertex 8.899689437998486 -82.99042766930043 8
      vertex 10.601987117318737 -82.37756279358163 8
    endloop
  endfacet
  facet normal -0.3971478906347786 0.9177546256839819 0
    outer loop
      vertex 12.262443597074087 -81.65901911102137 2
      vertex 10.601987117318737 -82.37756279358163 8
      vertex 12.262443597074087 -81.65901911102137 8
    endloop
  endfacet
  facet normal -0.4539904997395439 0.8910065241883693 0
    outer loop
      vertex 13.874505814129403 -80.83763238526328 2
      vertex 12.262443597074087 -81.65901911102137 8
      vertex 13.874505814129403 -80.83763238526328 8
    endloop
  endfacet
  facet normal -0.5090414157503711 0.8607420270039439 0
    outer loop
      vertex 15.43181169539509 -79.91664425445805 2
      vertex 13.874505814129403 -80.83763238526328 8
      vertex 15.43181169539509 -79.91664425445805 8
    endloop
  endfacet
  facet normal -0.5620833778521317 0.827080574274561 0
    outer loop
      vertex 16.928215266023226 -78.89968943799849 2
      vertex 15.43181169539509 -79.91664425445805 8
      vertex 16.928215266023226 -78.89968943799849 8
    endloop
  endfacet
  facet normal -0.6129070536529758 0.7901550123756909 0
    outer loop
      vertex 18.35781090476227 -77.79078139194273 2
      vertex 16.928215266023226 -78.89968943799849 8
      vertex 18.35781090476227 -77.79078139194273 8
    endloop
  endfacet
  facet normal 0 0 1
    outer loop
      vertex 8.899689437998486 -82.99042766930043 8
      vertex 9.455920027873391 -84.7023293986317 8
      vertex 11.264611312151159 -84.05116046818048 8
    endloop
  endfacet
  facet normal 0 0 1
    outer loop
      vertex 8.899689437998486 -82.99042766930043 8
      vertex 11.264611312151159 -84.05116046818048 8
      vertex 10.601987117318737 -82.37756279358163 8
    endloop
  endfacet
  facet normal 0 0 1
    outer loop
      vertex 11.264611312151159 -84.05116046818048 8
      vertex 13.028846321891217 -83.2877078054602 8
      vertex 10.601987117318737 -82.37756279358163 8
    endloop
  endfacet
  facet normal 0 0 1
    outer loop
      vertex 10.601987117318737 -82.37756279358163 8
      vertex 13.028846321891217 -83.2877078054602 8
      vertex 12.262443597074087 -81.65901911102137 8
    endloop
  endfacet
  facet normal 0 0 1
    outer loop
      vertex 12.262443597074087 -81.65901911102137 8
      vertex 13.028846321891217 -83.2877078054602 8
      vertex 14.741662427512491 -82.41498440934222 8
    endloop
  endfacet
  facet normal 0 0 1
    outer loop
      vertex 12.262443597074087 -81.65901911102137 8
      vertex 14.741662427512491 -82.41498440934222 8
      vertex 13.874505814129403 -80.83763238526328 8
    endloop
  endfacet
  facet normal 0 0 1
    outer loop
      vertex 13.874505814129403 -80.83763238526328 8
      vertex 14.741662427512491 -82.41498440934222 8
      vertex 16.396299926357283 -81.43643452036167 8
    endloop
  endfacet
  facet normal 0 0 1
    outer loop
      vertex 13.874505814129403 -80.83763238526328 8
      vertex 16.396299926357283 -81.43643452036167 8
      vertex 15.43181169539509 -79.91664425445805 8
    endloop
  endfacet
  facet normal 0 0 1
    outer loop
      vertex 15.43181169539509 -79.91664425445805 8
      vertex 16.396299926357283 -81.43643452036167 8
      vertex 17.98622872014968 -80.3559200278734 8
    endloop
  endfacet
  facet normal 0 0 1
    outer loop
      vertex 15.43181169539509 -79.91664425445805 8
      vertex 17.98622872014968 -80.3559200278734 8
      vertex 16.928215266023226 -78.89968943799849 8
    endloop
  endfacet
  facet normal 0 0 1
    outer loop
      vertex 16.928215266023226 -78.89968943799849 8
      vertex 17.98622872014968 -80.3559200278734 8
      vertex 19.505174086309914 -79.17770522893915 8
    endloop
  endfacet
  facet normal 0 0 1
    outer loop
      vertex 16.928215266023226 -78.89968943799849 8
      vertex 19.505174086309914 -79.17770522893915 8
      vertex 18.35781090476227 -77.79078139194273 8
    endloop
  endfacet
  facet normal -0.218143241396544 -0.975916761938747 0
    outer loop
      vertex 5.396581860068868 -27.310127179013765 2
      vertex 7.1622687503478195 -27.704804959495426 2
      vertex 7.1622687503478195 -27.704804959495426 8
    endloop
  endfacet
  facet normal -0.2789911060392293 -0.9602936856769432 0
    outer loop
      vertex 7.1622687503478195 -27.704804959495426 2
      vertex 8.899689437998486 -28.20957233069958 2
      vertex 8.899689437998486 -28.20957233069958 8
    endloop
  endfacet
  facet normal -0.03141075907812917 -0.9995065603657315 0
    outer loop
      vertex 0 -26.8 2
      vertex 1.8083669624442225 -26.85683022126578 2
      vertex 1.8083669624442225 -26.85683022126578 8
    endloop
  endfacet
  facet normal -0.09410831331851355 -0.9955619646030801 0
    outer loop
      vertex 1.8083669624442225 -26.85683022126578 2
      vertex 3.6095971266519635 -27.02709660214304 2
      vertex 3.6095971266519635 -27.02709660214304 8
    endloop
  endfacet
  facet normal -0.15643446504023 -0.9876883405951379 0
    outer loop
      vertex 5.396581860068868 -27.310127179013765 2
      vertex 5.396581860068868 -27.310127179013765 8
      vertex 3.6095971266519635 -27.02709660214304 2
    endloop
  endfacet
  facet normal 0.03141075907812929 0.9995065603657315 0
    outer loop
      vertex 1.9213898975969863 -25.060382110094892 0
      vertex 0 -25 8
      vertex 1.9213898975969863 -25.060382110094892 8
    endloop
  endfacet
  facet normal 0.09410831331851333 0.9955619646030802 0
    outer loop
      vertex 3.835196947067711 -25.24129013977698 0
      vertex 1.9213898975969863 -25.060382110094892 8
      vertex 3.835196947067711 -25.24129013977698 8
    endloop
  endfacet
  facet normal 0.1564344650402297 0.9876883405951379 0
    outer loop
      vertex 5.733868226323172 -25.542010127702124 0
      vertex 3.835196947067711 -25.24129013977698 8
      vertex 5.733868226323172 -25.542010127702124 8
    endloop
  endfacet
  facet normal 0.21814324139654465 0.9759167619387469 0
    outer loop
      vertex 7.609910547244559 -25.96135526946389 0
      vertex 5.733868226323172 -25.542010127702124 8
      vertex 7.609910547244559 -25.96135526946389 8
    endloop
  endfacet
  facet normal 0.27899110603922894 0.9602936856769432 0
    outer loop
      vertex 9.455920027873391 -26.497670601368302 0
      vertex 7.609910547244559 -25.96135526946389 8
      vertex 9.455920027873391 -26.497670601368302 8
    endloop
  endfacet
  facet normal -0.33873792024529115 -0.9408807689542256 0
    outer loop
      vertex 8.899689437998486 -28.20957233069958 2
      vertex 10.601987117318723 -28.82243720641836 2
      vertex 10.601987117318723 -28.82243720641836 8
    endloop
  endfacet
  facet normal -0.39714789063478095 -0.9177546256839809 0
    outer loop
      vertex 10.601987117318723 -28.82243720641836 2
      vertex 12.262443597074094 -29.54098088897864 2
      vertex 12.262443597074094 -29.54098088897864 8
    endloop
  endfacet
  facet normal -0.45399049973954675 -0.891006524188368 0
    outer loop
      vertex 12.262443597074094 -29.54098088897864 2
      vertex 13.874505814129398 -30.36236761473673 2
      vertex 13.874505814129398 -30.36236761473673 8
    endloop
  endfacet
  facet normal -0.5090414157503708 -0.8607420270039441 0
    outer loop
      vertex 13.874505814129398 -30.36236761473673 2
      vertex 15.431811695395105 -31.283355745541968 2
      vertex 15.431811695395105 -31.283355745541968 8
    endloop
  endfacet
  facet normal -0.6129070536529777 -0.7901550123756894 0
    outer loop
      vertex 16.928215266023226 -32.30031056200151 2
      vertex 18.357810904762264 -33.40921860805727 2
      vertex 18.357810904762264 -33.40921860805727 8
    endloop
  endfacet
  facet normal -0.5620833778521299 -0.8270805742745623 0
    outer loop
      vertex 15.431811695395105 -31.283355745541968 2
      vertex 16.928215266023226 -32.30031056200151 2
      vertex 16.928215266023226 -32.30031056200151 8
    endloop
  endfacet
  facet normal 0.39714789063478184 0.9177546256839806 0
    outer loop
      vertex 13.028846321891226 -27.912292194539805 0
      vertex 11.264611312151143 -27.148839531819505 8
      vertex 13.028846321891226 -27.912292194539805 8
    endloop
  endfacet
  facet normal 0.4539904997395468 0.8910065241883679 0
    outer loop
      vertex 14.741662427512486 -28.785015590657775 0
      vertex 13.028846321891226 -27.912292194539805 8
      vertex 14.741662427512486 -28.785015590657775 8
    endloop
  endfacet
  facet normal 0.5090414157503702 0.8607420270039443 0
    outer loop
      vertex 16.396299926357297 -29.763565479638338 0
      vertex 14.741662427512486 -28.785015590657775 8
      vertex 16.396299926357297 -29.763565479638338 8
    endloop
  endfacet
  facet normal 0.5620833778521304 0.827080574274562 0
    outer loop
      vertex 17.98622872014968 -30.844079972126607 0
      vertex 16.396299926357297 -29.763565479638338 8
      vertex 17.98622872014968 -30.844079972126607 8
    endloop
  endfacet
  facet normal 0.33873792024529015 0.9408807689542259 0
    outer loop
      vertex 11.264611312151143 -27.148839531819505 0
      vertex 9.455920027873391 -26.497670601368302 8
      vertex 11.264611312151143 -27.148839531819505 8
    endloop
  endfacet
  facet normal -0.218143241396544 -0.975916761938747 0
    outer loop
      vertex 5.396581860068868 -27.310127179013765 2
      vertex 7.1622687503478195 -27.704804959495426 8
      vertex 5.396581860068868 -27.310127179013765 8
    endloop
  endfacet
  facet normal -0.2789911060392293 -0.9602936856769432 0
    outer loop
      vertex 7.1622687503478195 -27.704804959495426 2
      vertex 8.899689437998486 -28.20957233069958 8
      vertex 7.1622687503478195 -27.704804959495426 8
    endloop
  endfacet
  facet normal 0 0 1
    outer loop
      vertex 7.1622687503478195 -27.704804959495426 8
      vertex 8.899689437998486 -28.20957233069958 8
      vertex 7.609910547244559 -25.96135526946389 8
    endloop
  endfacet
  facet normal -0.03141075907812917 -0.9995065603657315 0
    outer loop
      vertex 0 -26.8 2
      vertex 1.8083669624442225 -26.85683022126578 8
      vertex 0 -26.8 8
    endloop
  endfacet
  facet normal -0.09410831331851355 -0.9955619646030801 0
    outer loop
      vertex 1.8083669624442225 -26.85683022126578 2
      vertex 3.6095971266519635 -27.02709660214304 8
      vertex 1.8083669624442225 -26.85683022126578 8
    endloop
  endfacet
  facet normal -0.15643446504023 -0.9876883405951379 0
    outer loop
      vertex 3.6095971266519635 -27.02709660214304 2
      vertex 5.396581860068868 -27.310127179013765 8
      vertex 3.6095971266519635 -27.02709660214304 8
    endloop
  endfacet
  facet normal 0 0 1
    outer loop
      vertex 0 -26.8 8
      vertex 1.8083669624442225 -26.85683022126578 8
      vertex 0 -25 8
    endloop
  endfacet
  facet normal 0 0 1
    outer loop
      vertex 0 -25 8
      vertex 1.8083669624442225 -26.85683022126578 8
      vertex 1.9213898975969863 -25.060382110094892 8
    endloop
  endfacet
  facet normal 0 0 1
    outer loop
      vertex 1.8083669624442225 -26.85683022126578 8
      vertex 3.6095971266519635 -27.02709660214304 8
      vertex 1.9213898975969863 -25.060382110094892 8
    endloop
  endfacet
  facet normal 0 0 1
    outer loop
      vertex 1.9213898975969863 -25.060382110094892 8
      vertex 3.6095971266519635 -27.02709660214304 8
      vertex 3.835196947067711 -25.24129013977698 8
    endloop
  endfacet
  facet normal 0 0 1
    outer loop
      vertex 5.396581860068868 -27.310127179013765 8
      vertex 3.835196947067711 -25.24129013977698 8
      vertex 3.6095971266519635 -27.02709660214304 8
    endloop
  endfacet
  facet normal 0 0 1
    outer loop
      vertex 5.396581860068868 -27.310127179013765 8
      vertex 5.733868226323172 -25.542010127702124 8
      vertex 3.835196947067711 -25.24129013977698 8
    endloop
  endfacet
  facet normal 0 0 1
    outer loop
      vertex 5.396581860068868 -27.310127179013765 8
      vertex 7.1622687503478195 -27.704804959495426 8
      vertex 5.733868226323172 -25.542010127702124 8
    endloop
  endfacet
  facet normal 0 0 1
    outer loop
      vertex 7.1622687503478195 -27.704804959495426 8
      vertex 7.609910547244559 -25.96135526946389 8
      vertex 5.733868226323172 -25.542010127702124 8
    endloop
  endfacet
  facet normal 0 0 1
    outer loop
      vertex 8.899689437998486 -28.20957233069958 8
      vertex 9.455920027873391 -26.497670601368302 8
      vertex 7.609910547244559 -25.96135526946389 8
    endloop
  endfacet
  facet normal -0.33873792024529115 -0.9408807689542256 0
    outer loop
      vertex 8.899689437998486 -28.20957233069958 2
      vertex 10.601987117318723 -28.82243720641836 8
      vertex 8.899689437998486 -28.20957233069958 8
    endloop
  endfacet
  facet normal -0.39714789063478095 -0.9177546256839809 0
    outer loop
      vertex 10.601987117318723 -28.82243720641836 2
      vertex 12.262443597074094 -29.54098088897864 8
      vertex 10.601987117318723 -28.82243720641836 8
    endloop
  endfacet
  facet normal -0.45399049973954675 -0.891006524188368 0
    outer loop
      vertex 12.262443597074094 -29.54098088897864 2
      vertex 13.874505814129398 -30.36236761473673 8
      vertex 12.262443597074094 -29.54098088897864 8
    endloop
  endfacet
  facet normal -0.5090414157503708 -0.8607420270039441 0
    outer loop
      vertex 13.874505814129398 -30.36236761473673 2
      vertex 15.431811695395105 -31.283355745541968 8
      vertex 13.874505814129398 -30.36236761473673 8
    endloop
  endfacet
  facet normal -0.5620833778521299 -0.8270805742745623 0
    outer loop
      vertex 15.431811695395105 -31.283355745541968 2
      vertex 16.928215266023226 -32.30031056200151 8
      vertex 15.431811695395105 -31.283355745541968 8
    endloop
  endfacet
  facet normal -0.6129070536529777 -0.7901550123756894 0
    outer loop
      vertex 16.928215266023226 -32.30031056200151 2
      vertex 18.357810904762264 -33.40921860805727 8
      vertex 16.928215266023226 -32.30031056200151 8
    endloop
  endfacet
  facet normal 0 0 1
    outer loop
      vertex 8.899689437998486 -28.20957233069958 8
      vertex 10.601987117318723 -28.82243720641836 8
      vertex 9.455920027873391 -26.497670601368302 8
    endloop
  endfacet
  facet normal 0 0 1
    outer loop
      vertex 10.601987117318723 -28.82243720641836 8
      vertex 11.264611312151143 -27.148839531819505 8
      vertex 9.455920027873391 -26.497670601368302 8
    endloop
  endfacet
  facet normal 0 0 1
    outer loop
      vertex 10.601987117318723 -28.82243720641836 8
      vertex 12.262443597074094 -29.54098088897864 8
      vertex 11.264611312151143 -27.148839531819505 8
    endloop
  endfacet
  facet normal 0 0 1
    outer loop
      vertex 12.262443597074094 -29.54098088897864 8
      vertex 13.028846321891226 -27.912292194539805 8
      vertex 11.264611312151143 -27.148839531819505 8
    endloop
  endfacet
  facet normal 0 0 1
    outer loop
      vertex 12.262443597074094 -29.54098088897864 8
      vertex 13.874505814129398 -30.36236761473673 8
      vertex 13.028846321891226 -27.912292194539805 8
    endloop
  endfacet
  facet normal 0 0 1
    outer loop
      vertex 13.874505814129398 -30.36236761473673 8
      vertex 15.431811695395105 -31.283355745541968 8
      vertex 14.741662427512486 -28.785015590657775 8
    endloop
  endfacet
  facet normal 0 0 1
    outer loop
      vertex 13.874505814129398 -30.36236761473673 8
      vertex 14.741662427512486 -28.785015590657775 8
      vertex 13.028846321891226 -27.912292194539805 8
    endloop
  endfacet
  facet normal 0 0 1
    outer loop
      vertex 14.741662427512486 -28.785015590657775 8
      vertex 15.431811695395105 -31.283355745541968 8
      vertex 16.396299926357297 -29.763565479638338 8
    endloop
  endfacet
  facet normal 0 0 1
    outer loop
      vertex 16.928215266023226 -32.30031056200151 8
      vertex 18.357810904762264 -33.40921860805727 8
      vertex 17.98622872014968 -30.844079972126607 8
    endloop
  endfacet
  facet normal 0 0 1
    outer loop
      vertex 15.431811695395105 -31.283355745541968 8
      vertex 16.928215266023226 -32.30031056200151 8
      vertex 16.396299926357297 -29.763565479638338 8
    endloop
  endfacet
  facet normal 0 0 1
    outer loop
      vertex 16.928215266023226 -32.30031056200151 8
      vertex 17.98622872014968 -30.844079972126607 8
      vertex 16.396299926357297 -29.763565479638338 8
    endloop
  endfacet
  facet normal -0.6613118653236516 0.7501110696304599 0
    outer loop
      vertex 18.35781090476227 -77.79078139194273 2
      vertex 18.35781090476227 -77.79078139194273 8
      vertex 19.71495665074623 -76.59429646973666 2
    endloop
  endfacet
  facet normal -0.7071067811865466 0.7071067811865485 0
    outer loop
      vertex 19.71495665074623 -76.59429646973666 2
      vertex 19.71495665074623 -76.59429646973666 8
      vertex 20.994296469736657 -75.31495665074624 2
    endloop
  endfacet
  facet normal -0.7501110696304624 0.6613118653236485 0
    outer loop
      vertex 20.994296469736657 -75.31495665074624 2
      vertex 20.994296469736657 -75.31495665074624 8
      vertex 22.190781391942725 -73.95781090476227 2
    endloop
  endfacet
  facet normal -0.79015501237569 0.612907053652977 0
    outer loop
      vertex 22.190781391942725 -73.95781090476227 2
      vertex 22.190781391942725 -73.95781090476227 8
      vertex 23.299689437998488 -72.52821526602322 2
    endloop
  endfacet
  facet normal -0.8270805742745623 0.5620833778521299 0
    outer loop
      vertex 23.299689437998488 -72.52821526602322 2
      vertex 23.299689437998488 -72.52821526602322 8
      vertex 24.31664425445804 -71.03181169539509 2
    endloop
  endfacet
  facet normal -0.8607420270039442 0.5090414157503702 0
    outer loop
      vertex 24.31664425445804 -71.03181169539509 2
      vertex 24.31664425445804 -71.03181169539509 8
      vertex 25.237632385263268 -69.4745058141294 2
    endloop
  endfacet
  facet normal -0.8910065241883671 0.4539904997395482 0
    outer loop
      vertex 25.237632385263268 -69.4745058141294 2
      vertex 25.237632385263268 -69.4745058141294 8
      vertex 26.059019111021364 -67.86244359707409 2
    endloop
  endfacet
  facet normal -0.9177546256839809 0.3971478906347813 0
    outer loop
      vertex 26.059019111021364 -67.86244359707409 2
      vertex 26.059019111021364 -67.86244359707409 8
      vertex 26.777562793581637 -66.20198711731874 2
    endloop
  endfacet
  facet normal 0.6613118653236523 -0.7501110696304593 0
    outer loop
      vertex 19.505174086309914 -79.17770522893915 0
      vertex 20.94714144141787 -77.9064399990952 8
      vertex 19.505174086309914 -79.17770522893915 8
    endloop
  endfacet
  facet normal 0.7071067811865493 -0.7071067811865457 0
    outer loop
      vertex 22.306439999095197 -76.54714144141786 0
      vertex 22.306439999095197 -76.54714144141786 8
      vertex 20.94714144141787 -77.9064399990952 8
    endloop
  endfacet
  facet normal 0.7501110696304575 -0.661311865323654 0
    outer loop
      vertex 23.577705228939145 -75.10517408630992 0
      vertex 23.577705228939145 -75.10517408630992 8
      vertex 22.306439999095197 -76.54714144141786 8
    endloop
  endfacet
  facet normal 0.7901550123756904 -0.6129070536529764 0
    outer loop
      vertex 24.755920027873394 -73.58622872014968 0
      vertex 24.755920027873394 -73.58622872014968 8
      vertex 23.577705228939145 -75.10517408630992 8
    endloop
  endfacet
  facet normal 0.8270805742745626 -0.5620833778521295 0
    outer loop
      vertex 25.83643452036167 -71.99629992635728 0
      vertex 25.83643452036167 -71.99629992635728 8
      vertex 24.755920027873394 -73.58622872014968 8
    endloop
  endfacet
  facet normal 0.8607420270039441 -0.5090414157503705 0
    outer loop
      vertex 26.814984409342223 -70.34166242751249 0
      vertex 26.814984409342223 -70.34166242751249 8
      vertex 25.83643452036167 -71.99629992635728 8
    endloop
  endfacet
  facet normal 0.8910065241883678 -0.45399049973954714 0
    outer loop
      vertex 27.6877078054602 -68.62884632189122 0
      vertex 27.6877078054602 -68.62884632189122 8
      vertex 26.814984409342223 -70.34166242751249 8
    endloop
  endfacet
  facet normal -0.940880768954226 0.33873792024529004 0
    outer loop
      vertex 26.777562793581637 -66.20198711731874 2
      vertex 26.777562793581637 -66.20198711731874 8
      vertex 27.390427669300422 -64.49968943799848 2
    endloop
  endfacet
  facet normal -0.9602936856769431 0.27899110603922966 0
    outer loop
      vertex 27.390427669300422 -64.49968943799848 2
      vertex 27.390427669300422 -64.49968943799848 8
      vertex 27.89519504050458 -62.76226875034781 2
    endloop
  endfacet
  facet normal -0.960293685676943 -0.27899110603922994 0
    outer loop
      vertex 27.895195040504575 -48.43773124965218 2
      vertex 27.895195040504575 -48.43773124965218 8
      vertex 27.390427669300422 -46.70031056200152 2
    endloop
  endfacet
  facet normal 0.9177546256839809 -0.39714789063478123 0
    outer loop
      vertex 28.45116046818049 -66.86461131215115 0
      vertex 28.45116046818049 -66.86461131215115 8
      vertex 27.6877078054602 -68.62884632189122 8
    endloop
  endfacet
  facet normal -0.9759167619387473 0.218143241396543 0
    outer loop
      vertex 27.89519504050458 -62.76226875034781 2
      vertex 27.89519504050458 -62.76226875034781 8
      vertex 28.289872820986233 -60.99658186006888 2
    endloop
  endfacet
  facet normal -0.9876883405951379 0.15643446504023042 0
    outer loop
      vertex 28.289872820986233 -60.99658186006888 2
      vertex 28.289872820986233 -60.99658186006888 8
      vertex 28.57290339785696 -59.20959712665196 2
    endloop
  endfacet
  facet normal -0.9955619646030799 0.09410831331851482 0
    outer loop
      vertex 28.57290339785696 -59.20959712665196 2
      vertex 28.57290339785696 -59.20959712665196 8
      vertex 28.74316977873422 -57.40836696244424 2
    endloop
  endfacet
  facet normal -0.9995065603657315 0.03141075907812888 0
    outer loop
      vertex 28.74316977873422 -57.40836696244424 2
      vertex 28.74316977873422 -57.40836696244424 8
      vertex 28.8 -55.6 2
    endloop
  endfacet
  facet normal -0.9995065603657315 -0.031410759078129125 0
    outer loop
      vertex 28.8 -55.6 2
      vertex 28.8 -55.6 8
      vertex 28.74316977873422 -53.791633037555776 2
    endloop
  endfacet
  facet normal -0.9955619646030801 -0.09410831331851374 0
    outer loop
      vertex 28.74316977873422 -53.791633037555776 2
      vertex 28.74316977873422 -53.791633037555776 8
      vertex 28.57290339785696 -51.99040287334804 2
    endloop
  endfacet
  facet normal -0.975916761938747 -0.21814324139654423 0
    outer loop
      vertex 28.289872820986236 -50.20341813993113 2
      vertex 28.289872820986236 -50.20341813993113 8
      vertex 27.895195040504575 -48.43773124965218 2
    endloop
  endfacet
  facet normal -0.9876883405951379 -0.1564344650402297 0
    outer loop
      vertex 28.57290339785696 -51.99040287334804 2
      vertex 28.57290339785696 -51.99040287334804 8
      vertex 28.289872820986236 -50.20341813993113 2
    endloop
  endfacet
  facet normal 0.9408807689542251 -0.33873792024529253 0
    outer loop
      vertex 29.1023293986317 -65.0559200278734 0
      vertex 29.1023293986317 -65.0559200278734 8
      vertex 28.45116046818049 -66.86461131215115 8
    endloop
  endfacet
  facet normal 0.9602936856769434 -0.278991106039228 0
    outer loop
      vertex 29.638644730536114 -63.20991054724455 0
      vertex 29.638644730536114 -63.20991054724455 8
      vertex 29.1023293986317 -65.0559200278734 8
    endloop
  endfacet
  facet normal 0.9759167619387471 -0.21814324139654367 0
    outer loop
      vertex 30.057989872297874 -61.33386822632318 0
      vertex 30.057989872297874 -61.33386822632318 8
      vertex 29.638644730536114 -63.20991054724455 8
    endloop
  endfacet
  facet normal 0.9876883405951378 -0.15643446504023042 0
    outer loop
      vertex 30.358709860223023 -59.43519694706771 0
      vertex 30.358709860223023 -59.43519694706771 8
      vertex 30.057989872297874 -61.33386822632318 8
    endloop
  endfacet
  facet normal 0.99556196460308 -0.09410831331851428 0
    outer loop
      vertex 30.53961788990511 -57.521389897597004 0
      vertex 30.53961788990511 -57.521389897597004 8
      vertex 30.358709860223023 -59.43519694706771 8
    endloop
  endfacet
  facet normal 0.9759167619387469 0.21814324139654484 0
    outer loop
      vertex 29.63864473053611 -47.99008945275544 0
      vertex 29.63864473053611 -47.99008945275544 8
      vertex 30.057989872297878 -49.86613177367683 8
    endloop
  endfacet
  facet normal 0.9995065603657315 -0.03141075907812903 0
    outer loop
      vertex 30.6 -55.6 0
      vertex 30.6 -55.6 8
      vertex 30.53961788990511 -57.521389897597004 8
    endloop
  endfacet
  facet normal 0.9995065603657315 0.031410759078129256 0
    outer loop
      vertex 30.53961788990511 -53.67861010240301 0
      vertex 30.53961788990511 -53.67861010240301 8
      vertex 30.6 -55.6 8
    endloop
  endfacet
  facet normal 0.9955619646030801 0.09410831331851359 0
    outer loop
      vertex 30.358709860223023 -51.764803052932294 0
      vertex 30.358709860223023 -51.764803052932294 8
      vertex 30.53961788990511 -53.67861010240301 8
    endloop
  endfacet
  facet normal 0.987688340595138 0.1564344650402292 0
    outer loop
      vertex 30.057989872297878 -49.86613177367683 0
      vertex 30.057989872297878 -49.86613177367683 8
      vertex 30.358709860223023 -51.764803052932294 8
    endloop
  endfacet
  facet normal -0.6613118653236516 0.7501110696304599 0
    outer loop
      vertex 19.71495665074623 -76.59429646973666 2
      vertex 18.35781090476227 -77.79078139194273 8
      vertex 19.71495665074623 -76.59429646973666 8
    endloop
  endfacet
  facet normal -0.7071067811865466 0.7071067811865485 0
    outer loop
      vertex 20.994296469736657 -75.31495665074624 2
      vertex 19.71495665074623 -76.59429646973666 8
      vertex 20.994296469736657 -75.31495665074624 8
    endloop
  endfacet
  facet normal -0.7501110696304624 0.6613118653236485 0
    outer loop
      vertex 22.190781391942725 -73.95781090476227 2
      vertex 20.994296469736657 -75.31495665074624 8
      vertex 22.190781391942725 -73.95781090476227 8
    endloop
  endfacet
  facet normal -0.79015501237569 0.612907053652977 0
    outer loop
      vertex 23.299689437998488 -72.52821526602322 2
      vertex 22.190781391942725 -73.95781090476227 8
      vertex 23.299689437998488 -72.52821526602322 8
    endloop
  endfacet
  facet normal -0.8270805742745623 0.5620833778521299 0
    outer loop
      vertex 24.31664425445804 -71.03181169539509 2
      vertex 23.299689437998488 -72.52821526602322 8
      vertex 24.31664425445804 -71.03181169539509 8
    endloop
  endfacet
  facet normal -0.8607420270039442 0.5090414157503702 0
    outer loop
      vertex 25.237632385263268 -69.4745058141294 2
      vertex 24.31664425445804 -71.03181169539509 8
      vertex 25.237632385263268 -69.4745058141294 8
    endloop
  endfacet
  facet normal -0.8910065241883671 0.4539904997395482 0
    outer loop
      vertex 26.059019111021364 -67.86244359707409 2
      vertex 25.237632385263268 -69.4745058141294 8
      vertex 26.059019111021364 -67.86244359707409 8
    endloop
  endfacet
  facet normal -0.9177546256839809 0.3971478906347813 0
    outer loop
      vertex 26.777562793581637 -66.20198711731874 2
      vertex 26.059019111021364 -67.86244359707409 8
      vertex 26.777562793581637 -66.20198711731874 8
    endloop
  endfacet
  facet normal 0 0 1
    outer loop
      vertex 18.35781090476227 -77.79078139194273 8
      vertex 19.505174086309914 -79.17770522893915 8
      vertex 20.94714144141787 -77.9064399990952 8
    endloop
  endfacet
  facet normal 0 0 1
    outer loop
      vertex 18.35781090476227 -77.79078139194273 8
      vertex 20.94714144141787 -77.9064399990952 8
      vertex 19.71495665074623 -76.59429646973666 8
    endloop
  endfacet
  facet normal 0 0 1
    outer loop
      vertex 19.71495665074623 -76.59429646973666 8
      vertex 20.94714144141787 -77.9064399990952 8
      vertex 22.306439999095197 -76.54714144141786 8
    endloop
  endfacet
  facet normal 0 0 1
    outer loop
      vertex 19.71495665074623 -76.59429646973666 8
      vertex 22.306439999095197 -76.54714144141786 8
      vertex 20.994296469736657 -75.31495665074624 8
    endloop
  endfacet
  facet normal 0 0 1
    outer loop
      vertex 22.306439999095197 -76.54714144141786 8
      vertex 22.190781391942725 -73.95781090476227 8
      vertex 20.994296469736657 -75.31495665074624 8
    endloop
  endfacet
  facet normal 0 0 1
    outer loop
      vertex 22.306439999095197 -76.54714144141786 8
      vertex 23.577705228939145 -75.10517408630992 8
      vertex 22.190781391942725 -73.95781090476227 8
    endloop
  endfacet
  facet normal 0 0 1
    outer loop
      vertex 22.190781391942725 -73.95781090476227 8
      vertex 23.577705228939145 -75.10517408630992 8
      vertex 23.299689437998488 -72.52821526602322 8
    endloop
  endfacet
  facet normal 0 0 1
    outer loop
      vertex 23.577705228939145 -75.10517408630992 8
      vertex 24.755920027873394 -73.58622872014968 8
      vertex 23.299689437998488 -72.52821526602322 8
    endloop
  endfacet
  facet normal 0 0 1
    outer loop
      vertex 23.299689437998488 -72.52821526602322 8
      vertex 24.755920027873394 -73.58622872014968 8
      vertex 24.31664425445804 -71.03181169539509 8
    endloop
  endfacet
  facet normal 0 0 1
    outer loop
      vertex 24.755920027873394 -73.58622872014968 8
      vertex 25.83643452036167 -71.99629992635728 8
      vertex 24.31664425445804 -71.03181169539509 8
    endloop
  endfacet
  facet normal 0 0 1
    outer loop
      vertex 24.31664425445804 -71.03181169539509 8
      vertex 25.83643452036167 -71.99629992635728 8
      vertex 25.237632385263268 -69.4745058141294 8
    endloop
  endfacet
  facet normal 0 0 1
    outer loop
      vertex 25.237632385263268 -69.4745058141294 8
      vertex 25.83643452036167 -71.99629992635728 8
      vertex 26.814984409342223 -70.34166242751249 8
    endloop
  endfacet
  facet normal 0 0 1
    outer loop
      vertex 25.237632385263268 -69.4745058141294 8
      vertex 26.814984409342223 -70.34166242751249 8
      vertex 26.059019111021364 -67.86244359707409 8
    endloop
  endfacet
  facet normal 0 0 1
    outer loop
      vertex 26.059019111021364 -67.86244359707409 8
      vertex 26.814984409342223 -70.34166242751249 8
      vertex 26.777562793581637 -66.20198711731874 8
    endloop
  endfacet
  facet normal 0 0 1
    outer loop
      vertex 26.814984409342223 -70.34166242751249 8
      vertex 27.6877078054602 -68.62884632189122 8
      vertex 26.777562793581637 -66.20198711731874 8
    endloop
  endfacet
  facet normal -0.940880768954226 0.33873792024529004 0
    outer loop
      vertex 27.390427669300422 -64.49968943799848 2
      vertex 26.777562793581637 -66.20198711731874 8
      vertex 27.390427669300422 -64.49968943799848 8
    endloop
  endfacet
  facet normal -0.9602936856769431 0.27899110603922966 0
    outer loop
      vertex 27.89519504050458 -62.76226875034781 2
      vertex 27.390427669300422 -64.49968943799848 8
      vertex 27.89519504050458 -62.76226875034781 8
    endloop
  endfacet
  facet normal -0.960293685676943 -0.27899110603922994 0
    outer loop
      vertex 27.390427669300422 -46.70031056200152 2
      vertex 27.895195040504575 -48.43773124965218 8
      vertex 27.390427669300422 -46.70031056200152 8
    endloop
  endfacet
  facet normal 0 0 1
    outer loop
      vertex 27.6877078054602 -68.62884632189122 8
      vertex 27.390427669300422 -64.49968943799848 8
      vertex 26.777562793581637 -66.20198711731874 8
    endloop
  endfacet
  facet normal 0 0 1
    outer loop
      vertex 27.6877078054602 -68.62884632189122 8
      vertex 28.45116046818049 -66.86461131215115 8
      vertex 27.390427669300422 -64.49968943799848 8
    endloop
  endfacet
  facet normal -0.9759167619387473 0.218143241396543 0
    outer loop
      vertex 28.289872820986233 -60.99658186006888 2
      vertex 27.89519504050458 -62.76226875034781 8
      vertex 28.289872820986233 -60.99658186006888 8
    endloop
  endfacet
  facet normal -0.9876883405951379 0.15643446504023042 0
    outer loop
      vertex 28.57290339785696 -59.20959712665196 2
      vertex 28.289872820986233 -60.99658186006888 8
      vertex 28.57290339785696 -59.20959712665196 8
    endloop
  endfacet
  facet normal -0.9955619646030799 0.09410831331851482 0
    outer loop
      vertex 28.74316977873422 -57.40836696244424 2
      vertex 28.57290339785696 -59.20959712665196 8
      vertex 28.74316977873422 -57.40836696244424 8
    endloop
  endfacet
  facet normal -0.9995065603657315 0.03141075907812888 0
    outer loop
      vertex 28.8 -55.6 2
      vertex 28.74316977873422 -57.40836696244424 8
      vertex 28.8 -55.6 8
    endloop
  endfacet
  facet normal -0.9995065603657315 -0.031410759078129125 0
    outer loop
      vertex 28.74316977873422 -53.791633037555776 2
      vertex 28.8 -55.6 8
      vertex 28.74316977873422 -53.791633037555776 8
    endloop
  endfacet
  facet normal -0.9955619646030801 -0.09410831331851374 0
    outer loop
      vertex 28.57290339785696 -51.99040287334804 2
      vertex 28.74316977873422 -53.791633037555776 8
      vertex 28.57290339785696 -51.99040287334804 8
    endloop
  endfacet
  facet normal -0.9876883405951379 -0.1564344650402297 0
    outer loop
      vertex 28.289872820986236 -50.20341813993113 2
      vertex 28.57290339785696 -51.99040287334804 8
      vertex 28.289872820986236 -50.20341813993113 8
    endloop
  endfacet
  facet normal -0.975916761938747 -0.21814324139654423 0
    outer loop
      vertex 27.895195040504575 -48.43773124965218 2
      vertex 28.289872820986236 -50.20341813993113 8
      vertex 27.895195040504575 -48.43773124965218 8
    endloop
  endfacet
  facet normal 0 0 1
    outer loop
      vertex 27.390427669300422 -64.49968943799848 8
      vertex 28.45116046818049 -66.86461131215115 8
      vertex 27.89519504050458 -62.76226875034781 8
    endloop
  endfacet
  facet normal 0 0 1
    outer loop
      vertex 28.45116046818049 -66.86461131215115 8
      vertex 29.1023293986317 -65.0559200278734 8
      vertex 28.289872820986233 -60.99658186006888 8
    endloop
  endfacet
  facet normal 0 0 1
    outer loop
      vertex 28.45116046818049 -66.86461131215115 8
      vertex 28.289872820986233 -60.99658186006888 8
      vertex 27.89519504050458 -62.76226875034781 8
    endloop
  endfacet
  facet normal 0 0 1
    outer loop
      vertex 29.1023293986317 -65.0559200278734 8
      vertex 28.57290339785696 -59.20959712665196 8
      vertex 28.289872820986233 -60.99658186006888 8
    endloop
  endfacet
  facet normal 0 0 1
    outer loop
      vertex 29.1023293986317 -65.0559200278734 8
      vertex 28.74316977873422 -57.40836696244424 8
      vertex 28.57290339785696 -59.20959712665196 8
    endloop
  endfacet
  facet normal 0 0 1
    outer loop
      vertex 29.1023293986317 -65.0559200278734 8
      vertex 28.8 -55.6 8
      vertex 28.74316977873422 -57.40836696244424 8
    endloop
  endfacet
  facet normal 0 0 1
    outer loop
      vertex 29.1023293986317 -65.0559200278734 8
      vertex 29.638644730536114 -63.20991054724455 8
      vertex 29.1023293986317 -46.14407997212661 8
    endloop
  endfacet
  facet normal 0 0 1
    outer loop
      vertex 29.638644730536114 -63.20991054724455 8
      vertex 30.057989872297874 -61.33386822632318 8
      vertex 29.63864473053611 -47.99008945275544 8
    endloop
  endfacet
  facet normal 0 0 1
    outer loop
      vertex 30.057989872297874 -61.33386822632318 8
      vertex 30.358709860223023 -59.43519694706771 8
      vertex 30.057989872297878 -49.86613177367683 8
    endloop
  endfacet
  facet normal 0 0 1
    outer loop
      vertex 29.1023293986317 -65.0559200278734 8
      vertex 28.451160468180493 -44.335388687848855 8
      vertex 28.8 -55.6 8
    endloop
  endfacet
  facet normal 0 0 1
    outer loop
      vertex 29.1023293986317 -65.0559200278734 8
      vertex 29.1023293986317 -46.14407997212661 8
      vertex 28.451160468180493 -44.335388687848855 8
    endloop
  endfacet
  facet normal 0 0 1
    outer loop
      vertex 29.638644730536114 -63.20991054724455 8
      vertex 29.63864473053611 -47.99008945275544 8
      vertex 29.1023293986317 -46.14407997212661 8
    endloop
  endfacet
  facet normal 0 0 1
    outer loop
      vertex 30.057989872297874 -61.33386822632318 8
      vertex 30.057989872297878 -49.86613177367683 8
      vertex 29.63864473053611 -47.99008945275544 8
    endloop
  endfacet
  facet normal 0 0 1
    outer loop
      vertex 28.8 -55.6 8
      vertex 28.451160468180493 -44.335388687848855 8
      vertex 28.74316977873422 -53.791633037555776 8
    endloop
  endfacet
  facet normal 0 0 1
    outer loop
      vertex 28.74316977873422 -53.791633037555776 8
      vertex 28.451160468180493 -44.335388687848855 8
      vertex 28.57290339785696 -51.99040287334804 8
    endloop
  endfacet
  facet normal 0 0 1
    outer loop
      vertex 28.289872820986236 -50.20341813993113 8
      vertex 28.451160468180493 -44.335388687848855 8
      vertex 27.895195040504575 -48.43773124965218 8
    endloop
  endfacet
  facet normal 0 0 1
    outer loop
      vertex 28.57290339785696 -51.99040287334804 8
      vertex 28.451160468180493 -44.335388687848855 8
      vertex 28.289872820986236 -50.20341813993113 8
    endloop
  endfacet
  facet normal 0 0 1
    outer loop
      vertex 30.358709860223023 -59.43519694706771 8
      vertex 30.53961788990511 -57.521389897597004 8
      vertex 30.358709860223023 -51.764803052932294 8
    endloop
  endfacet
  facet normal 0 0 1
    outer loop
      vertex 30.53961788990511 -57.521389897597004 8
      vertex 30.6 -55.6 8
      vertex 30.53961788990511 -53.67861010240301 8
    endloop
  endfacet
  facet normal 0 0 1
    outer loop
      vertex 30.53961788990511 -57.521389897597004 8
      vertex 30.53961788990511 -53.67861010240301 8
      vertex 30.358709860223023 -51.764803052932294 8
    endloop
  endfacet
  facet normal 0 0 1
    outer loop
      vertex 30.358709860223023 -59.43519694706771 8
      vertex 30.358709860223023 -51.764803052932294 8
      vertex 30.057989872297878 -49.86613177367683 8
    endloop
  endfacet
  facet normal -0.7901550123756909 -0.6129070536529758 0
    outer loop
      vertex 22.19078139194273 -37.242189095237734 2
      vertex 23.299689437998488 -38.67178473397678 2
      vertex 23.299689437998488 -38.67178473397678 8
    endloop
  endfacet
  facet normal -0.6613118653236508 -0.7501110696304606 0
    outer loop
      vertex 18.357810904762264 -33.40921860805727 2
      vertex 19.714956650746235 -34.60570353026335 2
      vertex 19.714956650746235 -34.60570353026335 8
    endloop
  endfacet
  facet normal -0.7071067811865466 -0.7071067811865486 0
    outer loop
      vertex 19.714956650746235 -34.60570353026335 2
      vertex 20.994296469736653 -35.88504334925376 2
      vertex 20.994296469736653 -35.88504334925376 8
    endloop
  endfacet
  facet normal -0.7501110696304606 -0.6613118653236508 0
    outer loop
      vertex 22.19078139194273 -37.242189095237734 2
      vertex 22.19078139194273 -37.242189095237734 8
      vertex 20.994296469736653 -35.88504334925376 2
    endloop
  endfacet
  facet normal -0.8270805742745616 -0.5620833778521309 0
    outer loop
      vertex 23.299689437998488 -38.67178473397678 2
      vertex 24.316644254458033 -40.1681883046049 2
      vertex 24.316644254458033 -40.1681883046049 8
    endloop
  endfacet
  facet normal -0.8607420270039438 -0.5090414157503711 0
    outer loop
      vertex 24.316644254458033 -40.1681883046049 2
      vertex 25.23763238526327 -41.7254941858706 2
      vertex 25.23763238526327 -41.7254941858706 8
    endloop
  endfacet
  facet normal -0.9177546256839808 -0.39714789063478145 0
    outer loop
      vertex 26.059019111021364 -43.33755640292591 2
      vertex 26.77756279358164 -44.99801288268127 2
      vertex 26.77756279358164 -44.99801288268127 8
    endloop
  endfacet
  facet normal -0.891006524188368 -0.4539904997395467 0
    outer loop
      vertex 25.23763238526327 -41.7254941858706 2
      vertex 26.059019111021364 -43.33755640292591 2
      vertex 26.059019111021364 -43.33755640292591 8
    endloop
  endfacet
  facet normal -0.940880768954226 -0.33873792024528954 0
    outer loop
      vertex 26.77756279358164 -44.99801288268127 2
      vertex 27.390427669300422 -46.70031056200152 2
      vertex 27.390427669300422 -46.70031056200152 8
    endloop
  endfacet
  facet normal 0.6613118653236486 0.7501110696304625 0
    outer loop
      vertex 20.947141441417877 -33.293560000904804 0
      vertex 19.505174086309907 -32.02229477106086 8
      vertex 20.947141441417877 -33.293560000904804 8
    endloop
  endfacet
  facet normal 0.612907053652979 0.7901550123756884 0
    outer loop
      vertex 19.505174086309907 -32.02229477106086 0
      vertex 17.98622872014968 -30.844079972126607 8
      vertex 19.505174086309907 -32.02229477106086 8
    endloop
  endfacet
  facet normal 0.7071067811865483 0.7071067811865466 0
    outer loop
      vertex 20.947141441417877 -33.293560000904804 0
      vertex 20.947141441417877 -33.293560000904804 8
      vertex 22.306439999095193 -34.652858558582125 8
    endloop
  endfacet
  facet normal 0.7501110696304606 0.6613118653236507 0
    outer loop
      vertex 22.306439999095193 -34.652858558582125 0
      vertex 22.306439999095193 -34.652858558582125 8
      vertex 23.57770522893915 -36.094825913690094 8
    endloop
  endfacet
  facet normal 0.827080574274562 0.5620833778521304 0
    outer loop
      vertex 24.755920027873394 -37.613771279850326 0
      vertex 24.755920027873394 -37.613771279850326 8
      vertex 25.836434520361664 -39.20370007364271 8
    endloop
  endfacet
  facet normal 0.8607420270039435 0.5090414157503714 0
    outer loop
      vertex 25.836434520361664 -39.20370007364271 0
      vertex 25.836434520361664 -39.20370007364271 8
      vertex 26.814984409342227 -40.858337572487514 8
    endloop
  endfacet
  facet normal 0.8910065241883677 0.45399049973954714 0
    outer loop
      vertex 26.814984409342227 -40.858337572487514 0
      vertex 26.814984409342227 -40.858337572487514 8
      vertex 27.6877078054602 -42.57115367810878 8
    endloop
  endfacet
  facet normal 0.79015501237569 0.612907053652977 0
    outer loop
      vertex 23.57770522893915 -36.094825913690094 0
      vertex 23.57770522893915 -36.094825913690094 8
      vertex 24.755920027873394 -37.613771279850326 8
    endloop
  endfacet
  facet normal 0.9408807689542256 0.33873792024529087 0
    outer loop
      vertex 28.451160468180493 -44.335388687848855 0
      vertex 28.451160468180493 -44.335388687848855 8
      vertex 29.1023293986317 -46.14407997212661 8
    endloop
  endfacet
  facet normal 0.9177546256839814 0.39714789063478007 0
    outer loop
      vertex 27.6877078054602 -42.57115367810878 0
      vertex 27.6877078054602 -42.57115367810878 8
      vertex 28.451160468180493 -44.335388687848855 8
    endloop
  endfacet
  facet normal 0.9602936856769431 0.2789911060392293 0
    outer loop
      vertex 29.1023293986317 -46.14407997212661 0
      vertex 29.1023293986317 -46.14407997212661 8
      vertex 29.63864473053611 -47.99008945275544 8
    endloop
  endfacet
  facet normal -0.7901550123756909 -0.6129070536529758 0
    outer loop
      vertex 22.19078139194273 -37.242189095237734 2
      vertex 23.299689437998488 -38.67178473397678 8
      vertex 22.19078139194273 -37.242189095237734 8
    endloop
  endfacet
  facet normal -0.6613118653236508 -0.7501110696304606 0
    outer loop
      vertex 18.357810904762264 -33.40921860805727 2
      vertex 19.714956650746235 -34.60570353026335 8
      vertex 18.357810904762264 -33.40921860805727 8
    endloop
  endfacet
  facet normal -0.7071067811865466 -0.7071067811865486 0
    outer loop
      vertex 19.714956650746235 -34.60570353026335 2
      vertex 20.994296469736653 -35.88504334925376 8
      vertex 19.714956650746235 -34.60570353026335 8
    endloop
  endfacet
  facet normal -0.7501110696304606 -0.6613118653236508 0
    outer loop
      vertex 20.994296469736653 -35.88504334925376 2
      vertex 22.19078139194273 -37.242189095237734 8
      vertex 20.994296469736653 -35.88504334925376 8
    endloop
  endfacet
  facet normal -0.8270805742745616 -0.5620833778521309 0
    outer loop
      vertex 23.299689437998488 -38.67178473397678 2
      vertex 24.316644254458033 -40.1681883046049 8
      vertex 23.299689437998488 -38.67178473397678 8
    endloop
  endfacet
  facet normal -0.8607420270039438 -0.5090414157503711 0
    outer loop
      vertex 24.316644254458033 -40.1681883046049 2
      vertex 25.23763238526327 -41.7254941858706 8
      vertex 24.316644254458033 -40.1681883046049 8
    endloop
  endfacet
  facet normal -0.891006524188368 -0.4539904997395467 0
    outer loop
      vertex 25.23763238526327 -41.7254941858706 2
      vertex 26.059019111021364 -43.33755640292591 8
      vertex 25.23763238526327 -41.7254941858706 8
    endloop
  endfacet
  facet normal -0.9177546256839808 -0.39714789063478145 0
    outer loop
      vertex 26.059019111021364 -43.33755640292591 2
      vertex 26.77756279358164 -44.99801288268127 8
      vertex 26.059019111021364 -43.33755640292591 8
    endloop
  endfacet
  facet normal -0.940880768954226 -0.33873792024528954 0
    outer loop
      vertex 26.77756279358164 -44.99801288268127 2
      vertex 27.390427669300422 -46.70031056200152 8
      vertex 26.77756279358164 -44.99801288268127 8
    endloop
  endfacet
  facet normal 0 0 1
    outer loop
      vertex 18.357810904762264 -33.40921860805727 8
      vertex 19.714956650746235 -34.60570353026335 8
      vertex 19.505174086309907 -32.02229477106086 8
    endloop
  endfacet
  facet normal 0 0 1
    outer loop
      vertex 19.714956650746235 -34.60570353026335 8
      vertex 20.947141441417877 -33.293560000904804 8
      vertex 19.505174086309907 -32.02229477106086 8
    endloop
  endfacet
  facet normal 0 0 1
    outer loop
      vertex 19.714956650746235 -34.60570353026335 8
      vertex 20.994296469736653 -35.88504334925376 8
      vertex 20.947141441417877 -33.293560000904804 8
    endloop
  endfacet
  facet normal 0 0 1
    outer loop
      vertex 18.357810904762264 -33.40921860805727 8
      vertex 19.505174086309907 -32.02229477106086 8
      vertex 17.98622872014968 -30.844079972126607 8
    endloop
  endfacet
  facet normal 0 0 1
    outer loop
      vertex 22.19078139194273 -37.242189095237734 8
      vertex 20.947141441417877 -33.293560000904804 8
      vertex 20.994296469736653 -35.88504334925376 8
    endloop
  endfacet
  facet normal 0 0 1
    outer loop
      vertex 22.19078139194273 -37.242189095237734 8
      vertex 22.306439999095193 -34.652858558582125 8
      vertex 20.947141441417877 -33.293560000904804 8
    endloop
  endfacet
  facet normal 0 0 1
    outer loop
      vertex 22.19078139194273 -37.242189095237734 8
      vertex 23.299689437998488 -38.67178473397678 8
      vertex 22.306439999095193 -34.652858558582125 8
    endloop
  endfacet
  facet normal 0 0 1
    outer loop
      vertex 22.306439999095193 -34.652858558582125 8
      vertex 23.299689437998488 -38.67178473397678 8
      vertex 23.57770522893915 -36.094825913690094 8
    endloop
  endfacet
  facet normal 0 0 1
    outer loop
      vertex 23.299689437998488 -38.67178473397678 8
      vertex 24.316644254458033 -40.1681883046049 8
      vertex 23.57770522893915 -36.094825913690094 8
    endloop
  endfacet
  facet normal 0 0 1
    outer loop
      vertex 24.316644254458033 -40.1681883046049 8
      vertex 24.755920027873394 -37.613771279850326 8
      vertex 23.57770522893915 -36.094825913690094 8
    endloop
  endfacet
  facet normal 0 0 1
    outer loop
      vertex 24.316644254458033 -40.1681883046049 8
      vertex 25.23763238526327 -41.7254941858706 8
      vertex 24.755920027873394 -37.613771279850326 8
    endloop
  endfacet
  facet normal 0 0 1
    outer loop
      vertex 25.23763238526327 -41.7254941858706 8
      vertex 25.836434520361664 -39.20370007364271 8
      vertex 24.755920027873394 -37.613771279850326 8
    endloop
  endfacet
  facet normal 0 0 1
    outer loop
      vertex 26.059019111021364 -43.33755640292591 8
      vertex 26.77756279358164 -44.99801288268127 8
      vertex 26.814984409342227 -40.858337572487514 8
    endloop
  endfacet
  facet normal 0 0 1
    outer loop
      vertex 27.895195040504575 -48.43773124965218 8
      vertex 27.6877078054602 -42.57115367810878 8
      vertex 27.390427669300422 -46.70031056200152 8
    endloop
  endfacet
  facet normal 0 0 1
    outer loop
      vertex 26.77756279358164 -44.99801288268127 8
      vertex 27.390427669300422 -46.70031056200152 8
      vertex 26.814984409342227 -40.858337572487514 8
    endloop
  endfacet
  facet normal 0 0 1
    outer loop
      vertex 27.390427669300422 -46.70031056200152 8
      vertex 27.6877078054602 -42.57115367810878 8
      vertex 26.814984409342227 -40.858337572487514 8
    endloop
  endfacet
  facet normal 0 0 1
    outer loop
      vertex 25.23763238526327 -41.7254941858706 8
      vertex 26.059019111021364 -43.33755640292591 8
      vertex 25.836434520361664 -39.20370007364271 8
    endloop
  endfacet
  facet normal 0 0 1
    outer loop
      vertex 26.059019111021364 -43.33755640292591 8
      vertex 26.814984409342227 -40.858337572487514 8
      vertex 25.836434520361664 -39.20370007364271 8
    endloop
  endfacet
  facet normal 0 0 1
    outer loop
      vertex 27.895195040504575 -48.43773124965218 8
      vertex 28.451160468180493 -44.335388687848855 8
      vertex 27.6877078054602 -42.57115367810878 8
    endloop
  endfacet
  facet normal 0 0 -1
    outer loop
      vertex -37 25 0
      vertex 32.172909084714796 34.1865267138484 0
      vertex 32.38196601125011 33.82442949541505 0
    endloop
  endfacet
  facet normal 0 0 -1
    outer loop
      vertex -37 25 0
      vertex 32.04370479853239 34.58417661836448 0
      vertex 32.172909084714796 34.1865267138484 0
    endloop
  endfacet
  facet normal 0 0 -1
    outer loop
      vertex -37 25 0
      vertex 32 35 0
      vertex 32.04370479853239 34.58417661836448 0
    endloop
  endfacet
  facet normal 0 0 -1
    outer loop
      vertex 32.38196601125011 33.82442949541505 0
      vertex 7.5 25 0
      vertex -7.5 25 0
    endloop
  endfacet
  facet normal 1 0 0
    outer loop
      vertex 7.5 -25 4
      vertex 7.5 25 0
      vertex 7.5 25 3
    endloop
  endfacet
  facet normal 1 0 0
    outer loop
      vertex 7.5 -25 4
      vertex 7.5 25 3
      vertex 7.5 25 4
    endloop
  endfacet
  facet normal 0 0 1
    outer loop
      vertex -32.38196601125011 33.82442949541505 3
      vertex 7.5 25 3
      vertex 37 25 3
    endloop
  endfacet
  facet normal 0 1 0
    outer loop
      vertex -7.5 25 4
      vertex 7.5 25 4
      vertex 7.5 25 3
    endloop
  endfacet
  facet normal 0 -1 0
    outer loop
      vertex 37 25 3
      vertex 7.5 25 3
      vertex 7.5 25 0
    endloop
  endfacet
  facet normal 0 0 1
    outer loop
      vertex -31.5 34 3
      vertex 37 25 3
      vertex 33.790943073464696 33.010956209263455 3
    endloop
  endfacet
  facet normal 0 0 -1
    outer loop
      vertex -37 25 0
      vertex 32.04370479853239 35.41582338163552 0
      vertex 32 35 0
    endloop
  endfacet
  facet normal 0 0 -1
    outer loop
      vertex -37 25 0
      vertex 32.172909084714796 35.8134732861516 0
      vertex 32.04370479853239 35.41582338163552 0
    endloop
  endfacet
  facet normal 0 0 -1
    outer loop
      vertex -20 45 0
      vertex 20 51 0
      vertex 20 45 0
    endloop
  endfacet
  facet normal 0 0 -1
    outer loop
      vertex -34.209056926535304 36.989043790736545 0
      vertex 20 45 0
      vertex 37 45 0
    endloop
  endfacet
  facet normal 0 0 1
    outer loop
      vertex -20 51 1
      vertex 20 45 1
      vertex 20 51 1
    endloop
  endfacet
  facet normal 0 0 -1
    outer loop
      vertex -37 25 0
      vertex 37 45 0
      vertex 32.172909084714796 35.8134732861516 0
    endloop
  endfacet
  facet normal 0 -1 0
    outer loop
      vertex -20 51 1
      vertex 20 51 1
      vertex 37 51 3
    endloop
  endfacet
  facet normal 0 0 -1
    outer loop
      vertex -20 51 0
      vertex 37 71 0
      vertex 20 51 0
    endloop
  endfacet
  facet normal 0 1 0
    outer loop
      vertex -37 45 3
      vertex 37 45 3
      vertex 20 45 1
    endloop
  endfacet
  facet normal 0 0 1
    outer loop
      vertex -37 45 3
      vertex 31.5 36 3
      vertex 32.38196601125011 36.17557050458495 3
    endloop
  endfacet
  facet normal 0 -1 0
    outer loop
      vertex -31.5 34 3.1
      vertex 31.5 34 3
      vertex 31.5 34 3.1
    endloop
  endfacet
  facet normal 0 0 1
    outer loop
      vertex -31.5 34 3
      vertex 33 33.267949192431125 3
      vertex 31.5 34 3
    endloop
  endfacet
  facet normal 0 1 0
    outer loop
      vertex -31.5 36 3
      vertex 31.5 36 3.1
      vertex 31.5 36 3
    endloop
  endfacet
  facet normal 0 0 1
    outer loop
      vertex -37 45 3
      vertex 32.38196601125011 36.17557050458495 3
      vertex 32.66173878728228 36.48628965095479 3
    endloop
  endfacet
  facet normal 0 0 1
    outer loop
      vertex -37 45 3
      vertex 32.66173878728228 36.48628965095479 3
      vertex 33 36.732050807568875 3
    endloop
  endfacet
  facet normal 0 0 1
    outer loop
      vertex -37 45 3
      vertex 33 36.732050807568875 3
      vertex 33.38196601125011 36.90211303259031 3
    endloop
  endfacet
  facet normal 0 0 1
    outer loop
      vertex -37 45 3
      vertex 33.38196601125011 36.90211303259031 3
      vertex 33.790943073464696 36.989043790736545 3
    endloop
  endfacet
  facet normal 0 0 1
    outer loop
      vertex -37 45 3
      vertex 33.790943073464696 36.989043790736545 3
      vertex 34.209056926535304 36.989043790736545 3
    endloop
  endfacet
  facet normal 0 0 1
    outer loop
      vertex -31.5 34 3
      vertex 33.38196601125011 33.09788696740969 3
      vertex 33 33.267949192431125 3
    endloop
  endfacet
  facet normal 0 0 1
    outer loop
      vertex -31.5 34 3
      vertex 33.790943073464696 33.010956209263455 3
      vertex 33.38196601125011 33.09788696740969 3
    endloop
  endfacet
  facet normal 0 -0.9486832980505138 0.31622776601683805
    outer loop
      vertex -31.5 34 3.1
      vertex 31.5 34 3.1
      vertex 31.5 34.5 4.6
    endloop
  endfacet
  facet normal 0 0 1
    outer loop
      vertex -37 45 3
      vertex 34.209056926535304 36.989043790736545 3
      vertex 37 45 3
    endloop
  endfacet
  facet normal 0 1 0
    outer loop
      vertex -37 71 3
      vertex 37 71 3
      vertex 37 71 0
    endloop
  endfacet
  facet normal 0 0 1
    outer loop
      vertex -31.5 60 3
      vertex 32.4628677106876 59.883208020644304 3
      vertex 31.5 60 3
    endloop
  endfacet
  facet normal 0 -1 0
    outer loop
      vertex -31.5 60 3.1
      vertex 31.5 60 3
      vertex 31.5 60 3.1
    endloop
  endfacet
  facet normal 0 0 1
    outer loop
      vertex -31.5 60 3
      vertex 32.72865184791817 59.58802483159295 3
      vertex 32.4628677106876 59.883208020644304 3
    endloop
  endfacet
  facet normal 0 0 1
    outer loop
      vertex -31.5 60 3
      vertex 33.05 59.35455173280957 3
      vertex 32.72865184791817 59.58802483159295 3
    endloop
  endfacet
  facet normal 0 0 1
    outer loop
      vertex -31.5 60 3
      vertex 33.4128677106876 59.19299261903921 3
      vertex 33.05 59.35455173280957 3
    endloop
  endfacet
  facet normal 0 0 1
    outer loop
      vertex -31.5 60 3
      vertex 33.80139591979146 59.11040839880028 3
      vertex 33.4128677106876 59.19299261903921 3
    endloop
  endfacet
  facet normal 0 0 1
    outer loop
      vertex -31.5 60 3
      vertex 37 51 3
      vertex 33.80139591979146 59.11040839880028 3
    endloop
  endfacet
  facet normal 0 -0.9486832980505138 0.31622776601683805
    outer loop
      vertex -31.5 60 3.1
      vertex 31.5 60 3.1
      vertex 31.5 60.5 4.6
    endloop
  endfacet
  facet normal 0 1 0
    outer loop
      vertex -31.5 62 3
      vertex 31.5 62 3.1
      vertex 31.5 62 3
    endloop
  endfacet
  facet normal 0 0 1
    outer loop
      vertex -31.5 62 3
      vertex 31.5 62 3
      vertex 32.4628677106876 62.116791979355696 3
    endloop
  endfacet
  facet normal 0 0 1
    outer loop
      vertex -31.5 62 3
      vertex 32.4628677106876 62.116791979355696 3
      vertex 32.72865184791817 62.41197516840705 3
    endloop
  endfacet
  facet normal 0 0 1
    outer loop
      vertex -31.5 62 3
      vertex 32.72865184791817 62.41197516840705 3
      vertex 33.05 62.64544826719043 3
    endloop
  endfacet
  facet normal 0 0 1
    outer loop
      vertex -31.5 62 3
      vertex 33.05 62.64544826719043 3
      vertex 33.4128677106876 62.80700738096079 3
    endloop
  endfacet
  facet normal 0 0 1
    outer loop
      vertex -31.5 62 3
      vertex 33.4128677106876 62.80700738096079 3
      vertex 33.80139591979146 62.88959160119972 3
    endloop
  endfacet
  facet normal 0 0 1
    outer loop
      vertex -31.5 62 3
      vertex 33.80139591979146 62.88959160119972 3
      vertex 37 71 3
    endloop
  endfacet
  facet normal 0 0 -1
    outer loop
      vertex 37 25 0
      vertex 7.5 25 0
      vertex 32.38196601125011 33.82442949541505 0
    endloop
  endfacet
  facet normal 0 -1 0
    outer loop
      vertex 37 25 0
      vertex 37 25 3
      vertex 7.5 25 0
    endloop
  endfacet
  facet normal 0 0 -1
    outer loop
      vertex 37 25 0
      vertex 32.38196601125011 33.82442949541505 0
      vertex 32.66173878728228 33.51371034904521 0
    endloop
  endfacet
  facet normal 0 0 -1
    outer loop
      vertex 37 25 0
      vertex 33 33.267949192431125 0
      vertex 33.38196601125011 33.09788696740969 0
    endloop
  endfacet
  facet normal 0 0 -1
    outer loop
      vertex 37 25 0
      vertex 32.66173878728228 33.51371034904521 0
      vertex 33 33.267949192431125 0
    endloop
  endfacet
  facet normal 0 0 -1
    outer loop
      vertex 37 25 0
      vertex 33.38196601125011 33.09788696740969 0
      vertex 33.790943073464696 33.010956209263455 0
    endloop
  endfacet
  facet normal 0 0 -1
    outer loop
      vertex 37 25 0
      vertex 33.790943073464696 33.010956209263455 0
      vertex 34.209056926535304 33.010956209263455 0
    endloop
  endfacet
  facet normal 0 0 -1
    outer loop
      vertex 37 25 0
      vertex 34.209056926535304 33.010956209263455 0
      vertex 34.61803398874989 33.09788696740969 0
    endloop
  endfacet
  facet normal 0 0 -1
    outer loop
      vertex 37 25 0
      vertex 34.61803398874989 33.09788696740969 0
      vertex 35 33.267949192431125 0
    endloop
  endfacet
  facet normal 0 0 -1
    outer loop
      vertex 37 25 0
      vertex 35 33.267949192431125 0
      vertex 35.33826121271772 33.51371034904521 0
    endloop
  endfacet
  facet normal 0 0 -1
    outer loop
      vertex 37 25 0
      vertex 35.33826121271772 33.51371034904521 0
      vertex 35.61803398874989 33.82442949541505 0
    endloop
  endfacet
  facet normal 0 0 -1
    outer loop
      vertex 37 25 0
      vertex 35.61803398874989 33.82442949541505 0
      vertex 35.827090915285204 34.1865267138484 0
    endloop
  endfacet
  facet normal 0 0 -1
    outer loop
      vertex 37 25 0
      vertex 35.827090915285204 34.1865267138484 0
      vertex 35.95629520146761 34.58417661836448 0
    endloop
  endfacet
  facet normal 0 0 -1
    outer loop
      vertex 37 25 0
      vertex 35.95629520146761 34.58417661836448 0
      vertex 36 35 0
    endloop
  endfacet
  facet normal 1 0 0
    outer loop
      vertex 37 25 0
      vertex 37 45 0
      vertex 37 25 3
    endloop
  endfacet
  facet normal 0 0 1
    outer loop
      vertex 37 25 3
      vertex 34.209056926535304 33.010956209263455 3
      vertex 33.790943073464696 33.010956209263455 3
    endloop
  endfacet
  facet normal 0 0 1
    outer loop
      vertex 37 25 3
      vertex 34.61803398874989 33.09788696740969 3
      vertex 34.209056926535304 33.010956209263455 3
    endloop
  endfacet
  facet normal 0 0 1
    outer loop
      vertex 37 25 3
      vertex 35 33.267949192431125 3
      vertex 34.61803398874989 33.09788696740969 3
    endloop
  endfacet
  facet normal 0 0 1
    outer loop
      vertex 37 25 3
      vertex 35.33826121271772 33.51371034904521 3
      vertex 35 33.267949192431125 3
    endloop
  endfacet
  facet normal 0 0 1
    outer loop
      vertex 37 25 3
      vertex 35.61803398874989 33.82442949541505 3
      vertex 35.33826121271772 33.51371034904521 3
    endloop
  endfacet
  facet normal 0 0 1
    outer loop
      vertex 37 25 3
      vertex 35.827090915285204 34.1865267138484 3
      vertex 35.61803398874989 33.82442949541505 3
    endloop
  endfacet
  facet normal 0 0 1
    outer loop
      vertex 37 25 3
      vertex 35.95629520146761 34.58417661836448 3
      vertex 35.827090915285204 34.1865267138484 3
    endloop
  endfacet
  facet normal 0 0 1
    outer loop
      vertex 37 25 3
      vertex 36 35 3
      vertex 35.95629520146761 34.58417661836448 3
    endloop
  endfacet
  facet normal 1 0 0
    outer loop
      vertex 20 45 0
      vertex 20 51 0
      vertex 20 45 1
    endloop
  endfacet
  facet normal 1 0 0
    outer loop
      vertex 20 51 0
      vertex 20 51 1
      vertex 20 45 1
    endloop
  endfacet
  facet normal 0 -1 0
    outer loop
      vertex 20 51 0
      vertex 37 51 0
      vertex 20 51 1
    endloop
  endfacet
  facet normal 0 1 0
    outer loop
      vertex 20 45 0
      vertex 20 45 1
      vertex 37 45 3
    endloop
  endfacet
  facet normal 0 0 -1
    outer loop
      vertex 32.172909084714796 35.8134732861516 0
      vertex 37 45 0
      vertex 32.38196601125011 36.17557050458495 0
    endloop
  endfacet
  facet normal 0 0 -1
    outer loop
      vertex 32.38196601125011 36.17557050458495 0
      vertex 37 45 0
      vertex 32.66173878728228 36.48628965095479 0
    endloop
  endfacet
  facet normal 0 0 -1
    outer loop
      vertex 32.66173878728228 36.48628965095479 0
      vertex 37 45 0
      vertex 33 36.732050807568875 0
    endloop
  endfacet
  facet normal 0 0 -1
    outer loop
      vertex 33 36.732050807568875 0
      vertex 37 45 0
      vertex 33.38196601125011 36.90211303259031 0
    endloop
  endfacet
  facet normal 0 0 -1
    outer loop
      vertex 37 25 0
      vertex 36 35 0
      vertex 37 45 0
    endloop
  endfacet
  facet normal 0 0 -1
    outer loop
      vertex 33.38196601125011 36.90211303259031 0
      vertex 37 45 0
      vertex 33.790943073464696 36.989043790736545 0
    endloop
  endfacet
  facet normal 0 0 -1
    outer loop
      vertex 33.790943073464696 36.989043790736545 0
      vertex 37 45 0
      vertex 34.209056926535304 36.989043790736545 0
    endloop
  endfacet
  facet normal 0 0 -1
    outer loop
      vertex 34.209056926535304 36.989043790736545 0
      vertex 37 45 0
      vertex 34.61803398874989 36.90211303259031 0
    endloop
  endfacet
  facet normal 0 0 -1
    outer loop
      vertex 34.61803398874989 36.90211303259031 0
      vertex 37 45 0
      vertex 35 36.732050807568875 0
    endloop
  endfacet
  facet normal 0 0 -1
    outer loop
      vertex 35.33826121271772 36.48628965095479 0
      vertex 35 36.732050807568875 0
      vertex 37 45 0
    endloop
  endfacet
  facet normal 0 0 -1
    outer loop
      vertex 35.827090915285204 35.8134732861516 0
      vertex 37 45 0
      vertex 35.95629520146761 35.41582338163552 0
    endloop
  endfacet
  facet normal 0 0 -1
    outer loop
      vertex 35.827090915285204 35.8134732861516 0
      vertex 35.61803398874989 36.17557050458495 0
      vertex 37 45 0
    endloop
  endfacet
  facet normal 0 0 -1
    outer loop
      vertex 36 35 0
      vertex 35.95629520146761 35.41582338163552 0
      vertex 37 45 0
    endloop
  endfacet
  facet normal 0 0 -1
    outer loop
      vertex 35.33826121271772 36.48628965095479 0
      vertex 37 45 0
      vertex 35.61803398874989 36.17557050458495 0
    endloop
  endfacet
  facet normal 0.8660254037844358 0.500000000000005 0
    outer loop
      vertex 32.172909084714796 34.1865267138484 0
      vertex 32.172909084714796 34.1865267138484 3
      vertex 32.38196601125011 33.82442949541505 0
    endloop
  endfacet
  facet normal 0.9945218953682735 0.1045284632676531 0
    outer loop
      vertex 32.04370479853239 34.58417661836448 0
      vertex 32 35 0
      vertex 32 35 3
    endloop
  endfacet
  facet normal 0.9945218953682735 -0.1045284632676531 0
    outer loop
      vertex 32 35 0
      vertex 32.04370479853239 35.41582338163552 0
      vertex 32.04370479853239 35.41582338163552 3
    endloop
  endfacet
  facet normal 0.9510565162951546 0.30901699437494423 0
    outer loop
      vertex 32.04370479853239 34.58417661836448 0
      vertex 32.04370479853239 34.58417661836448 3
      vertex 32.172909084714796 34.1865267138484 0
    endloop
  endfacet
  facet normal 0.9510565162951546 -0.30901699437494423 0
    outer loop
      vertex 32.04370479853239 35.41582338163552 0
      vertex 32.172909084714796 35.8134732861516 0
      vertex 32.172909084714796 35.8134732861516 3
    endloop
  endfacet
  facet normal 0.8660254037844358 -0.500000000000005 0
    outer loop
      vertex 32.172909084714796 35.8134732861516 0
      vertex 32.38196601125011 36.17557050458495 0
      vertex 32.38196601125011 36.17557050458495 3
    endloop
  endfacet
  facet normal 0 1 0
    outer loop
      vertex 20 45 0
      vertex 37 45 3
      vertex 37 45 0
    endloop
  endfacet
  facet normal 0 -1 0
    outer loop
      vertex 20 51 1
      vertex 37 51 0
      vertex 37 51 3
    endloop
  endfacet
  facet normal 0.7431448254773975 0.6691306063588546 0
    outer loop
      vertex 32.66173878728228 33.51371034904521 0
      vertex 32.38196601125011 33.82442949541505 0
      vertex 32.38196601125011 33.82442949541505 3
    endloop
  endfacet
  facet normal 0.587785252292468 0.8090169943749511 0
    outer loop
      vertex 32.66173878728228 33.51371034904521 0
      vertex 32.66173878728228 33.51371034904521 3
      vertex 33 33.267949192431125 0
    endloop
  endfacet
  facet normal 0.4067366430758036 0.9135454576425993 0
    outer loop
      vertex 33 33.267949192431125 0
      vertex 33 33.267949192431125 3
      vertex 33.38196601125011 33.09788696740969 0
    endloop
  endfacet
  facet normal 0.20791169081775512 0.9781476007338065 0
    outer loop
      vertex 33.38196601125011 33.09788696740969 0
      vertex 33.38196601125011 33.09788696740969 3
      vertex 33.790943073464696 33.010956209263455 0
    endloop
  endfacet
  facet normal 0.7431448254773975 -0.6691306063588546 0
    outer loop
      vertex 32.38196601125011 36.17557050458495 0
      vertex 32.66173878728228 36.48628965095479 0
      vertex 32.66173878728228 36.48628965095479 3
    endloop
  endfacet
  facet normal 0 1 0
    outer loop
      vertex 33.790943073464696 33.010956209263455 0
      vertex 33.790943073464696 33.010956209263455 3
      vertex 34.209056926535304 33.010956209263455 0
    endloop
  endfacet
  facet normal -0.20791169081775512 0.9781476007338065 0
    outer loop
      vertex 34.209056926535304 33.010956209263455 0
      vertex 34.209056926535304 33.010956209263455 3
      vertex 34.61803398874989 33.09788696740969 0
    endloop
  endfacet
  facet normal 0.587785252292468 -0.8090169943749511 0
    outer loop
      vertex 32.66173878728228 36.48628965095479 0
      vertex 33 36.732050807568875 0
      vertex 33 36.732050807568875 3
    endloop
  endfacet
  facet normal 0.4067366430758036 -0.9135454576425993 0
    outer loop
      vertex 33 36.732050807568875 0
      vertex 33.38196601125011 36.90211303259031 0
      vertex 33.38196601125011 36.90211303259031 3
    endloop
  endfacet
  facet normal 0.20791169081775512 -0.9781476007338065 0
    outer loop
      vertex 33.38196601125011 36.90211303259031 0
      vertex 33.790943073464696 36.989043790736545 0
      vertex 33.790943073464696 36.989043790736545 3
    endloop
  endfacet
  facet normal 0 -1 0
    outer loop
      vertex 33.790943073464696 36.989043790736545 0
      vertex 34.209056926535304 36.989043790736545 0
      vertex 34.209056926535304 36.989043790736545 3
    endloop
  endfacet
  facet normal -0.20791169081775512 -0.9781476007338065 0
    outer loop
      vertex 34.209056926535304 36.989043790736545 0
      vertex 34.61803398874989 36.90211303259031 0
      vertex 34.61803398874989 36.90211303259031 3
    endloop
  endfacet
  facet normal -0.4067366430758036 0.9135454576425993 0
    outer loop
      vertex 34.61803398874989 33.09788696740969 0
      vertex 34.61803398874989 33.09788696740969 3
      vertex 35 33.267949192431125 0
    endloop
  endfacet
  facet normal -0.587785252292468 0.8090169943749511 0
    outer loop
      vertex 35 33.267949192431125 0
      vertex 35 33.267949192431125 3
      vertex 35.33826121271772 33.51371034904521 0
    endloop
  endfacet
  facet normal -0.7431448254773975 0.6691306063588546 0
    outer loop
      vertex 35.33826121271772 33.51371034904521 0
      vertex 35.33826121271772 33.51371034904521 3
      vertex 35.61803398874989 33.82442949541505 0
    endloop
  endfacet
  facet normal -0.8660254037844358 0.500000000000005 0
    outer loop
      vertex 35.61803398874989 33.82442949541505 0
      vertex 35.61803398874989 33.82442949541505 3
      vertex 35.827090915285204 34.1865267138484 0
    endloop
  endfacet
  facet normal -0.587785252292468 -0.8090169943749511 0
    outer loop
      vertex 35.33826121271772 36.48628965095479 0
      vertex 35.33826121271772 36.48628965095479 3
      vertex 35 36.732050807568875 0
    endloop
  endfacet
  facet normal -0.7431448254773975 -0.6691306063588546 0
    outer loop
      vertex 35.33826121271772 36.48628965095479 0
      vertex 35.61803398874989 36.17557050458495 0
      vertex 35.61803398874989 36.17557050458495 3
    endloop
  endfacet
  facet normal -0.8660254037844358 -0.500000000000005 0
    outer loop
      vertex 35.827090915285204 35.8134732861516 0
      vertex 35.827090915285204 35.8134732861516 3
      vertex 35.61803398874989 36.17557050458495 0
    endloop
  endfacet
  facet normal -0.9510565162951546 0.30901699437494423 0
    outer loop
      vertex 35.827090915285204 34.1865267138484 0
      vertex 35.827090915285204 34.1865267138484 3
      vertex 35.95629520146761 34.58417661836448 0
    endloop
  endfacet
  facet normal -0.9945218953682735 0.1045284632676531 0
    outer loop
      vertex 35.95629520146761 34.58417661836448 0
      vertex 35.95629520146761 34.58417661836448 3
      vertex 36 35 0
    endloop
  endfacet
  facet normal -0.9945218953682735 -0.1045284632676531 0
    outer loop
      vertex 36 35 0
      vertex 36 35 3
      vertex 35.95629520146761 35.41582338163552 0
    endloop
  endfacet
  facet normal -0.9510565162951546 -0.30901699437494423 0
    outer loop
      vertex 35.827090915285204 35.8134732861516 0
      vertex 35.95629520146761 35.41582338163552 0
      vertex 35.95629520146761 35.41582338163552 3
    endloop
  endfacet
  facet normal -0.4067366430758036 -0.9135454576425993 0
    outer loop
      vertex 34.61803398874989 36.90211303259031 0
      vertex 35 36.732050807568875 0
      vertex 35 36.732050807568875 3
    endloop
  endfacet
  facet normal 0 0 -1
    outer loop
      vertex 20 51 0
      vertex 37 71 0
      vertex 37 51 0
    endloop
  endfacet
  facet normal 1 0 0
    outer loop
      vertex 37 51 0
      vertex 37 71 0
      vertex 37 51 3
    endloop
  endfacet
  facet normal 0.8660254037844358 0.500000000000005 0
    outer loop
      vertex 32.38196601125011 33.82442949541505 0
      vertex 32.172909084714796 34.1865267138484 3
      vertex 32.38196601125011 33.82442949541505 3
    endloop
  endfacet
  facet normal 0.9945218953682735 0.1045284632676531 0
    outer loop
      vertex 32.04370479853239 34.58417661836448 0
      vertex 32 35 3
      vertex 32.04370479853239 34.58417661836448 3
    endloop
  endfacet
  facet normal 0.9945218953682735 -0.1045284632676531 0
    outer loop
      vertex 32 35 0
      vertex 32.04370479853239 35.41582338163552 3
      vertex 32 35 3
    endloop
  endfacet
  facet normal 0.9510565162951546 0.30901699437494423 0
    outer loop
      vertex 32.172909084714796 34.1865267138484 0
      vertex 32.04370479853239 34.58417661836448 3
      vertex 32.172909084714796 34.1865267138484 3
    endloop
  endfacet
  facet normal 0.9510565162951546 -0.30901699437494423 0
    outer loop
      vertex 32.04370479853239 35.41582338163552 0
      vertex 32.172909084714796 35.8134732861516 3
      vertex 32.04370479853239 35.41582338163552 3
    endloop
  endfacet
  facet normal 0.8660254037844358 -0.500000000000005 0
    outer loop
      vertex 32.172909084714796 35.8134732861516 0
      vertex 32.38196601125011 36.17557050458495 3
      vertex 32.172909084714796 35.8134732861516 3
    endloop
  endfacet
  facet normal 0.7431448254773975 0.6691306063588546 0
    outer loop
      vertex 32.66173878728228 33.51371034904521 0
      vertex 32.38196601125011 33.82442949541505 3
      vertex 32.66173878728228 33.51371034904521 3
    endloop
  endfacet
  facet normal 0.587785252292468 0.8090169943749511 0
    outer loop
      vertex 33 33.267949192431125 0
      vertex 32.66173878728228 33.51371034904521 3
      vertex 33 33.267949192431125 3
    endloop
  endfacet
  facet normal 0.4067366430758036 0.9135454576425993 0
    outer loop
      vertex 33.38196601125011 33.09788696740969 0
      vertex 33 33.267949192431125 3
      vertex 33.38196601125011 33.09788696740969 3
    endloop
  endfacet
  facet normal 0.7431448254773975 -0.6691306063588546 0
    outer loop
      vertex 32.38196601125011 36.17557050458495 0
      vertex 32.66173878728228 36.48628965095479 3
      vertex 32.38196601125011 36.17557050458495 3
    endloop
  endfacet
  facet normal 0.587785252292468 -0.8090169943749511 0
    outer loop
      vertex 32.66173878728228 36.48628965095479 0
      vertex 33 36.732050807568875 3
      vertex 32.66173878728228 36.48628965095479 3
    endloop
  endfacet
  facet normal 0.20791169081775512 0.9781476007338065 0
    outer loop
      vertex 33.790943073464696 33.010956209263455 0
      vertex 33.38196601125011 33.09788696740969 3
      vertex 33.790943073464696 33.010956209263455 3
    endloop
  endfacet
  facet normal 0 1 0
    outer loop
      vertex 34.209056926535304 33.010956209263455 0
      vertex 33.790943073464696 33.010956209263455 3
      vertex 34.209056926535304 33.010956209263455 3
    endloop
  endfacet
  facet normal -0.20791169081775512 0.9781476007338065 0
    outer loop
      vertex 34.61803398874989 33.09788696740969 0
      vertex 34.209056926535304 33.010956209263455 3
      vertex 34.61803398874989 33.09788696740969 3
    endloop
  endfacet
  facet normal 0.4067366430758036 -0.9135454576425993 0
    outer loop
      vertex 33 36.732050807568875 0
      vertex 33.38196601125011 36.90211303259031 3
      vertex 33 36.732050807568875 3
    endloop
  endfacet
  facet normal 0.20791169081775512 -0.9781476007338065 0
    outer loop
      vertex 33.38196601125011 36.90211303259031 0
      vertex 33.790943073464696 36.989043790736545 3
      vertex 33.38196601125011 36.90211303259031 3
    endloop
  endfacet
  facet normal 0 -1 0
    outer loop
      vertex 33.790943073464696 36.989043790736545 0
      vertex 34.209056926535304 36.989043790736545 3
      vertex 33.790943073464696 36.989043790736545 3
    endloop
  endfacet
  facet normal -0.20791169081775512 -0.9781476007338065 0
    outer loop
      vertex 34.209056926535304 36.989043790736545 0
      vertex 34.61803398874989 36.90211303259031 3
      vertex 34.209056926535304 36.989043790736545 3
    endloop
  endfacet
  facet normal -0.4067366430758036 0.9135454576425993 0
    outer loop
      vertex 35 33.267949192431125 0
      vertex 34.61803398874989 33.09788696740969 3
      vertex 35 33.267949192431125 3
    endloop
  endfacet
  facet normal -0.587785252292468 0.8090169943749511 0
    outer loop
      vertex 35.33826121271772 33.51371034904521 0
      vertex 35 33.267949192431125 3
      vertex 35.33826121271772 33.51371034904521 3
    endloop
  endfacet
  facet normal -0.7431448254773975 0.6691306063588546 0
    outer loop
      vertex 35.61803398874989 33.82442949541505 0
      vertex 35.33826121271772 33.51371034904521 3
      vertex 35.61803398874989 33.82442949541505 3
    endloop
  endfacet
  facet normal -0.8660254037844358 0.500000000000005 0
    outer loop
      vertex 35.827090915285204 34.1865267138484 0
      vertex 35.61803398874989 33.82442949541505 3
      vertex 35.827090915285204 34.1865267138484 3
    endloop
  endfacet
  facet normal -0.7431448254773975 -0.6691306063588546 0
    outer loop
      vertex 35.33826121271772 36.48628965095479 0
      vertex 35.61803398874989 36.17557050458495 3
      vertex 35.33826121271772 36.48628965095479 3
    endloop
  endfacet
  facet normal -0.8660254037844358 -0.500000000000005 0
    outer loop
      vertex 35.61803398874989 36.17557050458495 0
      vertex 35.827090915285204 35.8134732861516 3
      vertex 35.61803398874989 36.17557050458495 3
    endloop
  endfacet
  facet normal -0.9510565162951546 0.30901699437494423 0
    outer loop
      vertex 35.95629520146761 34.58417661836448 0
      vertex 35.827090915285204 34.1865267138484 3
      vertex 35.95629520146761 34.58417661836448 3
    endloop
  endfacet
  facet normal -0.9945218953682735 0.1045284632676531 0
    outer loop
      vertex 36 35 0
      vertex 35.95629520146761 34.58417661836448 3
      vertex 36 35 3
    endloop
  endfacet
  facet normal -0.9945218953682735 -0.1045284632676531 0
    outer loop
      vertex 35.95629520146761 35.41582338163552 0
      vertex 36 35 3
      vertex 35.95629520146761 35.41582338163552 3
    endloop
  endfacet
  facet normal -0.9510565162951546 -0.30901699437494423 0
    outer loop
      vertex 35.827090915285204 35.8134732861516 0
      vertex 35.95629520146761 35.41582338163552 3
      vertex 35.827090915285204 35.8134732861516 3
    endloop
  endfacet
  facet normal -0.4067366430758036 -0.9135454576425993 0
    outer loop
      vertex 34.61803398874989 36.90211303259031 0
      vertex 35 36.732050807568875 3
      vertex 34.61803398874989 36.90211303259031 3
    endloop
  endfacet
  facet normal -0.587785252292468 -0.8090169943749511 0
    outer loop
      vertex 35 36.732050807568875 0
      vertex 35.33826121271772 36.48628965095479 3
      vertex 35 36.732050807568875 3
    endloop
  endfacet
  facet normal 1 0 0
    outer loop
      vertex 37 25 3
      vertex 37 45 0
      vertex 37 45 3
    endloop
  endfacet
  facet normal 0 0 1
    outer loop
      vertex 31.5 34 3
      vertex 32.38196601125011 33.82442949541505 3
      vertex 32.172909084714796 34.1865267138484 3
    endloop
  endfacet
  facet normal 0 0 1
    outer loop
      vertex 31.5 34 3
      vertex 32.66173878728228 33.51371034904521 3
      vertex 32.38196601125011 33.82442949541505 3
    endloop
  endfacet
  facet normal 1 0 0
    outer loop
      vertex 31.5 34 3
      vertex 31.5 36 3
      vertex 31.5 36 3.1
    endloop
  endfacet
  facet normal 0 0 1
    outer loop
      vertex 31.5 34 3
      vertex 32.172909084714796 34.1865267138484 3
      vertex 31.5 36 3
    endloop
  endfacet
  facet normal 0 0 1
    outer loop
      vertex 31.5 36 3
      vertex 32.172909084714796 34.1865267138484 3
      vertex 32.04370479853239 34.58417661836448 3
    endloop
  endfacet
  facet normal 0 0 1
    outer loop
      vertex 31.5 36 3
      vertex 32.04370479853239 34.58417661836448 3
      vertex 32 35 3
    endloop
  endfacet
  facet normal 0 0 1
    outer loop
      vertex 31.5 36 3
      vertex 32 35 3
      vertex 32.04370479853239 35.41582338163552 3
    endloop
  endfacet
  facet normal 0 0 1
    outer loop
      vertex 31.5 36 3
      vertex 32.04370479853239 35.41582338163552 3
      vertex 32.172909084714796 35.8134732861516 3
    endloop
  endfacet
  facet normal 0 0 1
    outer loop
      vertex 31.5 36 3
      vertex 32.172909084714796 35.8134732861516 3
      vertex 32.38196601125011 36.17557050458495 3
    endloop
  endfacet
  facet normal 1 0 0
    outer loop
      vertex 31.5 34 3
      vertex 31.5 34.5 4.6
      vertex 31.5 34 3.1
    endloop
  endfacet
  facet normal 1 0 0
    outer loop
      vertex 31.5 34 3
      vertex 31.5 36 3.1
      vertex 31.5 34.5 4.6
    endloop
  endfacet
  facet normal 0 0 1
    outer loop
      vertex 31.5 34 3
      vertex 33 33.267949192431125 3
      vertex 32.66173878728228 33.51371034904521 3
    endloop
  endfacet
  facet normal 0 0 1
    outer loop
      vertex 37 25 3
      vertex 37 45 3
      vertex 36 35 3
    endloop
  endfacet
  facet normal 0 0 1
    outer loop
      vertex 34.209056926535304 36.989043790736545 3
      vertex 34.61803398874989 36.90211303259031 3
      vertex 37 45 3
    endloop
  endfacet
  facet normal 0 0 1
    outer loop
      vertex 34.61803398874989 36.90211303259031 3
      vertex 35 36.732050807568875 3
      vertex 37 45 3
    endloop
  endfacet
  facet normal 0 0 1
    outer loop
      vertex 35.33826121271772 36.48628965095479 3
      vertex 37 45 3
      vertex 35 36.732050807568875 3
    endloop
  endfacet
  facet normal 0 0 1
    outer loop
      vertex 35.827090915285204 35.8134732861516 3
      vertex 35.95629520146761 35.41582338163552 3
      vertex 37 45 3
    endloop
  endfacet
  facet normal 0 0 1
    outer loop
      vertex 35.827090915285204 35.8134732861516 3
      vertex 37 45 3
      vertex 35.61803398874989 36.17557050458495 3
    endloop
  endfacet
  facet normal 0 0 1
    outer loop
      vertex 36 35 3
      vertex 37 45 3
      vertex 35.95629520146761 35.41582338163552 3
    endloop
  endfacet
  facet normal 0 0 1
    outer loop
      vertex 35.33826121271772 36.48628965095479 3
      vertex 35.61803398874989 36.17557050458495 3
      vertex 37 45 3
    endloop
  endfacet
  facet normal 1 0 0
    outer loop
      vertex 37 71 0
      vertex 37 71 3
      vertex 37 51 3
    endloop
  endfacet
  facet normal 0 0 1
    outer loop
      vertex 31.5 60 3
      vertex 32.1 61 3
      vertex 31.5 62 3
    endloop
  endfacet
  facet normal 0 0 1
    outer loop
      vertex 31.5 60 3
      vertex 32.14151955860577 60.604967787446256 3
      vertex 32.1 61 3
    endloop
  endfacet
  facet normal 0 0 1
    outer loop
      vertex 31.5 60 3
      vertex 32.4628677106876 59.883208020644304 3
      vertex 32.26426363047906 60.22720037815598 3
    endloop
  endfacet
  facet normal 0 0 1
    outer loop
      vertex 31.5 60 3
      vertex 32.26426363047906 60.22720037815598 3
      vertex 32.14151955860577 60.604967787446256 3
    endloop
  endfacet
  facet normal 1 0 0
    outer loop
      vertex 31.5 60 3
      vertex 31.5 60.5 4.6
      vertex 31.5 60 3.1
    endloop
  endfacet
  facet normal 1 0 0
    outer loop
      vertex 31.5 60 3
      vertex 31.5 62 3.1
      vertex 31.5 60.5 4.6
    endloop
  endfacet
  facet normal 1 0 0
    outer loop
      vertex 31.5 60 3
      vertex 31.5 62 3
      vertex 31.5 62 3.1
    endloop
  endfacet
  facet normal 0 0 1
    outer loop
      vertex 32.1 61 3
      vertex 32.14151955860577 61.395032212553744 3
      vertex 31.5 62 3
    endloop
  endfacet
  facet normal 0 0 1
    outer loop
      vertex 31.5 62 3
      vertex 32.14151955860577 61.395032212553744 3
      vertex 32.26426363047906 61.77279962184402 3
    endloop
  endfacet
  facet normal 0 0 1
    outer loop
      vertex 31.5 62 3
      vertex 32.26426363047906 61.77279962184402 3
      vertex 32.4628677106876 62.116791979355696 3
    endloop
  endfacet
  facet normal 0 0 1
    outer loop
      vertex 37 51 3
      vertex 34.19860408020854 59.11040839880028 3
      vertex 33.80139591979146 59.11040839880028 3
    endloop
  endfacet
  facet normal 0 0 1
    outer loop
      vertex 37 51 3
      vertex 34.5871322893124 59.19299261903921 3
      vertex 34.19860408020854 59.11040839880028 3
    endloop
  endfacet
  facet normal 0 0 1
    outer loop
      vertex 37 51 3
      vertex 34.95 59.35455173280957 3
      vertex 34.5871322893124 59.19299261903921 3
    endloop
  endfacet
  facet normal 0 0 1
    outer loop
      vertex 37 51 3
      vertex 35.27134815208183 59.58802483159295 3
      vertex 34.95 59.35455173280957 3
    endloop
  endfacet
  facet normal 0 0 1
    outer loop
      vertex 37 51 3
      vertex 35.5371322893124 59.883208020644304 3
      vertex 35.27134815208183 59.58802483159295 3
    endloop
  endfacet
  facet normal 0 0 1
    outer loop
      vertex 37 51 3
      vertex 35.73573636952094 60.22720037815598 3
      vertex 35.5371322893124 59.883208020644304 3
    endloop
  endfacet
  facet normal 0 0 1
    outer loop
      vertex 37 51 3
      vertex 35.85848044139423 60.604967787446256 3
      vertex 35.73573636952094 60.22720037815598 3
    endloop
  endfacet
  facet normal 0 0 1
    outer loop
      vertex 37 51 3
      vertex 35.9 61 3
      vertex 35.85848044139423 60.604967787446256 3
    endloop
  endfacet
  facet normal 0 0 1
    outer loop
      vertex 37 51 3
      vertex 37 71 3
      vertex 35.9 61 3
    endloop
  endfacet
  facet normal 0 0 1
    outer loop
      vertex 33.80139591979146 62.88959160119972 3
      vertex 34.19860408020854 62.88959160119972 3
      vertex 37 71 3
    endloop
  endfacet
  facet normal 0 0 1
    outer loop
      vertex 34.19860408020854 62.88959160119972 3
      vertex 34.5871322893124 62.80700738096079 3
      vertex 37 71 3
    endloop
  endfacet
  facet normal 0 0 1
    outer loop
      vertex 34.5871322893124 62.80700738096079 3
      vertex 34.95 62.64544826719043 3
      vertex 37 71 3
    endloop
  endfacet
  facet normal 0 0 1
    outer loop
      vertex 34.95 62.64544826719043 3
      vertex 35.27134815208183 62.41197516840705 3
      vertex 37 71 3
    endloop
  endfacet
  facet normal 0 0 1
    outer loop
      vertex 35.9 61 3
      vertex 37 71 3
      vertex 35.85848044139423 61.395032212553744 3
    endloop
  endfacet
  facet normal 0 0 1
    outer loop
      vertex 35.73573636952094 61.77279962184402 3
      vertex 35.85848044139423 61.395032212553744 3
      vertex 37 71 3
    endloop
  endfacet
  facet normal 0 0 1
    outer loop
      vertex 35.5371322893124 62.116791979355696 3
      vertex 37 71 3
      vertex 35.27134815208183 62.41197516840705 3
    endloop
  endfacet
  facet normal 0 0 1
    outer loop
      vertex 35.5371322893124 62.116791979355696 3
      vertex 35.73573636952094 61.77279962184402 3
      vertex 37 71 3
    endloop
  endfacet
  facet normal 0 0 1
    outer loop
      vertex -7.5 25 4
      vertex 7.5 -25 4
      vertex 7.5 25 4
    endloop
  endfacet
  facet normal 0 0.9486832980505138 0.31622776601683805
    outer loop
      vertex -31.5 35.5 4.6
      vertex 31.5 35.5 4.6
      vertex 31.5 36 3.1
    endloop
  endfacet
  facet normal 0 0 1
    outer loop
      vertex -31.5 35.5 4.6
      vertex 31.5 34.5 4.6
      vertex 31.5 35.5 4.6
    endloop
  endfacet
  facet normal 0 0 1
    outer loop
      vertex -31.5 61.5 4.6
      vertex 31.5 60.5 4.6
      vertex 31.5 61.5 4.6
    endloop
  endfacet
  facet normal 0 0.9486832980505138 0.31622776601683805
    outer loop
      vertex -31.5 61.5 4.6
      vertex 31.5 61.5 4.6
      vertex 31.5 62 3.1
    endloop
  endfacet
  facet normal 1 0 0
    outer loop
      vertex 31.5 36 3.1
      vertex 31.5 35.5 4.6
      vertex 31.5 34.5 4.6
    endloop
  endfacet
  facet normal -0.9510565162951568 -0.3090169943749378 0
    outer loop
      vertex 32.26426363047906 60.22720037815598 3
      vertex 32.14151955860577 60.604967787446256 7.5
      vertex 32.14151955860577 60.604967787446256 3
    endloop
  endfacet
  facet normal -0.8660254037844375 -0.5000000000000019 0
    outer loop
      vertex 32.26426363047906 60.22720037815598 3
      vertex 32.4628677106876 59.883208020644304 3
      vertex 32.26426363047906 60.22720037815598 7.5
    endloop
  endfacet
  facet normal -0.9945218953682731 -0.10452846326765644 0
    outer loop
      vertex 32.14151955860577 60.604967787446256 3
      vertex 32.1 61 7.5
      vertex 32.1 61 3
    endloop
  endfacet
  facet normal 1 0 0
    outer loop
      vertex 31.5 62 3.1
      vertex 31.5 61.5 4.6
      vertex 31.5 60.5 4.6
    endloop
  endfacet
  facet normal -0.9945218953682731 0.10452846326765644 0
    outer loop
      vertex 32.1 61 3
      vertex 32.14151955860577 61.395032212553744 7.5
      vertex 32.14151955860577 61.395032212553744 3
    endloop
  endfacet
  facet normal -0.9510565162951568 0.3090169943749378 0
    outer loop
      vertex 32.14151955860577 61.395032212553744 3
      vertex 32.26426363047906 61.77279962184402 7.5
      vertex 32.26426363047906 61.77279962184402 3
    endloop
  endfacet
  facet normal -0.7431448254773871 -0.6691306063588661 0
    outer loop
      vertex 32.4628677106876 59.883208020644304 3
      vertex 32.72865184791817 59.58802483159295 3
      vertex 32.4628677106876 59.883208020644304 7.5
    endloop
  endfacet
  facet normal -0.5877852522924811 -0.8090169943749416 0
    outer loop
      vertex 32.72865184791817 59.58802483159295 3
      vertex 33.05 59.35455173280957 3
      vertex 33.05 59.35455173280957 7.5
    endloop
  endfacet
  facet normal -0.4067366430757989 -0.9135454576426015 0
    outer loop
      vertex 33.05 59.35455173280957 3
      vertex 33.4128677106876 59.19299261903921 3
      vertex 33.4128677106876 59.19299261903921 7.5
    endloop
  endfacet
  facet normal -0.2079116908177599 -0.9781476007338056 0
    outer loop
      vertex 33.4128677106876 59.19299261903921 3
      vertex 33.80139591979146 59.11040839880028 3
      vertex 33.80139591979146 59.11040839880028 7.5
    endloop
  endfacet
  facet normal 0 -1 0
    outer loop
      vertex 33.80139591979146 59.11040839880028 3
      vertex 34.19860408020854 59.11040839880028 3
      vertex 34.19860408020854 59.11040839880028 7.5
    endloop
  endfacet
  facet normal 0.2079116908177599 -0.9781476007338056 0
    outer loop
      vertex 34.19860408020854 59.11040839880028 3
      vertex 34.5871322893124 59.19299261903921 3
      vertex 34.5871322893124 59.19299261903921 7.5
    endloop
  endfacet
  facet normal 0.4067366430757989 -0.9135454576426015 0
    outer loop
      vertex 34.5871322893124 59.19299261903921 3
      vertex 34.95 59.35455173280957 3
      vertex 34.95 59.35455173280957 7.5
    endloop
  endfacet
  facet normal 0.5877852522924811 -0.8090169943749416 0
    outer loop
      vertex 34.95 59.35455173280957 3
      vertex 35.27134815208183 59.58802483159295 3
      vertex 35.27134815208183 59.58802483159295 7.5
    endloop
  endfacet
  facet normal 0.7431448254773871 -0.6691306063588661 0
    outer loop
      vertex 35.27134815208183 59.58802483159295 3
      vertex 35.5371322893124 59.883208020644304 3
      vertex 35.27134815208183 59.58802483159295 7.5
    endloop
  endfacet
  facet normal 0.8660254037844375 -0.5000000000000019 0
    outer loop
      vertex 35.5371322893124 59.883208020644304 3
      vertex 35.73573636952094 60.22720037815598 3
      vertex 35.5371322893124 59.883208020644304 7.5
    endloop
  endfacet
  facet normal 0.9510565162951568 -0.3090169943749378 0
    outer loop
      vertex 35.73573636952094 60.22720037815598 3
      vertex 35.85848044139423 60.604967787446256 3
      vertex 35.73573636952094 60.22720037815598 7.5
    endloop
  endfacet
  facet normal 0.9945218953682731 -0.10452846326765644 0
    outer loop
      vertex 35.85848044139423 60.604967787446256 3
      vertex 35.9 61 3
      vertex 35.85848044139423 60.604967787446256 7.5
    endloop
  endfacet
  facet normal 0.9945218953682731 0.10452846326765644 0
    outer loop
      vertex 35.9 61 3
      vertex 35.85848044139423 61.395032212553744 3
      vertex 35.9 61 7.5
    endloop
  endfacet
  facet normal -0.8660254037844375 0.5000000000000019 0
    outer loop
      vertex 32.26426363047906 61.77279962184402 3
      vertex 32.4628677106876 62.116791979355696 7.5
      vertex 32.4628677106876 62.116791979355696 3
    endloop
  endfacet
  facet normal -0.7431448254773871 0.6691306063588661 0
    outer loop
      vertex 32.4628677106876 62.116791979355696 3
      vertex 32.72865184791817 62.41197516840705 7.5
      vertex 32.72865184791817 62.41197516840705 3
    endloop
  endfacet
  facet normal -0.5877852522924811 0.8090169943749416 0
    outer loop
      vertex 32.72865184791817 62.41197516840705 3
      vertex 32.72865184791817 62.41197516840705 7.5
      vertex 33.05 62.64544826719043 3
    endloop
  endfacet
  facet normal -0.4067366430757989 0.9135454576426015 0
    outer loop
      vertex 33.05 62.64544826719043 3
      vertex 33.05 62.64544826719043 7.5
      vertex 33.4128677106876 62.80700738096079 3
    endloop
  endfacet
  facet normal -0.2079116908177599 0.9781476007338056 0
    outer loop
      vertex 33.4128677106876 62.80700738096079 3
      vertex 33.4128677106876 62.80700738096079 7.5
      vertex 33.80139591979146 62.88959160119972 3
    endloop
  endfacet
  facet normal 0 1 0
    outer loop
      vertex 33.80139591979146 62.88959160119972 3
      vertex 33.80139591979146 62.88959160119972 7.5
      vertex 34.19860408020854 62.88959160119972 3
    endloop
  endfacet
  facet normal 0.2079116908177599 0.9781476007338056 0
    outer loop
      vertex 34.19860408020854 62.88959160119972 3
      vertex 34.19860408020854 62.88959160119972 7.5
      vertex 34.5871322893124 62.80700738096079 3
    endloop
  endfacet
  facet normal 0.4067366430757989 0.9135454576426015 0
    outer loop
      vertex 34.5871322893124 62.80700738096079 3
      vertex 34.5871322893124 62.80700738096079 7.5
      vertex 34.95 62.64544826719043 3
    endloop
  endfacet
  facet normal 0.5877852522924811 0.8090169943749416 0
    outer loop
      vertex 34.95 62.64544826719043 3
      vertex 34.95 62.64544826719043 7.5
      vertex 35.27134815208183 62.41197516840705 3
    endloop
  endfacet
  facet normal 0.7431448254773871 0.6691306063588661 0
    outer loop
      vertex 35.5371322893124 62.116791979355696 3
      vertex 35.27134815208183 62.41197516840705 3
      vertex 35.5371322893124 62.116791979355696 7.5
    endloop
  endfacet
  facet normal 0.9510565162951568 0.3090169943749378 0
    outer loop
      vertex 35.73573636952094 61.77279962184402 3
      vertex 35.85848044139423 61.395032212553744 7.5
      vertex 35.85848044139423 61.395032212553744 3
    endloop
  endfacet
  facet normal 0.8660254037844375 0.5000000000000019 0
    outer loop
      vertex 35.5371322893124 62.116791979355696 3
      vertex 35.73573636952094 61.77279962184402 7.5
      vertex 35.73573636952094 61.77279962184402 3
    endloop
  endfacet
  facet normal -0.9510565162951568 -0.3090169943749378 0
    outer loop
      vertex 32.26426363047906 60.22720037815598 3
      vertex 32.26426363047906 60.22720037815598 7.5
      vertex 32.14151955860577 60.604967787446256 7.5
    endloop
  endfacet
  facet normal -0.9945218953682731 -0.10452846326765644 0
    outer loop
      vertex 32.14151955860577 60.604967787446256 3
      vertex 32.14151955860577 60.604967787446256 7.5
      vertex 32.1 61 7.5
    endloop
  endfacet
  facet normal -0.9945218953682731 0.10452846326765644 0
    outer loop
      vertex 32.1 61 3
      vertex 32.1 61 7.5
      vertex 32.14151955860577 61.395032212553744 7.5
    endloop
  endfacet
  facet normal -0.9510565162951568 0.3090169943749378 0
    outer loop
      vertex 32.14151955860577 61.395032212553744 3
      vertex 32.14151955860577 61.395032212553744 7.5
      vertex 32.26426363047906 61.77279962184402 7.5
    endloop
  endfacet
  facet normal -0.8660254037844375 0.5000000000000019 0
    outer loop
      vertex 32.26426363047906 61.77279962184402 3
      vertex 32.26426363047906 61.77279962184402 7.5
      vertex 32.4628677106876 62.116791979355696 7.5
    endloop
  endfacet
  facet normal -0.7431448254773871 -0.6691306063588661 0
    outer loop
      vertex 32.72865184791817 59.58802483159295 3
      vertex 32.72865184791817 59.58802483159295 7.5
      vertex 32.4628677106876 59.883208020644304 7.5
    endloop
  endfacet
  facet normal -0.5877852522924811 -0.8090169943749416 0
    outer loop
      vertex 32.72865184791817 59.58802483159295 3
      vertex 33.05 59.35455173280957 7.5
      vertex 32.72865184791817 59.58802483159295 7.5
    endloop
  endfacet
  facet normal -0.8660254037844375 -0.5000000000000019 0
    outer loop
      vertex 32.4628677106876 59.883208020644304 3
      vertex 32.4628677106876 59.883208020644304 7.5
      vertex 32.26426363047906 60.22720037815598 7.5
    endloop
  endfacet
  facet normal -0.4067366430757989 -0.9135454576426015 0
    outer loop
      vertex 33.05 59.35455173280957 3
      vertex 33.4128677106876 59.19299261903921 7.5
      vertex 33.05 59.35455173280957 7.5
    endloop
  endfacet
  facet normal -0.2079116908177599 -0.9781476007338056 0
    outer loop
      vertex 33.4128677106876 59.19299261903921 3
      vertex 33.80139591979146 59.11040839880028 7.5
      vertex 33.4128677106876 59.19299261903921 7.5
    endloop
  endfacet
  facet normal 0 -1 0
    outer loop
      vertex 33.80139591979146 59.11040839880028 3
      vertex 34.19860408020854 59.11040839880028 7.5
      vertex 33.80139591979146 59.11040839880028 7.5
    endloop
  endfacet
  facet normal 0.2079116908177599 -0.9781476007338056 0
    outer loop
      vertex 34.19860408020854 59.11040839880028 3
      vertex 34.5871322893124 59.19299261903921 7.5
      vertex 34.19860408020854 59.11040839880028 7.5
    endloop
  endfacet
  facet normal 0.4067366430757989 -0.9135454576426015 0
    outer loop
      vertex 34.5871322893124 59.19299261903921 3
      vertex 34.95 59.35455173280957 7.5
      vertex 34.5871322893124 59.19299261903921 7.5
    endloop
  endfacet
  facet normal 0.5877852522924811 -0.8090169943749416 0
    outer loop
      vertex 34.95 59.35455173280957 3
      vertex 35.27134815208183 59.58802483159295 7.5
      vertex 34.95 59.35455173280957 7.5
    endloop
  endfacet
  facet normal 0.7431448254773871 -0.6691306063588661 0
    outer loop
      vertex 35.5371322893124 59.883208020644304 3
      vertex 35.5371322893124 59.883208020644304 7.5
      vertex 35.27134815208183 59.58802483159295 7.5
    endloop
  endfacet
  facet normal 0.8660254037844375 -0.5000000000000019 0
    outer loop
      vertex 35.73573636952094 60.22720037815598 3
      vertex 35.73573636952094 60.22720037815598 7.5
      vertex 35.5371322893124 59.883208020644304 7.5
    endloop
  endfacet
  facet normal 0.9510565162951568 -0.3090169943749378 0
    outer loop
      vertex 35.85848044139423 60.604967787446256 3
      vertex 35.85848044139423 60.604967787446256 7.5
      vertex 35.73573636952094 60.22720037815598 7.5
    endloop
  endfacet
  facet normal 0.9945218953682731 -0.10452846326765644 0
    outer loop
      vertex 35.9 61 3
      vertex 35.9 61 7.5
      vertex 35.85848044139423 60.604967787446256 7.5
    endloop
  endfacet
  facet normal -0.7431448254773871 0.6691306063588661 0
    outer loop
      vertex 32.4628677106876 62.116791979355696 3
      vertex 32.4628677106876 62.116791979355696 7.5
      vertex 32.72865184791817 62.41197516840705 7.5
    endloop
  endfacet
  facet normal -0.5877852522924811 0.8090169943749416 0
    outer loop
      vertex 33.05 62.64544826719043 3
      vertex 32.72865184791817 62.41197516840705 7.5
      vertex 33.05 62.64544826719043 7.5
    endloop
  endfacet
  facet normal -0.4067366430757989 0.9135454576426015 0
    outer loop
      vertex 33.4128677106876 62.80700738096079 3
      vertex 33.05 62.64544826719043 7.5
      vertex 33.4128677106876 62.80700738096079 7.5
    endloop
  endfacet
  facet normal -0.2079116908177599 0.9781476007338056 0
    outer loop
      vertex 33.80139591979146 62.88959160119972 3
      vertex 33.4128677106876 62.80700738096079 7.5
      vertex 33.80139591979146 62.88959160119972 7.5
    endloop
  endfacet
  facet normal 0 1 0
    outer loop
      vertex 34.19860408020854 62.88959160119972 3
      vertex 33.80139591979146 62.88959160119972 7.5
      vertex 34.19860408020854 62.88959160119972 7.5
    endloop
  endfacet
  facet normal 0.2079116908177599 0.9781476007338056 0
    outer loop
      vertex 34.5871322893124 62.80700738096079 3
      vertex 34.19860408020854 62.88959160119972 7.5
      vertex 34.5871322893124 62.80700738096079 7.5
    endloop
  endfacet
  facet normal 0.4067366430757989 0.9135454576426015 0
    outer loop
      vertex 34.95 62.64544826719043 3
      vertex 34.5871322893124 62.80700738096079 7.5
      vertex 34.95 62.64544826719043 7.5
    endloop
  endfacet
  facet normal 0.5877852522924811 0.8090169943749416 0
    outer loop
      vertex 35.27134815208183 62.41197516840705 3
      vertex 34.95 62.64544826719043 7.5
      vertex 35.27134815208183 62.41197516840705 7.5
    endloop
  endfacet
  facet normal 0.7431448254773871 0.6691306063588661 0
    outer loop
      vertex 35.27134815208183 62.41197516840705 3
      vertex 35.27134815208183 62.41197516840705 7.5
      vertex 35.5371322893124 62.116791979355696 7.5
    endloop
  endfacet
  facet normal 0.9510565162951568 0.3090169943749378 0
    outer loop
      vertex 35.73573636952094 61.77279962184402 3
      vertex 35.73573636952094 61.77279962184402 7.5
      vertex 35.85848044139423 61.395032212553744 7.5
    endloop
  endfacet
  facet normal 0.8660254037844375 0.5000000000000019 0
    outer loop
      vertex 35.5371322893124 62.116791979355696 3
      vertex 35.5371322893124 62.116791979355696 7.5
      vertex 35.73573636952094 61.77279962184402 7.5
    endloop
  endfacet
  facet normal 0.9945218953682731 0.10452846326765644 0
    outer loop
      vertex 35.85848044139423 61.395032212553744 3
      vertex 35.85848044139423 61.395032212553744 7.5
      vertex 35.9 61 7.5
    endloop
  endfacet
  facet normal 0 0 1
    outer loop
      vertex 32.26426363047906 60.22720037815598 7.5
      vertex 32.14151955860577 61.395032212553744 7.5
      vertex 32.14151955860577 60.604967787446256 7.5
    endloop
  endfacet
  facet normal 0 0 1
    outer loop
      vertex 32.14151955860577 60.604967787446256 7.5
      vertex 32.14151955860577 61.395032212553744 7.5
      vertex 32.1 61 7.5
    endloop
  endfacet
  facet normal 0 0 1
    outer loop
      vertex 32.26426363047906 60.22720037815598 7.5
      vertex 32.26426363047906 61.77279962184402 7.5
      vertex 32.14151955860577 61.395032212553744 7.5
    endloop
  endfacet
  facet normal 0 0 1
    outer loop
      vertex 32.26426363047906 60.22720037815598 7.5
      vertex 32.4628677106876 59.883208020644304 7.5
      vertex 32.26426363047906 61.77279962184402 7.5
    endloop
  endfacet
  facet normal 0 0 1
    outer loop
      vertex 32.4628677106876 59.883208020644304 7.5
      vertex 32.72865184791817 59.58802483159295 7.5
      vertex 32.4628677106876 62.116791979355696 7.5
    endloop
  endfacet
  facet normal 0 0 1
    outer loop
      vertex 32.72865184791817 59.58802483159295 7.5
      vertex 33.05 59.35455173280957 7.5
      vertex 32.72865184791817 62.41197516840705 7.5
    endloop
  endfacet
  facet normal 0 0 1
    outer loop
      vertex 33.05 59.35455173280957 7.5
      vertex 33.4128677106876 59.19299261903921 7.5
      vertex 33.05 62.64544826719043 7.5
    endloop
  endfacet
  facet normal 0 0 1
    outer loop
      vertex 33.4128677106876 59.19299261903921 7.5
      vertex 33.80139591979146 59.11040839880028 7.5
      vertex 33.4128677106876 62.80700738096079 7.5
    endloop
  endfacet
  facet normal 0 0 1
    outer loop
      vertex 33.80139591979146 59.11040839880028 7.5
      vertex 34.19860408020854 59.11040839880028 7.5
      vertex 33.80139591979146 62.88959160119972 7.5
    endloop
  endfacet
  facet normal 0 0 1
    outer loop
      vertex 34.19860408020854 59.11040839880028 7.5
      vertex 34.5871322893124 59.19299261903921 7.5
      vertex 34.19860408020854 62.88959160119972 7.5
    endloop
  endfacet
  facet normal 0 0 1
    outer loop
      vertex 34.5871322893124 59.19299261903921 7.5
      vertex 34.95 59.35455173280957 7.5
      vertex 34.5871322893124 62.80700738096079 7.5
    endloop
  endfacet
  facet normal 0 0 1
    outer loop
      vertex 34.95 59.35455173280957 7.5
      vertex 35.27134815208183 59.58802483159295 7.5
      vertex 34.95 62.64544826719043 7.5
    endloop
  endfacet
  facet normal 0 0 1
    outer loop
      vertex 35.27134815208183 59.58802483159295 7.5
      vertex 35.5371322893124 59.883208020644304 7.5
      vertex 35.27134815208183 62.41197516840705 7.5
    endloop
  endfacet
  facet normal 0 0 1
    outer loop
      vertex 35.5371322893124 59.883208020644304 7.5
      vertex 35.73573636952094 60.22720037815598 7.5
      vertex 35.5371322893124 62.116791979355696 7.5
    endloop
  endfacet
  facet normal 0 0 1
    outer loop
      vertex 35.73573636952094 60.22720037815598 7.5
      vertex 35.85848044139423 60.604967787446256 7.5
      vertex 35.73573636952094 61.77279962184402 7.5
    endloop
  endfacet
  facet normal 0 0 1
    outer loop
      vertex 35.85848044139423 60.604967787446256 7.5
      vertex 35.9 61 7.5
      vertex 35.85848044139423 61.395032212553744 7.5
    endloop
  endfacet
  facet normal 0 0 1
    outer loop
      vertex 32.26426363047906 61.77279962184402 7.5
      vertex 32.4628677106876 59.883208020644304 7.5
      vertex 32.4628677106876 62.116791979355696 7.5
    endloop
  endfacet
  facet normal 0 0 1
    outer loop
      vertex 32.72865184791817 59.58802483159295 7.5
      vertex 32.72865184791817 62.41197516840705 7.5
      vertex 32.4628677106876 62.116791979355696 7.5
    endloop
  endfacet
  facet normal 0 0 1
    outer loop
      vertex 33.05 59.35455173280957 7.5
      vertex 33.05 62.64544826719043 7.5
      vertex 32.72865184791817 62.41197516840705 7.5
    endloop
  endfacet
  facet normal 0 0 1
    outer loop
      vertex 33.4128677106876 59.19299261903921 7.5
      vertex 33.4128677106876 62.80700738096079 7.5
      vertex 33.05 62.64544826719043 7.5
    endloop
  endfacet
  facet normal 0 0 1
    outer loop
      vertex 33.80139591979146 59.11040839880028 7.5
      vertex 33.80139591979146 62.88959160119972 7.5
      vertex 33.4128677106876 62.80700738096079 7.5
    endloop
  endfacet
  facet normal 0 0 1
    outer loop
      vertex 34.19860408020854 59.11040839880028 7.5
      vertex 34.19860408020854 62.88959160119972 7.5
      vertex 33.80139591979146 62.88959160119972 7.5
    endloop
  endfacet
  facet normal 0 0 1
    outer loop
      vertex 34.5871322893124 59.19299261903921 7.5
      vertex 34.5871322893124 62.80700738096079 7.5
      vertex 34.19860408020854 62.88959160119972 7.5
    endloop
  endfacet
  facet normal 0 0 1
    outer loop
      vertex 34.95 59.35455173280957 7.5
      vertex 34.95 62.64544826719043 7.5
      vertex 34.5871322893124 62.80700738096079 7.5
    endloop
  endfacet
  facet normal 0 0 1
    outer loop
      vertex 35.27134815208183 59.58802483159295 7.5
      vertex 35.27134815208183 62.41197516840705 7.5
      vertex 34.95 62.64544826719043 7.5
    endloop
  endfacet
  facet normal 0 0 1
    outer loop
      vertex 35.5371322893124 59.883208020644304 7.5
      vertex 35.5371322893124 62.116791979355696 7.5
      vertex 35.27134815208183 62.41197516840705 7.5
    endloop
  endfacet
  facet normal 0 0 1
    outer loop
      vertex 35.73573636952094 60.22720037815598 7.5
      vertex 35.73573636952094 61.77279962184402 7.5
      vertex 35.5371322893124 62.116791979355696 7.5
    endloop
  endfacet
  facet normal 0 0 1
    outer loop
      vertex 35.85848044139423 60.604967787446256 7.5
      vertex 35.85848044139423 61.395032212553744 7.5
      vertex 35.73573636952094 61.77279962184402 7.5
    endloop
  endfacet
endsolid OpenSCAD_Model
