solid OpenSCAD_Model
  facet normal 0 0 -1
    outer loop
      vertex -28.64484313710706 -3.4227355296434423 0.19999999999999996
      vertex -29.045084971874736 -2.938926261462366 0.19999999999999996
      vertex -27.679133974894985 -4.221639627510075 0.19999999999999996
    endloop
  endfacet
  facet normal 0 0 -1
    outer loop
      vertex -29.045084971874736 -2.938926261462366 0.19999999999999996
      vertex -25.936906572928624 -4.911436253643443 0.19999999999999996
      vertex -27.679133974894985 -4.221639627510075 0.19999999999999996
    endloop
  endfacet
  facet normal 0 0 -1
    outer loop
      vertex -26.545084971874736 -4.755282581475767 0.19999999999999996
      vertex -27.128896457825363 -4.524135262330098 0.19999999999999996
      vertex -25.936906572928624 -4.911436253643443 0.19999999999999996
    endloop
  endfacet
  facet normal 0 0 -1
    outer loop
      vertex -27.679133974894985 -4.221639627510075 0.19999999999999996
      vertex -25.936906572928624 -4.911436253643443 0.19999999999999996
      vertex -27.128896457825363 -4.524135262330098 0.19999999999999996
    endloop
  endfacet
  facet normal 0 0 -1
    outer loop
      vertex -28.64484313710706 -3.4227355296434423 0.19999999999999996
      vertex -27.679133974894985 -4.221639627510075 0.19999999999999996
      vertex -28.187119948743447 -3.852566213878947 0.19999999999999996
    endloop
  endfacet
  facet normal 0 0 -1
    outer loop
      vertex -29.045084971874736 -2.938926261462366 0.19999999999999996
      vertex -29.38153340021932 -2.408768370508577 0.19999999999999996
      vertex -29.648882429441258 -1.8406227634233894 0.19999999999999996
    endloop
  endfacet
  facet normal 0 0 -1
    outer loop
      vertex -29.045084971874736 -2.938926261462366 0.19999999999999996
      vertex -29.648882429441258 -1.8406227634233894 0.19999999999999996
      vertex -30 0 0.19999999999999996
    endloop
  endfacet
  facet normal 0 0 -1
    outer loop
      vertex -29.045084971874736 -2.938926261462366 0.19999999999999996
      vertex -30 0 0.19999999999999996
      vertex -25.936906572928624 -4.911436253643443 0.19999999999999996
    endloop
  endfacet
  facet normal 0 0 -1
    outer loop
      vertex -29.648882429441258 -1.8406227634233894 0.19999999999999996
      vertex -29.842915805643155 -1.2434494358242743 0.19999999999999996
      vertex -30 0 0.19999999999999996
    endloop
  endfacet
  facet normal 0 0 -1
    outer loop
      vertex -29.842915805643155 -1.2434494358242743 0.19999999999999996
      vertex -29.960573506572388 -0.6266661678215203 0.19999999999999996
      vertex -30 0 0.19999999999999996
    endloop
  endfacet
  facet normal 0 0 -1
    outer loop
      vertex -25.936906572928624 -4.911436253643443 0.19999999999999996
      vertex -0.43953363670519635 -6.986187098997901 0.19999999999999996
      vertex -25.31395259764657 -4.990133642141358 0.19999999999999996
    endloop
  endfacet
  facet normal 0 0 -1
    outer loop
      vertex -17.427050983124843 -1.7633557568774194 0.19999999999999996
      vertex -16.91227196924607 -2.311539728327368 0.19999999999999996
      vertex -30 0 0.19999999999999996
    endloop
  endfacet
  facet normal 0 0 -1
    outer loop
      vertex -16.277337874695217 -2.7144811573980587 0.19999999999999996
      vertex -30 0 0.19999999999999996
      vertex -16.91227196924607 -2.311539728327368 0.19999999999999996
    endloop
  endfacet
  facet normal 0 0 -1
    outer loop
      vertex -17.789329457664756 -1.1043736580540335 0.19999999999999996
      vertex -30 0 0.19999999999999996
      vertex -17.976344103943433 -0.3759997006929122 0.19999999999999996
    endloop
  endfacet
  facet normal 0 0 -1
    outer loop
      vertex -17.427050983124843 -1.7633557568774194 0.19999999999999996
      vertex -30 0 0.19999999999999996
      vertex -17.789329457664756 -1.1043736580540335 0.19999999999999996
    endloop
  endfacet
  facet normal 0 0 -1
    outer loop
      vertex -16.277337874695217 -2.7144811573980587 0.19999999999999996
      vertex -15.562143943757174 -2.9468617521860656 0.19999999999999996
      vertex -30 0 0.19999999999999996
    endloop
  endfacet
  facet normal 0 0 -1
    outer loop
      vertex -25.936906572928624 -4.911436253643443 0.19999999999999996
      vertex -30 0 0.19999999999999996
      vertex 0.43953363670519635 -6.986187098997901 0.19999999999999996
    endloop
  endfacet
  facet normal -0.8443279255020142 -0.5358267949789981 0
    outer loop
      vertex -29.045084971874736 -2.938926261462366 0.19999999999999996
      vertex -29.045084971874736 -2.938926261462366 3.8
      vertex -29.38153340021932 -2.408768370508577 0.19999999999999996
    endloop
  endfacet
  facet normal -0.6845471059286876 -0.7289686274214124 0
    outer loop
      vertex -28.64484313710706 -3.4227355296434423 0.19999999999999996
      vertex -28.187119948743447 -3.852566213878947 0.19999999999999996
      vertex -28.64484313710706 -3.4227355296434423 3.8
    endloop
  endfacet
  facet normal -0.7705132427757906 -0.637423989748688 0
    outer loop
      vertex -28.64484313710706 -3.4227355296434423 0.19999999999999996
      vertex -29.045084971874736 -2.938926261462366 3.8
      vertex -29.045084971874736 -2.938926261462366 0.19999999999999996
    endloop
  endfacet
  facet normal -0.5877852522924736 -0.8090169943749471 0
    outer loop
      vertex -28.187119948743447 -3.852566213878947 0.19999999999999996
      vertex -27.679133974894985 -4.221639627510075 0.19999999999999996
      vertex -27.679133974894985 -4.221639627510075 3.8
    endloop
  endfacet
  facet normal -0.4817536741017156 -0.8763066800438634 0
    outer loop
      vertex -27.679133974894985 -4.221639627510075 0.19999999999999996
      vertex -27.128896457825363 -4.524135262330098 0.19999999999999996
      vertex -27.679133974894985 -4.221639627510075 3.8
    endloop
  endfacet
  facet normal -0.3681245526846762 -0.9297764858882521 0
    outer loop
      vertex -26.545084971874736 -4.755282581475767 0.19999999999999996
      vertex -27.128896457825363 -4.524135262330098 3.8
      vertex -27.128896457825363 -4.524135262330098 0.19999999999999996
    endloop
  endfacet
  facet normal -0.9048270524660194 -0.425779291565073 0
    outer loop
      vertex -29.38153340021932 -2.408768370508577 0.19999999999999996
      vertex -29.648882429441258 -1.8406227634233894 3.8
      vertex -29.648882429441258 -1.8406227634233894 0.19999999999999996
    endloop
  endfacet
  facet normal -0.9510565162951539 -0.3090169943749459 0
    outer loop
      vertex -29.648882429441258 -1.8406227634233894 0.19999999999999996
      vertex -29.842915805643155 -1.2434494358242743 3.8
      vertex -29.842915805643155 -1.2434494358242743 0.19999999999999996
    endloop
  endfacet
  facet normal -0.9822872507286892 -0.18738131458572238 0
    outer loop
      vertex -29.842915805643155 -1.2434494358242743 0.19999999999999996
      vertex -29.960573506572388 -0.6266661678215203 3.8
      vertex -29.960573506572388 -0.6266661678215203 0.19999999999999996
    endloop
  endfacet
  facet normal -0.9980267284282716 -0.06279051952931576 0
    outer loop
      vertex -29.960573506572388 -0.6266661678215203 0.19999999999999996
      vertex -29.960573506572388 -0.6266661678215203 3.8
      vertex -30 0 0.19999999999999996
    endloop
  endfacet
  facet normal -0.24868988716485607 -0.9685831611286307 0
    outer loop
      vertex -26.545084971874736 -4.755282581475767 0.19999999999999996
      vertex -25.936906572928624 -4.911436253643443 0.19999999999999996
      vertex -25.936906572928624 -4.911436253643443 3.8
    endloop
  endfacet
  facet normal -0.125333233564305 -0.9921147013144777 0
    outer loop
      vertex -25.936906572928624 -4.911436253643443 0.19999999999999996
      vertex -25.31395259764657 -4.990133642141358 0.19999999999999996
      vertex -25.31395259764657 -4.990133642141358 3.8
    endloop
  endfacet
  facet normal -0.6845471059286876 -0.7289686274214124 0
    outer loop
      vertex -28.187119948743447 -3.852566213878947 0.19999999999999996
      vertex -28.187119948743447 -3.852566213878947 3.8
      vertex -28.64484313710706 -3.4227355296434423 3.8
    endloop
  endfacet
  facet normal -0.7705132427757906 -0.637423989748688 0
    outer loop
      vertex -28.64484313710706 -3.4227355296434423 0.19999999999999996
      vertex -28.64484313710706 -3.4227355296434423 3.8
      vertex -29.045084971874736 -2.938926261462366 3.8
    endloop
  endfacet
  facet normal -0.4817536741017156 -0.8763066800438634 0
    outer loop
      vertex -27.128896457825363 -4.524135262330098 0.19999999999999996
      vertex -27.128896457825363 -4.524135262330098 3.8
      vertex -27.679133974894985 -4.221639627510075 3.8
    endloop
  endfacet
  facet normal -0.3681245526846762 -0.9297764858882521 0
    outer loop
      vertex -26.545084971874736 -4.755282581475767 0.19999999999999996
      vertex -26.545084971874736 -4.755282581475767 3.8
      vertex -27.128896457825363 -4.524135262330098 3.8
    endloop
  endfacet
  facet normal -0.5877852522924736 -0.8090169943749471 0
    outer loop
      vertex -28.187119948743447 -3.852566213878947 0.19999999999999996
      vertex -27.679133974894985 -4.221639627510075 3.8
      vertex -28.187119948743447 -3.852566213878947 3.8
    endloop
  endfacet
  facet normal 0 0 1
    outer loop
      vertex -28.64484313710706 -3.4227355296434423 3.8
      vertex -27.679133974894985 -4.221639627510075 3.8
      vertex -29.045084971874736 -2.938926261462366 3.8
    endloop
  endfacet
  facet normal 0 0 1
    outer loop
      vertex -29.045084971874736 -2.938926261462366 3.8
      vertex -27.679133974894985 -4.221639627510075 3.8
      vertex -25.936906572928624 -4.911436253643443 3.8
    endloop
  endfacet
  facet normal 0 0 1
    outer loop
      vertex -26.545084971874736 -4.755282581475767 3.8
      vertex -25.936906572928624 -4.911436253643443 3.8
      vertex -27.128896457825363 -4.524135262330098 3.8
    endloop
  endfacet
  facet normal 0 0 1
    outer loop
      vertex -27.679133974894985 -4.221639627510075 3.8
      vertex -27.128896457825363 -4.524135262330098 3.8
      vertex -25.936906572928624 -4.911436253643443 3.8
    endloop
  endfacet
  facet normal 0 0 1
    outer loop
      vertex -28.64484313710706 -3.4227355296434423 3.8
      vertex -28.187119948743447 -3.852566213878947 3.8
      vertex -27.679133974894985 -4.221639627510075 3.8
    endloop
  endfacet
  facet normal -0.8443279255020142 -0.5358267949789981 0
    outer loop
      vertex -29.38153340021932 -2.408768370508577 0.19999999999999996
      vertex -29.045084971874736 -2.938926261462366 3.8
      vertex -29.38153340021932 -2.408768370508577 3.8
    endloop
  endfacet
  facet normal -0.9048270524660194 -0.425779291565073 0
    outer loop
      vertex -29.38153340021932 -2.408768370508577 0.19999999999999996
      vertex -29.38153340021932 -2.408768370508577 3.8
      vertex -29.648882429441258 -1.8406227634233894 3.8
    endloop
  endfacet
  facet normal -0.9510565162951539 -0.3090169943749459 0
    outer loop
      vertex -29.648882429441258 -1.8406227634233894 0.19999999999999996
      vertex -29.648882429441258 -1.8406227634233894 3.8
      vertex -29.842915805643155 -1.2434494358242743 3.8
    endloop
  endfacet
  facet normal -0.9822872507286892 -0.18738131458572238 0
    outer loop
      vertex -29.842915805643155 -1.2434494358242743 0.19999999999999996
      vertex -29.842915805643155 -1.2434494358242743 3.8
      vertex -29.960573506572388 -0.6266661678215203 3.8
    endloop
  endfacet
  facet normal -0.9980267284282716 -0.06279051952931576 0
    outer loop
      vertex -29.960573506572388 -0.6266661678215203 3.8
      vertex -30 0 3.8
      vertex -30 0 0.19999999999999996
    endloop
  endfacet
  facet normal 0 0 1
    outer loop
      vertex -29.045084971874736 -2.938926261462366 3.8
      vertex -29.648882429441258 -1.8406227634233894 3.8
      vertex -29.38153340021932 -2.408768370508577 3.8
    endloop
  endfacet
  facet normal 0 0 1
    outer loop
      vertex -29.045084971874736 -2.938926261462366 3.8
      vertex -29.842915805643155 -1.2434494358242743 3.8
      vertex -29.648882429441258 -1.8406227634233894 3.8
    endloop
  endfacet
  facet normal 0 0 1
    outer loop
      vertex -29.045084971874736 -2.938926261462366 3.8
      vertex -30 0 3.8
      vertex -29.842915805643155 -1.2434494358242743 3.8
    endloop
  endfacet
  facet normal 0 0 1
    outer loop
      vertex -29.045084971874736 -2.938926261462366 3.8
      vertex -25.936906572928624 -4.911436253643443 3.8
      vertex -30 0 3.8
    endloop
  endfacet
  facet normal 0 0 1
    outer loop
      vertex -29.842915805643155 -1.2434494358242743 3.8
      vertex -30 0 3.8
      vertex -29.960573506572388 -0.6266661678215203 3.8
    endloop
  endfacet
  facet normal -0.24868988716485607 -0.9685831611286307 0
    outer loop
      vertex -26.545084971874736 -4.755282581475767 0.19999999999999996
      vertex -25.936906572928624 -4.911436253643443 3.8
      vertex -26.545084971874736 -4.755282581475767 3.8
    endloop
  endfacet
  facet normal -0.125333233564305 -0.9921147013144777 0
    outer loop
      vertex -25.936906572928624 -4.911436253643443 0.19999999999999996
      vertex -25.31395259764657 -4.990133642141358 3.8
      vertex -25.936906572928624 -4.911436253643443 3.8
    endloop
  endfacet
  facet normal -0.07998810911086522 -0.9967958178086764 0
    outer loop
      vertex -25.31395259764657 -4.990133642141358 0.19999999999999996
      vertex -0.43953363670519635 -6.986187098997901 0.19999999999999996
      vertex -25.31395259764657 -4.990133642141358 3.8
    endloop
  endfacet
  facet normal 0 0 1
    outer loop
      vertex -25.936906572928624 -4.911436253643443 3.8
      vertex -25.31395259764657 -4.990133642141358 3.8
      vertex -0.43953363670519635 -6.986187098997901 3.8
    endloop
  endfacet
  facet normal 0 0 -1
    outer loop
      vertex -25.936906572928624 -4.911436253643443 0.19999999999999996
      vertex 0.43953363670519635 -6.986187098997901 0.19999999999999996
      vertex -0.43953363670519635 -6.986187098997901 0.19999999999999996
    endloop
  endfacet
  facet normal 0 0 -1
    outer loop
      vertex -15.562143943757174 -2.9468617521860656 0.19999999999999996
      vertex 0.43953363670519635 -6.986187098997901 0.19999999999999996
      vertex -30 0 0.19999999999999996
    endloop
  endfacet
  facet normal 0 0 -1
    outer loop
      vertex -15.562143943757174 -2.9468617521860656 0.19999999999999996
      vertex -14.811628441412058 -2.9940801852848145 0.19999999999999996
      vertex 0.43953363670519635 -6.986187098997901 0.19999999999999996
    endloop
  endfacet
  facet normal 0 0 -1
    outer loop
      vertex -14.811628441412058 -2.9940801852848145 0.19999999999999996
      vertex -14.072949016875159 -2.8531695488854605 0.19999999999999996
      vertex 0.43953363670519635 -6.986187098997901 0.19999999999999996
    endloop
  endfacet
  facet normal 0 0 -1
    outer loop
      vertex -14.072949016875159 -2.8531695488854605 0.19999999999999996
      vertex -13.392519615063012 -2.532983776506046 0.19999999999999996
      vertex 0.43953363670519635 -6.986187098997901 0.19999999999999996
    endloop
  endfacet
  facet normal 0 0 -1
    outer loop
      vertex -13.392519615063012 -2.532983776506046 0.19999999999999996
      vertex -12.813094117735766 -2.0536413177860657 0.19999999999999996
      vertex 0.43953363670519635 -6.986187098997901 0.19999999999999996
    endloop
  endfacet
  facet normal 0 0 -1
    outer loop
      vertex -12.813094117735766 -2.0536413177860657 0.19999999999999996
      vertex -12.37107995986841 -1.445261022305146 0.19999999999999996
      vertex 0.43953363670519635 -6.986187098997901 0.19999999999999996
    endloop
  endfacet
  facet normal 0 0 -1
    outer loop
      vertex -12.37107995986841 -1.445261022305146 0.19999999999999996
      vertex -12.094250516614107 -0.7460696614945633 0.19999999999999996
      vertex 0.43953363670519635 -6.986187098997901 0.19999999999999996
    endloop
  endfacet
  facet normal 0 0 -1
    outer loop
      vertex -12.094250516614107 -0.7460696614945633 0.19999999999999996
      vertex -12 0 0.19999999999999996
      vertex 0.43953363670519635 -6.986187098997901 0.19999999999999996
    endloop
  endfacet
  facet normal 0 0 -1
    outer loop
      vertex -12 0 0.19999999999999996
      vertex -12.094250516614107 0.7460696614945643 0.19999999999999996
      vertex 0.43953363670519635 -6.986187098997901 0.19999999999999996
    endloop
  endfacet
  facet normal 0 0 -1
    outer loop
      vertex -12.094250516614107 0.7460696614945643 0.19999999999999996
      vertex -0.825 -1.4289419162443235 0.19999999999999996
      vertex -0.5098780407186632 -1.5692432518870032 0.19999999999999996
    endloop
  endfacet
  facet normal 0 0 -1
    outer loop
      vertex -12.094250516614107 0.7460696614945643 0.19999999999999996
      vertex -1.5073500051102913 -0.6711154610750703 0.19999999999999996
      vertex -1.3348780407186631 -0.9698456662825806 0.19999999999999996
    endloop
  endfacet
  facet normal 0 0 -1
    outer loop
      vertex -12.094250516614107 0.7460696614945643 0.19999999999999996
      vertex -1.6139435412107792 -0.3430542898493029 0.19999999999999996
      vertex -1.5073500051102913 -0.6711154610750703 0.19999999999999996
    endloop
  endfacet
  facet normal 0 0 -1
    outer loop
      vertex -12.094250516614107 0.7460696614945643 0.19999999999999996
      vertex -1.104065500492116 -1.2261889620377004 0.19999999999999996
      vertex -0.825 -1.4289419162443235 0.19999999999999996
    endloop
  endfacet
  facet normal 0 0 -1
    outer loop
      vertex -12.094250516614107 0.7460696614945643 0.19999999999999996
      vertex -1.3348780407186631 -0.9698456662825806 0.19999999999999996
      vertex -1.104065500492116 -1.2261889620377004 0.19999999999999996
    endloop
  endfacet
  facet normal 0 0 -1
    outer loop
      vertex -12.094250516614107 0.7460696614945643 0.19999999999999996
      vertex -0.5098780407186632 -1.5692432518870032 0.19999999999999996
      vertex 0.43953363670519635 -6.986187098997901 0.19999999999999996
    endloop
  endfacet
  facet normal -0.07998810911086522 -0.9967958178086764 0
    outer loop
      vertex -25.31395259764657 -4.990133642141358 3.8
      vertex -0.43953363670519635 -6.986187098997901 0.19999999999999996
      vertex -0.43953363670519635 -6.986187098997901 3.8
    endloop
  endfacet
  facet normal 0 0 1
    outer loop
      vertex -25.936906572928624 -4.911436253643443 3.8
      vertex -0.43953363670519635 -6.986187098997901 3.8
      vertex 1.3116692021000738 -6.87601075510082 3.8
    endloop
  endfacet
  facet normal 0 0 1
    outer loop
      vertex -25.936906572928624 -4.911436253643443 3.8
      vertex 1.3116692021000738 -6.87601075510082 3.8
      vertex -1.3348780407186631 -0.9698456662825806 3.8
    endloop
  endfacet
  facet normal 0 0 1
    outer loop
      vertex -25.936906572928624 -4.911436253643443 3.8
      vertex -1.3348780407186631 -0.9698456662825806 3.8
      vertex -1.5073500051102913 -0.6711154610750703 3.8
    endloop
  endfacet
  facet normal 0 0 1
    outer loop
      vertex -25.936906572928624 -4.911436253643443 3.8
      vertex -1.5073500051102913 -0.6711154610750703 3.8
      vertex -1.6139435412107792 -0.3430542898493029 3.8
    endloop
  endfacet
  facet normal 0 0 1
    outer loop
      vertex -25.936906572928624 -4.911436253643443 3.8
      vertex -1.6139435412107792 -0.3430542898493029 3.8
      vertex -1.65 0 3.8
    endloop
  endfacet
  facet normal 0 0 1
    outer loop
      vertex -25.936906572928624 -4.911436253643443 3.8
      vertex -1.65 0 3.8
      vertex -1.6139435412107792 0.3430542898493029 3.8
    endloop
  endfacet
  facet normal 0 0 1
    outer loop
      vertex -25.936906572928624 -4.911436253643443 3.8
      vertex -1.6139435412107792 0.3430542898493029 3.8
      vertex -1.5073500051102913 0.6711154610750703 3.8
    endloop
  endfacet
  facet normal 0 0 1
    outer loop
      vertex -25.936906572928624 -4.911436253643443 3.8
      vertex -1.5073500051102913 0.6711154610750703 3.8
      vertex -1.3348780407186631 0.9698456662825806 3.8
    endloop
  endfacet
  facet normal 0 0 1
    outer loop
      vertex -25.936906572928624 -4.911436253643443 3.8
      vertex -1.3348780407186631 0.9698456662825806 3.8
      vertex -1.104065500492116 1.2261889620377004 3.8
    endloop
  endfacet
  facet normal 0 0 -1
    outer loop
      vertex -30 0 0.19999999999999996
      vertex -29.960573506572388 0.6266661678215203 0.19999999999999996
      vertex -29.842915805643155 1.2434494358242743 0.19999999999999996
    endloop
  endfacet
  facet normal 0 0 -1
    outer loop
      vertex -30 0 0.19999999999999996
      vertex -29.842915805643155 1.2434494358242743 0.19999999999999996
      vertex -29.648882429441258 1.8406227634233894 0.19999999999999996
    endloop
  endfacet
  facet normal 0 0 -1
    outer loop
      vertex -30 0 0.19999999999999996
      vertex -29.648882429441258 1.8406227634233894 0.19999999999999996
      vertex -28.64484313710706 3.4227355296434423 0.19999999999999996
    endloop
  endfacet
  facet normal 0 0 -1
    outer loop
      vertex -29.648882429441258 1.8406227634233894 0.19999999999999996
      vertex -29.38153340021932 2.408768370508577 0.19999999999999996
      vertex -28.64484313710706 3.4227355296434423 0.19999999999999996
    endloop
  endfacet
  facet normal 0 0 -1
    outer loop
      vertex -29.38153340021932 2.408768370508577 0.19999999999999996
      vertex -29.045084971874736 2.938926261462366 0.19999999999999996
      vertex -28.64484313710706 3.4227355296434423 0.19999999999999996
    endloop
  endfacet
  facet normal 0 0 -1
    outer loop
      vertex -30 0 0.19999999999999996
      vertex -28.64484313710706 3.4227355296434423 0.19999999999999996
      vertex -25.936906572928624 4.911436253643443 0.19999999999999996
    endloop
  endfacet
  facet normal 0 0 -1
    outer loop
      vertex -28.64484313710706 3.4227355296434423 0.19999999999999996
      vertex -28.187119948743447 3.852566213878947 0.19999999999999996
      vertex -27.679133974894985 4.221639627510075 0.19999999999999996
    endloop
  endfacet
  facet normal 0 0 -1
    outer loop
      vertex -28.64484313710706 3.4227355296434423 0.19999999999999996
      vertex -27.679133974894985 4.221639627510075 0.19999999999999996
      vertex -27.128896457825363 4.524135262330097 0.19999999999999996
    endloop
  endfacet
  facet normal 0 0 -1
    outer loop
      vertex -28.64484313710706 3.4227355296434423 0.19999999999999996
      vertex -27.128896457825363 4.524135262330097 0.19999999999999996
      vertex -25.936906572928624 4.911436253643443 0.19999999999999996
    endloop
  endfacet
  facet normal 0 0 -1
    outer loop
      vertex -27.128896457825363 4.524135262330097 0.19999999999999996
      vertex -26.545084971874736 4.755282581475767 0.19999999999999996
      vertex -25.936906572928624 4.911436253643443 0.19999999999999996
    endloop
  endfacet
  facet normal 0 0 -1
    outer loop
      vertex -17.976344103943433 -0.3759997006929122 0.19999999999999996
      vertex -30 0 0.19999999999999996
      vertex -17.976344103943433 0.3759997006929122 0.19999999999999996
    endloop
  endfacet
  facet normal 0 0 -1
    outer loop
      vertex -30 0 0.19999999999999996
      vertex -17.789329457664756 1.1043736580540335 0.19999999999999996
      vertex -17.976344103943433 0.3759997006929122 0.19999999999999996
    endloop
  endfacet
  facet normal 0 0 -1
    outer loop
      vertex -30 0 0.19999999999999996
      vertex -17.427050983124843 1.7633557568774194 0.19999999999999996
      vertex -17.789329457664756 1.1043736580540335 0.19999999999999996
    endloop
  endfacet
  facet normal 0 0 -1
    outer loop
      vertex -30 0 0.19999999999999996
      vertex -16.91227196924607 2.311539728327368 0.19999999999999996
      vertex -17.427050983124843 1.7633557568774194 0.19999999999999996
    endloop
  endfacet
  facet normal 0 0 -1
    outer loop
      vertex -30 0 0.19999999999999996
      vertex -16.277337874695217 2.7144811573980583 0.19999999999999996
      vertex -16.91227196924607 2.311539728327368 0.19999999999999996
    endloop
  endfacet
  facet normal 0 0 -1
    outer loop
      vertex -30 0 0.19999999999999996
      vertex -15.562143943757174 2.946861752186066 0.19999999999999996
      vertex -16.277337874695217 2.7144811573980583 0.19999999999999996
    endloop
  endfacet
  facet normal 0 0 -1
    outer loop
      vertex -30 0 0.19999999999999996
      vertex -25.936906572928624 4.911436253643443 0.19999999999999996
      vertex 1.311669202100072 6.876010755100821 0.19999999999999996
    endloop
  endfacet
  facet normal 0 0 -1
    outer loop
      vertex -25.936906572928624 4.911436253643443 0.19999999999999996
      vertex -25.313952597646566 4.990133642141358 0.19999999999999996
      vertex -0.43953363670519296 6.986187098997901 0.19999999999999996
    endloop
  endfacet
  facet normal -0.9980267284282716 0.06279051952931576 0
    outer loop
      vertex -30 0 0.19999999999999996
      vertex -30 0 3.8
      vertex -29.960573506572388 0.6266661678215203 0.19999999999999996
    endloop
  endfacet
  facet normal -0.9822872507286892 0.18738131458572238 0
    outer loop
      vertex -29.960573506572388 0.6266661678215203 0.19999999999999996
      vertex -29.842915805643155 1.2434494358242743 3.8
      vertex -29.842915805643155 1.2434494358242743 0.19999999999999996
    endloop
  endfacet
  facet normal -0.9510565162951539 0.3090169943749459 0
    outer loop
      vertex -29.842915805643155 1.2434494358242743 0.19999999999999996
      vertex -29.648882429441258 1.8406227634233894 3.8
      vertex -29.648882429441258 1.8406227634233894 0.19999999999999996
    endloop
  endfacet
  facet normal -0.9048270524660194 0.425779291565073 0
    outer loop
      vertex -29.648882429441258 1.8406227634233894 0.19999999999999996
      vertex -29.648882429441258 1.8406227634233894 3.8
      vertex -29.38153340021932 2.408768370508577 0.19999999999999996
    endloop
  endfacet
  facet normal -0.8443279255020142 0.5358267949789981 0
    outer loop
      vertex -29.38153340021932 2.408768370508577 0.19999999999999996
      vertex -29.38153340021932 2.408768370508577 3.8
      vertex -29.045084971874736 2.938926261462366 0.19999999999999996
    endloop
  endfacet
  facet normal -0.7705132427757906 0.637423989748688 0
    outer loop
      vertex -29.045084971874736 2.938926261462366 0.19999999999999996
      vertex -28.64484313710706 3.4227355296434423 3.8
      vertex -28.64484313710706 3.4227355296434423 0.19999999999999996
    endloop
  endfacet
  facet normal -0.6845471059286876 0.7289686274214124 0
    outer loop
      vertex -28.64484313710706 3.4227355296434423 0.19999999999999996
      vertex -28.187119948743447 3.852566213878947 3.8
      vertex -28.187119948743447 3.852566213878947 0.19999999999999996
    endloop
  endfacet
  facet normal -0.5877852522924736 0.8090169943749471 0
    outer loop
      vertex -28.187119948743447 3.852566213878947 0.19999999999999996
      vertex -28.187119948743447 3.852566213878947 3.8
      vertex -27.679133974894985 4.221639627510075 0.19999999999999996
    endloop
  endfacet
  facet normal -0.4817536741017145 0.876306680043864 0
    outer loop
      vertex -27.679133974894985 4.221639627510075 0.19999999999999996
      vertex -27.679133974894985 4.221639627510075 3.8
      vertex -27.128896457825363 4.524135262330097 0.19999999999999996
    endloop
  endfacet
  facet normal -0.3681245526846774 0.9297764858882516 0
    outer loop
      vertex -27.128896457825363 4.524135262330097 0.19999999999999996
      vertex -27.128896457825363 4.524135262330097 3.8
      vertex -26.545084971874736 4.755282581475767 0.19999999999999996
    endloop
  endfacet
  facet normal -0.24868988716485607 0.9685831611286307 0
    outer loop
      vertex -26.545084971874736 4.755282581475767 0.19999999999999996
      vertex -25.936906572928624 4.911436253643443 3.8
      vertex -25.936906572928624 4.911436253643443 0.19999999999999996
    endloop
  endfacet
  facet normal -0.1253332335643043 0.9921147013144778 0
    outer loop
      vertex -25.936906572928624 4.911436253643443 0.19999999999999996
      vertex -25.936906572928624 4.911436253643443 3.8
      vertex -25.313952597646566 4.990133642141358 0.19999999999999996
    endloop
  endfacet
  facet normal -0.9980267284282716 0.06279051952931576 0
    outer loop
      vertex -29.960573506572388 0.6266661678215203 0.19999999999999996
      vertex -30 0 3.8
      vertex -29.960573506572388 0.6266661678215203 3.8
    endloop
  endfacet
  facet normal -0.9822872507286892 0.18738131458572238 0
    outer loop
      vertex -29.960573506572388 0.6266661678215203 0.19999999999999996
      vertex -29.960573506572388 0.6266661678215203 3.8
      vertex -29.842915805643155 1.2434494358242743 3.8
    endloop
  endfacet
  facet normal -0.9510565162951539 0.3090169943749459 0
    outer loop
      vertex -29.842915805643155 1.2434494358242743 0.19999999999999996
      vertex -29.842915805643155 1.2434494358242743 3.8
      vertex -29.648882429441258 1.8406227634233894 3.8
    endloop
  endfacet
  facet normal -0.9048270524660194 0.425779291565073 0
    outer loop
      vertex -29.38153340021932 2.408768370508577 0.19999999999999996
      vertex -29.648882429441258 1.8406227634233894 3.8
      vertex -29.38153340021932 2.408768370508577 3.8
    endloop
  endfacet
  facet normal 0 0 1
    outer loop
      vertex -30 0 3.8
      vertex -29.842915805643155 1.2434494358242743 3.8
      vertex -29.960573506572388 0.6266661678215203 3.8
    endloop
  endfacet
  facet normal 0 0 1
    outer loop
      vertex -30 0 3.8
      vertex -29.648882429441258 1.8406227634233894 3.8
      vertex -29.842915805643155 1.2434494358242743 3.8
    endloop
  endfacet
  facet normal 0 0 1
    outer loop
      vertex -30 0 3.8
      vertex -28.64484313710706 3.4227355296434423 3.8
      vertex -29.648882429441258 1.8406227634233894 3.8
    endloop
  endfacet
  facet normal 0 0 1
    outer loop
      vertex -29.648882429441258 1.8406227634233894 3.8
      vertex -28.64484313710706 3.4227355296434423 3.8
      vertex -29.38153340021932 2.408768370508577 3.8
    endloop
  endfacet
  facet normal 0 0 1
    outer loop
      vertex -25.936906572928624 -4.911436253643443 3.8
      vertex -25.936906572928624 4.911436253643443 3.8
      vertex -30 0 3.8
    endloop
  endfacet
  facet normal -0.8443279255020142 0.5358267949789981 0
    outer loop
      vertex -29.045084971874736 2.938926261462366 0.19999999999999996
      vertex -29.38153340021932 2.408768370508577 3.8
      vertex -29.045084971874736 2.938926261462366 3.8
    endloop
  endfacet
  facet normal -0.7705132427757906 0.637423989748688 0
    outer loop
      vertex -29.045084971874736 2.938926261462366 0.19999999999999996
      vertex -29.045084971874736 2.938926261462366 3.8
      vertex -28.64484313710706 3.4227355296434423 3.8
    endloop
  endfacet
  facet normal -0.6845471059286876 0.7289686274214124 0
    outer loop
      vertex -28.64484313710706 3.4227355296434423 0.19999999999999996
      vertex -28.64484313710706 3.4227355296434423 3.8
      vertex -28.187119948743447 3.852566213878947 3.8
    endloop
  endfacet
  facet normal -0.5877852522924736 0.8090169943749471 0
    outer loop
      vertex -27.679133974894985 4.221639627510075 0.19999999999999996
      vertex -28.187119948743447 3.852566213878947 3.8
      vertex -27.679133974894985 4.221639627510075 3.8
    endloop
  endfacet
  facet normal -0.4817536741017145 0.876306680043864 0
    outer loop
      vertex -27.128896457825363 4.524135262330097 0.19999999999999996
      vertex -27.679133974894985 4.221639627510075 3.8
      vertex -27.128896457825363 4.524135262330097 3.8
    endloop
  endfacet
  facet normal -0.3681245526846774 0.9297764858882516 0
    outer loop
      vertex -26.545084971874736 4.755282581475767 0.19999999999999996
      vertex -27.128896457825363 4.524135262330097 3.8
      vertex -26.545084971874736 4.755282581475767 3.8
    endloop
  endfacet
  facet normal 0 0 1
    outer loop
      vertex -29.38153340021932 2.408768370508577 3.8
      vertex -28.64484313710706 3.4227355296434423 3.8
      vertex -29.045084971874736 2.938926261462366 3.8
    endloop
  endfacet
  facet normal 0 0 1
    outer loop
      vertex -30 0 3.8
      vertex -25.936906572928624 4.911436253643443 3.8
      vertex -28.64484313710706 3.4227355296434423 3.8
    endloop
  endfacet
  facet normal 0 0 1
    outer loop
      vertex -28.64484313710706 3.4227355296434423 3.8
      vertex -27.679133974894985 4.221639627510075 3.8
      vertex -28.187119948743447 3.852566213878947 3.8
    endloop
  endfacet
  facet normal 0 0 1
    outer loop
      vertex -28.64484313710706 3.4227355296434423 3.8
      vertex -25.936906572928624 4.911436253643443 3.8
      vertex -27.679133974894985 4.221639627510075 3.8
    endloop
  endfacet
  facet normal 0 0 1
    outer loop
      vertex -27.679133974894985 4.221639627510075 3.8
      vertex -26.545084971874736 4.755282581475767 3.8
      vertex -27.128896457825363 4.524135262330097 3.8
    endloop
  endfacet
  facet normal 0 0 1
    outer loop
      vertex -27.679133974894985 4.221639627510075 3.8
      vertex -25.936906572928624 4.911436253643443 3.8
      vertex -26.545084971874736 4.755282581475767 3.8
    endloop
  endfacet
  facet normal -0.24868988716485607 0.9685831611286307 0
    outer loop
      vertex -26.545084971874736 4.755282581475767 0.19999999999999996
      vertex -26.545084971874736 4.755282581475767 3.8
      vertex -25.936906572928624 4.911436253643443 3.8
    endloop
  endfacet
  facet normal -0.1253332335643043 0.9921147013144778 0
    outer loop
      vertex -25.313952597646566 4.990133642141358 0.19999999999999996
      vertex -25.936906572928624 4.911436253643443 3.8
      vertex -25.313952597646566 4.990133642141358 3.8
    endloop
  endfacet
  facet normal 0 0 1
    outer loop
      vertex -25.936906572928624 -4.911436253643443 3.8
      vertex -1.104065500492116 1.2261889620377004 3.8
      vertex -25.936906572928624 4.911436253643443 3.8
    endloop
  endfacet
  facet normal -0.07998810911086522 0.9967958178086764 0
    outer loop
      vertex -25.313952597646566 4.990133642141358 0.19999999999999996
      vertex -25.313952597646566 4.990133642141358 3.8
      vertex -0.43953363670519296 6.986187098997901 3.8
    endloop
  endfacet
  facet normal 0 0 1
    outer loop
      vertex -25.936906572928624 4.911436253643443 3.8
      vertex -0.43953363670519296 6.986187098997901 3.8
      vertex -25.313952597646566 4.990133642141358 3.8
    endloop
  endfacet
  facet normal 0 0 -1
    outer loop
      vertex -30 0 0.19999999999999996
      vertex 1.311669202100072 6.876010755100821 0.19999999999999996
      vertex -15.562143943757174 2.946861752186066 0.19999999999999996
    endloop
  endfacet
  facet normal 0 0 -1
    outer loop
      vertex -13.39251961506301 2.532983776506045 0.19999999999999996
      vertex 1.311669202100072 6.876010755100821 0.19999999999999996
      vertex -12.813094117735766 2.053641317786066 0.19999999999999996
    endloop
  endfacet
  facet normal 0 0 -1
    outer loop
      vertex -15.562143943757174 2.946861752186066 0.19999999999999996
      vertex 1.311669202100072 6.876010755100821 0.19999999999999996
      vertex -14.81162844141206 2.9940801852848145 0.19999999999999996
    endloop
  endfacet
  facet normal 0 0 -1
    outer loop
      vertex -14.81162844141206 2.9940801852848145 0.19999999999999996
      vertex 1.311669202100072 6.876010755100821 0.19999999999999996
      vertex -14.072949016875159 2.8531695488854605 0.19999999999999996
    endloop
  endfacet
  facet normal 0 0 -1
    outer loop
      vertex -13.39251961506301 2.532983776506045 0.19999999999999996
      vertex -14.072949016875159 2.8531695488854605 0.19999999999999996
      vertex 1.311669202100072 6.876010755100821 0.19999999999999996
    endloop
  endfacet
  facet normal 0 0 -1
    outer loop
      vertex -25.936906572928624 4.911436253643443 0.19999999999999996
      vertex -0.43953363670519296 6.986187098997901 0.19999999999999996
      vertex 1.311669202100072 6.876010755100821 0.19999999999999996
    endloop
  endfacet
  facet normal 0 0 -1
    outer loop
      vertex -12.094250516614107 0.7460696614945643 0.19999999999999996
      vertex -1.65 0 0.19999999999999996
      vertex -1.6139435412107792 -0.3430542898493029 0.19999999999999996
    endloop
  endfacet
  facet normal 0 0 -1
    outer loop
      vertex -12.094250516614107 0.7460696614945643 0.19999999999999996
      vertex -1.6139435412107792 0.3430542898493029 0.19999999999999996
      vertex -1.65 0 0.19999999999999996
    endloop
  endfacet
  facet normal 0 0 -1
    outer loop
      vertex -12.094250516614107 0.7460696614945643 0.19999999999999996
      vertex -1.5073500051102913 0.6711154610750703 0.19999999999999996
      vertex -1.6139435412107792 0.3430542898493029 0.19999999999999996
    endloop
  endfacet
  facet normal 0 0 -1
    outer loop
      vertex -12.094250516614107 0.7460696614945643 0.19999999999999996
      vertex -1.3348780407186631 0.9698456662825806 0.19999999999999996
      vertex -1.5073500051102913 0.6711154610750703 0.19999999999999996
    endloop
  endfacet
  facet normal 0 0 -1
    outer loop
      vertex -12.094250516614107 0.7460696614945643 0.19999999999999996
      vertex -1.104065500492116 1.2261889620377004 0.19999999999999996
      vertex -1.3348780407186631 0.9698456662825806 0.19999999999999996
    endloop
  endfacet
  facet normal 0 0 -1
    outer loop
      vertex -12.094250516614107 0.7460696614945643 0.19999999999999996
      vertex -0.825 1.4289419162443235 0.19999999999999996
      vertex -1.104065500492116 1.2261889620377004 0.19999999999999996
    endloop
  endfacet
  facet normal 0 0 -1
    outer loop
      vertex -12.094250516614107 0.7460696614945643 0.19999999999999996
      vertex -0.5098780407186632 1.5692432518870032 0.19999999999999996
      vertex -0.825 1.4289419162443235 0.19999999999999996
    endloop
  endfacet
  facet normal 0 0 -1
    outer loop
      vertex -12.094250516614107 0.7460696614945643 0.19999999999999996
      vertex -12.371079959868409 1.445261022305146 0.19999999999999996
      vertex 1.311669202100072 6.876010755100821 0.19999999999999996
    endloop
  endfacet
  facet normal 0 0 -1
    outer loop
      vertex -12.813094117735766 2.053641317786066 0.19999999999999996
      vertex 1.311669202100072 6.876010755100821 0.19999999999999996
      vertex -12.371079959868409 1.445261022305146 0.19999999999999996
    endloop
  endfacet
  facet normal 0 0 -1
    outer loop
      vertex -12.094250516614107 0.7460696614945643 0.19999999999999996
      vertex -0.1724719643916282 1.6409611273576508 0.19999999999999996
      vertex -0.5098780407186632 1.5692432518870032 0.19999999999999996
    endloop
  endfacet
  facet normal 0 0 -1
    outer loop
      vertex -12.094250516614107 0.7460696614945643 0.19999999999999996
      vertex 1.311669202100072 6.876010755100821 0.19999999999999996
      vertex -0.1724719643916282 1.6409611273576508 0.19999999999999996
    endloop
  endfacet
  facet normal 0 0 1
    outer loop
      vertex -25.936906572928624 4.911436253643443 3.8
      vertex -1.104065500492116 1.2261889620377004 3.8
      vertex -0.825 1.4289419162443235 3.8
    endloop
  endfacet
  facet normal 0 0 1
    outer loop
      vertex -25.936906572928624 4.911436253643443 3.8
      vertex -0.825 1.4289419162443235 3.8
      vertex -0.5098780407186632 1.5692432518870032 3.8
    endloop
  endfacet
  facet normal 0 0 1
    outer loop
      vertex -25.936906572928624 4.911436253643443 3.8
      vertex -0.5098780407186632 1.5692432518870032 3.8
      vertex -0.1724719643916282 1.6409611273576508 3.8
    endloop
  endfacet
  facet normal 0 0 1
    outer loop
      vertex -25.936906572928624 4.911436253643443 3.8
      vertex -0.1724719643916282 1.6409611273576508 3.8
      vertex 0.1724719643916282 1.6409611273576508 3.8
    endloop
  endfacet
  facet normal 0 0 1
    outer loop
      vertex -25.936906572928624 4.911436253643443 3.8
      vertex 0.1724719643916282 1.6409611273576508 3.8
      vertex 1.1151153854613827 1.5925498151320663 3.8
    endloop
  endfacet
  facet normal 0 0 1
    outer loop
      vertex -25.936906572928624 4.911436253643443 3.8
      vertex 1.1151153854613827 1.5925498151320663 3.8
      vertex 0.43953363670519296 6.986187098997901 3.8
    endloop
  endfacet
  facet normal -0.07998810911086522 0.9967958178086764 0
    outer loop
      vertex -25.313952597646566 4.990133642141358 0.19999999999999996
      vertex -0.43953363670519296 6.986187098997901 3.8
      vertex -0.43953363670519296 6.986187098997901 0.19999999999999996
    endloop
  endfacet
  facet normal 0 0 1
    outer loop
      vertex -25.936906572928624 4.911436253643443 3.8
      vertex 0.43953363670519296 6.986187098997901 3.8
      vertex -0.43953363670519296 6.986187098997901 3.8
    endloop
  endfacet
  facet normal 0 0 -1
    outer loop
      vertex 0.43953363670519635 -6.986187098997901 0.19999999999999996
      vertex 2.980455040955507 -6.333789367262137 0.19999999999999996
      vertex 1.3116692021000738 -6.87601075510082 0.19999999999999996
    endloop
  endfacet
  facet normal 0 0 -1
    outer loop
      vertex 1.3116692021000738 -6.87601075510082 0.19999999999999996
      vertex 2.980455040955507 -6.333789367262137 0.19999999999999996
      vertex 2.1631189606246317 -6.657395614066075 0.19999999999999996
    endloop
  endfacet
  facet normal 0 0 -1
    outer loop
      vertex 0.43953363670519635 -6.986187098997901 0.19999999999999996
      vertex 2.990021555724822 -4.270193325186942 0.19999999999999996
      vertex 2.980455040955507 -6.333789367262137 0.19999999999999996
    endloop
  endfacet
  facet normal 0 0 -1
    outer loop
      vertex 2.980455040955507 -6.333789367262137 0.19999999999999996
      vertex 2.990021555724822 -4.270193325186942 0.19999999999999996
      vertex 3.7507875648529736 -5.910295478514107 0.19999999999999996
    endloop
  endfacet
  facet normal 0 0 -1
    outer loop
      vertex 0.43953363670519635 -6.986187098997901 0.19999999999999996
      vertex -0.5098780407186632 -1.5692432518870032 0.19999999999999996
      vertex -0.1724719643916282 -1.6409611273576508 0.19999999999999996
    endloop
  endfacet
  facet normal 0 0 -1
    outer loop
      vertex 0.43953363670519635 -6.986187098997901 0.19999999999999996
      vertex -0.1724719643916282 -1.6409611273576508 0.19999999999999996
      vertex 0.1724719643916282 -1.6409611273576508 0.19999999999999996
    endloop
  endfacet
  facet normal 0 0 -1
    outer loop
      vertex 0.43953363670519635 -6.986187098997901 0.19999999999999996
      vertex 0.1724719643916282 -1.6409611273576508 0.19999999999999996
      vertex 0.5098780407186632 -1.5692432518870032 0.19999999999999996
    endloop
  endfacet
  facet normal 0 0 -1
    outer loop
      vertex 0.43953363670519635 -6.986187098997901 0.19999999999999996
      vertex 0.5098780407186632 -1.5692432518870032 0.19999999999999996
      vertex 0.825 -1.4289419162443235 0.19999999999999996
    endloop
  endfacet
  facet normal 0 0 -1
    outer loop
      vertex 0.43953363670519635 -6.986187098997901 0.19999999999999996
      vertex 0.825 -1.4289419162443235 0.19999999999999996
      vertex 2.990021555724822 -4.270193325186942 0.19999999999999996
    endloop
  endfacet
  facet normal 0 0 -1
    outer loop
      vertex 2.990021555724822 -4.270193325186942 0.19999999999999996
      vertex 0.825 -1.4289419162443235 0.19999999999999996
      vertex 1.104065500492116 -1.2261889620377004 0.19999999999999996
    endloop
  endfacet
  facet normal 0 0 -1
    outer loop
      vertex 2.990021555724822 -4.270193325186942 0.19999999999999996
      vertex 1.104065500492116 -1.2261889620377004 0.19999999999999996
      vertex 1.3348780407186631 -0.9698456662825806 0.19999999999999996
    endloop
  endfacet
  facet normal 0 0 -1
    outer loop
      vertex 2.990021555724822 -4.270193325186942 0.19999999999999996
      vertex 1.3348780407186631 -0.9698456662825806 0.19999999999999996
      vertex 1.5073500051102913 -0.6711154610750703 0.19999999999999996
    endloop
  endfacet
  facet normal 0 0 -1
    outer loop
      vertex 2.990021555724822 -4.270193325186942 0.19999999999999996
      vertex 1.5073500051102913 -0.6711154610750703 0.19999999999999996
      vertex 1.6139435412107792 -0.3430542898493029 0.19999999999999996
    endloop
  endfacet
  facet normal 0 0 -1
    outer loop
      vertex 2.990021555724822 -4.270193325186942 0.19999999999999996
      vertex 1.6139435412107792 -0.3430542898493029 0.19999999999999996
      vertex 1.65 0 0.19999999999999996
    endloop
  endfacet
  facet normal 0 0 -1
    outer loop
      vertex 3.7507875648529736 -5.910295478514107 0.19999999999999996
      vertex 2.990021555724822 -4.270193325186942 0.19999999999999996
      vertex 4.007722695339892 -5.723621179276755 0.19999999999999996
    endloop
  endfacet
  facet normal 0 -1 0
    outer loop
      vertex -0.43953363670519635 -6.986187098997901 0.19999999999999996
      vertex 0.43953363670519635 -6.986187098997901 0.19999999999999996
      vertex -0.43953363670519635 -6.986187098997901 3.8
    endloop
  endfacet
  facet normal 0.12533323356430495 -0.9921147013144777 0
    outer loop
      vertex 0.43953363670519635 -6.986187098997901 0.19999999999999996
      vertex 1.3116692021000738 -6.87601075510082 0.19999999999999996
      vertex 0.43953363670519635 -6.986187098997901 3.8
    endloop
  endfacet
  facet normal 0.24868988716485488 -0.9685831611286311 0
    outer loop
      vertex 1.3116692021000738 -6.87601075510082 0.19999999999999996
      vertex 2.1631189606246317 -6.657395614066075 0.19999999999999996
      vertex 1.3116692021000738 -6.87601075510082 3.8
    endloop
  endfacet
  facet normal 0.3681245526846781 -0.9297764858882512 0
    outer loop
      vertex 2.1631189606246317 -6.657395614066075 0.19999999999999996
      vertex 2.980455040955507 -6.333789367262137 0.19999999999999996
      vertex 2.980455040955507 -6.333789367262137 3.8
    endloop
  endfacet
  facet normal 0.4817536741017144 -0.876306680043864 0
    outer loop
      vertex 2.980455040955507 -6.333789367262137 0.19999999999999996
      vertex 3.7507875648529736 -5.910295478514107 0.19999999999999996
      vertex 3.7507875648529736 -5.910295478514107 3.8
    endloop
  endfacet
  facet normal 0.5877852522924721 -0.8090169943749482 0
    outer loop
      vertex 3.7507875648529736 -5.910295478514107 0.19999999999999996
      vertex 4.007722695339892 -5.723621179276755 0.19999999999999996
      vertex 3.7507875648529736 -5.910295478514107 3.8
    endloop
  endfacet
  facet normal 0 -1 0
    outer loop
      vertex 0.43953363670519635 -6.986187098997901 0.19999999999999996
      vertex 0.43953363670519635 -6.986187098997901 3.8
      vertex -0.43953363670519635 -6.986187098997901 3.8
    endloop
  endfacet
  facet normal 0.12533323356430495 -0.9921147013144777 0
    outer loop
      vertex 1.3116692021000738 -6.87601075510082 0.19999999999999996
      vertex 1.3116692021000738 -6.87601075510082 3.8
      vertex 0.43953363670519635 -6.986187098997901 3.8
    endloop
  endfacet
  facet normal 0.24868988716485488 -0.9685831611286311 0
    outer loop
      vertex 2.1631189606246317 -6.657395614066075 0.19999999999999996
      vertex 2.1631189606246317 -6.657395614066075 3.8
      vertex 1.3116692021000738 -6.87601075510082 3.8
    endloop
  endfacet
  facet normal 0.3681245526846781 -0.9297764858882512 0
    outer loop
      vertex 2.1631189606246317 -6.657395614066075 0.19999999999999996
      vertex 2.980455040955507 -6.333789367262137 3.8
      vertex 2.1631189606246317 -6.657395614066075 3.8
    endloop
  endfacet
  facet normal 0 0 1
    outer loop
      vertex -0.43953363670519635 -6.986187098997901 3.8
      vertex 0.43953363670519635 -6.986187098997901 3.8
      vertex 1.3116692021000738 -6.87601075510082 3.8
    endloop
  endfacet
  facet normal 0 0 1
    outer loop
      vertex 1.3116692021000738 -6.87601075510082 3.8
      vertex 2.1631189606246317 -6.657395614066075 3.8
      vertex 2.980455040955507 -6.333789367262137 3.8
    endloop
  endfacet
  facet normal 0 0 1
    outer loop
      vertex 1.3116692021000738 -6.87601075510082 3.8
      vertex 2.980455040955507 -6.333789367262137 3.8
      vertex 3.7507875648529736 -5.910295478514107 3.8
    endloop
  endfacet
  facet normal 0 0 1
    outer loop
      vertex 1.3116692021000738 -6.87601075510082 3.8
      vertex 3.7507875648529736 -5.910295478514107 3.8
      vertex 3.52977186288631 -5.041036650545465 3.8
    endloop
  endfacet
  facet normal 0.4817536741017144 -0.876306680043864 0
    outer loop
      vertex 2.980455040955507 -6.333789367262137 0.19999999999999996
      vertex 3.7507875648529736 -5.910295478514107 3.8
      vertex 2.980455040955507 -6.333789367262137 3.8
    endloop
  endfacet
  facet normal 0.5877852522924721 -0.8090169943749482 0
    outer loop
      vertex 4.007722695339892 -5.723621179276755 0.19999999999999996
      vertex 4.007722695339892 -5.723621179276755 3.8
      vertex 3.7507875648529736 -5.910295478514107 3.8
    endloop
  endfacet
  facet normal 0 0 1
    outer loop
      vertex 3.7507875648529736 -5.910295478514107 3.8
      vertex 4.007722695339892 -5.723621179276755 3.8
      vertex 3.52977186288631 -5.041036650545465 3.8
    endloop
  endfacet
  facet normal 0 0 1
    outer loop
      vertex 1.3116692021000738 -6.87601075510082 3.8
      vertex -1.104065500492116 -1.2261889620377004 3.8
      vertex -1.3348780407186631 -0.9698456662825806 3.8
    endloop
  endfacet
  facet normal 0 0 1
    outer loop
      vertex 1.3116692021000738 -6.87601075510082 3.8
      vertex -0.825 -1.4289419162443235 3.8
      vertex -1.104065500492116 -1.2261889620377004 3.8
    endloop
  endfacet
  facet normal 0 0 1
    outer loop
      vertex 1.3116692021000738 -6.87601075510082 3.8
      vertex -0.5098780407186632 -1.5692432518870032 3.8
      vertex -0.825 -1.4289419162443235 3.8
    endloop
  endfacet
  facet normal 0 0 1
    outer loop
      vertex 1.3116692021000738 -6.87601075510082 3.8
      vertex -0.1724719643916282 -1.6409611273576508 3.8
      vertex -0.5098780407186632 -1.5692432518870032 3.8
    endloop
  endfacet
  facet normal 0 0 1
    outer loop
      vertex 1.3116692021000738 -6.87601075510082 3.8
      vertex 0.1724719643916282 -1.6409611273576508 3.8
      vertex -0.1724719643916282 -1.6409611273576508 3.8
    endloop
  endfacet
  facet normal 0 0 1
    outer loop
      vertex 1.3116692021000738 -6.87601075510082 3.8
      vertex 0.5098780407186632 -1.5692432518870032 3.8
      vertex 0.1724719643916282 -1.6409611273576508 3.8
    endloop
  endfacet
  facet normal 0 0 1
    outer loop
      vertex 1.3116692021000738 -6.87601075510082 3.8
      vertex 0.825 -1.4289419162443235 3.8
      vertex 0.5098780407186632 -1.5692432518870032 3.8
    endloop
  endfacet
  facet normal 0 0 1
    outer loop
      vertex 1.3116692021000738 -6.87601075510082 3.8
      vertex 1.104065500492116 -1.2261889620377004 3.8
      vertex 0.825 -1.4289419162443235 3.8
    endloop
  endfacet
  facet normal 0 0 1
    outer loop
      vertex 1.3116692021000738 -6.87601075510082 3.8
      vertex 1.3348780407186631 -0.9698456662825806 3.8
      vertex 1.104065500492116 -1.2261889620377004 3.8
    endloop
  endfacet
  facet normal 0 0 1
    outer loop
      vertex 1.3116692021000738 -6.87601075510082 3.8
      vertex 1.5073500051102913 -0.6711154610750703 3.8
      vertex 1.3348780407186631 -0.9698456662825806 3.8
    endloop
  endfacet
  facet normal 0 0 1
    outer loop
      vertex 1.3116692021000738 -6.87601075510082 3.8
      vertex 1.6139435412107792 -0.3430542898493029 3.8
      vertex 1.5073500051102913 -0.6711154610750703 3.8
    endloop
  endfacet
  facet normal 0 0 1
    outer loop
      vertex 1.3116692021000738 -6.87601075510082 3.8
      vertex 1.961325873442426 0 3.8
      vertex 1.6139435412107792 -0.3430542898493029 3.8
    endloop
  endfacet
  facet normal 0 0 1
    outer loop
      vertex 1.961325873442426 0 3.8
      vertex 1.65 0 3.8
      vertex 1.6139435412107792 -0.3430542898493029 3.8
    endloop
  endfacet
  facet normal 0 0 1
    outer loop
      vertex 1.3116692021000738 -6.87601075510082 3.8
      vertex 3.52977186288631 -5.041036650545465 3.8
      vertex 6.307383438703074 0 3.8
    endloop
  endfacet
  facet normal 0 0 1
    outer loop
      vertex 1.3116692021000738 -6.87601075510082 3.8
      vertex 6.307383438703074 0 3.8
      vertex 1.961325873442426 0 3.8
    endloop
  endfacet
  facet normal 0 0 -1
    outer loop
      vertex 2.990021555724822 -4.270193325186942 0.19999999999999996
      vertex 1.65 0 0.19999999999999996
      vertex 1.311669202100072 6.876010755100821 0.19999999999999996
    endloop
  endfacet
  facet normal 0 0 -1
    outer loop
      vertex 1.311669202100072 6.876010755100821 0.19999999999999996
      vertex 1.65 0 0.19999999999999996
      vertex 1.6139435412107792 0.3430542898493029 0.19999999999999996
    endloop
  endfacet
  facet normal 0 0 -1
    outer loop
      vertex 1.311669202100072 6.876010755100821 0.19999999999999996
      vertex 1.6139435412107792 0.3430542898493029 0.19999999999999996
      vertex 1.5073500051102913 0.6711154610750703 0.19999999999999996
    endloop
  endfacet
  facet normal 0 0 -1
    outer loop
      vertex 1.311669202100072 6.876010755100821 0.19999999999999996
      vertex 0.825 1.4289419162443235 0.19999999999999996
      vertex 0.5098780407186632 1.5692432518870032 0.19999999999999996
    endloop
  endfacet
  facet normal 0 0 -1
    outer loop
      vertex 1.311669202100072 6.876010755100821 0.19999999999999996
      vertex 0.1724719643916282 1.6409611273576508 0.19999999999999996
      vertex -0.1724719643916282 1.6409611273576508 0.19999999999999996
    endloop
  endfacet
  facet normal 0 0 -1
    outer loop
      vertex 1.311669202100072 6.876010755100821 0.19999999999999996
      vertex 0.5098780407186632 1.5692432518870032 0.19999999999999996
      vertex 0.1724719643916282 1.6409611273576508 0.19999999999999996
    endloop
  endfacet
  facet normal 0 0 -1
    outer loop
      vertex 1.311669202100072 6.876010755100821 0.19999999999999996
      vertex 1.5073500051102913 0.6711154610750703 0.19999999999999996
      vertex 1.3348780407186631 0.9698456662825806 0.19999999999999996
    endloop
  endfacet
  facet normal 0 0 -1
    outer loop
      vertex 1.311669202100072 6.876010755100821 0.19999999999999996
      vertex 1.3348780407186631 0.9698456662825806 0.19999999999999996
      vertex 1.104065500492116 1.2261889620377004 0.19999999999999996
    endloop
  endfacet
  facet normal 0 0 -1
    outer loop
      vertex 1.311669202100072 6.876010755100821 0.19999999999999996
      vertex 1.104065500492116 1.2261889620377004 0.19999999999999996
      vertex 0.825 1.4289419162443235 0.19999999999999996
    endloop
  endfacet
  facet normal 0 0 -1
    outer loop
      vertex 2.990021555724822 -4.270193325186942 0.19999999999999996
      vertex 1.311669202100072 6.876010755100821 0.19999999999999996
      vertex 7 0 0.19999999999999996
    endloop
  endfacet
  facet normal 0 0 -1
    outer loop
      vertex 6.38887613618815 2.572184260529792 0.19999999999999996
      vertex 7 0 0.19999999999999996
      vertex 5.987294168385732 3.1167880659606073 0.19999999999999996
    endloop
  endfacet
  facet normal 0 0 -1
    outer loop
      vertex 1.311669202100072 6.876010755100821 0.19999999999999996
      vertex 3.736932094280444 5.336892122105424 0.19999999999999996
      vertex 7 0 0.19999999999999996
    endloop
  endfacet
  facet normal 0 0 -1
    outer loop
      vertex 5.987294168385732 3.1167880659606073 0.19999999999999996
      vertex 7 0 0.19999999999999996
      vertex 3.736932094280444 5.336892122105424 0.19999999999999996
    endloop
  endfacet
  facet normal 0 0 -1
    outer loop
      vertex 6.38887613618815 2.572184260529792 0.19999999999999996
      vertex 5.987294168385732 3.1167880659606073 0.19999999999999996
      vertex 6.49124697872564 2.613399125914428 0.19999999999999996
    endloop
  endfacet
  facet normal 0 0 -1
    outer loop
      vertex 6.49124697872564 2.613399125914428 0.19999999999999996
      vertex 5.987294168385732 3.1167880659606073 0.19999999999999996
      vertex 6.201819855820354 3.228463070333827 0.19999999999999996
    endloop
  endfacet
  facet normal 0 0 -1
    outer loop
      vertex -0.43953363670519296 6.986187098997901 0.19999999999999996
      vertex 0.43953363670519296 6.986187098997901 0.19999999999999996
      vertex 1.311669202100072 6.876010755100821 0.19999999999999996
    endloop
  endfacet
  facet normal 0 0 -1
    outer loop
      vertex 1.311669202100072 6.876010755100821 0.19999999999999996
      vertex 2.1631189606246317 6.657395614066075 0.19999999999999996
      vertex 2.980455040955509 6.333789367262137 0.19999999999999996
    endloop
  endfacet
  facet normal 0 0 -1
    outer loop
      vertex 1.311669202100072 6.876010755100821 0.19999999999999996
      vertex 2.980455040955509 6.333789367262137 0.19999999999999996
      vertex 3.7507875648529767 5.910295478514105 0.19999999999999996
    endloop
  endfacet
  facet normal 0 0 -1
    outer loop
      vertex 1.311669202100072 6.876010755100821 0.19999999999999996
      vertex 3.7507875648529767 5.910295478514105 0.19999999999999996
      vertex 3.736932094280444 5.336892122105424 0.19999999999999996
    endloop
  endfacet
  facet normal 0 0 -1
    outer loop
      vertex 3.736932094280444 5.336892122105424 0.19999999999999996
      vertex 3.7507875648529767 5.910295478514105 0.19999999999999996
      vertex 4.007722695339892 5.723621179276755 0.19999999999999996
    endloop
  endfacet
  facet normal 0 0 -1
    outer loop
      vertex 7 0 0.19999999999999996
      vertex 6.931484721906665 0.5423542721106888 0.19999999999999996
      vertex 6.965709481146772 0.5450321896320487 0.19999999999999996
    endloop
  endfacet
  facet normal 0 0 -1
    outer loop
      vertex 6.38887613618815 2.572184260529792 0.19999999999999996
      vertex 6.931484721906665 0.5423542721106888 0.19999999999999996
      vertex 7 0 0.19999999999999996
    endloop
  endfacet
  facet normal 0 0 1
    outer loop
      vertex 1.1151153854613827 1.5925498151320663 3.8
      vertex 0.1724719643916282 1.6409611273576508 3.8
      vertex 0.5098780407186632 1.5692432518870032 3.8
    endloop
  endfacet
  facet normal 0 0 1
    outer loop
      vertex 1.1151153854613827 1.5925498151320663 3.8
      vertex 0.5098780407186632 1.5692432518870032 3.8
      vertex 0.825 1.4289419162443235 3.8
    endloop
  endfacet
  facet normal 0 0 1
    outer loop
      vertex 1.1151153854613827 1.5925498151320663 3.8
      vertex 0.825 1.4289419162443235 3.8
      vertex 1.104065500492116 1.2261889620377004 3.8
    endloop
  endfacet
  facet normal 0 0 1
    outer loop
      vertex 1.961325873442426 0 3.8
      vertex 1.6139435412107792 0.3430542898493029 3.8
      vertex 1.65 0 3.8
    endloop
  endfacet
  facet normal 0 0 1
    outer loop
      vertex 1.961325873442426 0 3.8
      vertex 1.5073500051102913 0.6711154610750703 3.8
      vertex 1.6139435412107792 0.3430542898493029 3.8
    endloop
  endfacet
  facet normal 0 0 1
    outer loop
      vertex 1.961325873442426 0 3.8
      vertex 1.1151153854613827 1.5925498151320663 3.8
      vertex 1.5073500051102913 0.6711154610750703 3.8
    endloop
  endfacet
  facet normal 0 0 1
    outer loop
      vertex 1.1151153854613827 1.5925498151320663 3.8
      vertex 1.104065500492116 1.2261889620377004 3.8
      vertex 1.3348780407186631 0.9698456662825806 3.8
    endloop
  endfacet
  facet normal 0 0 1
    outer loop
      vertex 1.1151153854613827 1.5925498151320663 3.8
      vertex 1.3348780407186631 0.9698456662825806 3.8
      vertex 1.5073500051102913 0.6711154610750703 3.8
    endloop
  endfacet
  facet normal 0 0 1
    outer loop
      vertex 1.961325873442426 0 3.8
      vertex 2.6884597010744673 1.3995235370878945 3.8
      vertex 1.1151153854613827 1.5925498151320663 3.8
    endloop
  endfacet
  facet normal 0 0 1
    outer loop
      vertex 1.1151153854613827 1.5925498151320663 3.8
      vertex 2.980455040955509 6.333789367262137 3.8
      vertex 0.43953363670519296 6.986187098997901 3.8
    endloop
  endfacet
  facet normal 0 0 1
    outer loop
      vertex 1.1151153854613827 1.5925498151320663 3.8
      vertex 3.7507875648529767 5.910295478514105 3.8
      vertex 2.980455040955509 6.333789367262137 3.8
    endloop
  endfacet
  facet normal 0 0 1
    outer loop
      vertex 1.1151153854613827 1.5925498151320663 3.8
      vertex 4.007722695339892 5.723621179276755 3.8
      vertex 3.7507875648529767 5.910295478514105 3.8
    endloop
  endfacet
  facet normal 0 1 0
    outer loop
      vertex -0.43953363670519296 6.986187098997901 0.19999999999999996
      vertex 0.43953363670519296 6.986187098997901 3.8
      vertex 0.43953363670519296 6.986187098997901 0.19999999999999996
    endloop
  endfacet
  facet normal 0.12533323356430373 0.9921147013144779 0
    outer loop
      vertex 0.43953363670519296 6.986187098997901 0.19999999999999996
      vertex 0.43953363670519296 6.986187098997901 3.8
      vertex 1.311669202100072 6.876010755100821 0.19999999999999996
    endloop
  endfacet
  facet normal 0.3681245526846775 0.9297764858882517 0
    outer loop
      vertex 2.1631189606246317 6.657395614066075 0.19999999999999996
      vertex 2.980455040955509 6.333789367262137 3.8
      vertex 2.980455040955509 6.333789367262137 0.19999999999999996
    endloop
  endfacet
  facet normal 0.24868988716485538 0.968583161128631 0
    outer loop
      vertex 1.311669202100072 6.876010755100821 0.19999999999999996
      vertex 1.311669202100072 6.876010755100821 3.8
      vertex 2.1631189606246317 6.657395614066075 0.19999999999999996
    endloop
  endfacet
  facet normal 0.48175367410171543 0.8763066800438636 0
    outer loop
      vertex 3.7507875648529767 5.910295478514105 0.19999999999999996
      vertex 2.980455040955509 6.333789367262137 0.19999999999999996
      vertex 2.980455040955509 6.333789367262137 3.8
    endloop
  endfacet
  facet normal 0.587785252292473 0.8090169943749473 0
    outer loop
      vertex 3.7507875648529767 5.910295478514105 0.19999999999999996
      vertex 4.007722695339892 5.723621179276755 3.8
      vertex 4.007722695339892 5.723621179276755 0.19999999999999996
    endloop
  endfacet
  facet normal 0 1 0
    outer loop
      vertex -0.43953363670519296 6.986187098997901 0.19999999999999996
      vertex -0.43953363670519296 6.986187098997901 3.8
      vertex 0.43953363670519296 6.986187098997901 3.8
    endloop
  endfacet
  facet normal 0.12533323356430373 0.9921147013144779 0
    outer loop
      vertex 1.311669202100072 6.876010755100821 0.19999999999999996
      vertex 0.43953363670519296 6.986187098997901 3.8
      vertex 1.311669202100072 6.876010755100821 3.8
    endloop
  endfacet
  facet normal 0.3681245526846775 0.9297764858882517 0
    outer loop
      vertex 2.1631189606246317 6.657395614066075 0.19999999999999996
      vertex 2.1631189606246317 6.657395614066075 3.8
      vertex 2.980455040955509 6.333789367262137 3.8
    endloop
  endfacet
  facet normal 0.24868988716485538 0.968583161128631 0
    outer loop
      vertex 2.1631189606246317 6.657395614066075 0.19999999999999996
      vertex 1.311669202100072 6.876010755100821 3.8
      vertex 2.1631189606246317 6.657395614066075 3.8
    endloop
  endfacet
  facet normal 0 0 1
    outer loop
      vertex 1.311669202100072 6.876010755100821 3.8
      vertex 2.980455040955509 6.333789367262137 3.8
      vertex 2.1631189606246317 6.657395614066075 3.8
    endloop
  endfacet
  facet normal 0 0 1
    outer loop
      vertex 0.43953363670519296 6.986187098997901 3.8
      vertex 2.980455040955509 6.333789367262137 3.8
      vertex 1.311669202100072 6.876010755100821 3.8
    endloop
  endfacet
  facet normal 0.48175367410171543 0.8763066800438636 0
    outer loop
      vertex 3.7507875648529767 5.910295478514105 0.19999999999999996
      vertex 2.980455040955509 6.333789367262137 3.8
      vertex 3.7507875648529767 5.910295478514105 3.8
    endloop
  endfacet
  facet normal 0.587785252292473 0.8090169943749473 0
    outer loop
      vertex 3.7507875648529767 5.910295478514105 0.19999999999999996
      vertex 3.7507875648529767 5.910295478514105 3.8
      vertex 4.007722695339892 5.723621179276755 3.8
    endloop
  endfacet
  facet normal 0 0 -1
    outer loop
      vertex 18.24855808016086 -17.923172933244707 0.19999999999999996
      vertex 22.475054238577414 -17.55340243294739 0.19999999999999996
      vertex 21.189479019204335 -19.085491319185348 0.19999999999999996
    endloop
  endfacet
  facet normal 0 0 -1
    outer loop
      vertex 18.24855808016086 -17.923172933244707 0.19999999999999996
      vertex 20.819708518907017 -14.858995160768794 0.19999999999999996
      vertex 22.475054238577414 -17.55340243294739 0.19999999999999996
    endloop
  endfacet
  facet normal -0.36755734658630523 -0.9300008585858589 0
    outer loop
      vertex 18.24855808016086 -17.923172933244707 0.19999999999999996
      vertex 21.189479019204335 -19.085491319185348 0.19999999999999996
      vertex 18.24855808016086 -17.923172933244707 3.8
    endloop
  endfacet
  facet normal -0.36755734658630523 -0.9300008585858589 0
    outer loop
      vertex 21.189479019204335 -19.085491319185348 0.19999999999999996
      vertex 21.189479019204335 -19.085491319185348 3.8
      vertex 18.24855808016086 -17.923172933244707 3.8
    endloop
  endfacet
  facet normal -0.766044443118978 0.6427876096865395 0
    outer loop
      vertex 18.24855808016086 -17.923172933244707 0.19999999999999996
      vertex 18.24855808016086 -17.923172933244707 3.8
      vertex 20.819708518907017 -14.858995160768794 3.8
    endloop
  endfacet
  facet normal 0 0 1
    outer loop
      vertex 18.24855808016086 -17.923172933244707 3.8
      vertex 21.189479019204335 -19.085491319185348 3.8
      vertex 22.475054238577414 -17.55340243294739 3.8
    endloop
  endfacet
  facet normal 0 0 1
    outer loop
      vertex 18.24855808016086 -17.923172933244707 3.8
      vertex 22.475054238577414 -17.55340243294739 3.8
      vertex 20.819708518907017 -14.858995160768794 3.8
    endloop
  endfacet
  facet normal -0.766044443118978 0.6427876096865395 0
    outer loop
      vertex 18.24855808016086 -17.923172933244707 0.19999999999999996
      vertex 20.819708518907017 -14.858995160768794 3.8
      vertex 20.819708518907017 -14.858995160768794 0.19999999999999996
    endloop
  endfacet
  facet normal 0.7660444431189781 -0.6427876096865391 0
    outer loop
      vertex 21.189479019204335 -19.085491319185348 0.19999999999999996
      vertex 22.475054238577414 -17.55340243294739 0.19999999999999996
      vertex 21.189479019204335 -19.085491319185348 3.8
    endloop
  endfacet
  facet normal 0.8520463924205594 0.5234662789169042 0
    outer loop
      vertex 20.819708518907017 -14.858995160768794 0.19999999999999996
      vertex 22.475054238577414 -17.55340243294739 3.8
      vertex 22.475054238577414 -17.55340243294739 0.19999999999999996
    endloop
  endfacet
  facet normal 0.7660444431189781 -0.6427876096865391 0
    outer loop
      vertex 22.475054238577414 -17.55340243294739 0.19999999999999996
      vertex 22.475054238577414 -17.55340243294739 3.8
      vertex 21.189479019204335 -19.085491319185348 3.8
    endloop
  endfacet
  facet normal 0.8520463924205594 0.5234662789169042 0
    outer loop
      vertex 20.819708518907017 -14.858995160768794 0.19999999999999996
      vertex 20.819708518907017 -14.858995160768794 3.8
      vertex 22.475054238577414 -17.55340243294739 3.8
    endloop
  endfacet
  facet normal -0.027311899356269594 -0.9996269604975413 0
    outer loop
      vertex 26.43921954907272 -10.687266705567467 0.19999999999999996
      vertex 26.43921954907272 -10.687266705567467 3.8
      vertex 23.405127421481957 -10.60436896260827 3.8
    endloop
  endfacet
  facet normal 0 0 -1
    outer loop
      vertex 23.405127421481957 -10.60436896260827 0.19999999999999996
      vertex 23.668284323740405 -9.528935467450141 0.19999999999999996
      vertex 27.12325983572406 -8.807881463995649 0.19999999999999996
    endloop
  endfacet
  facet normal 0 0 -1
    outer loop
      vertex 26.43921954907272 -10.687266705567467 0.19999999999999996
      vertex 23.405127421481957 -10.60436896260827 0.19999999999999996
      vertex 27.12325983572406 -8.807881463995649 0.19999999999999996
    endloop
  endfacet
  facet normal 0 0 -1
    outer loop
      vertex 23.668284323740405 -9.528935467450141 0.19999999999999996
      vertex 24.646202116692002 -6.842128413232735 0.19999999999999996
      vertex 27.12325983572406 -8.807881463995649 0.19999999999999996
    endloop
  endfacet
  facet normal -0.027311899356269594 -0.9996269604975413 0
    outer loop
      vertex 26.43921954907272 -10.687266705567467 0.19999999999999996
      vertex 23.405127421481957 -10.60436896260827 3.8
      vertex 23.405127421481957 -10.60436896260827 0.19999999999999996
    endloop
  endfacet
  facet normal -0.9396926207859081 0.34202014332566966 0
    outer loop
      vertex 23.668284323740405 -9.528935467450141 0.19999999999999996
      vertex 24.646202116692002 -6.842128413232735 3.8
      vertex 24.646202116692002 -6.842128413232735 0.19999999999999996
    endloop
  endfacet
  facet normal 0.9396926207859082 -0.3420201433256691 0
    outer loop
      vertex 26.43921954907272 -10.687266705567467 0.19999999999999996
      vertex 27.12325983572406 -8.807881463995649 0.19999999999999996
      vertex 26.43921954907272 -10.687266705567467 3.8
    endloop
  endfacet
  facet normal 0.6216256957835401 0.7833144287842715 0
    outer loop
      vertex 24.646202116692002 -6.842128413232735 0.19999999999999996
      vertex 27.12325983572406 -8.807881463995649 3.8
      vertex 27.12325983572406 -8.807881463995649 0.19999999999999996
    endloop
  endfacet
  facet normal -0.9396926207859081 0.34202014332566966 0
    outer loop
      vertex 23.668284323740405 -9.528935467450141 0.19999999999999996
      vertex 23.668284323740405 -9.528935467450141 3.8
      vertex 24.646202116692002 -6.842128413232735 3.8
    endloop
  endfacet
  facet normal 0 0 1
    outer loop
      vertex 26.43921954907272 -10.687266705567467 3.8
      vertex 23.422444474421376 -10.533600008388746 3.8
      vertex 23.405127421481957 -10.60436896260827 3.8
    endloop
  endfacet
  facet normal 0 0 1
    outer loop
      vertex 23.422444474421376 -10.533600008388746 3.8
      vertex 27.12325983572406 -8.807881463995649 3.8
      vertex 23.668284323740405 -9.528935467450141 3.8
    endloop
  endfacet
  facet normal 0.9396926207859082 -0.3420201433256691 0
    outer loop
      vertex 26.43921954907272 -10.687266705567467 3.8
      vertex 27.12325983572406 -8.807881463995649 0.19999999999999996
      vertex 27.12325983572406 -8.807881463995649 3.8
    endloop
  endfacet
  facet normal 0 0 1
    outer loop
      vertex 26.43921954907272 -10.687266705567467 3.8
      vertex 27.12325983572406 -8.807881463995649 3.8
      vertex 23.422444474421376 -10.533600008388746 3.8
    endloop
  endfacet
  facet normal 0 0 1
    outer loop
      vertex 23.668284323740405 -9.528935467450141 3.8
      vertex 27.12325983572406 -8.807881463995649 3.8
      vertex 24.646202116692002 -6.842128413232735 3.8
    endloop
  endfacet
  facet normal 0.6216256957835401 0.7833144287842715 0
    outer loop
      vertex 24.646202116692002 -6.842128413232735 0.19999999999999996
      vertex 24.646202116692002 -6.842128413232735 3.8
      vertex 27.12325983572406 -8.807881463995649 3.8
    endloop
  endfacet
  facet normal 0 0 -1
    outer loop
      vertex 25.511544776088563 -1.9961517413038121 0.19999999999999996
      vertex 25.514038251455034 -1.9859617485449657 0.19999999999999996
      vertex 28.5 -1 0.19999999999999996
    endloop
  endfacet
  facet normal 0 0 -1
    outer loop
      vertex 25.514038251455034 -1.9859617485449657 0.19999999999999996
      vertex 25.5 -0.9604910633694046 0.19999999999999996
      vertex 28.5 1 0.19999999999999996
    endloop
  endfacet
  facet normal 0 0 -1
    outer loop
      vertex 25.514038251455034 -1.9859617485449657 0.19999999999999996
      vertex 28.5 1 0.19999999999999996
      vertex 28.5 -1 0.19999999999999996
    endloop
  endfacet
  facet normal 0.3162277660168379 -0.9486832980505138 0
    outer loop
      vertex 25.511544776088563 -1.9961517413038121 0.19999999999999996
      vertex 28.5 -1 0.19999999999999996
      vertex 25.511544776088563 -1.9961517413038121 3.8
    endloop
  endfacet
  facet normal 1 0 0
    outer loop
      vertex 28.5 -1 0.19999999999999996
      vertex 28.5 1 0.19999999999999996
      vertex 28.5 -1 3.8
    endloop
  endfacet
  facet normal 0.3162277660168379 -0.9486832980505138 0
    outer loop
      vertex 28.5 -1 0.19999999999999996
      vertex 28.5 -1 3.8
      vertex 25.511544776088563 -1.9961517413038121 3.8
    endloop
  endfacet
  facet normal 0 0 1
    outer loop
      vertex 25.511544776088563 -1.9961517413038121 3.8
      vertex 28.5 -1 3.8
      vertex 25.514038251455034 -1.9859617485449657 3.8
    endloop
  endfacet
  facet normal 0 0 1
    outer loop
      vertex 25.514038251455034 -1.9859617485449657 3.8
      vertex 28.5 1 3.8
      vertex 25.5 -0.9604910633694046 3.8
    endloop
  endfacet
  facet normal 0 0 1
    outer loop
      vertex 25.514038251455034 -1.9859617485449657 3.8
      vertex 28.5 -1 3.8
      vertex 28.5 1 3.8
    endloop
  endfacet
  facet normal 0 0 -1
    outer loop
      vertex 25.5 -0.9604910633694046 0.19999999999999996
      vertex 25.5 0 0.19999999999999996
      vertex 28.5 1 0.19999999999999996
    endloop
  endfacet
  facet normal 0 0 -1
    outer loop
      vertex 25.5 0 0.19999999999999996
      vertex 25.511544776088563 1.9961517413038121 0.19999999999999996
      vertex 28.5 1 0.19999999999999996
    endloop
  endfacet
  facet normal 0.3162277660168379 0.9486832980505138 0
    outer loop
      vertex 25.511544776088563 1.9961517413038121 0.19999999999999996
      vertex 28.5 1 3.8
      vertex 28.5 1 0.19999999999999996
    endloop
  endfacet
  facet normal 0.3162277660168379 0.9486832980505138 0
    outer loop
      vertex 25.511544776088563 1.9961517413038121 0.19999999999999996
      vertex 25.511544776088563 1.9961517413038121 3.8
      vertex 28.5 1 3.8
    endloop
  endfacet
  facet normal 1 0 0
    outer loop
      vertex 28.5 -1 3.8
      vertex 28.5 1 0.19999999999999996
      vertex 28.5 1 3.8
    endloop
  endfacet
  facet normal 0 0 1
    outer loop
      vertex 25.5 -0.9604910633694046 3.8
      vertex 28.5 1 3.8
      vertex 25.5 0 3.8
    endloop
  endfacet
  facet normal 0 0 1
    outer loop
      vertex 25.5 0 3.8
      vertex 28.5 1 3.8
      vertex 25.511544776088563 1.9961517413038121 3.8
    endloop
  endfacet
  facet normal 0 0 -1
    outer loop
      vertex 23.668284323740405 9.528935467450141 0.19999999999999996
      vertex 23.405127421481957 10.60436896260827 0.19999999999999996
      vertex 26.43921954907272 10.687266705567467 0.19999999999999996
    endloop
  endfacet
  facet normal 0 0 -1
    outer loop
      vertex 24.646202116692002 6.842128413232735 0.19999999999999996
      vertex 23.668284323740405 9.528935467450141 0.19999999999999996
      vertex 26.43921954907272 10.687266705567467 0.19999999999999996
    endloop
  endfacet
  facet normal 0 0 -1
    outer loop
      vertex 24.646202116692002 6.842128413232735 0.19999999999999996
      vertex 26.43921954907272 10.687266705567467 0.19999999999999996
      vertex 27.12325983572406 8.807881463995649 0.19999999999999996
    endloop
  endfacet
  facet normal -0.9396926207859081 -0.34202014332566966 0
    outer loop
      vertex 24.646202116692002 6.842128413232735 0.19999999999999996
      vertex 23.668284323740405 9.528935467450141 3.8
      vertex 23.668284323740405 9.528935467450141 0.19999999999999996
    endloop
  endfacet
  facet normal 0.6216256957835401 -0.7833144287842715 0
    outer loop
      vertex 24.646202116692002 6.842128413232735 0.19999999999999996
      vertex 27.12325983572406 8.807881463995649 0.19999999999999996
      vertex 24.646202116692002 6.842128413232735 3.8
    endloop
  endfacet
  facet normal 0.9396926207859082 0.3420201433256691 0
    outer loop
      vertex 27.12325983572406 8.807881463995649 0.19999999999999996
      vertex 26.43921954907272 10.687266705567467 0.19999999999999996
      vertex 27.12325983572406 8.807881463995649 3.8
    endloop
  endfacet
  facet normal -0.9396926207859081 -0.34202014332566966 0
    outer loop
      vertex 24.646202116692002 6.842128413232735 0.19999999999999996
      vertex 24.646202116692002 6.842128413232735 3.8
      vertex 23.668284323740405 9.528935467450141 3.8
    endloop
  endfacet
  facet normal -0.027311899356269594 0.9996269604975413 0
    outer loop
      vertex 23.405127421481957 10.60436896260827 0.19999999999999996
      vertex 23.405127421481957 10.60436896260827 3.8
      vertex 26.43921954907272 10.687266705567467 3.8
    endloop
  endfacet
  facet normal 0 0 1
    outer loop
      vertex 23.668284323740405 9.528935467450141 3.8
      vertex 26.43921954907272 10.687266705567467 3.8
      vertex 23.405127421481957 10.60436896260827 3.8
    endloop
  endfacet
  facet normal 0.6216256957835401 -0.7833144287842715 0
    outer loop
      vertex 27.12325983572406 8.807881463995649 0.19999999999999996
      vertex 27.12325983572406 8.807881463995649 3.8
      vertex 24.646202116692002 6.842128413232735 3.8
    endloop
  endfacet
  facet normal 0.9396926207859082 0.3420201433256691 0
    outer loop
      vertex 27.12325983572406 8.807881463995649 3.8
      vertex 26.43921954907272 10.687266705567467 0.19999999999999996
      vertex 26.43921954907272 10.687266705567467 3.8
    endloop
  endfacet
  facet normal 0 0 1
    outer loop
      vertex 24.646202116692002 6.842128413232735 3.8
      vertex 26.43921954907272 10.687266705567467 3.8
      vertex 23.668284323740405 9.528935467450141 3.8
    endloop
  endfacet
  facet normal 0 0 1
    outer loop
      vertex 24.646202116692002 6.842128413232735 3.8
      vertex 27.12325983572406 8.807881463995649 3.8
      vertex 26.43921954907272 10.687266705567467 3.8
    endloop
  endfacet
  facet normal -0.027311899356269594 0.9996269604975413 0
    outer loop
      vertex 23.405127421481957 10.60436896260827 0.19999999999999996
      vertex 26.43921954907272 10.687266705567467 3.8
      vertex 26.43921954907272 10.687266705567467 0.19999999999999996
    endloop
  endfacet
  facet normal 0 0 -1
    outer loop
      vertex 20.819708518907017 14.858995160768794 0.19999999999999996
      vertex 18.24855808016086 17.923172933244707 0.19999999999999996
      vertex 21.189479019204335 19.085491319185348 0.19999999999999996
    endloop
  endfacet
  facet normal 0 0 -1
    outer loop
      vertex 20.819708518907017 14.858995160768794 0.19999999999999996
      vertex 21.189479019204335 19.085491319185348 0.19999999999999996
      vertex 22.475054238577414 17.55340243294739 0.19999999999999996
    endloop
  endfacet
  facet normal -0.766044443118978 -0.6427876096865395 0
    outer loop
      vertex 20.819708518907017 14.858995160768794 0.19999999999999996
      vertex 20.819708518907017 14.858995160768794 3.8
      vertex 18.24855808016086 17.923172933244707 3.8
    endloop
  endfacet
  facet normal -0.766044443118978 -0.6427876096865395 0
    outer loop
      vertex 20.819708518907017 14.858995160768794 0.19999999999999996
      vertex 18.24855808016086 17.923172933244707 3.8
      vertex 18.24855808016086 17.923172933244707 0.19999999999999996
    endloop
  endfacet
  facet normal -0.36755734658630523 0.9300008585858589 0
    outer loop
      vertex 18.24855808016086 17.923172933244707 0.19999999999999996
      vertex 21.189479019204335 19.085491319185348 3.8
      vertex 21.189479019204335 19.085491319185348 0.19999999999999996
    endloop
  endfacet
  facet normal -0.36755734658630523 0.9300008585858589 0
    outer loop
      vertex 18.24855808016086 17.923172933244707 0.19999999999999996
      vertex 18.24855808016086 17.923172933244707 3.8
      vertex 21.189479019204335 19.085491319185348 3.8
    endloop
  endfacet
  facet normal 0 0 1
    outer loop
      vertex 20.819708518907017 14.858995160768794 3.8
      vertex 21.189479019204335 19.085491319185348 3.8
      vertex 18.24855808016086 17.923172933244707 3.8
    endloop
  endfacet
  facet normal 0.8520463924205594 -0.5234662789169042 0
    outer loop
      vertex 20.819708518907017 14.858995160768794 0.19999999999999996
      vertex 22.475054238577414 17.55340243294739 0.19999999999999996
      vertex 20.819708518907017 14.858995160768794 3.8
    endloop
  endfacet
  facet normal 0.7660444431189781 0.6427876096865391 0
    outer loop
      vertex 22.475054238577414 17.55340243294739 0.19999999999999996
      vertex 21.189479019204335 19.085491319185348 0.19999999999999996
      vertex 22.475054238577414 17.55340243294739 3.8
    endloop
  endfacet
  facet normal 0.8520463924205594 -0.5234662789169042 0
    outer loop
      vertex 22.475054238577414 17.55340243294739 0.19999999999999996
      vertex 22.475054238577414 17.55340243294739 3.8
      vertex 20.819708518907017 14.858995160768794 3.8
    endloop
  endfacet
  facet normal 0.7660444431189781 0.6427876096865391 0
    outer loop
      vertex 21.189479019204335 19.085491319185348 0.19999999999999996
      vertex 21.189479019204335 19.085491319185348 3.8
      vertex 22.475054238577414 17.55340243294739 3.8
    endloop
  endfacet
  facet normal 0 0 1
    outer loop
      vertex 20.819708518907017 14.858995160768794 3.8
      vertex 22.475054238577414 17.55340243294739 3.8
      vertex 21.189479019204335 19.085491319185348 3.8
    endloop
  endfacet
  facet normal -0.8191520443055632 -0.5735764363273795 0
    outer loop
      vertex 4.007722695339892 -5.723621179276755 0.19999999999999996
      vertex 14.912987343966961 -21.29795315116644 0.19999999999999996
      vertex 14.912987343966961 -21.29795315116644 3.8
    endloop
  endfacet
  facet normal -0.8191520443055632 -0.5735764363273795 0
    outer loop
      vertex 4.007722695339892 -5.723621179276755 0.19999999999999996
      vertex 14.912987343966961 -21.29795315116644 3.8
      vertex 4.007722695339892 -5.723621179276755 3.8
    endloop
  endfacet
  facet normal 0 0 -1
    outer loop
      vertex 4.007722695339892 -5.723621179276755 0.19999999999999996
      vertex 2.990021555724822 -4.270193325186942 0.19999999999999996
      vertex 7 0 0.19999999999999996
    endloop
  endfacet
  facet normal 0 0 -1
    outer loop
      vertex 4.007722695339892 -5.723621179276755 0.19999999999999996
      vertex 7 0 0.19999999999999996
      vertex 14.912987343966961 -21.29795315116644 0.19999999999999996
    endloop
  endfacet
  facet normal 0 0 1
    outer loop
      vertex 4.007722695339892 -5.723621179276755 3.8
      vertex 6.307383438703074 0 3.8
      vertex 3.52977186288631 -5.041036650545465 3.8
    endloop
  endfacet
  facet normal 0 0 1
    outer loop
      vertex 4.007722695339892 -5.723621179276755 3.8
      vertex 25.5 0 3.8
      vertex 6.307383438703074 0 3.8
    endloop
  endfacet
  facet normal 0 0 -1
    outer loop
      vertex 14.912987343966961 -21.29795315116644 0.19999999999999996
      vertex 25.5 -0.9604910633694046 0.19999999999999996
      vertex 23.062281660735607 -12.005463942885399 0.19999999999999996
    endloop
  endfacet
  facet normal 0.7518398075394612 -0.6593458150311001 0
    outer loop
      vertex 14.912987343966961 -21.29795315116644 0.19999999999999996
      vertex 23.062281660735607 -12.005463942885399 0.19999999999999996
      vertex 14.912987343966961 -21.29795315116644 3.8
    endloop
  endfacet
  facet normal 0.7518398075394612 -0.6593458150311001 0
    outer loop
      vertex 23.062281660735607 -12.005463942885399 0.19999999999999996
      vertex 23.062281660735607 -12.005463942885399 3.8
      vertex 14.912987343966961 -21.29795315116644 3.8
    endloop
  endfacet
  facet normal 0 0 1
    outer loop
      vertex 14.912987343966961 -21.29795315116644 3.8
      vertex 23.062281660735607 -12.005463942885399 3.8
      vertex 25.5 -0.9604910633694046 3.8
    endloop
  endfacet
  facet normal 0.9713420697722027 -0.23768589249396588 0
    outer loop
      vertex 23.062281660735607 -12.005463942885399 0.19999999999999996
      vertex 23.405127421481957 -10.60436896260827 0.19999999999999996
      vertex 23.405127421481957 -10.60436896260827 3.8
    endloop
  endfacet
  facet normal 0.9713420697722027 -0.23768589249396588 0
    outer loop
      vertex 23.062281660735607 -12.005463942885399 0.19999999999999996
      vertex 23.405127421481957 -10.60436896260827 3.8
      vertex 23.062281660735607 -12.005463942885399 3.8
    endloop
  endfacet
  facet normal 0 0 -1
    outer loop
      vertex 14.912987343966961 -21.29795315116644 0.19999999999999996
      vertex 7 0 0.19999999999999996
      vertex 25.5 0 0.19999999999999996
    endloop
  endfacet
  facet normal 0 0 -1
    outer loop
      vertex 14.912987343966961 -21.29795315116644 0.19999999999999996
      vertex 25.5 0 0.19999999999999996
      vertex 25.5 -0.9604910633694046 0.19999999999999996
    endloop
  endfacet
  facet normal 0 0 -1
    outer loop
      vertex 23.062281660735607 -12.005463942885399 0.19999999999999996
      vertex 25.5 -0.9604910633694046 0.19999999999999996
      vertex 23.405127421481957 -10.60436896260827 0.19999999999999996
    endloop
  endfacet
  facet normal 0 0 -1
    outer loop
      vertex 23.405127421481957 -10.60436896260827 0.19999999999999996
      vertex 25.5 -0.9604910633694046 0.19999999999999996
      vertex 23.668284323740405 -9.528935467450141 0.19999999999999996
    endloop
  endfacet
  facet normal 0 0 -1
    outer loop
      vertex 23.668284323740405 -9.528935467450141 0.19999999999999996
      vertex 25.5 -0.9604910633694046 0.19999999999999996
      vertex 25.511544776088563 -1.9961517413038121 0.19999999999999996
    endloop
  endfacet
  facet normal 0 0 -1
    outer loop
      vertex 25.511544776088563 -1.9961517413038121 0.19999999999999996
      vertex 25.5 -0.9604910633694046 0.19999999999999996
      vertex 25.514038251455034 -1.9859617485449657 0.19999999999999996
    endloop
  endfacet
  facet normal 0 0 1
    outer loop
      vertex 4.007722695339892 -5.723621179276755 3.8
      vertex 14.912987343966961 -21.29795315116644 3.8
      vertex 25.5 0 3.8
    endloop
  endfacet
  facet normal 0.9713420697722029 -0.23768589249396516 0
    outer loop
      vertex 23.668284323740405 -9.528935467450141 0.19999999999999996
      vertex 25.511544776088563 -1.9961517413038121 3.8
      vertex 23.668284323740405 -9.528935467450141 3.8
    endloop
  endfacet
  facet normal 0 0 1
    outer loop
      vertex 14.912987343966961 -21.29795315116644 3.8
      vertex 25.5 -0.9604910633694046 3.8
      vertex 25.5 0 3.8
    endloop
  endfacet
  facet normal 0 0 1
    outer loop
      vertex 23.062281660735607 -12.005463942885399 3.8
      vertex 23.405127421481957 -10.60436896260827 3.8
      vertex 25.5 -0.9604910633694046 3.8
    endloop
  endfacet
  facet normal 0 0 1
    outer loop
      vertex 23.405127421481957 -10.60436896260827 3.8
      vertex 23.422444474421376 -10.533600008388746 3.8
      vertex 25.5 -0.9604910633694046 3.8
    endloop
  endfacet
  facet normal 0 0 1
    outer loop
      vertex 23.422444474421376 -10.533600008388746 3.8
      vertex 23.668284323740405 -9.528935467450141 3.8
      vertex 25.5 -0.9604910633694046 3.8
    endloop
  endfacet
  facet normal 0.9713420697722029 -0.23768589249396516 0
    outer loop
      vertex 23.668284323740405 -9.528935467450141 0.19999999999999996
      vertex 25.511544776088563 -1.9961517413038121 0.19999999999999996
      vertex 25.511544776088563 -1.9961517413038121 3.8
    endloop
  endfacet
  facet normal 0 0 1
    outer loop
      vertex 23.668284323740405 -9.528935467450141 3.8
      vertex 25.511544776088563 -1.9961517413038121 3.8
      vertex 25.5 -0.9604910633694046 3.8
    endloop
  endfacet
  facet normal 0 0 1
    outer loop
      vertex 25.511544776088563 -1.9961517413038121 3.8
      vertex 25.514038251455034 -1.9859617485449657 3.8
      vertex 25.5 -0.9604910633694046 3.8
    endloop
  endfacet
  facet normal 0 0 -1
    outer loop
      vertex 5.987294168385732 3.1167880659606073 0.19999999999999996
      vertex 3.736932094280444 5.336892122105424 0.19999999999999996
      vertex 4.007722695339892 5.723621179276755 0.19999999999999996
    endloop
  endfacet
  facet normal 0 0 -1
    outer loop
      vertex 5.987294168385732 3.1167880659606073 0.19999999999999996
      vertex 4.007722695339892 5.723621179276755 0.19999999999999996
      vertex 6.201819855820354 3.228463070333827 0.19999999999999996
    endloop
  endfacet
  facet normal 0 0 -1
    outer loop
      vertex 6.38887613618815 2.572184260529792 0.19999999999999996
      vertex 6.965709481146772 0.5450321896320487 0.19999999999999996
      vertex 6.931484721906665 0.5423542721106888 0.19999999999999996
    endloop
  endfacet
  facet normal 0 0 -1
    outer loop
      vertex 6.38887613618815 2.572184260529792 0.19999999999999996
      vertex 6.49124697872564 2.613399125914428 0.19999999999999996
      vertex 6.965709481146772 0.5450321896320487 0.19999999999999996
    endloop
  endfacet
  facet normal 0 0 -1
    outer loop
      vertex 7 0 0.19999999999999996
      vertex 6.965709481146772 0.5450321896320487 0.19999999999999996
      vertex 25.5 0 0.19999999999999996
    endloop
  endfacet
  facet normal 0 0 -1
    outer loop
      vertex 6.49124697872564 2.613399125914428 0.19999999999999996
      vertex 25.511544776088563 1.9961517413038121 0.19999999999999996
      vertex 6.965709481146772 0.5450321896320487 0.19999999999999996
    endloop
  endfacet
  facet normal 0 0 -1
    outer loop
      vertex 6.49124697872564 2.613399125914428 0.19999999999999996
      vertex 6.201819855820354 3.228463070333827 0.19999999999999996
      vertex 23.668284323740405 9.528935467450141 0.19999999999999996
    endloop
  endfacet
  facet normal 0 0 -1
    outer loop
      vertex 6.201819855820354 3.228463070333827 0.19999999999999996
      vertex 4.007722695339892 5.723621179276755 0.19999999999999996
      vertex 14.912987343966961 21.29795315116644 0.19999999999999996
    endloop
  endfacet
  facet normal 0 0 1
    outer loop
      vertex 1.961325873442426 0 3.8
      vertex 6.307383438703074 0 3.8
      vertex 2.6884597010744673 1.3995235370878945 3.8
    endloop
  endfacet
  facet normal 0 0 1
    outer loop
      vertex 1.1151153854613827 1.5925498151320663 3.8
      vertex 2.6884597010744673 1.3995235370878945 3.8
      vertex 23.062281660735607 12.005463942885399 3.8
    endloop
  endfacet
  facet normal 0 0 1
    outer loop
      vertex 2.6884597010744673 1.3995235370878945 3.8
      vertex 6.307383438703074 0 3.8
      vertex 25.5 0 3.8
    endloop
  endfacet
  facet normal 0 0 1
    outer loop
      vertex 1.1151153854613827 1.5925498151320663 3.8
      vertex 23.062281660735607 12.005463942885399 3.8
      vertex 4.007722695339892 5.723621179276755 3.8
    endloop
  endfacet
  facet normal -0.8191520443055632 0.5735764363273795 0
    outer loop
      vertex 4.007722695339892 5.723621179276755 0.19999999999999996
      vertex 4.007722695339892 5.723621179276755 3.8
      vertex 14.912987343966961 21.29795315116644 0.19999999999999996
    endloop
  endfacet
  facet normal -0.8191520443055632 0.5735764363273795 0
    outer loop
      vertex 4.007722695339892 5.723621179276755 3.8
      vertex 14.912987343966961 21.29795315116644 3.8
      vertex 14.912987343966961 21.29795315116644 0.19999999999999996
    endloop
  endfacet
  facet normal 0 0 -1
    outer loop
      vertex 6.965709481146772 0.5450321896320487 0.19999999999999996
      vertex 25.511544776088563 1.9961517413038121 0.19999999999999996
      vertex 25.5 0 0.19999999999999996
    endloop
  endfacet
  facet normal 0 0 -1
    outer loop
      vertex 6.49124697872564 2.613399125914428 0.19999999999999996
      vertex 23.668284323740405 9.528935467450141 0.19999999999999996
      vertex 25.511544776088563 1.9961517413038121 0.19999999999999996
    endloop
  endfacet
  facet normal 0 0 -1
    outer loop
      vertex 6.201819855820354 3.228463070333827 0.19999999999999996
      vertex 23.405127421481957 10.60436896260827 0.19999999999999996
      vertex 23.668284323740405 9.528935467450141 0.19999999999999996
    endloop
  endfacet
  facet normal 0 0 -1
    outer loop
      vertex 6.201819855820354 3.228463070333827 0.19999999999999996
      vertex 23.062281660735607 12.005463942885399 0.19999999999999996
      vertex 23.405127421481957 10.60436896260827 0.19999999999999996
    endloop
  endfacet
  facet normal 0 0 1
    outer loop
      vertex 2.6884597010744673 1.3995235370878945 3.8
      vertex 25.5 0 3.8
      vertex 23.062281660735607 12.005463942885399 3.8
    endloop
  endfacet
  facet normal 0.9713420697722029 0.23768589249396516 0
    outer loop
      vertex 25.511544776088563 1.9961517413038121 0.19999999999999996
      vertex 23.668284323740405 9.528935467450141 3.8
      vertex 25.511544776088563 1.9961517413038121 3.8
    endloop
  endfacet
  facet normal 0 0 1
    outer loop
      vertex 25.5 0 3.8
      vertex 25.511544776088563 1.9961517413038121 3.8
      vertex 23.668284323740405 9.528935467450141 3.8
    endloop
  endfacet
  facet normal 0.9713420697722029 0.23768589249396516 0
    outer loop
      vertex 25.511544776088563 1.9961517413038121 0.19999999999999996
      vertex 23.668284323740405 9.528935467450141 0.19999999999999996
      vertex 23.668284323740405 9.528935467450141 3.8
    endloop
  endfacet
  facet normal 0 0 1
    outer loop
      vertex 25.5 0 3.8
      vertex 23.668284323740405 9.528935467450141 3.8
      vertex 23.405127421481957 10.60436896260827 3.8
    endloop
  endfacet
  facet normal 0 0 1
    outer loop
      vertex 25.5 0 3.8
      vertex 23.405127421481957 10.60436896260827 3.8
      vertex 23.062281660735607 12.005463942885399 3.8
    endloop
  endfacet
  facet normal 0 0 -1
    outer loop
      vertex 6.201819855820354 3.228463070333827 0.19999999999999996
      vertex 14.912987343966961 21.29795315116644 0.19999999999999996
      vertex 23.062281660735607 12.005463942885399 0.19999999999999996
    endloop
  endfacet
  facet normal 0.7518398075394612 0.6593458150311001 0
    outer loop
      vertex 14.912987343966961 21.29795315116644 0.19999999999999996
      vertex 23.062281660735607 12.005463942885399 3.8
      vertex 23.062281660735607 12.005463942885399 0.19999999999999996
    endloop
  endfacet
  facet normal 0 0 1
    outer loop
      vertex 4.007722695339892 5.723621179276755 3.8
      vertex 23.062281660735607 12.005463942885399 3.8
      vertex 14.912987343966961 21.29795315116644 3.8
    endloop
  endfacet
  facet normal 0.7518398075394612 0.6593458150311001 0
    outer loop
      vertex 14.912987343966961 21.29795315116644 0.19999999999999996
      vertex 14.912987343966961 21.29795315116644 3.8
      vertex 23.062281660735607 12.005463942885399 3.8
    endloop
  endfacet
  facet normal 0.9713420697722027 0.23768589249396588 0
    outer loop
      vertex 23.405127421481957 10.60436896260827 0.19999999999999996
      vertex 23.062281660735607 12.005463942885399 0.19999999999999996
      vertex 23.062281660735607 12.005463942885399 3.8
    endloop
  endfacet
  facet normal 0.9713420697722027 0.23768589249396588 0
    outer loop
      vertex 23.405127421481957 10.60436896260827 0.19999999999999996
      vertex 23.062281660735607 12.005463942885399 3.8
      vertex 23.405127421481957 10.60436896260827 3.8
    endloop
  endfacet
  facet normal 0 0 -1
    outer loop
      vertex -17.789329457664756 -1.1043736580540335 -5.8
      vertex -17.976344103943433 -0.3759997006929122 -5.8
      vertex -17.789329457664756 1.1043736580540335 -5.8
    endloop
  endfacet
  facet normal 0 0 -1
    outer loop
      vertex -17.427050983124843 -1.7633557568774194 -5.8
      vertex -17.789329457664756 -1.1043736580540335 -5.8
      vertex -17.427050983124843 1.7633557568774194 -5.8
    endloop
  endfacet
  facet normal 0 0 -1
    outer loop
      vertex -16.277337874695217 -2.7144811573980587 -5.8
      vertex -16.91227196924607 -2.311539728327368 -5.8
      vertex -16.277337874695217 2.7144811573980583 -5.8
    endloop
  endfacet
  facet normal 0 0 -1
    outer loop
      vertex -17.427050983124843 -1.7633557568774194 -5.8
      vertex -16.91227196924607 2.311539728327368 -5.8
      vertex -16.91227196924607 -2.311539728327368 -5.8
    endloop
  endfacet
  facet normal 0 0 -1
    outer loop
      vertex -16.277337874695217 -2.7144811573980587 -5.8
      vertex -15.562143943757174 2.946861752186066 -5.8
      vertex -15.562143943757174 -2.9468617521860656 -5.8
    endloop
  endfacet
  facet normal -0.30901699437494734 -0.9510565162951535 0
    outer loop
      vertex -16.277337874695217 -2.7144811573980587 -5.8
      vertex -15.562143943757174 -2.9468617521860656 -5.8
      vertex -15.562143943757174 -2.9468617521860656 0.19999999999999996
    endloop
  endfacet
  facet normal -0.728968627421412 -0.6845471059286881 0
    outer loop
      vertex -17.427050983124843 -1.7633557568774194 -5.8
      vertex -16.91227196924607 -2.311539728327368 -5.8
      vertex -17.427050983124843 -1.7633557568774194 0.19999999999999996
    endloop
  endfacet
  facet normal -0.8763066800438631 -0.4817536741017162 0
    outer loop
      vertex -17.427050983124843 -1.7633557568774194 -5.8
      vertex -17.789329457664756 -1.1043736580540335 0.19999999999999996
      vertex -17.789329457664756 -1.1043736580540335 -5.8
    endloop
  endfacet
  facet normal -0.9685831611286322 -0.24868988716485113 0
    outer loop
      vertex -17.789329457664756 -1.1043736580540335 -5.8
      vertex -17.976344103943433 -0.3759997006929122 0.19999999999999996
      vertex -17.976344103943433 -0.3759997006929122 -5.8
    endloop
  endfacet
  facet normal -0.5358267949789949 -0.844327925502016 0
    outer loop
      vertex -16.277337874695217 -2.7144811573980587 -5.8
      vertex -16.277337874695217 -2.7144811573980587 0.19999999999999996
      vertex -16.91227196924607 -2.311539728327368 -5.8
    endloop
  endfacet
  facet normal -0.30901699437494734 -0.9510565162951535 0
    outer loop
      vertex -16.277337874695217 -2.7144811573980587 -5.8
      vertex -15.562143943757174 -2.9468617521860656 0.19999999999999996
      vertex -16.277337874695217 -2.7144811573980587 0.19999999999999996
    endloop
  endfacet
  facet normal -0.8763066800438631 -0.4817536741017162 0
    outer loop
      vertex -17.427050983124843 -1.7633557568774194 -5.8
      vertex -17.427050983124843 -1.7633557568774194 0.19999999999999996
      vertex -17.789329457664756 -1.1043736580540335 0.19999999999999996
    endloop
  endfacet
  facet normal -0.9685831611286322 -0.24868988716485113 0
    outer loop
      vertex -17.789329457664756 -1.1043736580540335 -5.8
      vertex -17.789329457664756 -1.1043736580540335 0.19999999999999996
      vertex -17.976344103943433 -0.3759997006929122 0.19999999999999996
    endloop
  endfacet
  facet normal -1 0 0
    outer loop
      vertex -17.976344103943433 -0.3759997006929122 -5.8
      vertex -17.976344103943433 -0.3759997006929122 0.19999999999999996
      vertex -17.976344103943433 0.3759997006929122 0.19999999999999996
    endloop
  endfacet
  facet normal -0.728968627421412 -0.6845471059286881 0
    outer loop
      vertex -16.91227196924607 -2.311539728327368 -5.8
      vertex -16.91227196924607 -2.311539728327368 0.19999999999999996
      vertex -17.427050983124843 -1.7633557568774194 0.19999999999999996
    endloop
  endfacet
  facet normal -0.5358267949789949 -0.844327925502016 0
    outer loop
      vertex -16.91227196924607 -2.311539728327368 -5.8
      vertex -16.277337874695217 -2.7144811573980587 0.19999999999999996
      vertex -16.91227196924607 -2.311539728327368 0.19999999999999996
    endloop
  endfacet
  facet normal 0 0 -1
    outer loop
      vertex -15.562143943757174 -2.9468617521860656 -5.8
      vertex -14.81162844141206 2.9940801852848145 -5.8
      vertex -14.811628441412058 -2.9940801852848145 -5.8
    endloop
  endfacet
  facet normal 0 0 -1
    outer loop
      vertex -14.811628441412058 -2.9940801852848145 -5.8
      vertex -14.072949016875159 2.8531695488854605 -5.8
      vertex -14.072949016875159 -2.8531695488854605 -5.8
    endloop
  endfacet
  facet normal 0 0 -1
    outer loop
      vertex -14.072949016875159 -2.8531695488854605 -5.8
      vertex -13.39251961506301 2.532983776506045 -5.8
      vertex -13.392519615063012 -2.532983776506046 -5.8
    endloop
  endfacet
  facet normal 0 0 -1
    outer loop
      vertex -13.392519615063012 -2.532983776506046 -5.8
      vertex -12.813094117735766 2.053641317786066 -5.8
      vertex -12.813094117735766 -2.0536413177860657 -5.8
    endloop
  endfacet
  facet normal 0 0 -1
    outer loop
      vertex -12.813094117735766 -2.0536413177860657 -5.8
      vertex -12.371079959868409 1.445261022305146 -5.8
      vertex -12.37107995986841 -1.445261022305146 -5.8
    endloop
  endfacet
  facet normal 0 0 -1
    outer loop
      vertex -12.37107995986841 -1.445261022305146 -5.8
      vertex -12.094250516614107 0.7460696614945643 -5.8
      vertex -12.094250516614107 -0.7460696614945633 -5.8
    endloop
  endfacet
  facet normal -0.06279051952931343 -0.9980267284282717 0
    outer loop
      vertex -15.562143943757174 -2.9468617521860656 -5.8
      vertex -14.811628441412058 -2.9940801852848145 -5.8
      vertex -14.811628441412058 -2.9940801852848145 0.19999999999999996
    endloop
  endfacet
  facet normal 0.18738131458572535 -0.9822872507286886 0
    outer loop
      vertex -14.811628441412058 -2.9940801852848145 -5.8
      vertex -14.072949016875159 -2.8531695488854605 -5.8
      vertex -14.072949016875159 -2.8531695488854605 0.19999999999999996
    endloop
  endfacet
  facet normal 0.42577929156507227 -0.9048270524660197 0
    outer loop
      vertex -14.072949016875159 -2.8531695488854605 -5.8
      vertex -13.392519615063012 -2.532983776506046 -5.8
      vertex -13.392519615063012 -2.532983776506046 0.19999999999999996
    endloop
  endfacet
  facet normal 0.6374239897486893 -0.7705132427757897 0
    outer loop
      vertex -13.392519615063012 -2.532983776506046 -5.8
      vertex -12.813094117735766 -2.0536413177860657 -5.8
      vertex -12.813094117735766 -2.0536413177860657 0.19999999999999996
    endloop
  endfacet
  facet normal 0.8090169943749479 -0.5877852522924726 0
    outer loop
      vertex -12.813094117735766 -2.0536413177860657 -5.8
      vertex -12.37107995986841 -1.445261022305146 -5.8
      vertex -12.813094117735766 -2.0536413177860657 0.19999999999999996
    endloop
  endfacet
  facet normal 0.929776485888251 -0.3681245526846786 0
    outer loop
      vertex -12.37107995986841 -1.445261022305146 -5.8
      vertex -12.094250516614107 -0.7460696614945633 -5.8
      vertex -12.37107995986841 -1.445261022305146 0.19999999999999996
    endloop
  endfacet
  facet normal 0.9921147013144779 -0.1253332335643046 0
    outer loop
      vertex -12.094250516614107 -0.7460696614945633 -5.8
      vertex -12 0 -5.8
      vertex -12.094250516614107 -0.7460696614945633 0.19999999999999996
    endloop
  endfacet
  facet normal -0.06279051952931343 -0.9980267284282717 0
    outer loop
      vertex -15.562143943757174 -2.9468617521860656 -5.8
      vertex -14.811628441412058 -2.9940801852848145 0.19999999999999996
      vertex -15.562143943757174 -2.9468617521860656 0.19999999999999996
    endloop
  endfacet
  facet normal 0.18738131458572535 -0.9822872507286886 0
    outer loop
      vertex -14.811628441412058 -2.9940801852848145 -5.8
      vertex -14.072949016875159 -2.8531695488854605 0.19999999999999996
      vertex -14.811628441412058 -2.9940801852848145 0.19999999999999996
    endloop
  endfacet
  facet normal 0.42577929156507227 -0.9048270524660197 0
    outer loop
      vertex -14.072949016875159 -2.8531695488854605 -5.8
      vertex -13.392519615063012 -2.532983776506046 0.19999999999999996
      vertex -14.072949016875159 -2.8531695488854605 0.19999999999999996
    endloop
  endfacet
  facet normal 0.6374239897486893 -0.7705132427757897 0
    outer loop
      vertex -13.392519615063012 -2.532983776506046 -5.8
      vertex -12.813094117735766 -2.0536413177860657 0.19999999999999996
      vertex -13.392519615063012 -2.532983776506046 0.19999999999999996
    endloop
  endfacet
  facet normal 0.8090169943749479 -0.5877852522924726 0
    outer loop
      vertex -12.37107995986841 -1.445261022305146 -5.8
      vertex -12.37107995986841 -1.445261022305146 0.19999999999999996
      vertex -12.813094117735766 -2.0536413177860657 0.19999999999999996
    endloop
  endfacet
  facet normal 0.929776485888251 -0.3681245526846786 0
    outer loop
      vertex -12.094250516614107 -0.7460696614945633 -5.8
      vertex -12.094250516614107 -0.7460696614945633 0.19999999999999996
      vertex -12.37107995986841 -1.445261022305146 0.19999999999999996
    endloop
  endfacet
  facet normal 0.9921147013144779 -0.1253332335643046 0
    outer loop
      vertex -12.094250516614107 -0.7460696614945633 0.19999999999999996
      vertex -12 0 -5.8
      vertex -12 0 0.19999999999999996
    endloop
  endfacet
  facet normal 0 0 -1
    outer loop
      vertex -17.976344103943433 -0.3759997006929122 -5.8
      vertex -17.976344103943433 0.3759997006929122 -5.8
      vertex -17.789329457664756 1.1043736580540335 -5.8
    endloop
  endfacet
  facet normal 0 0 -1
    outer loop
      vertex -17.789329457664756 -1.1043736580540335 -5.8
      vertex -17.789329457664756 1.1043736580540335 -5.8
      vertex -17.427050983124843 1.7633557568774194 -5.8
    endloop
  endfacet
  facet normal 0 0 -1
    outer loop
      vertex -17.427050983124843 -1.7633557568774194 -5.8
      vertex -17.427050983124843 1.7633557568774194 -5.8
      vertex -16.91227196924607 2.311539728327368 -5.8
    endloop
  endfacet
  facet normal 0 0 -1
    outer loop
      vertex -16.91227196924607 -2.311539728327368 -5.8
      vertex -16.91227196924607 2.311539728327368 -5.8
      vertex -16.277337874695217 2.7144811573980583 -5.8
    endloop
  endfacet
  facet normal 0 0 -1
    outer loop
      vertex -16.277337874695217 -2.7144811573980587 -5.8
      vertex -16.277337874695217 2.7144811573980583 -5.8
      vertex -15.562143943757174 2.946861752186066 -5.8
    endloop
  endfacet
  facet normal -1 0 0
    outer loop
      vertex -17.976344103943433 -0.3759997006929122 -5.8
      vertex -17.976344103943433 0.3759997006929122 0.19999999999999996
      vertex -17.976344103943433 0.3759997006929122 -5.8
    endloop
  endfacet
  facet normal -0.9685831611286322 0.24868988716485113 0
    outer loop
      vertex -17.976344103943433 0.3759997006929122 -5.8
      vertex -17.789329457664756 1.1043736580540335 0.19999999999999996
      vertex -17.789329457664756 1.1043736580540335 -5.8
    endloop
  endfacet
  facet normal -0.8763066800438631 0.4817536741017162 0
    outer loop
      vertex -17.789329457664756 1.1043736580540335 -5.8
      vertex -17.427050983124843 1.7633557568774194 0.19999999999999996
      vertex -17.427050983124843 1.7633557568774194 -5.8
    endloop
  endfacet
  facet normal -0.728968627421412 0.6845471059286881 0
    outer loop
      vertex -17.427050983124843 1.7633557568774194 -5.8
      vertex -16.91227196924607 2.311539728327368 0.19999999999999996
      vertex -16.91227196924607 2.311539728327368 -5.8
    endloop
  endfacet
  facet normal -0.5358267949789945 0.8443279255020163 0
    outer loop
      vertex -16.91227196924607 2.311539728327368 -5.8
      vertex -16.91227196924607 2.311539728327368 0.19999999999999996
      vertex -16.277337874695217 2.7144811573980583 -5.8
    endloop
  endfacet
  facet normal -0.3090169943749484 0.9510565162951532 0
    outer loop
      vertex -16.277337874695217 2.7144811573980583 -5.8
      vertex -16.277337874695217 2.7144811573980583 0.19999999999999996
      vertex -15.562143943757174 2.946861752186066 -5.8
    endloop
  endfacet
  facet normal -0.9685831611286322 0.24868988716485113 0
    outer loop
      vertex -17.976344103943433 0.3759997006929122 -5.8
      vertex -17.976344103943433 0.3759997006929122 0.19999999999999996
      vertex -17.789329457664756 1.1043736580540335 0.19999999999999996
    endloop
  endfacet
  facet normal -0.8763066800438631 0.4817536741017162 0
    outer loop
      vertex -17.789329457664756 1.1043736580540335 -5.8
      vertex -17.789329457664756 1.1043736580540335 0.19999999999999996
      vertex -17.427050983124843 1.7633557568774194 0.19999999999999996
    endloop
  endfacet
  facet normal -0.728968627421412 0.6845471059286881 0
    outer loop
      vertex -17.427050983124843 1.7633557568774194 -5.8
      vertex -17.427050983124843 1.7633557568774194 0.19999999999999996
      vertex -16.91227196924607 2.311539728327368 0.19999999999999996
    endloop
  endfacet
  facet normal -0.5358267949789945 0.8443279255020163 0
    outer loop
      vertex -16.277337874695217 2.7144811573980583 -5.8
      vertex -16.91227196924607 2.311539728327368 0.19999999999999996
      vertex -16.277337874695217 2.7144811573980583 0.19999999999999996
    endloop
  endfacet
  facet normal -0.3090169943749484 0.9510565162951532 0
    outer loop
      vertex -15.562143943757174 2.946861752186066 -5.8
      vertex -16.277337874695217 2.7144811573980583 0.19999999999999996
      vertex -15.562143943757174 2.946861752186066 0.19999999999999996
    endloop
  endfacet
  facet normal 0 0 -1
    outer loop
      vertex -15.562143943757174 -2.9468617521860656 -5.8
      vertex -15.562143943757174 2.946861752186066 -5.8
      vertex -14.81162844141206 2.9940801852848145 -5.8
    endloop
  endfacet
  facet normal 0 0 -1
    outer loop
      vertex -14.811628441412058 -2.9940801852848145 -5.8
      vertex -14.81162844141206 2.9940801852848145 -5.8
      vertex -14.072949016875159 2.8531695488854605 -5.8
    endloop
  endfacet
  facet normal 0 0 -1
    outer loop
      vertex -14.072949016875159 -2.8531695488854605 -5.8
      vertex -14.072949016875159 2.8531695488854605 -5.8
      vertex -13.39251961506301 2.532983776506045 -5.8
    endloop
  endfacet
  facet normal 0 0 -1
    outer loop
      vertex -12.813094117735766 -2.0536413177860657 -5.8
      vertex -12.813094117735766 2.053641317786066 -5.8
      vertex -12.371079959868409 1.445261022305146 -5.8
    endloop
  endfacet
  facet normal 0 0 -1
    outer loop
      vertex -13.392519615063012 -2.532983776506046 -5.8
      vertex -13.39251961506301 2.532983776506045 -5.8
      vertex -12.813094117735766 2.053641317786066 -5.8
    endloop
  endfacet
  facet normal 0 0 -1
    outer loop
      vertex -12.37107995986841 -1.445261022305146 -5.8
      vertex -12.371079959868409 1.445261022305146 -5.8
      vertex -12.094250516614107 0.7460696614945643 -5.8
    endloop
  endfacet
  facet normal 0 0 -1
    outer loop
      vertex -12.094250516614107 -0.7460696614945633 -5.8
      vertex -12.094250516614107 0.7460696614945643 -5.8
      vertex -12 0 -5.8
    endloop
  endfacet
  facet normal 0.9921147013144779 0.12533323356430442 0
    outer loop
      vertex -12 0 -5.8
      vertex -12.094250516614107 0.7460696614945643 -5.8
      vertex -12 0 0.19999999999999996
    endloop
  endfacet
  facet normal 0.9297764858882519 0.3681245526846771 0
    outer loop
      vertex -12.094250516614107 0.7460696614945643 -5.8
      vertex -12.371079959868409 1.445261022305146 -5.8
      vertex -12.094250516614107 0.7460696614945643 0.19999999999999996
    endloop
  endfacet
  facet normal 0.6374239897486894 0.7705132427757896 0
    outer loop
      vertex -13.39251961506301 2.532983776506045 -5.8
      vertex -13.39251961506301 2.532983776506045 0.19999999999999996
      vertex -12.813094117735766 2.053641317786066 -5.8
    endloop
  endfacet
  facet normal 0.8090169943749469 0.5877852522924737 0
    outer loop
      vertex -12.813094117735766 2.053641317786066 -5.8
      vertex -12.371079959868409 1.445261022305146 0.19999999999999996
      vertex -12.371079959868409 1.445261022305146 -5.8
    endloop
  endfacet
  facet normal -0.06279051952931299 0.9980267284282717 0
    outer loop
      vertex -15.562143943757174 2.946861752186066 -5.8
      vertex -15.562143943757174 2.946861752186066 0.19999999999999996
      vertex -14.81162844141206 2.9940801852848145 -5.8
    endloop
  endfacet
  facet normal 0.1873813145857249 0.9822872507286887 0
    outer loop
      vertex -14.81162844141206 2.9940801852848145 -5.8
      vertex -14.81162844141206 2.9940801852848145 0.19999999999999996
      vertex -14.072949016875159 2.8531695488854605 -5.8
    endloop
  endfacet
  facet normal 0.4257792915650723 0.9048270524660197 0
    outer loop
      vertex -13.39251961506301 2.532983776506045 -5.8
      vertex -14.072949016875159 2.8531695488854605 -5.8
      vertex -14.072949016875159 2.8531695488854605 0.19999999999999996
    endloop
  endfacet
  facet normal 0.4257792915650723 0.9048270524660197 0
    outer loop
      vertex -13.39251961506301 2.532983776506045 -5.8
      vertex -14.072949016875159 2.8531695488854605 0.19999999999999996
      vertex -13.39251961506301 2.532983776506045 0.19999999999999996
    endloop
  endfacet
  facet normal 0.9921147013144779 0.12533323356430442 0
    outer loop
      vertex -12.094250516614107 0.7460696614945643 -5.8
      vertex -12.094250516614107 0.7460696614945643 0.19999999999999996
      vertex -12 0 0.19999999999999996
    endloop
  endfacet
  facet normal 0.9297764858882519 0.3681245526846771 0
    outer loop
      vertex -12.371079959868409 1.445261022305146 -5.8
      vertex -12.371079959868409 1.445261022305146 0.19999999999999996
      vertex -12.094250516614107 0.7460696614945643 0.19999999999999996
    endloop
  endfacet
  facet normal 0.8090169943749469 0.5877852522924737 0
    outer loop
      vertex -12.813094117735766 2.053641317786066 -5.8
      vertex -12.813094117735766 2.053641317786066 0.19999999999999996
      vertex -12.371079959868409 1.445261022305146 0.19999999999999996
    endloop
  endfacet
  facet normal 0.6374239897486894 0.7705132427757896 0
    outer loop
      vertex -12.813094117735766 2.053641317786066 -5.8
      vertex -13.39251961506301 2.532983776506045 0.19999999999999996
      vertex -12.813094117735766 2.053641317786066 0.19999999999999996
    endloop
  endfacet
  facet normal -0.06279051952931299 0.9980267284282717 0
    outer loop
      vertex -14.81162844141206 2.9940801852848145 -5.8
      vertex -15.562143943757174 2.946861752186066 0.19999999999999996
      vertex -14.81162844141206 2.9940801852848145 0.19999999999999996
    endloop
  endfacet
  facet normal 0.1873813145857249 0.9822872507286887 0
    outer loop
      vertex -14.072949016875159 2.8531695488854605 -5.8
      vertex -14.81162844141206 2.9940801852848145 0.19999999999999996
      vertex -14.072949016875159 2.8531695488854605 0.19999999999999996
    endloop
  endfacet
  facet normal 0.7431448254773945 0.669130606358858 0
    outer loop
      vertex -1.3348780407186631 -0.9698456662825806 3.8
      vertex -1.104065500492116 -1.2261889620377004 0.19999999999999996
      vertex -1.3348780407186631 -0.9698456662825806 0.19999999999999996
    endloop
  endfacet
  facet normal 0.8660254037844388 0.49999999999999983 0
    outer loop
      vertex -1.5073500051102913 -0.6711154610750703 3.8
      vertex -1.3348780407186631 -0.9698456662825806 0.19999999999999996
      vertex -1.5073500051102913 -0.6711154610750703 0.19999999999999996
    endloop
  endfacet
  facet normal 0.5877852522924727 0.8090169943749479 0
    outer loop
      vertex -0.825 -1.4289419162443235 0.19999999999999996
      vertex -1.104065500492116 -1.2261889620377004 0.19999999999999996
      vertex -1.104065500492116 -1.2261889620377004 3.8
    endloop
  endfacet
  facet normal 0.9510565162951534 0.3090169943749478 0
    outer loop
      vertex -1.6139435412107792 -0.3430542898493029 3.8
      vertex -1.5073500051102913 -0.6711154610750703 0.19999999999999996
      vertex -1.6139435412107792 -0.3430542898493029 0.19999999999999996
    endloop
  endfacet
  facet normal 0.9945218953682733 0.10452846326765348 0
    outer loop
      vertex -1.65 0 3.8
      vertex -1.6139435412107792 -0.3430542898493029 0.19999999999999996
      vertex -1.65 0 0.19999999999999996
    endloop
  endfacet
  facet normal 0.5877852522924727 0.8090169943749479 0
    outer loop
      vertex -0.825 -1.4289419162443235 3.8
      vertex -0.825 -1.4289419162443235 0.19999999999999996
      vertex -1.104065500492116 -1.2261889620377004 3.8
    endloop
  endfacet
  facet normal 0.8660254037844388 0.49999999999999983 0
    outer loop
      vertex -1.5073500051102913 -0.6711154610750703 3.8
      vertex -1.3348780407186631 -0.9698456662825806 3.8
      vertex -1.3348780407186631 -0.9698456662825806 0.19999999999999996
    endloop
  endfacet
  facet normal 0.7431448254773945 0.669130606358858 0
    outer loop
      vertex -1.3348780407186631 -0.9698456662825806 3.8
      vertex -1.104065500492116 -1.2261889620377004 3.8
      vertex -1.104065500492116 -1.2261889620377004 0.19999999999999996
    endloop
  endfacet
  facet normal 0.9510565162951534 0.3090169943749478 0
    outer loop
      vertex -1.6139435412107792 -0.3430542898493029 3.8
      vertex -1.5073500051102913 -0.6711154610750703 3.8
      vertex -1.5073500051102913 -0.6711154610750703 0.19999999999999996
    endloop
  endfacet
  facet normal 0.9945218953682733 0.10452846326765348 0
    outer loop
      vertex -1.65 0 3.8
      vertex -1.6139435412107792 -0.3430542898493029 3.8
      vertex -1.6139435412107792 -0.3430542898493029 0.19999999999999996
    endloop
  endfacet
  facet normal 0.9945218953682733 -0.10452846326765348 0
    outer loop
      vertex -1.6139435412107792 0.3430542898493029 3.8
      vertex -1.65 0 0.19999999999999996
      vertex -1.6139435412107792 0.3430542898493029 0.19999999999999996
    endloop
  endfacet
  facet normal 0.9510565162951534 -0.3090169943749478 0
    outer loop
      vertex -1.5073500051102913 0.6711154610750703 3.8
      vertex -1.6139435412107792 0.3430542898493029 0.19999999999999996
      vertex -1.5073500051102913 0.6711154610750703 0.19999999999999996
    endloop
  endfacet
  facet normal 0.8660254037844388 -0.49999999999999983 0
    outer loop
      vertex -1.3348780407186631 0.9698456662825806 3.8
      vertex -1.5073500051102913 0.6711154610750703 0.19999999999999996
      vertex -1.3348780407186631 0.9698456662825806 0.19999999999999996
    endloop
  endfacet
  facet normal 0.7431448254773945 -0.669130606358858 0
    outer loop
      vertex -1.104065500492116 1.2261889620377004 3.8
      vertex -1.3348780407186631 0.9698456662825806 0.19999999999999996
      vertex -1.104065500492116 1.2261889620377004 0.19999999999999996
    endloop
  endfacet
  facet normal 0.5877852522924727 -0.8090169943749479 0
    outer loop
      vertex -0.825 1.4289419162443235 3.8
      vertex -1.104065500492116 1.2261889620377004 0.19999999999999996
      vertex -0.825 1.4289419162443235 0.19999999999999996
    endloop
  endfacet
  facet normal 0.9945218953682733 -0.10452846326765348 0
    outer loop
      vertex -1.6139435412107792 0.3430542898493029 3.8
      vertex -1.65 0 3.8
      vertex -1.65 0 0.19999999999999996
    endloop
  endfacet
  facet normal 0.9510565162951534 -0.3090169943749478 0
    outer loop
      vertex -1.5073500051102913 0.6711154610750703 3.8
      vertex -1.6139435412107792 0.3430542898493029 3.8
      vertex -1.6139435412107792 0.3430542898493029 0.19999999999999996
    endloop
  endfacet
  facet normal 0.8660254037844388 -0.49999999999999983 0
    outer loop
      vertex -1.3348780407186631 0.9698456662825806 3.8
      vertex -1.5073500051102913 0.6711154610750703 3.8
      vertex -1.5073500051102913 0.6711154610750703 0.19999999999999996
    endloop
  endfacet
  facet normal 0.7431448254773945 -0.669130606358858 0
    outer loop
      vertex -1.104065500492116 1.2261889620377004 3.8
      vertex -1.3348780407186631 0.9698456662825806 3.8
      vertex -1.3348780407186631 0.9698456662825806 0.19999999999999996
    endloop
  endfacet
  facet normal 0.5877852522924727 -0.8090169943749479 0
    outer loop
      vertex -1.104065500492116 1.2261889620377004 3.8
      vertex -1.104065500492116 1.2261889620377004 0.19999999999999996
      vertex -0.825 1.4289419162443235 3.8
    endloop
  endfacet
  facet normal 0.40673664307580026 0.9135454576426009 0
    outer loop
      vertex -0.825 -1.4289419162443235 3.8
      vertex -0.5098780407186632 -1.5692432518870032 0.19999999999999996
      vertex -0.825 -1.4289419162443235 0.19999999999999996
    endloop
  endfacet
  facet normal 0.20791169081775923 0.9781476007338057 0
    outer loop
      vertex -0.5098780407186632 -1.5692432518870032 3.8
      vertex -0.1724719643916282 -1.6409611273576508 0.19999999999999996
      vertex -0.5098780407186632 -1.5692432518870032 0.19999999999999996
    endloop
  endfacet
  facet normal 0 1 0
    outer loop
      vertex -0.1724719643916282 -1.6409611273576508 3.8
      vertex 0.1724719643916282 -1.6409611273576508 0.19999999999999996
      vertex -0.1724719643916282 -1.6409611273576508 0.19999999999999996
    endloop
  endfacet
  facet normal -0.20791169081775923 0.9781476007338057 0
    outer loop
      vertex 0.1724719643916282 -1.6409611273576508 3.8
      vertex 0.5098780407186632 -1.5692432518870032 0.19999999999999996
      vertex 0.1724719643916282 -1.6409611273576508 0.19999999999999996
    endloop
  endfacet
  facet normal -0.40673664307580026 0.9135454576426009 0
    outer loop
      vertex 0.5098780407186632 -1.5692432518870032 3.8
      vertex 0.825 -1.4289419162443235 0.19999999999999996
      vertex 0.5098780407186632 -1.5692432518870032 0.19999999999999996
    endloop
  endfacet
  facet normal -0.5877852522924727 0.8090169943749479 0
    outer loop
      vertex 0.825 -1.4289419162443235 3.8
      vertex 1.104065500492116 -1.2261889620377004 0.19999999999999996
      vertex 0.825 -1.4289419162443235 0.19999999999999996
    endloop
  endfacet
  facet normal -0.7431448254773945 0.669130606358858 0
    outer loop
      vertex 1.104065500492116 -1.2261889620377004 0.19999999999999996
      vertex 1.104065500492116 -1.2261889620377004 3.8
      vertex 1.3348780407186631 -0.9698456662825806 0.19999999999999996
    endloop
  endfacet
  facet normal -0.8660254037844388 0.49999999999999983 0
    outer loop
      vertex 1.3348780407186631 -0.9698456662825806 3.8
      vertex 1.5073500051102913 -0.6711154610750703 0.19999999999999996
      vertex 1.3348780407186631 -0.9698456662825806 0.19999999999999996
    endloop
  endfacet
  facet normal -0.9510565162951534 0.3090169943749478 0
    outer loop
      vertex 1.5073500051102913 -0.6711154610750703 3.8
      vertex 1.6139435412107792 -0.3430542898493029 0.19999999999999996
      vertex 1.5073500051102913 -0.6711154610750703 0.19999999999999996
    endloop
  endfacet
  facet normal -0.9945218953682733 0.10452846326765348 0
    outer loop
      vertex 1.6139435412107792 -0.3430542898493029 0.19999999999999996
      vertex 1.6139435412107792 -0.3430542898493029 3.8
      vertex 1.65 0 0.19999999999999996
    endloop
  endfacet
  facet normal 0.40673664307580026 0.9135454576426009 0
    outer loop
      vertex -0.5098780407186632 -1.5692432518870032 3.8
      vertex -0.5098780407186632 -1.5692432518870032 0.19999999999999996
      vertex -0.825 -1.4289419162443235 3.8
    endloop
  endfacet
  facet normal 0.20791169081775923 0.9781476007338057 0
    outer loop
      vertex -0.1724719643916282 -1.6409611273576508 3.8
      vertex -0.1724719643916282 -1.6409611273576508 0.19999999999999996
      vertex -0.5098780407186632 -1.5692432518870032 3.8
    endloop
  endfacet
  facet normal 0 1 0
    outer loop
      vertex -0.1724719643916282 -1.6409611273576508 3.8
      vertex 0.1724719643916282 -1.6409611273576508 3.8
      vertex 0.1724719643916282 -1.6409611273576508 0.19999999999999996
    endloop
  endfacet
  facet normal -0.20791169081775923 0.9781476007338057 0
    outer loop
      vertex 0.5098780407186632 -1.5692432518870032 3.8
      vertex 0.5098780407186632 -1.5692432518870032 0.19999999999999996
      vertex 0.1724719643916282 -1.6409611273576508 3.8
    endloop
  endfacet
  facet normal -0.40673664307580026 0.9135454576426009 0
    outer loop
      vertex 0.825 -1.4289419162443235 0.19999999999999996
      vertex 0.5098780407186632 -1.5692432518870032 3.8
      vertex 0.825 -1.4289419162443235 3.8
    endloop
  endfacet
  facet normal -0.5877852522924727 0.8090169943749479 0
    outer loop
      vertex 1.104065500492116 -1.2261889620377004 3.8
      vertex 1.104065500492116 -1.2261889620377004 0.19999999999999996
      vertex 0.825 -1.4289419162443235 3.8
    endloop
  endfacet
  facet normal -0.7431448254773945 0.669130606358858 0
    outer loop
      vertex 1.104065500492116 -1.2261889620377004 3.8
      vertex 1.3348780407186631 -0.9698456662825806 3.8
      vertex 1.3348780407186631 -0.9698456662825806 0.19999999999999996
    endloop
  endfacet
  facet normal -0.8660254037844388 0.49999999999999983 0
    outer loop
      vertex 1.3348780407186631 -0.9698456662825806 3.8
      vertex 1.5073500051102913 -0.6711154610750703 3.8
      vertex 1.5073500051102913 -0.6711154610750703 0.19999999999999996
    endloop
  endfacet
  facet normal -0.9510565162951534 0.3090169943749478 0
    outer loop
      vertex 1.5073500051102913 -0.6711154610750703 3.8
      vertex 1.6139435412107792 -0.3430542898493029 3.8
      vertex 1.6139435412107792 -0.3430542898493029 0.19999999999999996
    endloop
  endfacet
  facet normal -0.9945218953682733 0.10452846326765348 0
    outer loop
      vertex 1.6139435412107792 -0.3430542898493029 3.8
      vertex 1.65 0 3.8
      vertex 1.65 0 0.19999999999999996
    endloop
  endfacet
  facet normal -0.5877852522924727 -0.8090169943749479 0
    outer loop
      vertex 1.104065500492116 1.2261889620377004 3.8
      vertex 0.825 1.4289419162443235 0.19999999999999996
      vertex 1.104065500492116 1.2261889620377004 0.19999999999999996
    endloop
  endfacet
  facet normal 0.40673664307580026 -0.9135454576426009 0
    outer loop
      vertex -0.5098780407186632 1.5692432518870032 3.8
      vertex -0.825 1.4289419162443235 0.19999999999999996
      vertex -0.5098780407186632 1.5692432518870032 0.19999999999999996
    endloop
  endfacet
  facet normal 0.20791169081775923 -0.9781476007338057 0
    outer loop
      vertex -0.1724719643916282 1.6409611273576508 3.8
      vertex -0.5098780407186632 1.5692432518870032 0.19999999999999996
      vertex -0.1724719643916282 1.6409611273576508 0.19999999999999996
    endloop
  endfacet
  facet normal 0 -1 0
    outer loop
      vertex -0.1724719643916282 1.6409611273576508 0.19999999999999996
      vertex 0.1724719643916282 1.6409611273576508 0.19999999999999996
      vertex 0.1724719643916282 1.6409611273576508 3.8
    endloop
  endfacet
  facet normal -0.20791169081775923 -0.9781476007338057 0
    outer loop
      vertex 0.5098780407186632 1.5692432518870032 3.8
      vertex 0.1724719643916282 1.6409611273576508 0.19999999999999996
      vertex 0.5098780407186632 1.5692432518870032 0.19999999999999996
    endloop
  endfacet
  facet normal -0.40673664307580026 -0.9135454576426009 0
    outer loop
      vertex 0.825 1.4289419162443235 3.8
      vertex 0.5098780407186632 1.5692432518870032 0.19999999999999996
      vertex 0.825 1.4289419162443235 0.19999999999999996
    endloop
  endfacet
  facet normal -0.9945218953682733 -0.10452846326765348 0
    outer loop
      vertex 1.65 0 0.19999999999999996
      vertex 1.65 0 3.8
      vertex 1.6139435412107792 0.3430542898493029 0.19999999999999996
    endloop
  endfacet
  facet normal -0.9510565162951534 -0.3090169943749478 0
    outer loop
      vertex 1.6139435412107792 0.3430542898493029 3.8
      vertex 1.5073500051102913 0.6711154610750703 0.19999999999999996
      vertex 1.6139435412107792 0.3430542898493029 0.19999999999999996
    endloop
  endfacet
  facet normal -0.8660254037844388 -0.49999999999999983 0
    outer loop
      vertex 1.5073500051102913 0.6711154610750703 3.8
      vertex 1.3348780407186631 0.9698456662825806 0.19999999999999996
      vertex 1.5073500051102913 0.6711154610750703 0.19999999999999996
    endloop
  endfacet
  facet normal -0.7431448254773945 -0.669130606358858 0
    outer loop
      vertex 1.3348780407186631 0.9698456662825806 3.8
      vertex 1.104065500492116 1.2261889620377004 0.19999999999999996
      vertex 1.3348780407186631 0.9698456662825806 0.19999999999999996
    endloop
  endfacet
  facet normal 0.40673664307580026 -0.9135454576426009 0
    outer loop
      vertex -0.825 1.4289419162443235 3.8
      vertex -0.825 1.4289419162443235 0.19999999999999996
      vertex -0.5098780407186632 1.5692432518870032 3.8
    endloop
  endfacet
  facet normal 0.20791169081775923 -0.9781476007338057 0
    outer loop
      vertex -0.5098780407186632 1.5692432518870032 3.8
      vertex -0.5098780407186632 1.5692432518870032 0.19999999999999996
      vertex -0.1724719643916282 1.6409611273576508 3.8
    endloop
  endfacet
  facet normal 0 -1 0
    outer loop
      vertex 0.1724719643916282 1.6409611273576508 3.8
      vertex -0.1724719643916282 1.6409611273576508 3.8
      vertex -0.1724719643916282 1.6409611273576508 0.19999999999999996
    endloop
  endfacet
  facet normal -0.20791169081775923 -0.9781476007338057 0
    outer loop
      vertex 0.1724719643916282 1.6409611273576508 3.8
      vertex 0.1724719643916282 1.6409611273576508 0.19999999999999996
      vertex 0.5098780407186632 1.5692432518870032 3.8
    endloop
  endfacet
  facet normal -0.40673664307580026 -0.9135454576426009 0
    outer loop
      vertex 0.5098780407186632 1.5692432518870032 3.8
      vertex 0.5098780407186632 1.5692432518870032 0.19999999999999996
      vertex 0.825 1.4289419162443235 3.8
    endloop
  endfacet
  facet normal -0.5877852522924727 -0.8090169943749479 0
    outer loop
      vertex 0.825 1.4289419162443235 3.8
      vertex 0.825 1.4289419162443235 0.19999999999999996
      vertex 1.104065500492116 1.2261889620377004 3.8
    endloop
  endfacet
  facet normal -0.9945218953682733 -0.10452846326765348 0
    outer loop
      vertex 1.65 0 3.8
      vertex 1.6139435412107792 0.3430542898493029 3.8
      vertex 1.6139435412107792 0.3430542898493029 0.19999999999999996
    endloop
  endfacet
  facet normal -0.9510565162951534 -0.3090169943749478 0
    outer loop
      vertex 1.6139435412107792 0.3430542898493029 3.8
      vertex 1.5073500051102913 0.6711154610750703 3.8
      vertex 1.5073500051102913 0.6711154610750703 0.19999999999999996
    endloop
  endfacet
  facet normal -0.8660254037844388 -0.49999999999999983 0
    outer loop
      vertex 1.5073500051102913 0.6711154610750703 3.8
      vertex 1.3348780407186631 0.9698456662825806 3.8
      vertex 1.3348780407186631 0.9698456662825806 0.19999999999999996
    endloop
  endfacet
  facet normal -0.7431448254773945 -0.669130606358858 0
    outer loop
      vertex 1.3348780407186631 0.9698456662825806 3.8
      vertex 1.104065500492116 1.2261889620377004 3.8
      vertex 1.104065500492116 1.2261889620377004 0.19999999999999996
    endloop
  endfacet
endsolid OpenSCAD_Model
